🚀 Starting live scraping (watch mode)...
[13:17:32] Live scan
  First run — checking yesterday results
  Запуск live-скрапера (після ранкових Telegram, якщо були).
Opening: https://m.flashscore.ua/?s=2 (minute >= 60, 0:0 only)
Provider health [https://m.flashscore.ua/?s=2]: rows=15, 0:0 total=7, candidates=2
  ⏸ 0:0 ще рано (< 60'):
    18' АНГЛІЯ: Прем'єр-ліга U18 Таблиця18'Лідс U18 - Мідлсбро U18 [АНГЛІЯ: Прем'єр-ліга U18]
    18' Іспанія U19 W - Північна Ірландія U19 W [ЄВРОПА: Євро U19 (Жінки) - Кваліфікація - Round 2 - League A]
    18' Сербія U19 W - Ісландія U19 W [ЄВРОПА: Євро U19 (Жінки) - Кваліфікація - Round 2 - League A]
    18' Фінляндія U19 W - Данія U19 W [ЄВРОПА: Євро U19 (Жінки) - Кваліфікація - Round 2 - League A]
    18' ПОЛЬЩА: Центральна молодіжна ліга Таблиця18'Заглембє U19 - Легія U19 [ПОЛЬЩА: Центральна молодіжна ліга]
  ✔ 60' ЄВРОПА: Євро U19 (Жінки) - Кваліфікація - Round 2 - League A Таблиця60'Польща U19 W - Бельгія U19 W [ЄВРОПА: Євро U19 (Жінки) - Кваліфікація - Round 2 - League A] id=A1EWCHH0
  ✔ 61' Казахстан U19 W - Мальта U19 W [ЄВРОПА: Євро U19 (Жінки) - Кваліфікація - Раунд 2 - Ліга B] id=fymG0eGN
  Found: 2 candidates, 2 new, 0 permanently skipped

→ ЄВРОПА: Євро U19 (Жінки) - Кваліфікація - Round 2 - League A Таблиця60'Польща U19 W - Бельгія U19 W (60') [ЄВРОПА: Євро U19 (Жінки) - Кваліфікація - Round 2 - League A]

→ Казахстан U19 W - Мальта U19 W (61') [ЄВРОПА: Євро U19 (Жінки) - Кваліфікація - Раунд 2 - Ліга B]
  Кф 1X2: 1.77 / 3.69 / 4.09
  Кф 1X2: 1.7 / 4.12 / 4.01
  Desktop: https://www.flashscore.ua/match/soccer/kazakhstan-I7LCVNg9/malta-AVsLgusN/?mid=fymG0eGN
  Desktop: https://www.flashscore.ua/match/soccer/belgium-AJaICLPm/poland-tKqIjG3d/?mid=A1EWCHH0
  [stats] A1EWCHH0 overall: no data-testid (old=0, any=0, body=148367)
  [stats] fymG0eGN overall: no data-testid (old=0, any=0, body=148387)
  [stats] fymG0eGN secondHalf: no data-testid (old=0, any=0, body=148407)
  ⚠ DOM ALERT [A1EWCHH0]: PAGE_ERROR — secondHalf: Navigation timeout of 20000 ms exceeded
  [stats] fymG0eGN → unavailable, 0 metrics
  Features: quality=0, primary=0, status=unavailable
  ✗ No stats at all → permanent skip
  [stats] A1EWCHH0 → unavailable, 0 metrics
  Features: quality=0, primary=0, status=unavailable
  ✗ No stats at all → permanent skip

Done: 0 analyzed, 0 actionable, 0 TG sent

🔥 RUN #1: analyzed=0, signals=0
⏳ Next scan in 3m...
[13:21:32] Live scan
  Запуск live-скрапера (після ранкових Telegram, якщо були).
Opening: https://m.flashscore.ua/?s=2 (minute >= 60, 0:0 only)
Provider health [https://m.flashscore.ua/?s=2]: rows=15, 0:0 total=6, candidates=1
  ⏸ 0:0 ще рано (< 60'):
    22' АНГЛІЯ: Прем'єр-ліга U18 Таблиця22'Лідс U18 - Мідлсбро U18 [АНГЛІЯ: Прем'єр-ліга U18]
    22' Іспанія U19 W - Північна Ірландія U19 W [ЄВРОПА: Євро U19 (Жінки) - Кваліфікація - Round 2 - League A]
    22' Сербія U19 W - Ісландія U19 W [ЄВРОПА: Євро U19 (Жінки) - Кваліфікація - Round 2 - League A]
    22' Фінляндія U19 W - Данія U19 W [ЄВРОПА: Євро U19 (Жінки) - Кваліфікація - Round 2 - League A]
    22' ПОЛЬЩА: Центральна молодіжна ліга Таблиця22'Заглембє U19 - Легія U19 [ПОЛЬЩА: Центральна молодіжна ліга]
  ✔ 64' ЄВРОПА: Євро U19 (Жінки) - Кваліфікація - Round 2 - League A Таблиця64'Польща U19 W - Бельгія U19 W [ЄВРОПА: Євро U19 (Жінки) - Кваліфікація - Round 2 - League A] id=A1EWCHH0
  Found: 1 candidates, 0 new, 2 permanently skipped

Done: 0 analyzed, 0 actionable, 0 TG sent

🔥 RUN #2: analyzed=0, signals=0
⏳ Next scan in 3m...
[13:24:46] Live scan
  Запуск live-скрапера (після ранкових Telegram, якщо були).
Opening: https://m.flashscore.ua/?s=2 (minute >= 60, 0:0 only)
Provider health [https://m.flashscore.ua/?s=2]: rows=15, 0:0 total=6, candidates=1
  ⏸ 0:0 ще рано (< 60'):
    25' АНГЛІЯ: Прем'єр-ліга U18 Таблиця25'Лідс U18 - Мідлсбро U18 [АНГЛІЯ: Прем'єр-ліга U18]
    25' Іспанія U19 W - Північна Ірландія U19 W [ЄВРОПА: Євро U19 (Жінки) - Кваліфікація - Round 2 - League A]
    25' Сербія U19 W - Ісландія U19 W [ЄВРОПА: Євро U19 (Жінки) - Кваліфікація - Round 2 - League A]
    25' Фінляндія U19 W - Данія U19 W [ЄВРОПА: Євро U19 (Жінки) - Кваліфікація - Round 2 - League A]
    25' ПОЛЬЩА: Центральна молодіжна ліга Таблиця25'Заглембє U19 - Легія U19 [ПОЛЬЩА: Центральна молодіжна ліга]
  ✔ 67' ЄВРОПА: Євро U19 (Жінки) - Кваліфікація - Round 2 - League A Таблиця67'Польща U19 W - Бельгія U19 W [ЄВРОПА: Євро U19 (Жінки) - Кваліфікація - Round 2 - League A] id=A1EWCHH0
  Found: 1 candidates, 0 new, 2 permanently skipped

Done: 0 analyzed, 0 actionable, 0 TG sent

🔥 RUN #3: analyzed=0, signals=0
⏳ Next scan in 3m...
[13:27:56] Live scan
  Запуск live-скрапера (після ранкових Telegram, якщо були).
Opening: https://m.flashscore.ua/?s=2 (minute >= 60, 0:0 only)
Provider health [https://m.flashscore.ua/?s=2]: rows=15, 0:0 total=4, candidates=1
  ⏸ 0:0 ще рано (< 60'):
    28' АНГЛІЯ: Прем'єр-ліга U18 Таблиця28'Лідс U18 - Мідлсбро U18 [АНГЛІЯ: Прем'єр-ліга U18]
    28' Сербія U19 W - Ісландія U19 W [ЄВРОПА: Євро U19 (Жінки) - Кваліфікація - Round 2 - League A]
    28' ПОЛЬЩА: Центральна молодіжна ліга Таблиця28'Заглембє U19 - Легія U19 [ПОЛЬЩА: Центральна молодіжна ліга]
  ✔ 70' ЄВРОПА: Євро U19 (Жінки) - Кваліфікація - Round 2 - League A Таблиця70'Польща U19 W - Бельгія U19 W [ЄВРОПА: Євро U19 (Жінки) - Кваліфікація - Round 2 - League A] id=A1EWCHH0
  Found: 1 candidates, 0 new, 2 permanently skipped

Done: 0 analyzed, 0 actionable, 0 TG sent

🔥 RUN #4: analyzed=0, signals=0
⏳ Next scan in 3m...
[13:31:05] Live scan
  Запуск live-скрапера (після ранкових Telegram, якщо були).
Opening: https://m.flashscore.ua/?s=2 (minute >= 60, 0:0 only)
Provider health [https://m.flashscore.ua/?s=2]: rows=17, 0:0 total=5, candidates=1
  ⏸ 0:0 ще рано (< 60'):
    31' АНГЛІЯ: Прем'єр-ліга U18 Таблиця31'Лідс U18 - Мідлсбро U18 [АНГЛІЯ: Прем'єр-ліга U18]
    1' ІНДІЯ: І-Ліга 2 Таблиця1'Бенгалуру Юнайтед - НЕРОКА [ІНДІЯ: І-Ліга 2]
    1' ПІВДЕННА КОРЕЯ: К-Ліга 1 Таблиця1'Ульсан ХД - Сеул [ПІВДЕННА КОРЕЯ: К-Ліга 1]
    31' ПОЛЬЩА: Центральна молодіжна ліга Таблиця31'Заглембє U19 - Легія U19 [ПОЛЬЩА: Центральна молодіжна ліга]
  ✔ 74' ЄВРОПА: Євро U19 (Жінки) - Кваліфікація - Round 2 - League A Таблиця74'Польща U19 W - Бельгія U19 W [ЄВРОПА: Євро U19 (Жінки) - Кваліфікація - Round 2 - League A] id=A1EWCHH0
  Found: 1 candidates, 0 new, 2 permanently skipped

Done: 0 analyzed, 0 actionable, 0 TG sent

🔥 RUN #5: analyzed=0, signals=0
⏳ Next scan in 3m...
[13:34:15] Live scan
  Запуск live-скрапера (після ранкових Telegram, якщо були).
Opening: https://m.flashscore.ua/?s=2 (minute >= 60, 0:0 only)
Provider health [https://m.flashscore.ua/?s=2]: rows=17, 0:0 total=4, candidates=1
  ⏸ 0:0 ще рано (< 60'):
    35' АНГЛІЯ: Прем'єр-ліга U18 Таблиця35'Лідс U18 - Мідлсбро U18 [АНГЛІЯ: Прем'єр-ліга U18]
    5' ІНДІЯ: І-Ліга 2 Таблиця5'Бенгалуру Юнайтед - НЕРОКА [ІНДІЯ: І-Ліга 2]
    35' ПОЛЬЩА: Центральна молодіжна ліга Таблиця35'Заглембє U19 - Легія U19 [ПОЛЬЩА: Центральна молодіжна ліга]
  ✔ 77' ЄВРОПА: Євро U19 (Жінки) - Кваліфікація - Round 2 - League A Таблиця77'Польща U19 W - Бельгія U19 W [ЄВРОПА: Євро U19 (Жінки) - Кваліфікація - Round 2 - League A] id=A1EWCHH0
  Found: 1 candidates, 0 new, 2 permanently skipped

Done: 0 analyzed, 0 actionable, 0 TG sent

🔥 RUN #6: analyzed=0, signals=0
⏳ Next scan in 3m...
[13:37:24] Live scan
  Запуск live-скрапера (після ранкових Telegram, якщо були).
Opening: https://m.flashscore.ua/?s=2 (minute >= 60, 0:0 only)
Provider health [https://m.flashscore.ua/?s=2]: rows=17, 0:0 total=3, candidates=1
  ⏸ 0:0 ще рано (< 60'):
    38' АНГЛІЯ: Прем'єр-ліга U18 Таблиця38'Лідс U18 - Мідлсбро U18 [АНГЛІЯ: Прем'єр-ліга U18]
    8' ІНДІЯ: І-Ліга 2 Таблиця8'Бенгалуру Юнайтед - НЕРОКА [ІНДІЯ: І-Ліга 2]
  ✔ 80' ЄВРОПА: Євро U19 (Жінки) - Кваліфікація - Round 2 - League A Таблиця80'Польща U19 W - Бельгія U19 W [ЄВРОПА: Євро U19 (Жінки) - Кваліфікація - Round 2 - League A] id=A1EWCHH0
  Found: 1 candidates, 0 new, 2 permanently skipped

Done: 0 analyzed, 0 actionable, 0 TG sent

🔥 RUN #7: analyzed=0, signals=0
⏳ Next scan in 3m...
[13:40:34] Live scan
  Запуск live-скрапера (після ранкових Telegram, якщо були).
Opening: https://m.flashscore.ua/?s=2 (minute >= 60, 0:0 only)
Provider health [https://m.flashscore.ua/?s=2]: rows=17, 0:0 total=3, candidates=1
  ⏸ 0:0 ще рано (< 60'):
    41' АНГЛІЯ: Прем'єр-ліга U18 Таблиця41'Лідс U18 - Мідлсбро U18 [АНГЛІЯ: Прем'єр-ліга U18]
    11' ІНДІЯ: І-Ліга 2 Таблиця11'Бенгалуру Юнайтед - НЕРОКА [ІНДІЯ: І-Ліга 2]
  ✔ 83' ЄВРОПА: Євро U19 (Жінки) - Кваліфікація - Round 2 - League A Таблиця83'Польща U19 W - Бельгія U19 W [ЄВРОПА: Євро U19 (Жінки) - Кваліфікація - Round 2 - League A] id=A1EWCHH0
  Found: 1 candidates, 0 new, 2 permanently skipped

Done: 0 analyzed, 0 actionable, 0 TG sent

🔥 RUN #8: analyzed=0, signals=0
⏳ Next scan in 3m...
[13:43:45] Live scan
  Запуск live-скрапера (після ранкових Telegram, якщо були).
Opening: https://m.flashscore.ua/?s=2 (minute >= 60, 0:0 only)
Provider health [https://m.flashscore.ua/?s=2]: rows=17, 0:0 total=3, candidates=1
  ⏸ 0:0 ще рано (< 60'):
    44' АНГЛІЯ: Прем'єр-ліга U18 Таблиця44'Лідс U18 - Мідлсбро U18 [АНГЛІЯ: Прем'єр-ліга U18]
    14' ІНДІЯ: І-Ліга 2 Таблиця14'Бенгалуру Юнайтед - НЕРОКА [ІНДІЯ: І-Ліга 2]
  ✔ 86' ЄВРОПА: Євро U19 (Жінки) - Кваліфікація - Round 2 - League A Таблиця86'Польща U19 W - Бельгія U19 W [ЄВРОПА: Євро U19 (Жінки) - Кваліфікація - Round 2 - League A] id=A1EWCHH0
  Found: 1 candidates, 0 new, 2 permanently skipped

Done: 0 analyzed, 0 actionable, 0 TG sent

🔥 RUN #9: analyzed=0, signals=0
⏳ Next scan in 3m...
[13:46:55] Live scan
  Запуск live-скрапера (після ранкових Telegram, якщо були).
Opening: https://m.flashscore.ua/?s=2 (minute >= 60, 0:0 only)
Provider health [https://m.flashscore.ua/?s=2]: rows=17, 0:0 total=3, candidates=1
  ⏸ 0:0 ще рано (< 60'):
    17' ІНДІЯ: І-Ліга 2 Таблиця17'Бенгалуру Юнайтед - НЕРОКА [ІНДІЯ: І-Ліга 2]
  ✔ 89' ЄВРОПА: Євро U19 (Жінки) - Кваліфікація - Round 2 - League A Таблиця89'Польща U19 W - Бельгія U19 W [ЄВРОПА: Євро U19 (Жінки) - Кваліфікація - Round 2 - League A] id=A1EWCHH0
  Found: 1 candidates, 0 new, 2 permanently skipped

Done: 0 analyzed, 0 actionable, 0 TG sent

🔥 RUN #10: analyzed=0, signals=0
⏳ Next scan in 3m...
[13:50:05] Live scan
  Запуск live-скрапера (після ранкових Telegram, якщо були).
Opening: https://m.flashscore.ua/?s=2 (minute >= 60, 0:0 only)
Provider health [https://m.flashscore.ua/?s=2]: rows=16, 0:0 total=3, candidates=0
  ⏸ 0:0 ще рано (< 60'):
    45' АНГЛІЯ: Прем'єр-ліга U18 ТаблицяПерерваЛідс U18 - Мідлсбро U18 [АНГЛІЯ: Прем'єр-ліга U18]
    21' ІНДІЯ: І-Ліга 2 Таблиця21'Бенгалуру Юнайтед - НЕРОКА [ІНДІЯ: І-Ліга 2]
  Found: 0 candidates, 0 new, 2 permanently skipped

Done: 0 analyzed, 0 actionable, 0 TG sent

🔥 RUN #11: analyzed=0, signals=0
⏳ Next scan in 3m...
[13:53:16] Live scan
  Запуск live-скрапера (після ранкових Telegram, якщо були).
Opening: https://m.flashscore.ua/?s=2 (minute >= 60, 0:0 only)
Provider health [https://m.flashscore.ua/?s=2]: rows=15, 0:0 total=1, candidates=0
  ⏸ 0:0 ще рано (< 60'):
    45' АНГЛІЯ: Прем'єр-ліга U18 ТаблицяПерерваЛідс U18 - Мідлсбро U18 [АНГЛІЯ: Прем'єр-ліга U18]
  Found: 0 candidates, 0 new, 2 permanently skipped

Done: 0 analyzed, 0 actionable, 0 TG sent

🔥 RUN #12: analyzed=0, signals=0
⏳ Next scan in 3m...
[13:56:27] Live scan
  Запуск live-скрапера (після ранкових Telegram, якщо були).
Opening: https://m.flashscore.ua/?s=2 (minute >= 60, 0:0 only)
Provider health [https://m.flashscore.ua/?s=2]: rows=13, 0:0 total=1, candidates=0
  ⏸ 0:0 ще рано (< 60'):
    45' АНГЛІЯ: Прем'єр-ліга U18 ТаблицяПерерваЛідс U18 - Мідлсбро U18 [АНГЛІЯ: Прем'єр-ліга U18]
  Found: 0 candidates, 0 new, 2 permanently skipped

Done: 0 analyzed, 0 actionable, 0 TG sent

🔥 RUN #13: analyzed=0, signals=0
⏳ Next scan in 3m...
[13:59:37] Live scan
  Запуск live-скрапера (після ранкових Telegram, якщо були).
Opening: https://m.flashscore.ua/?s=2 (minute >= 60, 0:0 only)
Provider health [https://m.flashscore.ua/?s=2]: rows=11, 0:0 total=1, candidates=0
  ⏸ 0:0 ще рано (< 60'):
    45' АНГЛІЯ: Прем'єр-ліга U18 ТаблицяПерерваЛідс U18 - Мідлсбро U18 [АНГЛІЯ: Прем'єр-ліга U18]
  Found: 0 candidates, 0 new, 2 permanently skipped

Done: 0 analyzed, 0 actionable, 0 TG sent

🔥 RUN #14: analyzed=0, signals=0
⏳ Next scan in 3m...
[14:02:47] Live scan
  Запуск live-скрапера (після ранкових Telegram, якщо були).
Opening: https://m.flashscore.ua/?s=2 (minute >= 60, 0:0 only)
Provider health [https://m.flashscore.ua/?s=2]: rows=15, 0:0 total=5, candidates=0
  ⏸ 0:0 ще рано (< 60'):
    3' АЗЕРБАЙДЖАН: I Ліга Таблиця3'МОІК Баку - Загатала [АЗЕРБАЙДЖАН: I Ліга]
    45' АНГЛІЯ: Прем'єр-ліга U18 ТаблицяПерерваЛідс U18 - Мідлсбро U18 [АНГЛІЯ: Прем'єр-ліга U18]
    3' Латвія U19 W - Уельс U19 W [ЄВРОПА: Євро U19 (Жінки) - Кваліфікація - Round 2 - League A]
    3' Швейцарія U19 W - Англія U19 W [ЄВРОПА: Євро U19 (Жінки) - Кваліфікація - Round 2 - League A]
    3' СВІТ: Міжнародні товариські матчі (Жінки)3'Індія Ж - Малаві Ж [СВІТ: Міжнародні товариські матчі (Жінки)]
  Found: 0 candidates, 0 new, 2 permanently skipped

Done: 0 analyzed, 0 actionable, 0 TG sent

🔥 RUN #15: analyzed=0, signals=0
⏳ Next scan in 3m...
[14:05:57] Live scan
  Запуск live-скрапера (після ранкових Telegram, якщо були).
Opening: https://m.flashscore.ua/?s=2 (minute >= 60, 0:0 only)
Provider health [https://m.flashscore.ua/?s=2]: rows=15, 0:0 total=5, candidates=0
  ⏸ 0:0 ще рано (< 60'):
    7' АЗЕРБАЙДЖАН: I Ліга Таблиця7'МОІК Баку - Загатала [АЗЕРБАЙДЖАН: I Ліга]
    45' АНГЛІЯ: Прем'єр-ліга U18 ТаблицяПерерваЛідс U18 - Мідлсбро U18 [АНГЛІЯ: Прем'єр-ліга U18]
    7' Латвія U19 W - Уельс U19 W [ЄВРОПА: Євро U19 (Жінки) - Кваліфікація - Round 2 - League A]
    7' Швейцарія U19 W - Англія U19 W [ЄВРОПА: Євро U19 (Жінки) - Кваліфікація - Round 2 - League A]
    7' СВІТ: Міжнародні товариські матчі (Жінки)7'Індія Ж - Малаві Ж [СВІТ: Міжнародні товариські матчі (Жінки)]
  Found: 0 candidates, 0 new, 2 permanently skipped

Done: 0 analyzed, 0 actionable, 0 TG sent

🔥 RUN #16: analyzed=0, signals=0
⏳ Next scan in 3m...
[14:09:10] Live scan
  Запуск live-скрапера (після ранкових Telegram, якщо були).
Opening: https://m.flashscore.ua/?s=2 (minute >= 60, 0:0 only)
Provider health [https://m.flashscore.ua/?s=2]: rows=15, 0:0 total=4, candidates=0
  ⏸ 0:0 ще рано (< 60'):
    48' АНГЛІЯ: Прем'єр-ліга U18 Таблиця48'Лідс U18 - Мідлсбро U18 [АНГЛІЯ: Прем'єр-ліга U18]
    10' Латвія U19 W - Уельс U19 W [ЄВРОПА: Євро U19 (Жінки) - Кваліфікація - Round 2 - League A]
    10' Швейцарія U19 W - Англія U19 W [ЄВРОПА: Євро U19 (Жінки) - Кваліфікація - Round 2 - League A]
    10' СВІТ: Міжнародні товариські матчі (Жінки)10'Індія Ж - Малаві Ж [СВІТ: Міжнародні товариські матчі (Жінки)]
  Found: 0 candidates, 0 new, 2 permanently skipped

Done: 0 analyzed, 0 actionable, 0 TG sent

🔥 RUN #17: analyzed=0, signals=0
⏳ Next scan in 3m...
[14:12:22] Live scan
  Запуск live-скрапера (після ранкових Telegram, якщо були).
Opening: https://m.flashscore.ua/?s=2 (minute >= 60, 0:0 only)
Provider health [https://m.flashscore.ua/?s=2]: rows=15, 0:0 total=3, candidates=0
  ⏸ 0:0 ще рано (< 60'):
    13' Латвія U19 W - Уельс U19 W [ЄВРОПА: Євро U19 (Жінки) - Кваліфікація - Round 2 - League A]
    13' Швейцарія U19 W - Англія U19 W [ЄВРОПА: Євро U19 (Жінки) - Кваліфікація - Round 2 - League A]
    13' СВІТ: Міжнародні товариські матчі (Жінки)13'Індія Ж - Малаві Ж [СВІТ: Міжнародні товариські матчі (Жінки)]
  Found: 0 candidates, 0 new, 2 permanently skipped

Done: 0 analyzed, 0 actionable, 0 TG sent

🔥 RUN #18: analyzed=0, signals=0
⏳ Next scan in 3m...
[14:15:34] Live scan
  Запуск live-скрапера (після ранкових Telegram, якщо були).
Opening: https://m.flashscore.ua/?s=2 (minute >= 60, 0:0 only)
Provider health [https://m.flashscore.ua/?s=2]: rows=15, 0:0 total=3, candidates=0
  ⏸ 0:0 ще рано (< 60'):
    16' Латвія U19 W - Уельс U19 W [ЄВРОПА: Євро U19 (Жінки) - Кваліфікація - Round 2 - League A]
    16' Швейцарія U19 W - Англія U19 W [ЄВРОПА: Євро U19 (Жінки) - Кваліфікація - Round 2 - League A]
    16' СВІТ: Міжнародні товариські матчі (Жінки)16'Індія Ж - Малаві Ж [СВІТ: Міжнародні товариські матчі (Жінки)]
  Found: 0 candidates, 0 new, 2 permanently skipped

Done: 0 analyzed, 0 actionable, 0 TG sent

🔥 RUN #19: analyzed=0, signals=0
⏳ Next scan in 3m...
[14:18:44] Live scan
  Запуск live-скрапера (після ранкових Telegram, якщо були).
Opening: https://m.flashscore.ua/?s=2 (minute >= 60, 0:0 only)
Provider health [https://m.flashscore.ua/?s=2]: rows=15, 0:0 total=2, candidates=0
  ⏸ 0:0 ще рано (< 60'):
    19' Латвія U19 W - Уельс U19 W [ЄВРОПА: Євро U19 (Жінки) - Кваліфікація - Round 2 - League A]
    19' Швейцарія U19 W - Англія U19 W [ЄВРОПА: Євро U19 (Жінки) - Кваліфікація - Round 2 - League A]
  Found: 0 candidates, 0 new, 2 permanently skipped

Done: 0 analyzed, 0 actionable, 0 TG sent

🔥 RUN #20: analyzed=0, signals=0
Message sent to Telegram
⏳ Next scan in 3m...
[14:21:56] Live scan
  Запуск live-скрапера (після ранкових Telegram, якщо були).
Opening: https://m.flashscore.ua/?s=2 (minute >= 60, 0:0 only)
Provider health [https://m.flashscore.ua/?s=2]: rows=15, 0:0 total=1, candidates=0
  ⏸ 0:0 ще рано (< 60'):
    22' Швейцарія U19 W - Англія U19 W [ЄВРОПА: Євро U19 (Жінки) - Кваліфікація - Round 2 - League A]
  Found: 0 candidates, 0 new, 2 permanently skipped

Done: 0 analyzed, 0 actionable, 0 TG sent

🔥 RUN #21: analyzed=0, signals=0
⏳ Next scan in 3m...
[14:25:08] Live scan
  Запуск live-скрапера (після ранкових Telegram, якщо були).
Opening: https://m.flashscore.ua/?s=2 (minute >= 60, 0:0 only)
Provider health [https://m.flashscore.ua/?s=2]: rows=15, 0:0 total=1, candidates=0
  ⏸ 0:0 ще рано (< 60'):
    25' Швейцарія U19 W - Англія U19 W [ЄВРОПА: Євро U19 (Жінки) - Кваліфікація - Round 2 - League A]
  Found: 0 candidates, 0 new, 2 permanently skipped

Done: 0 analyzed, 0 actionable, 0 TG sent

🔥 RUN #22: analyzed=0, signals=0
⏳ Next scan in 3m...
[14:28:20] Live scan
  Запуск live-скрапера (після ранкових Telegram, якщо були).
Opening: https://m.flashscore.ua/?s=2 (minute >= 60, 0:0 only)
Provider health [https://m.flashscore.ua/?s=2]: rows=12, 0:0 total=1, candidates=0
  ⏸ 0:0 ще рано (< 60'):
    29' Швейцарія U19 W - Англія U19 W [ЄВРОПА: Євро U19 (Жінки) - Кваліфікація - Round 2 - League A]
  Found: 0 candidates, 0 new, 2 permanently skipped

Done: 0 analyzed, 0 actionable, 0 TG sent

🔥 RUN #23: analyzed=0, signals=0
⏳ Next scan in 3m...
[14:31:31] Live scan
  Запуск live-скрапера (після ранкових Telegram, якщо були).
Opening: https://m.flashscore.ua/?s=2 (minute >= 60, 0:0 only)
Provider health [https://m.flashscore.ua/?s=2]: rows=11, 0:0 total=1, candidates=0
  ⏸ 0:0 ще рано (< 60'):
    31' Швейцарія U19 W - Англія U19 W [ЄВРОПА: Євро U19 (Жінки) - Кваліфікація - Round 2 - League A]
  Found: 0 candidates, 0 new, 2 permanently skipped

Done: 0 analyzed, 0 actionable, 0 TG sent

🔥 RUN #24: analyzed=0, signals=0
⏳ Next scan in 3m...
[14:34:42] Live scan
  Запуск live-скрапера (після ранкових Telegram, якщо були).
Opening: https://m.flashscore.ua/?s=2 (minute >= 60, 0:0 only)
Provider health [https://m.flashscore.ua/?s=2]: rows=14, 0:0 total=3, candidates=0
  ⏸ 0:0 ще рано (< 60'):
    5' КИТАЙ: League Two Таблиця5'Веньчжоу Профешнал - Ханчжоу Ліньпін [КИТАЙ: League Two]
    5' Ланчжоу Лон'юань - Шаньдон Тайшань B [КИТАЙ: League Two]
    5' Ухань Трі Таунс B - Ченду Рончен B [КИТАЙ: League Two]
  Found: 0 candidates, 0 new, 2 permanently skipped

Done: 0 analyzed, 0 actionable, 0 TG sent

🔥 RUN #25: analyzed=0, signals=0
⏳ Next scan in 3m...
[14:37:52] Live scan
  Запуск live-скрапера (після ранкових Telegram, якщо були).
Opening: https://m.flashscore.ua/?s=2 (minute >= 60, 0:0 only)
Provider health [https://m.flashscore.ua/?s=2]: rows=14, 0:0 total=3, candidates=0
  ⏸ 0:0 ще рано (< 60'):
    8' КИТАЙ: League Two Таблиця8'Веньчжоу Профешнал - Ханчжоу Ліньпін [КИТАЙ: League Two]
    8' Ланчжоу Лон'юань - Шаньдон Тайшань B [КИТАЙ: League Two]
    8' Ухань Трі Таунс B - Ченду Рончен B [КИТАЙ: League Two]
  Found: 0 candidates, 0 new, 2 permanently skipped

Done: 0 analyzed, 0 actionable, 0 TG sent

🔥 RUN #26: analyzed=0, signals=0
⏳ Next scan in 3m...
[14:41:02] Live scan
  Запуск live-скрапера (після ранкових Telegram, якщо були).
Opening: https://m.flashscore.ua/?s=2 (minute >= 60, 0:0 only)
Provider health [https://m.flashscore.ua/?s=2]: rows=14, 0:0 total=3, candidates=0
  ⏸ 0:0 ще рано (< 60'):
    12' КИТАЙ: League Two Таблиця12'Веньчжоу Профешнал - Ханчжоу Ліньпін [КИТАЙ: League Two]
    12' Ланчжоу Лон'юань - Шаньдон Тайшань B [КИТАЙ: League Two]
    12' Ухань Трі Таунс B - Ченду Рончен B [КИТАЙ: League Two]
  Found: 0 candidates, 0 new, 2 permanently skipped

Done: 0 analyzed, 0 actionable, 0 TG sent

🔥 RUN #27: analyzed=0, signals=0
⏳ Next scan in 3m...
[14:44:11] Live scan
  Запуск live-скрапера (після ранкових Telegram, якщо були).
Opening: https://m.flashscore.ua/?s=2 (minute >= 60, 0:0 only)
Provider health [https://m.flashscore.ua/?s=2]: rows=14, 0:0 total=3, candidates=0
  ⏸ 0:0 ще рано (< 60'):
    14' КИТАЙ: League Two Таблиця14'Веньчжоу Профешнал - Ханчжоу Ліньпін [КИТАЙ: League Two]
    14' Ланчжоу Лон'юань - Шаньдон Тайшань B [КИТАЙ: League Two]
    14' Ухань Трі Таунс B - Ченду Рончен B [КИТАЙ: League Two]
  Found: 0 candidates, 0 new, 2 permanently skipped

Done: 0 analyzed, 0 actionable, 0 TG sent

🔥 RUN #28: analyzed=0, signals=0
⏳ Next scan in 3m...
[14:47:21] Live scan
  Запуск live-скрапера (після ранкових Telegram, якщо були).
Opening: https://m.flashscore.ua/?s=2 (minute >= 60, 0:0 only)
Provider health [https://m.flashscore.ua/?s=2]: rows=14, 0:0 total=3, candidates=0
  ⏸ 0:0 ще рано (< 60'):
    17' КИТАЙ: League Two Таблиця17'Веньчжоу Профешнал - Ханчжоу Ліньпін [КИТАЙ: League Two]
    17' Ланчжоу Лон'юань - Шаньдон Тайшань B [КИТАЙ: League Two]
    17' Ухань Трі Таунс B - Ченду Рончен B [КИТАЙ: League Two]
  Found: 0 candidates, 0 new, 2 permanently skipped

Done: 0 analyzed, 0 actionable, 0 TG sent

🔥 RUN #29: analyzed=0, signals=0
⏳ Next scan in 3m...
[14:50:31] Live scan
  Запуск live-скрапера (після ранкових Telegram, якщо були).
Opening: https://m.flashscore.ua/?s=2 (minute >= 60, 0:0 only)
Provider health [https://m.flashscore.ua/?s=2]: rows=14, 0:0 total=3, candidates=0
  ⏸ 0:0 ще рано (< 60'):
    20' КИТАЙ: League Two Таблиця20'Веньчжоу Профешнал - Ханчжоу Ліньпін [КИТАЙ: League Two]
    20' Ланчжоу Лон'юань - Шаньдон Тайшань B [КИТАЙ: League Two]
    20' Ухань Трі Таунс B - Ченду Рончен B [КИТАЙ: League Two]
  Found: 0 candidates, 0 new, 2 permanently skipped

Done: 0 analyzed, 0 actionable, 0 TG sent

🔥 RUN #30: analyzed=0, signals=0
⏳ Next scan in 3m...
[14:53:40] Live scan
  Запуск live-скрапера (після ранкових Telegram, якщо були).
Opening: https://m.flashscore.ua/?s=2 (minute >= 60, 0:0 only)
Provider health [https://m.flashscore.ua/?s=2]: rows=14, 0:0 total=3, candidates=0
  ⏸ 0:0 ще рано (< 60'):
    24' КИТАЙ: League Two Таблиця24'Веньчжоу Профешнал - Ханчжоу Ліньпін [КИТАЙ: League Two]
    24' Ланчжоу Лон'юань - Шаньдон Тайшань B [КИТАЙ: League Two]
    24' Ухань Трі Таунс B - Ченду Рончен B [КИТАЙ: League Two]
  Found: 0 candidates, 0 new, 2 permanently skipped

Done: 0 analyzed, 0 actionable, 0 TG sent

🔥 RUN #31: analyzed=0, signals=0
⏳ Next scan in 3m...
[14:56:50] Live scan
  Запуск live-скрапера (після ранкових Telegram, якщо були).
Opening: https://m.flashscore.ua/?s=2 (minute >= 60, 0:0 only)
Provider health [https://m.flashscore.ua/?s=2]: rows=10, 0:0 total=2, candidates=0
  ⏸ 0:0 ще рано (< 60'):
    27' Ланчжоу Лон'юань - Шаньдон Тайшань B [КИТАЙ: League Two]
    27' Ухань Трі Таунс B - Ченду Рончен B [КИТАЙ: League Two]
  Found: 0 candidates, 0 new, 2 permanently skipped

Done: 0 analyzed, 0 actionable, 0 TG sent

🔥 RUN #32: analyzed=0, signals=0
⏳ Next scan in 3m...
[15:00:01] Live scan
  Запуск live-скрапера (після ранкових Telegram, якщо були).
Opening: https://m.flashscore.ua/?s=2 (minute >= 60, 0:0 only)
Provider health [https://m.flashscore.ua/?s=2]: rows=12, 0:0 total=5, candidates=0
  ⏸ 0:0 ще рано (< 60'):
    1' Шахдаг Кусар - Джебраїл [АЗЕРБАЙДЖАН: I Ліга]
    1' ЕФІОПІЯ: Прем'єр-ліга Таблиця1'Ефіопіан Іншуренс - Бахір Дар Кенема [ЕФІОПІЯ: Прем'єр-ліга]
    31' Ланчжоу Лон'юань - Шаньдон Тайшань B [КИТАЙ: League Two]
    31' Ухань Трі Таунс B - Ченду Рончен B [КИТАЙ: League Two]
    1' НОРВЕГІЯ: Національний чемпіонат U19 Таблиця1'Хаугесунн U19 - Вікінг U19 [НОРВЕГІЯ: Національний чемпіонат U19]
  Found: 0 candidates, 0 new, 2 permanently skipped

Done: 0 analyzed, 0 actionable, 0 TG sent

🔥 RUN #33: analyzed=0, signals=0
⏳ Next scan in 3m...
[15:03:12] Live scan
  Запуск live-скрапера (після ранкових Telegram, якщо були).
Opening: https://m.flashscore.ua/?s=2 (minute >= 60, 0:0 only)
Provider health [https://m.flashscore.ua/?s=2]: rows=15, 0:0 total=8, candidates=0
  ⏸ 0:0 ще рано (< 60'):
    4' Шахдаг Кусар - Джебраїл [АЗЕРБАЙДЖАН: I Ліга]
    4' ЕФІОПІЯ: Прем'єр-ліга Таблиця4'Ефіопіан Іншуренс - Бахір Дар Кенема [ЕФІОПІЯ: Прем'єр-ліга]
    4' Хавасса - Шіре [ЕФІОПІЯ: Прем'єр-ліга]
    4' Греція U19 W - Румунія U19 W [ЄВРОПА: Євро U19 (Жінки) - Кваліфікація - Round 2 - League A]
    4' ЄВРОПА: Євро U19 (Жінки) - Кваліфікація - Раунд 2 - Ліга B Таблиця4'Чорногорія U19 W - Туреччина U19 W [ЄВРОПА: Євро U19 (Жінки) - Кваліфікація - Раунд 2 - Ліга B]
    34' Ланчжоу Лон'юань - Шаньдон Тайшань B [КИТАЙ: League Two]
    34' Ухань Трі Таунс B - Ченду Рончен B [КИТАЙ: League Two]
    4' НОРВЕГІЯ: Національний чемпіонат U19 Таблиця4'Хаугесунн U19 - Вікінг U19 [НОРВЕГІЯ: Національний чемпіонат U19]
  Found: 0 candidates, 0 new, 2 permanently skipped

Done: 0 analyzed, 0 actionable, 0 TG sent

🔥 RUN #34: analyzed=0, signals=0
⏳ Next scan in 3m...
[15:06:23] Live scan
  Запуск live-скрапера (після ранкових Telegram, якщо були).
Opening: https://m.flashscore.ua/?s=2 (minute >= 60, 0:0 only)
Provider health [https://m.flashscore.ua/?s=2]: rows=17, 0:0 total=9, candidates=0
  ⏸ 0:0 ще рано (< 60'):
    7' Шахдаг Кусар - Джебраїл [АЗЕРБАЙДЖАН: I Ліга]
    7' ЕФІОПІЯ: Прем'єр-ліга Таблиця7'Ефіопіан Іншуренс - Бахір Дар Кенема [ЕФІОПІЯ: Прем'єр-ліга]
    7' Хавасса - Шіре [ЕФІОПІЯ: Прем'єр-ліга]
    7' Греція U19 W - Румунія U19 W [ЄВРОПА: Євро U19 (Жінки) - Кваліфікація - Round 2 - League A]
    7' ЄВРОПА: Євро U19 (Жінки) - Кваліфікація - Раунд 2 - Ліга B Таблиця7'Ліхтенштейн U19 W - Албанія U19 W [ЄВРОПА: Євро U19 (Жінки) - Кваліфікація - Раунд 2 - Ліга B]
    37' Ланчжоу Лон'юань - Шаньдон Тайшань B [КИТАЙ: League Two]
    37' Ухань Трі Таунс B - Ченду Рончен B [КИТАЙ: League Two]
    7' НОРВЕГІЯ: Національний чемпіонат U19 Таблиця7'Хаугесунн U19 - Вікінг U19 [НОРВЕГІЯ: Національний чемпіонат U19]
    7' УЗБЕКИСТАН: Про-ліга Таблиця7'Respublika FA - BuxDu [УЗБЕКИСТАН: Про-ліга]
  Found: 0 candidates, 0 new, 2 permanently skipped

Done: 0 analyzed, 0 actionable, 0 TG sent

🔥 RUN #35: analyzed=0, signals=0
⏳ Next scan in 3m...
[15:09:36] Live scan
  Запуск live-скрапера (після ранкових Telegram, якщо були).
Opening: https://m.flashscore.ua/?s=2 (minute >= 60, 0:0 only)
Provider health [https://m.flashscore.ua/?s=2]: rows=17, 0:0 total=9, candidates=0
  ⏸ 0:0 ще рано (< 60'):
    10' Шахдаг Кусар - Джебраїл [АЗЕРБАЙДЖАН: I Ліга]
    10' ЕФІОПІЯ: Прем'єр-ліга Таблиця10'Ефіопіан Іншуренс - Бахір Дар Кенема [ЕФІОПІЯ: Прем'єр-ліга]
    10' Хавасса - Шіре [ЕФІОПІЯ: Прем'єр-ліга]
    10' Греція U19 W - Румунія U19 W [ЄВРОПА: Євро U19 (Жінки) - Кваліфікація - Round 2 - League A]
    10' ЄВРОПА: Євро U19 (Жінки) - Кваліфікація - Раунд 2 - Ліга B Таблиця10'Ліхтенштейн U19 W - Албанія U19 W [ЄВРОПА: Євро U19 (Жінки) - Кваліфікація - Раунд 2 - Ліга B]
    40' Ланчжоу Лон'юань - Шаньдон Тайшань B [КИТАЙ: League Two]
    40' Ухань Трі Таунс B - Ченду Рончен B [КИТАЙ: League Two]
    10' НОРВЕГІЯ: Національний чемпіонат U19 Таблиця10'Хаугесунн U19 - Вікінг U19 [НОРВЕГІЯ: Національний чемпіонат U19]
    10' УЗБЕКИСТАН: Про-ліга Таблиця10'Respublika FA - BuxDu [УЗБЕКИСТАН: Про-ліга]
  Found: 0 candidates, 0 new, 2 permanently skipped

Done: 0 analyzed, 0 actionable, 0 TG sent

🔥 RUN #36: analyzed=0, signals=0
⏳ Next scan in 3m...
[15:12:47] Live scan
  Запуск live-скрапера (після ранкових Telegram, якщо були).
Opening: https://m.flashscore.ua/?s=2 (minute >= 60, 0:0 only)
Provider health [https://m.flashscore.ua/?s=2]: rows=17, 0:0 total=8, candidates=0
  ⏸ 0:0 ще рано (< 60'):
    13' Шахдаг Кусар - Джебраїл [АЗЕРБАЙДЖАН: I Ліга]
    13' ЕФІОПІЯ: Прем'єр-ліга Таблиця13'Ефіопіан Іншуренс - Бахір Дар Кенема [ЕФІОПІЯ: Прем'єр-ліга]
    13' Хавасса - Шіре [ЕФІОПІЯ: Прем'єр-ліга]
    13' Греція U19 W - Румунія U19 W [ЄВРОПА: Євро U19 (Жінки) - Кваліфікація - Round 2 - League A]
    13' ЄВРОПА: Євро U19 (Жінки) - Кваліфікація - Раунд 2 - Ліга B Таблиця13'Ліхтенштейн U19 W - Албанія U19 W [ЄВРОПА: Євро U19 (Жінки) - Кваліфікація - Раунд 2 - Ліга B]
    43' Ухань Трі Таунс B - Ченду Рончен B [КИТАЙ: League Two]
    13' НОРВЕГІЯ: Національний чемпіонат U19 Таблиця13'Хаугесунн U19 - Вікінг U19 [НОРВЕГІЯ: Національний чемпіонат U19]
    13' УЗБЕКИСТАН: Про-ліга Таблиця13'Respublika FA - BuxDu [УЗБЕКИСТАН: Про-ліга]
  Found: 0 candidates, 0 new, 2 permanently skipped

Done: 0 analyzed, 0 actionable, 0 TG sent

🔥 RUN #37: analyzed=0, signals=0
⏳ Next scan in 3m...
[15:15:58] Live scan
  Запуск live-скрапера (після ранкових Telegram, якщо були).
Opening: https://m.flashscore.ua/?s=2 (minute >= 60, 0:0 only)
Provider health [https://m.flashscore.ua/?s=2]: rows=18, 0:0 total=9, candidates=0
  ⏸ 0:0 ще рано (< 60'):
    16' Шахдаг Кусар - Джебраїл [АЗЕРБАЙДЖАН: I Ліга]
    1' АЗІЯ: Ліга чемпіонів АФК 2 - Плей-оф1'Бангкок Юнайтед - Гамба Осака [АЗІЯ: Ліга чемпіонів АФК 2 - Плей-оф]
    16' ЕФІОПІЯ: Прем'єр-ліга Таблиця16'Ефіопіан Іншуренс - Бахір Дар Кенема [ЕФІОПІЯ: Прем'єр-ліга]
    16' Хавасса - Шіре [ЕФІОПІЯ: Прем'єр-ліга]
    16' Греція U19 W - Румунія U19 W [ЄВРОПА: Євро U19 (Жінки) - Кваліфікація - Round 2 - League A]
    16' ЄВРОПА: Євро U19 (Жінки) - Кваліфікація - Раунд 2 - Ліга B Таблиця16'Ліхтенштейн U19 W - Албанія U19 W [ЄВРОПА: Євро U19 (Жінки) - Кваліфікація - Раунд 2 - Ліга B]
    16' НОРВЕГІЯ: Національний чемпіонат U19 Таблиця16'Хаугесунн U19 - Вікінг U19 [НОРВЕГІЯ: Національний чемпіонат U19]
    16' УЗБЕКИСТАН: Про-ліга Таблиця16'Respublika FA - BuxDu [УЗБЕКИСТАН: Про-ліга]
  Found: 0 candidates, 0 new, 2 permanently skipped

Done: 0 analyzed, 0 actionable, 0 TG sent

🔥 RUN #38: analyzed=0, signals=0
⏳ Next scan in 3m...
[15:19:08] Live scan
  Запуск live-скрапера (після ранкових Telegram, якщо були).
Opening: https://m.flashscore.ua/?s=2 (minute >= 60, 0:0 only)
Provider health [https://m.flashscore.ua/?s=2]: rows=18, 0:0 total=9, candidates=0
  ⏸ 0:0 ще рано (< 60'):
    19' Шахдаг Кусар - Джебраїл [АЗЕРБАЙДЖАН: I Ліга]
    4' АЗІЯ: Ліга чемпіонів АФК 2 - Плей-оф4'Бангкок Юнайтед - Гамба Осака [АЗІЯ: Ліга чемпіонів АФК 2 - Плей-оф]
    19' ЕФІОПІЯ: Прем'єр-ліга Таблиця19'Ефіопіан Іншуренс - Бахір Дар Кенема [ЕФІОПІЯ: Прем'єр-ліга]
    19' Хавасса - Шіре [ЕФІОПІЯ: Прем'єр-ліга]
    19' Греція U19 W - Румунія U19 W [ЄВРОПА: Євро U19 (Жінки) - Кваліфікація - Round 2 - League A]
    19' ЄВРОПА: Євро U19 (Жінки) - Кваліфікація - Раунд 2 - Ліга B Таблиця19'Ліхтенштейн U19 W - Албанія U19 W [ЄВРОПА: Євро U19 (Жінки) - Кваліфікація - Раунд 2 - Ліга B]
    19' НОРВЕГІЯ: Національний чемпіонат U19 Таблиця19'Хаугесунн U19 - Вікінг U19 [НОРВЕГІЯ: Національний чемпіонат U19]
    19' УЗБЕКИСТАН: Про-ліга Таблиця19'Respublika FA - BuxDu [УЗБЕКИСТАН: Про-ліга]
  Found: 0 candidates, 0 new, 2 permanently skipped

Done: 0 analyzed, 0 actionable, 0 TG sent

🔥 RUN #39: analyzed=0, signals=0
Message sent to Telegram
⏳ Next scan in 3m...
[15:22:20] Live scan
  Запуск live-скрапера (після ранкових Telegram, якщо були).
Opening: https://m.flashscore.ua/?s=2 (minute >= 60, 0:0 only)
Provider health [https://m.flashscore.ua/?s=2]: rows=18, 0:0 total=9, candidates=0
  ⏸ 0:0 ще рано (< 60'):
    23' Шахдаг Кусар - Джебраїл [АЗЕРБАЙДЖАН: I Ліга]
    8' АЗІЯ: Ліга чемпіонів АФК 2 - Плей-оф8'Бангкок Юнайтед - Гамба Осака [АЗІЯ: Ліга чемпіонів АФК 2 - Плей-оф]
    23' ЕФІОПІЯ: Прем'єр-ліга Таблиця23'Ефіопіан Іншуренс - Бахір Дар Кенема [ЕФІОПІЯ: Прем'єр-ліга]
    23' Хавасса - Шіре [ЕФІОПІЯ: Прем'єр-ліга]
    23' Греція U19 W - Румунія U19 W [ЄВРОПА: Євро U19 (Жінки) - Кваліфікація - Round 2 - League A]
    23' ЄВРОПА: Євро U19 (Жінки) - Кваліфікація - Раунд 2 - Ліга B Таблиця23'Ліхтенштейн U19 W - Албанія U19 W [ЄВРОПА: Євро U19 (Жінки) - Кваліфікація - Раунд 2 - Ліга B]
    45' Ухань Трі Таунс B - Ченду Рончен B [КИТАЙ: League Two]
    23' НОРВЕГІЯ: Національний чемпіонат U19 Таблиця23'Хаугесунн U19 - Вікінг U19 [НОРВЕГІЯ: Національний чемпіонат U19]
    23' УЗБЕКИСТАН: Про-ліга Таблиця23'Respublika FA - BuxDu [УЗБЕКИСТАН: Про-ліга]
  Found: 0 candidates, 0 new, 2 permanently skipped

Done: 0 analyzed, 0 actionable, 0 TG sent

🔥 RUN #40: analyzed=0, signals=0
⏳ Next scan in 3m...
[15:25:31] Live scan
  Запуск live-скрапера (після ранкових Telegram, якщо були).
Opening: https://m.flashscore.ua/?s=2 (minute >= 60, 0:0 only)
Provider health [https://m.flashscore.ua/?s=2]: rows=18, 0:0 total=9, candidates=0
  ⏸ 0:0 ще рано (< 60'):
    26' Шахдаг Кусар - Джебраїл [АЗЕРБАЙДЖАН: I Ліга]
    11' АЗІЯ: Ліга чемпіонів АФК 2 - Плей-оф11'Бангкок Юнайтед - Гамба Осака [АЗІЯ: Ліга чемпіонів АФК 2 - Плей-оф]
    26' ЕФІОПІЯ: Прем'єр-ліга Таблиця26'Ефіопіан Іншуренс - Бахір Дар Кенема [ЕФІОПІЯ: Прем'єр-ліга]
    26' Хавасса - Шіре [ЕФІОПІЯ: Прем'єр-ліга]
    26' Греція U19 W - Румунія U19 W [ЄВРОПА: Євро U19 (Жінки) - Кваліфікація - Round 2 - League A]
    26' ЄВРОПА: Євро U19 (Жінки) - Кваліфікація - Раунд 2 - Ліга B Таблиця26'Ліхтенштейн U19 W - Албанія U19 W [ЄВРОПА: Євро U19 (Жінки) - Кваліфікація - Раунд 2 - Ліга B]
    45' Ухань Трі Таунс B - Ченду Рончен B [КИТАЙ: League Two]
    26' НОРВЕГІЯ: Національний чемпіонат U19 Таблиця26'Хаугесунн U19 - Вікінг U19 [НОРВЕГІЯ: Національний чемпіонат U19]
    26' УЗБЕКИСТАН: Про-ліга Таблиця26'Respublika FA - BuxDu [УЗБЕКИСТАН: Про-ліга]
  Found: 0 candidates, 0 new, 2 permanently skipped

Done: 0 analyzed, 0 actionable, 0 TG sent

🔥 RUN #41: analyzed=0, signals=0
⏳ Next scan in 3m...
[15:28:41] Live scan
  Запуск live-скрапера (після ранкових Telegram, якщо були).
Opening: https://m.flashscore.ua/?s=2 (minute >= 60, 0:0 only)
Provider health [https://m.flashscore.ua/?s=2]: rows=17, 0:0 total=9, candidates=0
  ⏸ 0:0 ще рано (< 60'):
    29' Шахдаг Кусар - Джебраїл [АЗЕРБАЙДЖАН: I Ліга]
    14' АЗІЯ: Ліга чемпіонів АФК 2 - Плей-оф14'Бангкок Юнайтед - Гамба Осака [АЗІЯ: Ліга чемпіонів АФК 2 - Плей-оф]
    29' ЕФІОПІЯ: Прем'єр-ліга Таблиця29'Ефіопіан Іншуренс - Бахір Дар Кенема [ЕФІОПІЯ: Прем'єр-ліга]
    29' Хавасса - Шіре [ЕФІОПІЯ: Прем'єр-ліга]
    29' Греція U19 W - Румунія U19 W [ЄВРОПА: Євро U19 (Жінки) - Кваліфікація - Round 2 - League A]
    29' ЄВРОПА: Євро U19 (Жінки) - Кваліфікація - Раунд 2 - Ліга B Таблиця29'Ліхтенштейн U19 W - Албанія U19 W [ЄВРОПА: Євро U19 (Жінки) - Кваліфікація - Раунд 2 - Ліга B]
    45' Ухань Трі Таунс B - Ченду Рончен B [КИТАЙ: League Two]
    29' НОРВЕГІЯ: Національний чемпіонат U19 Таблиця29'Хаугесунн U19 - Вікінг U19 [НОРВЕГІЯ: Національний чемпіонат U19]
    29' УЗБЕКИСТАН: Про-ліга Таблиця29'Respublika FA - BuxDu [УЗБЕКИСТАН: Про-ліга]
  Found: 0 candidates, 0 new, 2 permanently skipped

Done: 0 analyzed, 0 actionable, 0 TG sent

🔥 RUN #42: analyzed=0, signals=0
⏳ Next scan in 3m...
[15:31:51] Live scan
  Запуск live-скрапера (після ранкових Telegram, якщо були).
Opening: https://m.flashscore.ua/?s=2 (minute >= 60, 0:0 only)
Provider health [https://m.flashscore.ua/?s=2]: rows=17, 0:0 total=9, candidates=0
  ⏸ 0:0 ще рано (< 60'):
    32' Шахдаг Кусар - Джебраїл [АЗЕРБАЙДЖАН: I Ліга]
    17' АЗІЯ: Ліга чемпіонів АФК 2 - Плей-оф17'Бангкок Юнайтед - Гамба Осака [АЗІЯ: Ліга чемпіонів АФК 2 - Плей-оф]
    32' ЕФІОПІЯ: Прем'єр-ліга Таблиця32'Ефіопіан Іншуренс - Бахір Дар Кенема [ЕФІОПІЯ: Прем'єр-ліга]
    32' Хавасса - Шіре [ЕФІОПІЯ: Прем'єр-ліга]
    32' Греція U19 W - Румунія U19 W [ЄВРОПА: Євро U19 (Жінки) - Кваліфікація - Round 2 - League A]
    32' ЄВРОПА: Євро U19 (Жінки) - Кваліфікація - Раунд 2 - Ліга B Таблиця32'Ліхтенштейн U19 W - Албанія U19 W [ЄВРОПА: Євро U19 (Жінки) - Кваліфікація - Раунд 2 - Ліга B]
    45' Ухань Трі Таунс B - Ченду Рончен B [КИТАЙ: League Two]
    32' НОРВЕГІЯ: Національний чемпіонат U19 Таблиця32'Хаугесунн U19 - Вікінг U19 [НОРВЕГІЯ: Національний чемпіонат U19]
    32' УЗБЕКИСТАН: Про-ліга Таблиця32'Respublika FA - BuxDu [УЗБЕКИСТАН: Про-ліга]
  Found: 0 candidates, 0 new, 2 permanently skipped

Done: 0 analyzed, 0 actionable, 0 TG sent

🔥 RUN #43: analyzed=0, signals=0
⏳ Next scan in 3m...
[15:35:03] Live scan
  Запуск live-скрапера (після ранкових Telegram, якщо були).
Opening: https://m.flashscore.ua/?s=2 (minute >= 60, 0:0 only)
Provider health [https://m.flashscore.ua/?s=2]: rows=17, 0:0 total=9, candidates=0
  ⏸ 0:0 ще рано (< 60'):
    35' Шахдаг Кусар - Джебраїл [АЗЕРБАЙДЖАН: I Ліга]
    35' ЕФІОПІЯ: Прем'єр-ліга Таблиця35'Ефіопіан Іншуренс - Бахір Дар Кенема [ЕФІОПІЯ: Прем'єр-ліга]
    35' Хавасса - Шіре [ЕФІОПІЯ: Прем'єр-ліга]
    35' Греція U19 W - Румунія U19 W [ЄВРОПА: Євро U19 (Жінки) - Кваліфікація - Round 2 - League A]
    35' ЄВРОПА: Євро U19 (Жінки) - Кваліфікація - Раунд 2 - Ліга B Таблиця35'Ліхтенштейн U19 W - Албанія U19 W [ЄВРОПА: Євро U19 (Жінки) - Кваліфікація - Раунд 2 - Ліга B]
    5' ІНДІЯ: І-Ліга 2 Таблиця5'Карбі Англонг - ГМСК [ІНДІЯ: І-Ліга 2]
    47' Ухань Трі Таунс B - Ченду Рончен B [КИТАЙ: League Two]
    35' НОРВЕГІЯ: Національний чемпіонат U19 Таблиця35'Хаугесунн U19 - Вікінг U19 [НОРВЕГІЯ: Національний чемпіонат U19]
    35' УЗБЕКИСТАН: Про-ліга Таблиця35'Respublika FA - BuxDu [УЗБЕКИСТАН: Про-ліга]
  Found: 0 candidates, 0 new, 2 permanently skipped

Done: 0 analyzed, 0 actionable, 0 TG sent

🔥 RUN #44: analyzed=0, signals=0
⏳ Next scan in 3m...
[15:38:14] Live scan
  Запуск live-скрапера (після ранкових Telegram, якщо були).
Opening: https://m.flashscore.ua/?s=2 (minute >= 60, 0:0 only)
Provider health [https://m.flashscore.ua/?s=2]: rows=17, 0:0 total=8, candidates=0
  ⏸ 0:0 ще рано (< 60'):
    39' Шахдаг Кусар - Джебраїл [АЗЕРБАЙДЖАН: I Ліга]
    39' ЕФІОПІЯ: Прем'єр-ліга Таблиця39'Ефіопіан Іншуренс - Бахір Дар Кенема [ЕФІОПІЯ: Прем'єр-ліга]
    39' Хавасса - Шіре [ЕФІОПІЯ: Прем'єр-ліга]
    39' Греція U19 W - Румунія U19 W [ЄВРОПА: Євро U19 (Жінки) - Кваліфікація - Round 2 - League A]
    39' ЄВРОПА: Євро U19 (Жінки) - Кваліфікація - Раунд 2 - Ліга B Таблиця39'Ліхтенштейн U19 W - Албанія U19 W [ЄВРОПА: Євро U19 (Жінки) - Кваліфікація - Раунд 2 - Ліга B]
    9' ІНДІЯ: І-Ліга 2 Таблиця9'Карбі Англонг - ГМСК [ІНДІЯ: І-Ліга 2]
    50' Ухань Трі Таунс B - Ченду Рончен B [КИТАЙ: League Two]
    39' УЗБЕКИСТАН: Про-ліга Таблиця39'Respublika FA - BuxDu [УЗБЕКИСТАН: Про-ліга]
  Found: 0 candidates, 0 new, 2 permanently skipped

Done: 0 analyzed, 0 actionable, 0 TG sent

🔥 RUN #45: analyzed=0, signals=0
⏳ Next scan in 3m...
[15:41:25] Live scan
  Запуск live-скрапера (після ранкових Telegram, якщо були).
Opening: https://m.flashscore.ua/?s=2 (minute >= 60, 0:0 only)
Provider health [https://m.flashscore.ua/?s=2]: rows=17, 0:0 total=7, candidates=0
  ⏸ 0:0 ще рано (< 60'):
    41' Шахдаг Кусар - Джебраїл [АЗЕРБАЙДЖАН: I Ліга]
    41' Хавасса - Шіре [ЕФІОПІЯ: Прем'єр-ліга]
    41' Греція U19 W - Румунія U19 W [ЄВРОПА: Євро U19 (Жінки) - Кваліфікація - Round 2 - League A]
    41' ЄВРОПА: Євро U19 (Жінки) - Кваліфікація - Раунд 2 - Ліга B Таблиця41'Ліхтенштейн U19 W - Албанія U19 W [ЄВРОПА: Євро U19 (Жінки) - Кваліфікація - Раунд 2 - Ліга B]
    11' ІНДІЯ: І-Ліга 2 Таблиця11'Карбі Англонг - ГМСК [ІНДІЯ: І-Ліга 2]
    52' Ухань Трі Таунс B - Ченду Рончен B [КИТАЙ: League Two]
    41' УЗБЕКИСТАН: Про-ліга Таблиця41'Respublika FA - BuxDu [УЗБЕКИСТАН: Про-ліга]
  Found: 0 candidates, 0 new, 2 permanently skipped

Done: 0 analyzed, 0 actionable, 0 TG sent

🔥 RUN #46: analyzed=0, signals=0
⏳ Next scan in 3m...
[15:44:36] Live scan
  Запуск live-скрапера (після ранкових Telegram, якщо були).
Opening: https://m.flashscore.ua/?s=2 (minute >= 60, 0:0 only)
Provider health [https://m.flashscore.ua/?s=2]: rows=17, 0:0 total=7, candidates=0
  ⏸ 0:0 ще рано (< 60'):
    45' Шахдаг Кусар - Джебраїл [АЗЕРБАЙДЖАН: I Ліга]
    45' Хавасса - Шіре [ЕФІОПІЯ: Прем'єр-ліга]
    45' Греція U19 W - Румунія U19 W [ЄВРОПА: Євро U19 (Жінки) - Кваліфікація - Round 2 - League A]
    45' ЄВРОПА: Євро U19 (Жінки) - Кваліфікація - Раунд 2 - Ліга B Таблиця45'Ліхтенштейн U19 W - Албанія U19 W [ЄВРОПА: Євро U19 (Жінки) - Кваліфікація - Раунд 2 - Ліга B]
    15' ІНДІЯ: І-Ліга 2 Таблиця15'Карбі Англонг - ГМСК [ІНДІЯ: І-Ліга 2]
    56' Ухань Трі Таунс B - Ченду Рончен B [КИТАЙ: League Two]
    45' УЗБЕКИСТАН: Про-ліга Таблиця45'Respublika FA - BuxDu [УЗБЕКИСТАН: Про-ліга]
  Found: 0 candidates, 0 new, 2 permanently skipped

Done: 0 analyzed, 0 actionable, 0 TG sent

🔥 RUN #47: analyzed=0, signals=0
⏳ Next scan in 3m...
[15:47:48] Live scan
  Запуск live-скрапера (після ранкових Telegram, якщо були).
Opening: https://m.flashscore.ua/?s=2 (minute >= 60, 0:0 only)
Provider health [https://m.flashscore.ua/?s=2]: rows=17, 0:0 total=6, candidates=0
  ⏸ 0:0 ще рано (< 60'):
    45' Шахдаг Кусар - Джебраїл [АЗЕРБАЙДЖАН: I Ліга]
    59' Ухань Трі Таунс B - Ченду Рончен B [КИТАЙ: League Two]
  Found: 0 candidates, 0 new, 2 permanently skipped

Done: 0 analyzed, 0 actionable, 0 TG sent

🔥 RUN #48: analyzed=0, signals=0
⏳ Next scan in 3m...
[15:50:59] Live scan
  Запуск live-скрапера (після ранкових Telegram, якщо були).
Opening: https://m.flashscore.ua/?s=2 (minute >= 60, 0:0 only)
Provider health [https://m.flashscore.ua/?s=2]: rows=16, 0:0 total=6, candidates=1
  ⏸ 0:0 ще рано (< 60'):
    45' Шахдаг Кусар - Джебраїл [АЗЕРБАЙДЖАН: I Ліга]
  ✔ 63' Ухань Трі Таунс B - Ченду Рончен B [КИТАЙ: League Two] id=0hkZnaX9
  Found: 1 candidates, 1 new, 2 permanently skipped

→ Ухань Трі Таунс B - Ченду Рончен B (63') [КИТАЙ: League Two]
  Кф 1X2: 2.91 / 3.23 / 2.34
  Desktop: https://www.flashscore.ua/match/soccer/chengdu-rongcheng-W2NCMiB7/wuhan-three-towns-UwReQZBr/?mid=0hkZnaX9
  ⚠ DOM ALERT [0hkZnaX9]: PAGE_ERROR — secondHalf: Navigation timeout of 20000 ms exceeded
  [stats] 0hkZnaX9 → overall_only, 33 metrics
  Features: quality=1, primary=6, status=overall_only
  Model v2: pGoal=0.348, pDry=0.652 sq=0.74 state=dry | 60-70 → SKIP

Done: 1 analyzed, 0 actionable, 0 TG sent

🔥 RUN #49: analyzed=1, signals=0
⏳ Next scan in 3m...
[15:54:45] Live scan
  Запуск live-скрапера (після ранкових Telegram, якщо були).
Opening: https://m.flashscore.ua/?s=2 (minute >= 60, 0:0 only)
Provider health [https://m.flashscore.ua/?s=2]: rows=17, 0:0 total=7, candidates=1
  ⏸ 0:0 ще рано (< 60'):
    45' Шахдаг Кусар - Джебраїл [АЗЕРБАЙДЖАН: I Ліга]
    45' Хавасса - Шіре [ЕФІОПІЯ: Прем'єр-ліга]
    45' ЄВРОПА: Євро U19 (Жінки) - Кваліфікація - Раунд 2 - Ліга B ТаблицяПерерваЛіхтенштейн U19 W - Албанія U19 W [ЄВРОПА: Євро U19 (Жінки) - Кваліфікація - Раунд 2 - Ліга B]
    5' САУДІВСЬКА АРАВІЯ: Дивізіон 1 Таблиця5'Абха - Джедда [САУДІВСЬКА АРАВІЯ: Дивізіон 1]
    45' УЗБЕКИСТАН: Про-ліга ТаблицяПерерваRespublika FA - BuxDu [УЗБЕКИСТАН: Про-ліга]
  ✔ 66' Ухань Трі Таунс B - Ченду Рончен B [КИТАЙ: League Two] id=0hkZnaX9
  Found: 1 candidates, 1 new, 2 permanently skipped

→ Ухань Трі Таунс B - Ченду Рончен B (66') [КИТАЙ: League Two]
  Кф 1X2: 2.91 / 3.23 / 2.34
  Desktop: https://www.flashscore.ua/match/soccer/chengdu-rongcheng-W2NCMiB7/wuhan-three-towns-UwReQZBr/?mid=0hkZnaX9
  [stats] 0hkZnaX9 → both, 33 metrics
  Features: quality=1, primary=6, status=both
  Model v2: pGoal=0.348, pDry=0.652 sq=0.7557 state=dry | 60-70 → SKIP

Done: 1 analyzed, 0 actionable, 0 TG sent

🔥 RUN #50: analyzed=1, signals=0
⏳ Next scan in 3m...
[15:58:10] Live scan
  Запуск live-скрапера (після ранкових Telegram, якщо були).
Opening: https://m.flashscore.ua/?s=2 (minute >= 60, 0:0 only)
Provider health [https://m.flashscore.ua/?s=2]: rows=15, 0:0 total=7, candidates=1
  ⏸ 0:0 ще рано (< 60'):
    45' Шахдаг Кусар - Джебраїл [АЗЕРБАЙДЖАН: I Ліга]
    45' Хавасса - Шіре [ЕФІОПІЯ: Прем'єр-ліга]
    45' ЄВРОПА: Євро U19 (Жінки) - Кваліфікація - Round 2 - League A ТаблицяПерерваГреція U19 W - Румунія U19 W [ЄВРОПА: Євро U19 (Жінки) - Кваліфікація - Round 2 - League A]
    45' ЄВРОПА: Євро U19 (Жінки) - Кваліфікація - Раунд 2 - Ліга B ТаблицяПерерваЛіхтенштейн U19 W - Албанія U19 W [ЄВРОПА: Євро U19 (Жінки) - Кваліфікація - Раунд 2 - Ліга B]
    9' САУДІВСЬКА АРАВІЯ: Дивізіон 1 Таблиця9'Абха - Джедда [САУДІВСЬКА АРАВІЯ: Дивізіон 1]
    45' УЗБЕКИСТАН: Про-ліга ТаблицяПерерваRespublika FA - BuxDu [УЗБЕКИСТАН: Про-ліга]
  ✔ 70' Ухань Трі Таунс B - Ченду Рончен B [КИТАЙ: League Two] id=0hkZnaX9
  Found: 1 candidates, 1 new, 2 permanently skipped

→ Ухань Трі Таунс B - Ченду Рончен B (70') [КИТАЙ: League Two]
  Кф 1X2: 2.91 / 3.23 / 2.34
  Desktop: https://www.flashscore.ua/match/soccer/chengdu-rongcheng-W2NCMiB7/wuhan-three-towns-UwReQZBr/?mid=0hkZnaX9
  [stats] 0hkZnaX9 → both, 33 metrics
  Features: quality=1, primary=6, status=both
  Model v2: pGoal=0.288, pDry=0.712 sq=0.7714 state=dry | 70-80 → UNDER_0_5 | Δ2H SOT=0 xG=0 (Δ4′ матчу) [TG]
Message sent to Telegram
  ✓ Telegram sent

Done: 1 analyzed, 1 actionable, 1 TG sent
📌 Tracking 1 active prediction(s)

🔥 RUN #51: analyzed=1, signals=1
⏳ Next scan in 3m...
[16:01:43] Live scan
  Запуск live-скрапера (після ранкових Telegram, якщо були).
Opening: https://m.flashscore.ua/?s=2 (minute >= 60, 0:0 only)
Provider health [https://m.flashscore.ua/?s=2]: rows=16, 0:0 total=9, candidates=1
  ⏸ 0:0 ще рано (< 60'):
    47' АЗЕРБАЙДЖАН: I Ліга Таблиця47'Шахдаг Кусар - Джебраїл [АЗЕРБАЙДЖАН: I Ліга]
    2' АЗІЯ: АФК Кубок Азії U20 - Плей-оф2'Китай U20 W - Японія U20 W [АЗІЯ: АФК Кубок Азії U20 - Плей-оф]
    45' Хавасса - Шіре [ЕФІОПІЯ: Прем'єр-ліга]
    45' ЄВРОПА: Євро U19 (Жінки) - Кваліфікація - Round 2 - League A ТаблицяПерерваГреція U19 W - Румунія U19 W [ЄВРОПА: Євро U19 (Жінки) - Кваліфікація - Round 2 - League A]
    45' ЄВРОПА: Євро U19 (Жінки) - Кваліфікація - Раунд 2 - Ліга B ТаблицяПерерваЛіхтенштейн U19 W - Албанія U19 W [ЄВРОПА: Євро U19 (Жінки) - Кваліфікація - Раунд 2 - Ліга B]
    12' САУДІВСЬКА АРАВІЯ: Дивізіон 1 Таблиця12'Абха - Джедда [САУДІВСЬКА АРАВІЯ: Дивізіон 1]
    2' УГАНДА: Прем'єр-ліга Таблиця2'ЮПДФ - ФК Експрес [УГАНДА: Прем'єр-ліга]
    45' УЗБЕКИСТАН: Про-ліга ТаблицяПерерваRespublika FA - BuxDu [УЗБЕКИСТАН: Про-ліга]
  ✔ 73' Ухань Трі Таунс B - Ченду Рончен B [КИТАЙ: League Two] id=0hkZnaX9
  Found: 1 candidates, 1 new, 2 permanently skipped

→ Ухань Трі Таунс B - Ченду Рончен B (73') [КИТАЙ: League Two]
  Кф 1X2: 2.91 / 3.23 / 2.34
  Desktop: https://www.flashscore.ua/match/soccer/chengdu-rongcheng-W2NCMiB7/wuhan-three-towns-UwReQZBr/?mid=0hkZnaX9
  [stats] 0hkZnaX9 → both, 33 metrics
  Features: quality=1, primary=6, status=both
  Model v2: pGoal=0.288, pDry=0.712 sq=0.7871 state=dry | 70-80 → UNDER_0_5 | Δ2H SOT=0 xG=0.04 (Δ3′ матчу) [TG]
  ↻ Re-analysis done (no change)

Done: 1 analyzed, 1 actionable, 0 TG sent
📌 Tracking 1 active prediction(s)

🔥 RUN #52: analyzed=1, signals=0
⏳ Next scan in 3m...
[16:05:06] Live scan
  Запуск live-скрапера (після ранкових Telegram, якщо були).
Opening: https://m.flashscore.ua/?s=2 (minute >= 60, 0:0 only)
Provider health [https://m.flashscore.ua/?s=2]: rows=20, 0:0 total=11, candidates=0
  ⏸ 0:0 ще рано (< 60'):
    50' АЗЕРБАЙДЖАН: I Ліга Таблиця50'Шахдаг Кусар - Джебраїл [АЗЕРБАЙДЖАН: I Ліга]
    5' АЗІЯ: АФК Кубок Азії U20 - Плей-оф5'Китай U20 W - Японія U20 W [АЗІЯ: АФК Кубок Азії U20 - Плей-оф]
    45' Хавасса - Шіре [ЕФІОПІЯ: Прем'єр-ліга]
    45' ЄВРОПА: Євро U19 (Жінки) - Кваліфікація - Round 2 - League A ТаблицяПерерваГреція U19 W - Румунія U19 W [ЄВРОПА: Євро U19 (Жінки) - Кваліфікація - Round 2 - League A]
    45' ЄВРОПА: Євро U19 (Жінки) - Кваліфікація - Раунд 2 - Ліга B ТаблицяПерерваЛіхтенштейн U19 W - Албанія U19 W [ЄВРОПА: Євро U19 (Жінки) - Кваліфікація - Раунд 2 - Ліга B]
    5' ПОЛЬЩА: III Ліга - Група II Таблиця5'Погонь Щецін II - Лузіно [ПОЛЬЩА: III Ліга - Група II]
    15' САУДІВСЬКА АРАВІЯ: Дивізіон 1 Таблиця15'Абха - Джедда [САУДІВСЬКА АРАВІЯ: Дивізіон 1]
    5' УГАНДА: Прем'єр-ліга Таблиця5'ЮПДФ - ФК Експрес [УГАНДА: Прем'єр-ліга]
    45' УЗБЕКИСТАН: Про-ліга ТаблицяПерерваRespublika FA - BuxDu [УЗБЕКИСТАН: Про-ліга]
    5' Металург Бекабад - TerDU [УЗБЕКИСТАН: Про-ліга]
    5' Шуртан Гузар - ФерДУ [УЗБЕКИСТАН: Про-ліга]
  Found: 0 candidates, 0 new, 2 permanently skipped

Done: 0 analyzed, 0 actionable, 0 TG sent

🔍 Checking 1 possibly finished match(es)...
  ⚽ Ухань Трі Таунс B - Ченду Рончен B: 0:1 [GOAL→resolved] → ТМ:❌
Message sent to Telegram
  ✓ Telegram result sent (0:1 (ще триває, гол вирішив))

🔥 RUN #53: analyzed=0, signals=0
⏳ Next scan in 3m...
[16:08:20] Live scan
  Запуск live-скрапера (після ранкових Telegram, якщо були).
Opening: https://m.flashscore.ua/?s=2 (minute >= 60, 0:0 only)
Provider health [https://m.flashscore.ua/?s=2]: rows=21, 0:0 total=9, candidates=0
  ⏸ 0:0 ще рано (< 60'):
    54' АЗЕРБАЙДЖАН: I Ліга Таблиця54'Шахдаг Кусар - Джебраїл [АЗЕРБАЙДЖАН: I Ліга]
    47' Хавасса - Шіре [ЕФІОПІЯ: Прем'єр-ліга]
    45' ЄВРОПА: Євро U19 (Жінки) - Кваліфікація - Round 2 - League A ТаблицяПерерваГреція U19 W - Румунія U19 W [ЄВРОПА: Євро U19 (Жінки) - Кваліфікація - Round 2 - League A]
    9' ІТАЛІЯ: Серія D - Група І Таблиця9'Реджина 1914 - Енна [ІТАЛІЯ: Серія D - Група І]
    9' ПОЛЬЩА: III Ліга - Група II Таблиця9'Погонь Щецін II - Лузіно [ПОЛЬЩА: III Ліга - Група II]
    19' САУДІВСЬКА АРАВІЯ: Дивізіон 1 Таблиця19'Абха - Джедда [САУДІВСЬКА АРАВІЯ: Дивізіон 1]
    9' УГАНДА: Прем'єр-ліга Таблиця9'ЮПДФ - ФК Експрес [УГАНДА: Прем'єр-ліга]
    46' УЗБЕКИСТАН: Про-ліга Таблиця46'Respublika FA - BuxDu [УЗБЕКИСТАН: Про-ліга]
    9' Металург Бекабад - TerDU [УЗБЕКИСТАН: Про-ліга]
  Found: 0 candidates, 0 new, 2 permanently skipped

Done: 0 analyzed, 0 actionable, 0 TG sent

🔥 RUN #54: analyzed=0, signals=0
⏳ Next scan in 3m...
[16:11:31] Live scan
  Запуск live-скрапера (після ранкових Telegram, якщо були).
Opening: https://m.flashscore.ua/?s=2 (minute >= 60, 0:0 only)
Provider health [https://m.flashscore.ua/?s=2]: rows=21, 0:0 total=9, candidates=0
  ⏸ 0:0 ще рано (< 60'):
    56' АЗЕРБАЙДЖАН: I Ліга Таблиця56'Шахдаг Кусар - Джебраїл [АЗЕРБАЙДЖАН: I Ліга]
    50' Хавасса - Шіре [ЕФІОПІЯ: Прем'єр-ліга]
    45' ЄВРОПА: Євро U19 (Жінки) - Кваліфікація - Round 2 - League A ТаблицяПерерваГреція U19 W - Румунія U19 W [ЄВРОПА: Євро U19 (Жінки) - Кваліфікація - Round 2 - League A]
    11' ІТАЛІЯ: Серія D - Група І Таблиця11'Реджина 1914 - Енна [ІТАЛІЯ: Серія D - Група І]
    11' ПОЛЬЩА: III Ліга - Група II Таблиця11'Погонь Щецін II - Лузіно [ПОЛЬЩА: III Ліга - Група II]
    21' САУДІВСЬКА АРАВІЯ: Дивізіон 1 Таблиця21'Абха - Джедда [САУДІВСЬКА АРАВІЯ: Дивізіон 1]
    11' УГАНДА: Прем'єр-ліга Таблиця11'ЮПДФ - ФК Експрес [УГАНДА: Прем'єр-ліга]
    49' УЗБЕКИСТАН: Про-ліга Таблиця49'Respublika FA - BuxDu [УЗБЕКИСТАН: Про-ліга]
    11' Металург Бекабад - TerDU [УЗБЕКИСТАН: Про-ліга]
  Found: 0 candidates, 0 new, 2 permanently skipped

Done: 0 analyzed, 0 actionable, 0 TG sent

🔥 RUN #55: analyzed=0, signals=0
⏳ Next scan in 3m...
[16:14:41] Live scan
  Запуск live-скрапера (після ранкових Telegram, якщо були).
Opening: https://m.flashscore.ua/?s=2 (minute >= 60, 0:0 only)
Provider health [https://m.flashscore.ua/?s=2]: rows=21, 0:0 total=8, candidates=1
  ⏸ 0:0 ще рано (< 60'):
    54' Хавасса - Шіре [ЕФІОПІЯ: Прем'єр-ліга]
    49' ЄВРОПА: Євро U19 (Жінки) - Кваліфікація - Round 2 - League A Таблиця49'Греція U19 W - Румунія U19 W [ЄВРОПА: Євро U19 (Жінки) - Кваліфікація - Round 2 - League A]
    15' ІТАЛІЯ: Серія D - Група І Таблиця15'Реджина 1914 - Енна [ІТАЛІЯ: Серія D - Група І]
    15' ПОЛЬЩА: III Ліга - Група II Таблиця15'Погонь Щецін II - Лузіно [ПОЛЬЩА: III Ліга - Група II]
    25' САУДІВСЬКА АРАВІЯ: Дивізіон 1 Таблиця25'Абха - Джедда [САУДІВСЬКА АРАВІЯ: Дивізіон 1]
    15' УГАНДА: Прем'єр-ліга Таблиця15'ЮПДФ - ФК Експрес [УГАНДА: Прем'єр-ліга]
    52' УЗБЕКИСТАН: Про-ліга Таблиця52'Respublika FA - BuxDu [УЗБЕКИСТАН: Про-ліга]
  ✔ 60' АЗЕРБАЙДЖАН: I Ліга Таблиця60'Шахдаг Кусар - Джебраїл [АЗЕРБАЙДЖАН: I Ліга] id=vyH9KJiB
  Found: 1 candidates, 1 new, 2 permanently skipped

→ АЗЕРБАЙДЖАН: I Ліга Таблиця60'Шахдаг Кусар - Джебраїл (60') [АЗЕРБАЙДЖАН: I Ліга]
  Кф 1X2: 1.9 / 3.62 / 3.62
  Desktop: https://www.flashscore.ua/match/soccer/cebrayil-dbGwvn3I/sahdag-qusar-4SBRVnYI/?mid=vyH9KJiB
  [stats] vyH9KJiB overall: no data-testid (old=0, any=0, body=148261)
  [stats] vyH9KJiB secondHalf: no data-testid (old=0, any=0, body=148261)
  [stats] vyH9KJiB → unavailable, 0 metrics
  Features: quality=0, primary=0, status=unavailable
  ✗ No stats at all → permanent skip

Done: 0 analyzed, 0 actionable, 0 TG sent

🔥 RUN #56: analyzed=0, signals=0
⏳ Next scan in 3m...
[16:18:31] Live scan
  Запуск live-скрапера (після ранкових Telegram, якщо були).
Opening: https://m.flashscore.ua/?s=2 (minute >= 60, 0:0 only)
Provider health [https://m.flashscore.ua/?s=2]: rows=22, 0:0 total=9, candidates=1
  ⏸ 0:0 ще рано (< 60'):
    57' Хавасса - Шіре [ЕФІОПІЯ: Прем'єр-ліга]
    53' ЄВРОПА: Євро U19 (Жінки) - Кваліфікація - Round 2 - League A Таблиця53'Греція U19 W - Румунія U19 W [ЄВРОПА: Євро U19 (Жінки) - Кваліфікація - Round 2 - League A]
    19' ІТАЛІЯ: Серія D - Група І Таблиця19'Реджина 1914 - Енна [ІТАЛІЯ: Серія D - Група І]
    4' Буде/Глімт U19 - Тромсе U19 [НОРВЕГІЯ: Національний чемпіонат U19]
    19' ПОЛЬЩА: III Ліга - Група II Таблиця19'Погонь Щецін II - Лузіно [ПОЛЬЩА: III Ліга - Група II]
    29' САУДІВСЬКА АРАВІЯ: Дивізіон 1 Таблиця29'Абха - Джедда [САУДІВСЬКА АРАВІЯ: Дивізіон 1]
    19' УГАНДА: Прем'єр-ліга Таблиця19'ЮПДФ - ФК Експрес [УГАНДА: Прем'єр-ліга]
    56' УЗБЕКИСТАН: Про-ліга Таблиця56'Respublika FA - BuxDu [УЗБЕКИСТАН: Про-ліга]
  ✔ 64' АЗЕРБАЙДЖАН: I Ліга Таблиця64'Шахдаг Кусар - Джебраїл [АЗЕРБАЙДЖАН: I Ліга] id=vyH9KJiB
  Found: 1 candidates, 0 new, 3 permanently skipped

Done: 0 analyzed, 0 actionable, 0 TG sent

🔥 RUN #57: analyzed=0, signals=0
⏳ Next scan in 3m...
[16:21:40] Live scan
  Запуск live-скрапера (після ранкових Telegram, якщо були).
Opening: https://m.flashscore.ua/?s=2 (minute >= 60, 0:0 only)
Provider health [https://m.flashscore.ua/?s=2]: rows=22, 0:0 total=9, candidates=2
  ⏸ 0:0 ще рано (< 60'):
    56' ЄВРОПА: Євро U19 (Жінки) - Кваліфікація - Round 2 - League A Таблиця56'Греція U19 W - Румунія U19 W [ЄВРОПА: Євро U19 (Жінки) - Кваліфікація - Round 2 - League A]
    22' ІТАЛІЯ: Серія D - Група І Таблиця22'Реджина 1914 - Енна [ІТАЛІЯ: Серія D - Група І]
    7' Буде/Глімт U19 - Тромсе U19 [НОРВЕГІЯ: Національний чемпіонат U19]
    22' ПОЛЬЩА: III Ліга - Група II Таблиця22'Погонь Щецін II - Лузіно [ПОЛЬЩА: III Ліга - Група II]
    32' САУДІВСЬКА АРАВІЯ: Дивізіон 1 Таблиця32'Абха - Джедда [САУДІВСЬКА АРАВІЯ: Дивізіон 1]
    22' УГАНДА: Прем'єр-ліга Таблиця22'ЮПДФ - ФК Експрес [УГАНДА: Прем'єр-ліга]
    59' УЗБЕКИСТАН: Про-ліга Таблиця59'Respublika FA - BuxDu [УЗБЕКИСТАН: Про-ліга]
  ✔ 67' АЗЕРБАЙДЖАН: I Ліга Таблиця67'Шахдаг Кусар - Джебраїл [АЗЕРБАЙДЖАН: I Ліга] id=vyH9KJiB
  ✔ 61' Хавасса - Шіре [ЕФІОПІЯ: Прем'єр-ліга] id=lEXBgPgT
  Found: 2 candidates, 1 new, 3 permanently skipped

→ Хавасса - Шіре (61') [ЕФІОПІЯ: Прем'єр-ліга]
  Кф 1X2: 1.94 / 3.14 / 4.28
  Desktop: https://www.flashscore.ua/match/soccer/hawassa-YeJ5rtW6/shire-endaselassie-h4Bab20o/?mid=lEXBgPgT
  [stats] lEXBgPgT → both, 5 metrics
  Features: quality=0.23, primary=2, status=both
  Model v2: pGoal=0.358, pDry=0.642 sq=0.5247 state=dry | 60-70 → SKIP

Done: 1 analyzed, 0 actionable, 0 TG sent

🔥 RUN #58: analyzed=1, signals=0
Message sent to Telegram
⏳ Next scan in 3m...
[16:25:03] Live scan
  Запуск live-скрапера (після ранкових Telegram, якщо були).
Opening: https://m.flashscore.ua/?s=2 (minute >= 60, 0:0 only)
Provider health [https://m.flashscore.ua/?s=2]: rows=22, 0:0 total=8, candidates=3
  ⏸ 0:0 ще рано (< 60'):
    26' ІТАЛІЯ: Серія D - Група І Таблиця26'Реджина 1914 - Енна [ІТАЛІЯ: Серія D - Група І]
    11' Буде/Глімт U19 - Тромсе U19 [НОРВЕГІЯ: Національний чемпіонат U19]
    26' ПОЛЬЩА: III Ліга - Група II Таблиця26'Погонь Щецін II - Лузіно [ПОЛЬЩА: III Ліга - Група II]
    36' САУДІВСЬКА АРАВІЯ: Дивізіон 1 Таблиця36'Абха - Джедда [САУДІВСЬКА АРАВІЯ: Дивізіон 1]
    26' УГАНДА: Прем'єр-ліга Таблиця26'ЮПДФ - ФК Експрес [УГАНДА: Прем'єр-ліга]
  ✔ 70' АЗЕРБАЙДЖАН: I Ліга Таблиця70'Шахдаг Кусар - Джебраїл [АЗЕРБАЙДЖАН: I Ліга] id=vyH9KJiB
  ✔ 64' Хавасса - Шіре [ЕФІОПІЯ: Прем'єр-ліга] id=lEXBgPgT
  ✔ 60' ЄВРОПА: Євро U19 (Жінки) - Кваліфікація - Round 2 - League A Таблиця60'Греція U19 W - Румунія U19 W [ЄВРОПА: Євро U19 (Жінки) - Кваліфікація - Round 2 - League A] id=I7ybTx2s
  Found: 3 candidates, 2 new, 3 permanently skipped

→ Хавасса - Шіре (64') [ЕФІОПІЯ: Прем'єр-ліга]

→ ЄВРОПА: Євро U19 (Жінки) - Кваліфікація - Round 2 - League A Таблиця60'Греція U19 W - Румунія U19 W (60') [ЄВРОПА: Євро U19 (Жінки) - Кваліфікація - Round 2 - League A]
  Кф 1X2: 1.94 / 3.14 / 4.28
  Кф 1X2: 1.37 / 5.35 / 6.16
  Desktop: https://www.flashscore.ua/match/soccer/hawassa-YeJ5rtW6/shire-endaselassie-h4Bab20o/?mid=lEXBgPgT
  Desktop: https://www.flashscore.ua/match/soccer/greece-nT8kASgf/romania-ABPNekAl/?mid=I7ybTx2s
  [stats] I7ybTx2s overall: no data-testid (old=0, any=0, body=148413)
  [stats] I7ybTx2s secondHalf: no data-testid (old=0, any=0, body=148413)
  ⚠ DOM ALERT [lEXBgPgT]: PAGE_ERROR — secondHalf: Navigation timeout of 20000 ms exceeded
  [stats] lEXBgPgT → overall_only, 5 metrics
  Features: quality=0.23, primary=2, status=overall_only
  Model v2: pGoal=0.358, pDry=0.642 sq=0.509 state=dry | 60-70 → SKIP
  [stats] I7ybTx2s → unavailable, 0 metrics
  Features: quality=0, primary=0, status=unavailable
  ✗ No stats at all → permanent skip

Done: 1 analyzed, 0 actionable, 0 TG sent

🔥 RUN #59: analyzed=1, signals=0
⏳ Next scan in 3m...
[16:28:55] Live scan
  Запуск live-скрапера (після ранкових Telegram, якщо були).
Opening: https://m.flashscore.ua/?s=2 (minute >= 60, 0:0 only)
Provider health [https://m.flashscore.ua/?s=2]: rows=20, 0:0 total=8, candidates=3
  ⏸ 0:0 ще рано (< 60'):
    29' ІТАЛІЯ: Серія D - Група І Таблиця29'Реджина 1914 - Енна [ІТАЛІЯ: Серія D - Група І]
    14' Буде/Глімт U19 - Тромсе U19 [НОРВЕГІЯ: Національний чемпіонат U19]
    29' ПОЛЬЩА: III Ліга - Група II Таблиця29'Погонь Щецін II - Лузіно [ПОЛЬЩА: III Ліга - Група II]
    39' САУДІВСЬКА АРАВІЯ: Дивізіон 1 Таблиця39'Абха - Джедда [САУДІВСЬКА АРАВІЯ: Дивізіон 1]
    29' УГАНДА: Прем'єр-ліга Таблиця29'ЮПДФ - ФК Експрес [УГАНДА: Прем'єр-ліга]
  ✔ 74' АЗЕРБАЙДЖАН: I Ліга Таблиця74'Шахдаг Кусар - Джебраїл [АЗЕРБАЙДЖАН: I Ліга] id=vyH9KJiB
  ✔ 68' Хавасса - Шіре [ЕФІОПІЯ: Прем'єр-ліга] id=lEXBgPgT
  ✔ 63' ЄВРОПА: Євро U19 (Жінки) - Кваліфікація - Round 2 - League A Таблиця63'Греція U19 W - Румунія U19 W [ЄВРОПА: Євро U19 (Жінки) - Кваліфікація - Round 2 - League A] id=I7ybTx2s
  Found: 3 candidates, 1 new, 4 permanently skipped

→ Хавасса - Шіре (68') [ЕФІОПІЯ: Прем'єр-ліга]
  Кф 1X2: 1.94 / 3.14 / 4.28
  Desktop: https://www.flashscore.ua/match/soccer/hawassa-YeJ5rtW6/shire-endaselassie-h4Bab20o/?mid=lEXBgPgT
  [stats] lEXBgPgT → both, 5 metrics
  Features: quality=0.23, primary=2, status=both
  Model v2: pGoal=0.358, pDry=0.642 sq=0.5247 state=dry | 60-70 → SKIP

Done: 1 analyzed, 0 actionable, 0 TG sent

🔥 RUN #60: analyzed=1, signals=0
⏳ Next scan in 3m...
[16:32:20] Live scan
  Запуск live-скрапера (після ранкових Telegram, якщо були).
Opening: https://m.flashscore.ua/?s=2 (minute >= 60, 0:0 only)
Provider health [https://m.flashscore.ua/?s=2]: rows=19, 0:0 total=7, candidates=3
  ⏸ 0:0 ще рано (< 60'):
    32' ІТАЛІЯ: Серія D - Група І Таблиця32'Реджина 1914 - Енна [ІТАЛІЯ: Серія D - Група І]
    17' Буде/Глімт U19 - Тромсе U19 [НОРВЕГІЯ: Національний чемпіонат U19]
    42' САУДІВСЬКА АРАВІЯ: Дивізіон 1 Таблиця42'Абха - Джедда [САУДІВСЬКА АРАВІЯ: Дивізіон 1]
    32' УГАНДА: Прем'єр-ліга Таблиця32'ЮПДФ - ФК Експрес [УГАНДА: Прем'єр-ліга]
  ✔ 77' АЗЕРБАЙДЖАН: I Ліга Таблиця77'Шахдаг Кусар - Джебраїл [АЗЕРБАЙДЖАН: I Ліга] id=vyH9KJiB
  ✔ 71' Хавасса - Шіре [ЕФІОПІЯ: Прем'єр-ліга] id=lEXBgPgT
  ✔ 66' ЄВРОПА: Євро U19 (Жінки) - Кваліфікація - Round 2 - League A Таблиця66'Греція U19 W - Румунія U19 W [ЄВРОПА: Євро U19 (Жінки) - Кваліфікація - Round 2 - League A] id=I7ybTx2s
  Found: 3 candidates, 1 new, 4 permanently skipped

→ Хавасса - Шіре (71') [ЕФІОПІЯ: Прем'єр-ліга]
  Кф 1X2: 1.94 / 3.14 / 4.28
  Desktop: https://www.flashscore.ua/match/soccer/hawassa-YeJ5rtW6/shire-endaselassie-h4Bab20o/?mid=lEXBgPgT
  ⚠ DOM ALERT [lEXBgPgT]: PAGE_ERROR — secondHalf: Navigation timeout of 20000 ms exceeded
  [stats] lEXBgPgT → overall_only, 5 metrics
  Features: quality=0.23, primary=2, status=overall_only
  Model v2: pGoal=0.388, pDry=0.612 sq=0.509 state=dry | 70-80 → SKIP

Done: 1 analyzed, 0 actionable, 0 TG sent

🔥 RUN #61: analyzed=1, signals=0
⏳ Next scan in 3m...
[16:36:00] Live scan
  Запуск live-скрапера (після ранкових Telegram, якщо були).
Opening: https://m.flashscore.ua/?s=2 (minute >= 60, 0:0 only)
Provider health [https://m.flashscore.ua/?s=2]: rows=20, 0:0 total=7, candidates=2
  ⏸ 0:0 ще рано (< 60'):
    37' ІТАЛІЯ: Серія D - Група І Таблиця37'Реджина 1914 - Енна [ІТАЛІЯ: Серія D - Група І]
    22' Буде/Глімт U19 - Тромсе U19 [НОРВЕГІЯ: Національний чемпіонат U19]
    7' СВІТ: Міжнародні товариські матчі (Жінки)7'Таїланд Ж - ДР Конго Ж [СВІТ: Міжнародні товариські матчі (Жінки)]
    37' УГАНДА: Прем'єр-ліга Таблиця37'ЮПДФ - ФК Експрес [УГАНДА: Прем'єр-ліга]
  ✔ 81' АЗЕРБАЙДЖАН: I Ліга Таблиця81'Шахдаг Кусар - Джебраїл [АЗЕРБАЙДЖАН: I Ліга] id=vyH9KJiB
  ✔ 75' Хавасса - Шіре [ЕФІОПІЯ: Прем'єр-ліга] id=lEXBgPgT
  Found: 2 candidates, 1 new, 4 permanently skipped

→ Хавасса - Шіре (75') [ЕФІОПІЯ: Прем'єр-ліга]
  Кф 1X2: 1.94 / 3.14 / 4.28
  Desktop: https://www.flashscore.ua/match/soccer/hawassa-YeJ5rtW6/shire-endaselassie-h4Bab20o/?mid=lEXBgPgT
  [stats] lEXBgPgT → both, 5 metrics
  Features: quality=0.23, primary=2, status=both
  Model v2: pGoal=0.388, pDry=0.612 sq=0.5247 state=dry | 70-80 → SKIP

Done: 1 analyzed, 0 actionable, 0 TG sent

🔥 RUN #62: analyzed=1, signals=0
⏳ Next scan in 3m...
[16:39:27] Live scan
  Запуск live-скрапера (після ранкових Telegram, якщо були).
Opening: https://m.flashscore.ua/?s=2 (minute >= 60, 0:0 only)
Provider health [https://m.flashscore.ua/?s=2]: rows=20, 0:0 total=7, candidates=2
  ⏸ 0:0 ще рано (< 60'):
    39' ІТАЛІЯ: Серія D - Група І Таблиця39'Реджина 1914 - Енна [ІТАЛІЯ: Серія D - Група І]
    24' Буде/Глімт U19 - Тромсе U19 [НОРВЕГІЯ: Національний чемпіонат U19]
    45' САУДІВСЬКА АРАВІЯ: Дивізіон 1 ТаблицяПерерваАбха - Джедда [САУДІВСЬКА АРАВІЯ: Дивізіон 1]
    9' СВІТ: Міжнародні товариські матчі (Жінки)9'Таїланд Ж - ДР Конго Ж [СВІТ: Міжнародні товариські матчі (Жінки)]
    39' УГАНДА: Прем'єр-ліга Таблиця39'ЮПДФ - ФК Експрес [УГАНДА: Прем'єр-ліга]
  ✔ 84' АЗЕРБАЙДЖАН: I Ліга Таблиця84'Шахдаг Кусар - Джебраїл [АЗЕРБАЙДЖАН: I Ліга] id=vyH9KJiB
  ✔ 77' Хавасса - Шіре [ЕФІОПІЯ: Прем'єр-ліга] id=lEXBgPgT
  Found: 2 candidates, 1 new, 4 permanently skipped

→ Хавасса - Шіре (77') [ЕФІОПІЯ: Прем'єр-ліга]
  Кф 1X2: 1.94 / 3.14 / 4.28
  Desktop: https://www.flashscore.ua/match/soccer/hawassa-YeJ5rtW6/shire-endaselassie-h4Bab20o/?mid=lEXBgPgT
  [stats] lEXBgPgT → both, 5 metrics
  Features: quality=0.23, primary=2, status=both
  Model v2: pGoal=0.328, pDry=0.672 sq=0.5404 state=dry | 70-80 → SKIP | Δ2H SOT=0 xG=— (Δ2′ матчу)

Done: 1 analyzed, 0 actionable, 0 TG sent

🔥 RUN #63: analyzed=1, signals=0
⏳ Next scan in 3m...
[16:42:50] Live scan
  Запуск live-скрапера (після ранкових Telegram, якщо були).
Opening: https://m.flashscore.ua/?s=2 (minute >= 60, 0:0 only)
Provider health [https://m.flashscore.ua/?s=2]: rows=20, 0:0 total=7, candidates=2
  ⏸ 0:0 ще рано (< 60'):
    43' ІТАЛІЯ: Серія D - Група І Таблиця43'Реджина 1914 - Енна [ІТАЛІЯ: Серія D - Група І]
    28' Буде/Глімт U19 - Тромсе U19 [НОРВЕГІЯ: Національний чемпіонат U19]
    45' САУДІВСЬКА АРАВІЯ: Дивізіон 1 ТаблицяПерерваАбха - Джедда [САУДІВСЬКА АРАВІЯ: Дивізіон 1]
    13' СВІТ: Міжнародні товариські матчі (Жінки)13'Таїланд Ж - ДР Конго Ж [СВІТ: Міжнародні товариські матчі (Жінки)]
    43' УГАНДА: Прем'єр-ліга Таблиця43'ЮПДФ - ФК Експрес [УГАНДА: Прем'єр-ліга]
  ✔ 88' АЗЕРБАЙДЖАН: I Ліга Таблиця88'Шахдаг Кусар - Джебраїл [АЗЕРБАЙДЖАН: I Ліга] id=vyH9KJiB
  ✔ 82' Хавасса - Шіре [ЕФІОПІЯ: Прем'єр-ліга] id=lEXBgPgT
  Found: 2 candidates, 1 new, 4 permanently skipped

→ Хавасса - Шіре (82') [ЕФІОПІЯ: Прем'єр-ліга]
  Кф 1X2: 1.94 / 3.14 / 4.28
  Desktop: https://www.flashscore.ua/match/soccer/hawassa-YeJ5rtW6/shire-endaselassie-h4Bab20o/?mid=lEXBgPgT
  [stats] lEXBgPgT → both, 5 metrics
  Features: quality=0.23, primary=2, status=both
  Model v2: pGoal=0.528, pDry=0.472 sq=0.4761 state=lateSurge | 80-90+ → SKIP | Δ2H SOT=0 xG=— (Δ5′ матчу)

Done: 1 analyzed, 0 actionable, 0 TG sent

🔥 RUN #64: analyzed=1, signals=0
⏳ Next scan in 3m...
[16:46:13] Live scan
  Запуск live-скрапера (після ранкових Telegram, якщо були).
Opening: https://m.flashscore.ua/?s=2 (minute >= 60, 0:0 only)
Provider health [https://m.flashscore.ua/?s=2]: rows=20, 0:0 total=7, candidates=1
  ⏸ 0:0 ще рано (< 60'):
    32' Буде/Глімт U19 - Тромсе U19 [НОРВЕГІЯ: Національний чемпіонат U19]
    45' САУДІВСЬКА АРАВІЯ: Дивізіон 1 ТаблицяПерерваАбха - Джедда [САУДІВСЬКА АРАВІЯ: Дивізіон 1]
    17' СВІТ: Міжнародні товариські матчі (Жінки)17'Таїланд Ж - ДР Конго Ж [СВІТ: Міжнародні товариські матчі (Жінки)]
  ✔ 85' Хавасса - Шіре [ЕФІОПІЯ: Прем'єр-ліга] id=lEXBgPgT
  Found: 1 candidates, 1 new, 4 permanently skipped

→ Хавасса - Шіре (85') [ЕФІОПІЯ: Прем'єр-ліга]
  Кф 1X2: 1.94 / 3.14 / 4.28
  Desktop: https://www.flashscore.ua/match/soccer/hawassa-YeJ5rtW6/shire-endaselassie-h4Bab20o/?mid=lEXBgPgT
  ⚠ DOM ALERT [lEXBgPgT]: PAGE_ERROR — secondHalf: Navigation timeout of 20000 ms exceeded
  [stats] lEXBgPgT → overall_only, 5 metrics
  Features: quality=0.23, primary=2, status=overall_only
  Model v2: pGoal=0.388, pDry=0.612 sq=0.509 state=dry | 80-90+ → SKIP

Done: 1 analyzed, 0 actionable, 0 TG sent

🔥 RUN #65: analyzed=1, signals=0
⏳ Next scan in 3m...
[16:49:53] Live scan
  Запуск live-скрапера (після ранкових Telegram, якщо були).
Opening: https://m.flashscore.ua/?s=2 (minute >= 60, 0:0 only)
Provider health [https://m.flashscore.ua/?s=2]: rows=20, 0:0 total=6, candidates=1
  ⏸ 0:0 ще рано (< 60'):
    35' Буде/Глімт U19 - Тромсе U19 [НОРВЕГІЯ: Національний чемпіонат U19]
    1' ОБ’ЄДНАНІ АРАБСЬКІ ЕМІРАТИ: Дивізіон 1 Таблиця1'Хатта - Юнайтед ФК [ОБ’ЄДНАНІ АРАБСЬКІ ЕМІРАТИ: Дивізіон 1]
    45' САУДІВСЬКА АРАВІЯ: Дивізіон 1 ТаблицяПерерваАбха - Джедда [САУДІВСЬКА АРАВІЯ: Дивізіон 1]
    20' СВІТ: Міжнародні товариські матчі (Жінки)20'Таїланд Ж - ДР Конго Ж [СВІТ: Міжнародні товариські матчі (Жінки)]
    45' УГАНДА: Прем'єр-ліга ТаблицяПерерваЮПДФ - ФК Експрес [УГАНДА: Прем'єр-ліга]
  ✔ 89' Хавасса - Шіре [ЕФІОПІЯ: Прем'єр-ліга] id=lEXBgPgT
  Found: 1 candidates, 1 new, 4 permanently skipped

→ Хавасса - Шіре (89') [ЕФІОПІЯ: Прем'єр-ліга]
  Кф 1X2: 1.94 / 3.14 / 4.28
  Desktop: https://www.flashscore.ua/match/soccer/hawassa-YeJ5rtW6/shire-endaselassie-h4Bab20o/?mid=lEXBgPgT
  [stats] lEXBgPgT → both, 5 metrics
  Features: quality=0.23, primary=2, status=both
  Model v2: pGoal=0.388, pDry=0.612 sq=0.5247 state=dry | 80-90+ → SKIP

Done: 1 analyzed, 0 actionable, 0 TG sent

🔥 RUN #66: analyzed=1, signals=0
⏳ Next scan in 3m...
[16:53:16] Live scan
  Запуск live-скрапера (після ранкових Telegram, якщо були).
Opening: https://m.flashscore.ua/?s=2 (minute >= 60, 0:0 only)
Provider health [https://m.flashscore.ua/?s=2]: rows=19, 0:0 total=6, candidates=0
  ⏸ 0:0 ще рано (< 60'):
    39' Буде/Глімт U19 - Тромсе U19 [НОРВЕГІЯ: Національний чемпіонат U19]
    4' ОБ’ЄДНАНІ АРАБСЬКІ ЕМІРАТИ: Дивізіон 1 Таблиця4'Хатта - Юнайтед ФК [ОБ’ЄДНАНІ АРАБСЬКІ ЕМІРАТИ: Дивізіон 1]
    45' САУДІВСЬКА АРАВІЯ: Дивізіон 1 ТаблицяПерерваАбха - Джедда [САУДІВСЬКА АРАВІЯ: Дивізіон 1]
    24' СВІТ: Міжнародні товариські матчі (Жінки)24'Таїланд Ж - ДР Конго Ж [СВІТ: Міжнародні товариські матчі (Жінки)]
    45' УГАНДА: Прем'єр-ліга ТаблицяПерерваЮПДФ - ФК Експрес [УГАНДА: Прем'єр-ліга]
  Found: 0 candidates, 0 new, 4 permanently skipped

Done: 0 analyzed, 0 actionable, 0 TG sent

🔥 RUN #67: analyzed=0, signals=0
⏳ Next scan in 3m...
[16:56:26] Live scan
  Запуск live-скрапера (після ранкових Telegram, якщо були).
Opening: https://m.flashscore.ua/?s=2 (minute >= 60, 0:0 only)
Provider health [https://m.flashscore.ua/?s=2]: rows=17, 0:0 total=5, candidates=0
  ⏸ 0:0 ще рано (< 60'):
    41' Буде/Глімт U19 - Тромсе U19 [НОРВЕГІЯ: Національний чемпіонат U19]
    48' САУДІВСЬКА АРАВІЯ: Дивізіон 1 Таблиця48'Абха - Джедда [САУДІВСЬКА АРАВІЯ: Дивізіон 1]
    26' СВІТ: Міжнародні товариські матчі (Жінки)26'Таїланд Ж - ДР Конго Ж [СВІТ: Міжнародні товариські матчі (Жінки)]
    45' УГАНДА: Прем'єр-ліга ТаблицяПерерваЮПДФ - ФК Експрес [УГАНДА: Прем'єр-ліга]
  Found: 0 candidates, 0 new, 4 permanently skipped

Done: 0 analyzed, 0 actionable, 0 TG sent

🔥 RUN #68: analyzed=0, signals=0
⏳ Next scan in 3m...
[16:59:36] Live scan
  Запуск live-скрапера (після ранкових Telegram, якщо були).
Opening: https://m.flashscore.ua/?s=2 (minute >= 60, 0:0 only)
Provider health [https://m.flashscore.ua/?s=2]: rows=14, 0:0 total=4, candidates=0
  ⏸ 0:0 ще рано (< 60'):
    44' Буде/Глімт U19 - Тромсе U19 [НОРВЕГІЯ: Національний чемпіонат U19]
    51' САУДІВСЬКА АРАВІЯ: Дивізіон 1 Таблиця51'Абха - Джедда [САУДІВСЬКА АРАВІЯ: Дивізіон 1]
    29' СВІТ: Міжнародні товариські матчі (Жінки)29'Таїланд Ж - ДР Конго Ж [СВІТ: Міжнародні товариські матчі (Жінки)]
    45' УГАНДА: Прем'єр-ліга ТаблицяПерерваЮПДФ - ФК Експрес [УГАНДА: Прем'єр-ліга]
  Found: 0 candidates, 0 new, 4 permanently skipped

Done: 0 analyzed, 0 actionable, 0 TG sent

🔥 RUN #69: analyzed=0, signals=0
⏳ Next scan in 3m...
[17:02:46] Live scan
  Запуск live-скрапера (після ранкових Telegram, якщо були).
Opening: https://m.flashscore.ua/?s=2 (minute >= 60, 0:0 only)
Provider health [https://m.flashscore.ua/?s=2]: rows=20, 0:0 total=10, candidates=0
  ⏸ 0:0 ще рано (< 60'):
    3' БОСНІЯ ТА ГЕРЦЕГОВИНА: Кубок Боснії та Герцеговини3'Слога - Вележ Мостар [БОСНІЯ ТА ГЕРЦЕГОВИНА: Кубок Боснії та Герцеговини]
    3' ВІРМЕНІЯ: Кубок Вірменії3'Андранік - Урарту [ВІРМЕНІЯ: Кубок Вірменії]
    3' ІНДІЯ: ІСЛ Таблиця3'Керала Бластерс - Норт-Іст Юнайтед [ІНДІЯ: ІСЛ]
    45' Буде/Глімт U19 - Тромсе U19 [НОРВЕГІЯ: Національний чемпіонат U19]
    3' ПОЛЬЩА: III Ліга - Група I Таблиця3'Легія II - Плоцьк II [ПОЛЬЩА: III Ліга - Група I]
    3' РУМУНІЯ: Ліга 2 - Чемпіонська група Таблиця3'Шепші - Волунтарі [РУМУНІЯ: Ліга 2 - Чемпіонська група]
    55' САУДІВСЬКА АРАВІЯ: Дивізіон 1 Таблиця55'Абха - Джедда [САУДІВСЬКА АРАВІЯ: Дивізіон 1]
    33' СВІТ: Міжнародні товариські матчі (Жінки)33'Таїланд Ж - ДР Конго Ж [СВІТ: Міжнародні товариські матчі (Жінки)]
    47' УГАНДА: Прем'єр-ліга Таблиця47'ЮПДФ - ФК Експрес [УГАНДА: Прем'єр-ліга]
    3' ФАРЕРСЬКІ ОСТРОВИ: Кубок Фарерських островів3'ФК Сувурой - Б36 Торсхавн [ФАРЕРСЬКІ ОСТРОВИ: Кубок Фарерських островів]
  Found: 0 candidates, 0 new, 4 permanently skipped

Done: 0 analyzed, 0 actionable, 0 TG sent

🔥 RUN #70: analyzed=0, signals=0
⏳ Next scan in 3m...
[17:05:57] Live scan
  Запуск live-скрапера (після ранкових Telegram, якщо були).
Opening: https://m.flashscore.ua/?s=2 (minute >= 60, 0:0 only)
Provider health [https://m.flashscore.ua/?s=2]: rows=20, 0:0 total=10, candidates=0
  ⏸ 0:0 ще рано (< 60'):
    6' ВІРМЕНІЯ: Кубок Вірменії6'Андранік - Урарту [ВІРМЕНІЯ: Кубок Вірменії]
    6' ІНДІЯ: ІСЛ Таблиця6'Керала Бластерс - Норт-Іст Юнайтед [ІНДІЯ: ІСЛ]
    6' ІТАЛІЯ: Серія D - Група F Таблиця6'Термолі - Саммаурезе [ІТАЛІЯ: Серія D - Група F]
    45' Буде/Глімт U19 - Тромсе U19 [НОРВЕГІЯ: Національний чемпіонат U19]
    6' ПОЛЬЩА: III Ліга - Група I Таблиця6'Легія II - Плоцьк II [ПОЛЬЩА: III Ліга - Група I]
    6' РУМУНІЯ: Ліга 2 - Чемпіонська група Таблиця6'Шепші - Волунтарі [РУМУНІЯ: Ліга 2 - Чемпіонська група]
    57' САУДІВСЬКА АРАВІЯ: Дивізіон 1 Таблиця57'Абха - Джедда [САУДІВСЬКА АРАВІЯ: Дивізіон 1]
    36' СВІТ: Міжнародні товариські матчі (Жінки)36'Таїланд Ж - ДР Конго Ж [СВІТ: Міжнародні товариські матчі (Жінки)]
    49' УГАНДА: Прем'єр-ліга Таблиця49'ЮПДФ - ФК Експрес [УГАНДА: Прем'єр-ліга]
    6' ФАРЕРСЬКІ ОСТРОВИ: Кубок Фарерських островів6'ФК Сувурой - Б36 Торсхавн [ФАРЕРСЬКІ ОСТРОВИ: Кубок Фарерських островів]
  Found: 0 candidates, 0 new, 4 permanently skipped

Done: 0 analyzed, 0 actionable, 0 TG sent

🔥 RUN #71: analyzed=0, signals=0
⏳ Next scan in 3m...
[17:09:07] Live scan
  Запуск live-скрапера (після ранкових Telegram, якщо були).
Opening: https://m.flashscore.ua/?s=2 (minute >= 60, 0:0 only)
Provider health [https://m.flashscore.ua/?s=2]: rows=20, 0:0 total=10, candidates=1
  ⏸ 0:0 ще рано (< 60'):
    10' ВІРМЕНІЯ: Кубок Вірменії10'Андранік - Урарту [ВІРМЕНІЯ: Кубок Вірменії]
    10' ІНДІЯ: ІСЛ Таблиця10'Керала Бластерс - Норт-Іст Юнайтед [ІНДІЯ: ІСЛ]
    10' ІТАЛІЯ: Серія D - Група F Таблиця10'Термолі - Саммаурезе [ІТАЛІЯ: Серія D - Група F]
    45' Буде/Глімт U19 - Тромсе U19 [НОРВЕГІЯ: Національний чемпіонат U19]
    10' ПОЛЬЩА: III Ліга - Група I Таблиця10'Легія II - Плоцьк II [ПОЛЬЩА: III Ліга - Група I]
    10' РУМУНІЯ: Ліга 2 - Чемпіонська група Таблиця10'Шепші - Волунтарі [РУМУНІЯ: Ліга 2 - Чемпіонська група]
    40' СВІТ: Міжнародні товариські матчі (Жінки)40'Таїланд Ж - ДР Конго Ж [СВІТ: Міжнародні товариські матчі (Жінки)]
    53' УГАНДА: Прем'єр-ліга Таблиця53'ЮПДФ - ФК Експрес [УГАНДА: Прем'єр-ліга]
    10' ФАРЕРСЬКІ ОСТРОВИ: Кубок Фарерських островів10'ФК Сувурой - Б36 Торсхавн [ФАРЕРСЬКІ ОСТРОВИ: Кубок Фарерських островів]
  ✔ 61' САУДІВСЬКА АРАВІЯ: Дивізіон 1 Таблиця61'Абха - Джедда [САУДІВСЬКА АРАВІЯ: Дивізіон 1] id=zaG2UVkd
  Found: 1 candidates, 1 new, 4 permanently skipped

→ САУДІВСЬКА АРАВІЯ: Дивізіон 1 Таблиця61'Абха - Джедда (61') [САУДІВСЬКА АРАВІЯ: Дивізіон 1]
  Кф 1X2: 1.16 / 8.19 / 12
  Desktop: https://www.flashscore.ua/match/soccer/abha-lnEqnhJf/jeddah-club-CfPZn6fq/?mid=zaG2UVkd
  [stats] zaG2UVkd → both, 32 metrics
  Features: quality=1, primary=6, status=both
  Model v2: pGoal=0.445, pDry=0.555 sq=0.6757 state=dry | 60-70 → SKIP

Done: 1 analyzed, 0 actionable, 0 TG sent

🔥 RUN #72: analyzed=1, signals=0
⏳ Next scan in 3m...
[17:12:30] Live scan
  Запуск live-скрапера (після ранкових Telegram, якщо були).
Opening: https://m.flashscore.ua/?s=2 (minute >= 60, 0:0 only)
Provider health [https://m.flashscore.ua/?s=2]: rows=20, 0:0 total=8, candidates=1
  ⏸ 0:0 ще рано (< 60'):
    13' ІНДІЯ: ІСЛ Таблиця13'Керала Бластерс - Норт-Іст Юнайтед [ІНДІЯ: ІСЛ]
    13' ІТАЛІЯ: Серія D - Група F Таблиця13'Термолі - Саммаурезе [ІТАЛІЯ: Серія D - Група F]
    45' Буде/Глімт U19 - Тромсе U19 [НОРВЕГІЯ: Національний чемпіонат U19]
    13' РУМУНІЯ: Ліга 2 - Чемпіонська група Таблиця13'Шепші - Волунтарі [РУМУНІЯ: Ліга 2 - Чемпіонська група]
    43' СВІТ: Міжнародні товариські матчі (Жінки)43'Таїланд Ж - ДР Конго Ж [СВІТ: Міжнародні товариські матчі (Жінки)]
    56' УГАНДА: Прем'єр-ліга Таблиця56'ЮПДФ - ФК Експрес [УГАНДА: Прем'єр-ліга]
    13' ФАРЕРСЬКІ ОСТРОВИ: Кубок Фарерських островів13'ФК Сувурой - Б36 Торсхавн [ФАРЕРСЬКІ ОСТРОВИ: Кубок Фарерських островів]
  ✔ 64' САУДІВСЬКА АРАВІЯ: Дивізіон 1 Таблиця64'Абха - Джедда [САУДІВСЬКА АРАВІЯ: Дивізіон 1] id=zaG2UVkd
  Found: 1 candidates, 1 new, 4 permanently skipped

→ САУДІВСЬКА АРАВІЯ: Дивізіон 1 Таблиця64'Абха - Джедда (64') [САУДІВСЬКА АРАВІЯ: Дивізіон 1]
  Кф 1X2: 1.16 / 8.19 / 12
  Desktop: https://www.flashscore.ua/match/soccer/abha-lnEqnhJf/jeddah-club-CfPZn6fq/?mid=zaG2UVkd
  [stats] zaG2UVkd → both, 32 metrics
  Features: quality=1, primary=6, status=both
  Model v2: pGoal=0.385, pDry=0.615 sq=0.7714 state=dry | 60-70 → UNDER_0_5 | Δ2H SOT=0 xG=0 (Δ3′ матчу) [TG]
Message sent to Telegram
  ✓ Telegram sent

Done: 1 analyzed, 1 actionable, 1 TG sent
📌 Tracking 1 active prediction(s)

🔥 RUN #73: analyzed=1, signals=1
⏳ Next scan in 3m...
[17:15:53] Live scan
  Запуск live-скрапера (після ранкових Telegram, якщо були).
Opening: https://m.flashscore.ua/?s=2 (minute >= 60, 0:0 only)
Provider health [https://m.flashscore.ua/?s=2]: rows=20, 0:0 total=8, candidates=1
  ⏸ 0:0 ще рано (< 60'):
    16' ІНДІЯ: ІСЛ Таблиця16'Керала Бластерс - Норт-Іст Юнайтед [ІНДІЯ: ІСЛ]
    16' ІТАЛІЯ: Серія D - Група F Таблиця16'Термолі - Саммаурезе [ІТАЛІЯ: Серія D - Група F]
    45' Буде/Глімт U19 - Тромсе U19 [НОРВЕГІЯ: Національний чемпіонат U19]
    16' РУМУНІЯ: Ліга 2 - Чемпіонська група Таблиця16'Шепші - Волунтарі [РУМУНІЯ: Ліга 2 - Чемпіонська група]
    59' УГАНДА: Прем'єр-ліга Таблиця59'ЮПДФ - ФК Експрес [УГАНДА: Прем'єр-ліга]
    16' ФАРЕРСЬКІ ОСТРОВИ: Кубок Фарерських островів16'ФК Сувурой - Б36 Торсхавн [ФАРЕРСЬКІ ОСТРОВИ: Кубок Фарерських островів]
  ✔ 68' САУДІВСЬКА АРАВІЯ: Дивізіон 1 Таблиця68'Абха - Джедда [САУДІВСЬКА АРАВІЯ: Дивізіон 1] id=zaG2UVkd
  Found: 1 candidates, 1 new, 4 permanently skipped

→ САУДІВСЬКА АРАВІЯ: Дивізіон 1 Таблиця68'Абха - Джедда (68') [САУДІВСЬКА АРАВІЯ: Дивізіон 1]
  Кф 1X2: 1.16 / 8.19 / 12
  Desktop: https://www.flashscore.ua/match/soccer/abha-lnEqnhJf/jeddah-club-CfPZn6fq/?mid=zaG2UVkd
  [stats] zaG2UVkd → both, 32 metrics
  Features: quality=1, primary=6, status=both
  Model v2: pGoal=0.535, pDry=0.465 sq=0.7071 state=pressureGrowth | 60-70 → SKIP | Δ2H SOT=1 xG=0.15 (Δ4′ матчу)

Done: 1 analyzed, 0 actionable, 0 TG sent
📌 Tracking 1 active prediction(s)

🔥 RUN #74: analyzed=1, signals=0
⏳ Next scan in 3m...
[17:19:16] Live scan
  Запуск live-скрапера (після ранкових Telegram, якщо були).
Opening: https://m.flashscore.ua/?s=2 (minute >= 60, 0:0 only)
Provider health [https://m.flashscore.ua/?s=2]: rows=19, 0:0 total=8, candidates=2
  ⏸ 0:0 ще рано (< 60'):
    20' ІНДІЯ: ІСЛ Таблиця20'Керала Бластерс - Норт-Іст Юнайтед [ІНДІЯ: ІСЛ]
    20' ІТАЛІЯ: Серія D - Група F Таблиця20'Термолі - Саммаурезе [ІТАЛІЯ: Серія D - Група F]
    45' Буде/Глімт U19 - Тромсе U19 [НОРВЕГІЯ: Національний чемпіонат U19]
    20' РУМУНІЯ: Ліга 2 - Чемпіонська група Таблиця20'Шепші - Волунтарі [РУМУНІЯ: Ліга 2 - Чемпіонська група]
    20' ФАРЕРСЬКІ ОСТРОВИ: Кубок Фарерських островів20'ФК Сувурой - Б36 Торсхавн [ФАРЕРСЬКІ ОСТРОВИ: Кубок Фарерських островів]
  ✔ 71' САУДІВСЬКА АРАВІЯ: Дивізіон 1 Таблиця71'Абха - Джедда [САУДІВСЬКА АРАВІЯ: Дивізіон 1] id=zaG2UVkd
  ✔ 63' УГАНДА: Прем'єр-ліга Таблиця63'ЮПДФ - ФК Експрес [УГАНДА: Прем'єр-ліга] id=S0lTLyMa
  Found: 2 candidates, 2 new, 4 permanently skipped

→ САУДІВСЬКА АРАВІЯ: Дивізіон 1 Таблиця71'Абха - Джедда (71') [САУДІВСЬКА АРАВІЯ: Дивізіон 1]

→ УГАНДА: Прем'єр-ліга Таблиця63'ЮПДФ - ФК Експрес (63') [УГАНДА: Прем'єр-ліга]
  Кф 1X2: 1.64 / 3.75 / 4.94
  Кф 1X2: 1.16 / 8.19 / 12
  Desktop: https://www.flashscore.ua/match/soccer/express-fc-dM8vDNti/updf-fc-CCz5vQDb/?mid=S0lTLyMa
  Desktop: https://www.flashscore.ua/match/soccer/abha-lnEqnhJf/jeddah-club-CfPZn6fq/?mid=zaG2UVkd
  [stats] S0lTLyMa → both, 5 metrics
  Features: quality=0.23, primary=2, status=both
  Model v2: pGoal=0.423, pDry=0.577 sq=0.4447 state=dry | 60-70 → SKIP
  ⚠ DOM ALERT [zaG2UVkd]: PAGE_ERROR — secondHalf: Navigation timeout of 20000 ms exceeded
  [stats] zaG2UVkd → overall_only, 32 metrics
  Features: quality=1, primary=6, status=overall_only
  Model v2: pGoal=0.475, pDry=0.525 sq=0.66 state=dry | 70-80 → SKIP

Done: 2 analyzed, 0 actionable, 0 TG sent
📌 Tracking 1 active prediction(s)

🔥 RUN #75: analyzed=2, signals=0
⏳ Next scan in 3m...
[17:22:57] Live scan
  Запуск live-скрапера (після ранкових Telegram, якщо були).
Opening: https://m.flashscore.ua/?s=2 (minute >= 60, 0:0 only)
Provider health [https://m.flashscore.ua/?s=2]: rows=19, 0:0 total=8, candidates=2
  ⏸ 0:0 ще рано (< 60'):
    23' ІНДІЯ: ІСЛ Таблиця23'Керала Бластерс - Норт-Іст Юнайтед [ІНДІЯ: ІСЛ]
    23' ІТАЛІЯ: Серія D - Група F Таблиця23'Термолі - Саммаурезе [ІТАЛІЯ: Серія D - Група F]
    51' Буде/Глімт U19 - Тромсе U19 [НОРВЕГІЯ: Національний чемпіонат U19]
    23' РУМУНІЯ: Ліга 2 - Чемпіонська група Таблиця23'Шепші - Волунтарі [РУМУНІЯ: Ліга 2 - Чемпіонська група]
    45' СВІТ: Міжнародні товариські матчі (Жінки)ПерерваТаїланд Ж - ДР Конго Ж [СВІТ: Міжнародні товариські матчі (Жінки)]
    23' ФАРЕРСЬКІ ОСТРОВИ: Кубок Фарерських островів23'ФК Сувурой - Б36 Торсхавн [ФАРЕРСЬКІ ОСТРОВИ: Кубок Фарерських островів]
  ✔ 75' САУДІВСЬКА АРАВІЯ: Дивізіон 1 Таблиця75'Абха - Джедда [САУДІВСЬКА АРАВІЯ: Дивізіон 1] id=zaG2UVkd
  ✔ 67' УГАНДА: Прем'єр-ліга Таблиця67'ЮПДФ - ФК Експрес [УГАНДА: Прем'єр-ліга] id=S0lTLyMa
  Found: 2 candidates, 2 new, 4 permanently skipped

→ САУДІВСЬКА АРАВІЯ: Дивізіон 1 Таблиця75'Абха - Джедда (75') [САУДІВСЬКА АРАВІЯ: Дивізіон 1]

→ УГАНДА: Прем'єр-ліга Таблиця67'ЮПДФ - ФК Експрес (67') [УГАНДА: Прем'єр-ліга]
  Кф 1X2: 1.64 / 3.75 / 4.94
  Кф 1X2: 1.16 / 8.19 / 12
  Desktop: https://www.flashscore.ua/match/soccer/abha-lnEqnhJf/jeddah-club-CfPZn6fq/?mid=zaG2UVkd
  Desktop: https://www.flashscore.ua/match/soccer/express-fc-dM8vDNti/updf-fc-CCz5vQDb/?mid=S0lTLyMa
  [stats] S0lTLyMa → both, 5 metrics
  Features: quality=0.23, primary=2, status=both
  Model v2: pGoal=0.363, pDry=0.637 sq=0.5404 state=dry | 60-70 → SKIP | Δ2H SOT=0 xG=— (Δ4′ матчу)
  ⚠ DOM ALERT [zaG2UVkd]: PAGE_ERROR — secondHalf: Navigation timeout of 20000 ms exceeded
  [stats] zaG2UVkd → overall_only, 32 metrics
  Features: quality=1, primary=6, status=overall_only
  Model v2: pGoal=0.475, pDry=0.525 sq=0.66 state=dry | 70-80 → SKIP

Done: 2 analyzed, 0 actionable, 0 TG sent
📌 Tracking 1 active prediction(s)

🔥 RUN #76: analyzed=2, signals=0
Message sent to Telegram
⏳ Next scan in 3m...
[17:26:37] Live scan
  Запуск live-скрапера (після ранкових Telegram, якщо були).
Opening: https://m.flashscore.ua/?s=2 (minute >= 60, 0:0 only)
Provider health [https://m.flashscore.ua/?s=2]: rows=19, 0:0 total=7, candidates=2
  ⏸ 0:0 ще рано (< 60'):
    27' ІНДІЯ: ІСЛ Таблиця27'Керала Бластерс - Норт-Іст Юнайтед [ІНДІЯ: ІСЛ]
    27' ІТАЛІЯ: Серія D - Група F Таблиця27'Термолі - Саммаурезе [ІТАЛІЯ: Серія D - Група F]
    54' Буде/Глімт U19 - Тромсе U19 [НОРВЕГІЯ: Національний чемпіонат U19]
    27' РУМУНІЯ: Ліга 2 - Чемпіонська група Таблиця27'Шепші - Волунтарі [РУМУНІЯ: Ліга 2 - Чемпіонська група]
    45' СВІТ: Міжнародні товариські матчі (Жінки)ПерерваТаїланд Ж - ДР Конго Ж [СВІТ: Міжнародні товариські матчі (Жінки)]
  ✔ 78' САУДІВСЬКА АРАВІЯ: Дивізіон 1 Таблиця78'Абха - Джедда [САУДІВСЬКА АРАВІЯ: Дивізіон 1] id=zaG2UVkd
  ✔ 70' УГАНДА: Прем'єр-ліга Таблиця70'ЮПДФ - ФК Експрес [УГАНДА: Прем'єр-ліга] id=S0lTLyMa
  Found: 2 candidates, 2 new, 4 permanently skipped

→ САУДІВСЬКА АРАВІЯ: Дивізіон 1 Таблиця78'Абха - Джедда (78') [САУДІВСЬКА АРАВІЯ: Дивізіон 1]

→ УГАНДА: Прем'єр-ліга Таблиця70'ЮПДФ - ФК Експрес (70') [УГАНДА: Прем'єр-ліга]
  Кф 1X2: 1.16 / 8.19 / 12
  Кф 1X2: 1.64 / 3.75 / 4.94
  Desktop: https://www.flashscore.ua/match/soccer/express-fc-dM8vDNti/updf-fc-CCz5vQDb/?mid=S0lTLyMa
  Desktop: https://www.flashscore.ua/match/soccer/abha-lnEqnhJf/jeddah-club-CfPZn6fq/?mid=zaG2UVkd
  [stats] S0lTLyMa → both, 5 metrics
  Features: quality=0.23, primary=2, status=both
  Model v2: pGoal=0.393, pDry=0.607 sq=0.5561 state=dry | 70-80 → SKIP | Δ2H SOT=0 xG=— (Δ3′ матчу)
  ⚠ DOM ALERT [zaG2UVkd]: PAGE_ERROR — secondHalf: Navigation timeout of 20000 ms exceeded
  [stats] zaG2UVkd → overall_only, 32 metrics
  Features: quality=1, primary=6, status=overall_only
  Model v2: pGoal=0.475, pDry=0.525 sq=0.66 state=dry | 70-80 → SKIP

Done: 2 analyzed, 0 actionable, 0 TG sent
📌 Tracking 1 active prediction(s)

🔥 RUN #77: analyzed=2, signals=0
⏳ Next scan in 3m...
[17:30:17] Live scan
  Запуск live-скрапера (після ранкових Telegram, якщо були).
Opening: https://m.flashscore.ua/?s=2 (minute >= 60, 0:0 only)
Provider health [https://m.flashscore.ua/?s=2]: rows=18, 0:0 total=7, candidates=2
  ⏸ 0:0 ще рано (< 60'):
    31' ІНДІЯ: ІСЛ Таблиця31'Керала Бластерс - Норт-Іст Юнайтед [ІНДІЯ: ІСЛ]
    31' ІТАЛІЯ: Серія D - Група F Таблиця31'Термолі - Саммаурезе [ІТАЛІЯ: Серія D - Група F]
    58' Буде/Глімт U19 - Тромсе U19 [НОРВЕГІЯ: Національний чемпіонат U19]
    31' РУМУНІЯ: Ліга 2 - Чемпіонська група Таблиця31'Шепші - Волунтарі [РУМУНІЯ: Ліга 2 - Чемпіонська група]
    45' СВІТ: Міжнародні товариські матчі (Жінки)ПерерваТаїланд Ж - ДР Конго Ж [СВІТ: Міжнародні товариські матчі (Жінки)]
  ✔ 82' САУДІВСЬКА АРАВІЯ: Дивізіон 1 Таблиця82'Абха - Джедда [САУДІВСЬКА АРАВІЯ: Дивізіон 1] id=zaG2UVkd
  ✔ 74' УГАНДА: Прем'єр-ліга Таблиця74'ЮПДФ - ФК Експрес [УГАНДА: Прем'єр-ліга] id=S0lTLyMa
  Found: 2 candidates, 2 new, 4 permanently skipped

→ САУДІВСЬКА АРАВІЯ: Дивізіон 1 Таблиця82'Абха - Джедда (82') [САУДІВСЬКА АРАВІЯ: Дивізіон 1]

→ УГАНДА: Прем'єр-ліга Таблиця74'ЮПДФ - ФК Експрес (74') [УГАНДА: Прем'єр-ліга]
  Кф 1X2: 1.64 / 3.75 / 4.94
  Кф 1X2: 1.16 / 8.19 / 12
  Desktop: https://www.flashscore.ua/match/soccer/express-fc-dM8vDNti/updf-fc-CCz5vQDb/?mid=S0lTLyMa
  Desktop: https://www.flashscore.ua/match/soccer/abha-lnEqnhJf/jeddah-club-CfPZn6fq/?mid=zaG2UVkd
  [stats] S0lTLyMa → both, 5 metrics
  Features: quality=0.23, primary=2, status=both
  Model v2: pGoal=0.393, pDry=0.607 sq=0.5719 state=dry | 70-80 → SKIP | Δ2H SOT=0 xG=— (Δ4′ матчу)
  ⚠ DOM ALERT [zaG2UVkd]: PAGE_ERROR — secondHalf: Navigation timeout of 20000 ms exceeded
  [stats] zaG2UVkd → overall_only, 32 metrics
  Features: quality=1, primary=6, status=overall_only
  Model v2: pGoal=0.475, pDry=0.525 sq=0.66 state=dry | 80-90+ → SKIP

Done: 2 analyzed, 0 actionable, 0 TG sent
📌 Tracking 1 active prediction(s)

🔥 RUN #78: analyzed=2, signals=0
⏳ Next scan in 3m...
[17:33:58] Live scan
  Запуск live-скрапера (після ранкових Telegram, якщо були).
Opening: https://m.flashscore.ua/?s=2 (minute >= 60, 0:0 only)
Provider health [https://m.flashscore.ua/?s=2]: rows=21, 0:0 total=10, candidates=3
  ⏸ 0:0 ще рано (< 60'):
    34' ІНДІЯ: ІСЛ Таблиця34'Керала Бластерс - Норт-Іст Юнайтед [ІНДІЯ: ІСЛ]
    34' ІТАЛІЯ: Серія D - Група F Таблиця34'Термолі - Саммаурезе [ІТАЛІЯ: Серія D - Група F]
    4' КИРГИЗСТАН: Прем'єр-ліга Таблиця4'Мурас Юнайтед - Дордой Бішкек [КИРГИЗСТАН: Прем'єр-ліга]
    34' РУМУНІЯ: Ліга 2 - Чемпіонська група Таблиця34'Шепші - Волунтарі [РУМУНІЯ: Ліга 2 - Чемпіонська група]
    45' СВІТ: Міжнародні товариські матчі (Жінки)ПерерваТаїланд Ж - ДР Конго Ж [СВІТ: Міжнародні товариські матчі (Жінки)]
    4' Кенія Ж - Австралія Ж [СВІТ: Міжнародні товариські матчі (Жінки)]
    4' СЛОВЕНІЯ: Перша ліга Таблиця4'НК Браво - Примор'є [СЛОВЕНІЯ: Перша ліга]
  ✔ 61' Буде/Глімт U19 - Тромсе U19 [НОРВЕГІЯ: Національний чемпіонат U19] id=YV9S7UaS
  ✔ 85' САУДІВСЬКА АРАВІЯ: Дивізіон 1 Таблиця85'Абха - Джедда [САУДІВСЬКА АРАВІЯ: Дивізіон 1] id=zaG2UVkd
  ✔ 77' УГАНДА: Прем'єр-ліга Таблиця77'ЮПДФ - ФК Експрес [УГАНДА: Прем'єр-ліга] id=S0lTLyMa
  Found: 3 candidates, 3 new, 4 permanently skipped

→ Буде/Глімт U19 - Тромсе U19 (61') [НОРВЕГІЯ: Національний чемпіонат U19]

→ САУДІВСЬКА АРАВІЯ: Дивізіон 1 Таблиця85'Абха - Джедда (85') [САУДІВСЬКА АРАВІЯ: Дивізіон 1]
  Кф 1X2: 5.16 / 5.3 / 1.39
  Кф 1X2: 1.16 / 8.19 / 12
  Desktop: https://www.flashscore.ua/match/soccer/bodo-glimt-lYxWAwJa/tromso-M9wlCBj9/?mid=YV9S7UaS
  Desktop: https://www.flashscore.ua/match/soccer/abha-lnEqnhJf/jeddah-club-CfPZn6fq/?mid=zaG2UVkd
  [stats] zaG2UVkd → both, 32 metrics
  Features: quality=1, primary=6, status=both
  Model v2: pGoal=0.575, pDry=0.425 sq=0.6157 state=neutral | 80-90+ → OVER_0_5 [TG]
Message sent to Telegram
  ✓ Telegram update sent (🔀 Фліп ТМ→ТБ (оновлення сценарію))

→ УГАНДА: Прем'єр-ліга Таблиця77'ЮПДФ - ФК Експрес (77') [УГАНДА: Прем'єр-ліга]
  Кф 1X2: 1.64 / 3.75 / 4.94
  [stats] YV9S7UaS overall: no data-testid (old=0, any=0, body=148294)
  Desktop: https://www.flashscore.ua/match/soccer/express-fc-dM8vDNti/updf-fc-CCz5vQDb/?mid=S0lTLyMa
  [stats] S0lTLyMa → both, 5 metrics
  Features: quality=0.23, primary=2, status=both
  Model v2: pGoal=0.393, pDry=0.607 sq=0.5876 state=dry | 70-80 → SKIP | Δ2H SOT=0 xG=— (Δ3′ матчу)
  ⚠ DOM ALERT [YV9S7UaS]: PAGE_ERROR — secondHalf: Navigation timeout of 20000 ms exceeded
  [stats] YV9S7UaS → unavailable, 0 metrics
  [incidents] YV9S7UaS: 1H + 0A red cards
  Features: quality=0, primary=0, status=unavailable | redCards=1H+0A
  ✗ No stats at all → permanent skip

Done: 2 analyzed, 1 actionable, 1 TG sent
📌 Tracking 1 active prediction(s)

🔥 RUN #79: analyzed=2, signals=1
⏳ Next scan in 3m...
[17:37:55] Live scan
  Запуск live-скрапера (після ранкових Telegram, якщо були).
Opening: https://m.flashscore.ua/?s=2 (minute >= 60, 0:0 only)
Provider health [https://m.flashscore.ua/?s=2]: rows=21, 0:0 total=10, candidates=3
  ⏸ 0:0 ще рано (< 60'):
    38' ІНДІЯ: ІСЛ Таблиця38'Керала Бластерс - Норт-Іст Юнайтед [ІНДІЯ: ІСЛ]
    38' ІТАЛІЯ: Серія D - Група F Таблиця38'Термолі - Саммаурезе [ІТАЛІЯ: Серія D - Група F]
    8' КИРГИЗСТАН: Прем'єр-ліга Таблиця8'Мурас Юнайтед - Дордой Бішкек [КИРГИЗСТАН: Прем'єр-ліга]
    38' РУМУНІЯ: Ліга 2 - Чемпіонська група Таблиця38'Шепші - Волунтарі [РУМУНІЯ: Ліга 2 - Чемпіонська група]
    49' СВІТ: Міжнародні товариські матчі (Жінки)49'Таїланд Ж - ДР Конго Ж [СВІТ: Міжнародні товариські матчі (Жінки)]
    8' Кенія Ж - Австралія Ж [СВІТ: Міжнародні товариські матчі (Жінки)]
    8' СЛОВЕНІЯ: Перша ліга Таблиця8'НК Браво - Примор'є [СЛОВЕНІЯ: Перша ліга]
  ✔ 66' Буде/Глімт U19 - Тромсе U19 [НОРВЕГІЯ: Національний чемпіонат U19] id=YV9S7UaS
  ✔ 89' САУДІВСЬКА АРАВІЯ: Дивізіон 1 Таблиця89'Абха - Джедда [САУДІВСЬКА АРАВІЯ: Дивізіон 1] id=zaG2UVkd
  ✔ 81' УГАНДА: Прем'єр-ліга Таблиця81'ЮПДФ - ФК Експрес [УГАНДА: Прем'єр-ліга] id=S0lTLyMa
  Found: 3 candidates, 2 new, 5 permanently skipped

→ САУДІВСЬКА АРАВІЯ: Дивізіон 1 Таблиця89'Абха - Джедда (89') [САУДІВСЬКА АРАВІЯ: Дивізіон 1]

→ УГАНДА: Прем'єр-ліга Таблиця81'ЮПДФ - ФК Експрес (81') [УГАНДА: Прем'єр-ліга]
  Кф 1X2: 1.64 / 3.75 / 4.94
  Кф 1X2: 1.16 / 8.19 / 12
  Desktop: https://www.flashscore.ua/match/soccer/express-fc-dM8vDNti/updf-fc-CCz5vQDb/?mid=S0lTLyMa
  Desktop: https://www.flashscore.ua/match/soccer/abha-lnEqnhJf/jeddah-club-CfPZn6fq/?mid=zaG2UVkd
  [stats] S0lTLyMa → both, 5 metrics
  Features: quality=0.23, primary=2, status=both
  Model v2: pGoal=0.453, pDry=0.547 sq=0.5233 state=dry | 80-90+ → SKIP | Δ2H SOT=0 xG=— (Δ4′ матчу)
  ⚠ DOM ALERT [zaG2UVkd]: PAGE_ERROR — secondHalf: Navigation timeout of 20000 ms exceeded
  [stats] zaG2UVkd → overall_only, 32 metrics
  Features: quality=1, primary=6, status=overall_only
  Model v2: pGoal=0.475, pDry=0.525 sq=0.66 state=dry | 80-90+ → SKIP

Done: 2 analyzed, 0 actionable, 0 TG sent
📌 Tracking 1 active prediction(s)

🔥 RUN #80: analyzed=2, signals=0
⏳ Next scan in 3m...
[17:41:36] Live scan
  Запуск live-скрапера (після ранкових Telegram, якщо були).
Opening: https://m.flashscore.ua/?s=2 (minute >= 60, 0:0 only)
Provider health [https://m.flashscore.ua/?s=2]: rows=21, 0:0 total=9, candidates=1
  ⏸ 0:0 ще рано (< 60'):
    42' ІНДІЯ: ІСЛ Таблиця42'Керала Бластерс - Норт-Іст Юнайтед [ІНДІЯ: ІСЛ]
    42' ІТАЛІЯ: Серія D - Група F Таблиця42'Термолі - Саммаурезе [ІТАЛІЯ: Серія D - Група F]
    12' КИРГИЗСТАН: Прем'єр-ліга Таблиця12'Мурас Юнайтед - Дордой Бішкек [КИРГИЗСТАН: Прем'єр-ліга]
    42' РУМУНІЯ: Ліга 2 - Чемпіонська група Таблиця42'Шепші - Волунтарі [РУМУНІЯ: Ліга 2 - Чемпіонська група]
    52' СВІТ: Міжнародні товариські матчі (Жінки)52'Таїланд Ж - ДР Конго Ж [СВІТ: Міжнародні товариські матчі (Жінки)]
    12' Кенія Ж - Австралія Ж [СВІТ: Міжнародні товариські матчі (Жінки)]
    12' СЛОВЕНІЯ: Перша ліга Таблиця12'НК Браво - Примор'є [СЛОВЕНІЯ: Перша ліга]
  ✔ 85' УГАНДА: Прем'єр-ліга Таблиця85'ЮПДФ - ФК Експрес [УГАНДА: Прем'єр-ліга] id=S0lTLyMa
  Found: 1 candidates, 1 new, 5 permanently skipped

→ УГАНДА: Прем'єр-ліга Таблиця85'ЮПДФ - ФК Експрес (85') [УГАНДА: Прем'єр-ліга]
  Кф 1X2: 1.64 / 3.75 / 4.94
  Desktop: https://www.flashscore.ua/match/soccer/express-fc-dM8vDNti/updf-fc-CCz5vQDb/?mid=S0lTLyMa
  [stats] S0lTLyMa → both, 5 metrics
  Features: quality=0.23, primary=2, status=both
  Model v2: pGoal=0.593, pDry=0.407 sq=0.539 state=lateSurge | 80-90+ → SKIP | Δ2H SOT=1 xG=— (Δ4′ матчу)

Done: 1 analyzed, 0 actionable, 0 TG sent

🔍 Checking 1 possibly finished match(es)...
  ⏳ САУДІВСЬКА АРАВІЯ: Дивізіон 1 Таблиця85'Абха - Джедда: still live 0:0
📌 Tracking 1 active prediction(s)

🔥 RUN #81: analyzed=1, signals=0
⏳ Next scan in 3m...
[17:45:01] Live scan
  Запуск live-скрапера (після ранкових Telegram, якщо були).
Opening: https://m.flashscore.ua/?s=2 (minute >= 60, 0:0 only)
Provider health [https://m.flashscore.ua/?s=2]: rows=21, 0:0 total=7, candidates=1
  ⏸ 0:0 ще рано (< 60'):
    16' КИРГИЗСТАН: Прем'єр-ліга Таблиця16'Мурас Юнайтед - Дордой Бішкек [КИРГИЗСТАН: Прем'єр-ліга]
    56' СВІТ: Міжнародні товариські матчі (Жінки)56'Таїланд Ж - ДР Конго Ж [СВІТ: Міжнародні товариські матчі (Жінки)]
    16' Кенія Ж - Австралія Ж [СВІТ: Міжнародні товариські матчі (Жінки)]
  ✔ 89' УГАНДА: Прем'єр-ліга Таблиця89'ЮПДФ - ФК Експрес [УГАНДА: Прем'єр-ліга] id=S0lTLyMa
  Found: 1 candidates, 1 new, 5 permanently skipped

→ УГАНДА: Прем'єр-ліга Таблиця89'ЮПДФ - ФК Експрес (89') [УГАНДА: Прем'єр-ліга]
  Кф 1X2: 1.64 / 3.75 / 4.94
  Desktop: https://www.flashscore.ua/match/soccer/express-fc-dM8vDNti/updf-fc-CCz5vQDb/?mid=S0lTLyMa
  ⚠ DOM ALERT [S0lTLyMa]: PAGE_ERROR — secondHalf: Navigation timeout of 20000 ms exceeded
  [stats] S0lTLyMa → overall_only, 5 metrics
  Features: quality=0.23, primary=2, status=overall_only
  Model v2: pGoal=0.453, pDry=0.547 sq=0.429 state=dry | 80-90+ → SKIP

Done: 1 analyzed, 0 actionable, 0 TG sent

🔍 Checking 1 possibly finished match(es)...
  ⏳ САУДІВСЬКА АРАВІЯ: Дивізіон 1 Таблиця85'Абха - Джедда: still live 0:0
📌 Tracking 1 active prediction(s)

🔥 RUN #82: analyzed=1, signals=0
⏳ Next scan in 3m...
[17:48:42] Live scan
  Запуск live-скрапера (після ранкових Telegram, якщо були).
Opening: https://m.flashscore.ua/?s=2 (minute >= 60, 0:0 only)
Provider health [https://m.flashscore.ua/?s=2]: rows=21, 0:0 total=7, candidates=0
  ⏸ 0:0 ще рано (< 60'):
    19' КИРГИЗСТАН: Прем'єр-ліга Таблиця19'Мурас Юнайтед - Дордой Бішкек [КИРГИЗСТАН: Прем'єр-ліга]
    59' СВІТ: Міжнародні товариські матчі (Жінки)59'Таїланд Ж - ДР Конго Ж [СВІТ: Міжнародні товариські матчі (Жінки)]
    19' Кенія Ж - Австралія Ж [СВІТ: Міжнародні товариські матчі (Жінки)]
  Found: 0 candidates, 0 new, 5 permanently skipped

Done: 0 analyzed, 0 actionable, 0 TG sent

🔍 Checking 1 possibly finished match(es)...
  ⚽ САУДІВСЬКА АРАВІЯ: Дивізіон 1 Таблиця85'Абха - Джедда: 1:0 [GOAL→resolved] → ТМ:❌ ТБ:✅
Message sent to Telegram
  ✓ Telegram result sent (1:0 (ще триває, гол вирішив))

🔥 RUN #83: analyzed=0, signals=0
⏳ Next scan in 3m...
[17:51:55] Live scan
  Запуск live-скрапера (після ранкових Telegram, якщо були).
Opening: https://m.flashscore.ua/?s=2 (minute >= 60, 0:0 only)
Provider health [https://m.flashscore.ua/?s=2]: rows=21, 0:0 total=5, candidates=0
  ⏸ 0:0 ще рано (< 60'):
    45' ІТАЛІЯ: Серія D - Група F ТаблицяПерерваТермолі - Саммаурезе [ІТАЛІЯ: Серія D - Група F]
    22' КИРГИЗСТАН: Прем'єр-ліга Таблиця22'Мурас Юнайтед - Дордой Бішкек [КИРГИЗСТАН: Прем'єр-ліга]
    45' РУМУНІЯ: Ліга 2 - Чемпіонська група ТаблицяПерерваШепші - Волунтарі [РУМУНІЯ: Ліга 2 - Чемпіонська група]
    22' Кенія Ж - Австралія Ж [СВІТ: Міжнародні товариські матчі (Жінки)]
    7' ЧЕХІЯ: 4. ліга - Група D Таблиця7'Куржім - Богуніце [ЧЕХІЯ: 4. ліга - Група D]
  Found: 0 candidates, 0 new, 5 permanently skipped

Done: 0 analyzed, 0 actionable, 0 TG sent

🔥 RUN #84: analyzed=0, signals=0
⏳ Next scan in 3m...
[17:55:05] Live scan
  Запуск live-скрапера (після ранкових Telegram, якщо були).
Opening: https://m.flashscore.ua/?s=2 (minute >= 60, 0:0 only)
Provider health [https://m.flashscore.ua/?s=2]: rows=21, 0:0 total=5, candidates=0
  ⏸ 0:0 ще рано (< 60'):
    45' ІТАЛІЯ: Серія D - Група F ТаблицяПерерваТермолі - Саммаурезе [ІТАЛІЯ: Серія D - Група F]
    25' КИРГИЗСТАН: Прем'єр-ліга Таблиця25'Мурас Юнайтед - Дордой Бішкек [КИРГИЗСТАН: Прем'єр-ліга]
    45' РУМУНІЯ: Ліга 2 - Чемпіонська група ТаблицяПерерваШепші - Волунтарі [РУМУНІЯ: Ліга 2 - Чемпіонська група]
    25' Кенія Ж - Австралія Ж [СВІТ: Міжнародні товариські матчі (Жінки)]
    10' ЧЕХІЯ: 4. ліга - Група D Таблиця10'Куржім - Богуніце [ЧЕХІЯ: 4. ліга - Група D]
  Found: 0 candidates, 0 new, 5 permanently skipped

Done: 0 analyzed, 0 actionable, 0 TG sent

🔥 RUN #85: analyzed=0, signals=0
⏳ Next scan in 3m...
[17:58:15] Live scan
  Запуск live-скрапера (після ранкових Telegram, якщо були).
Opening: https://m.flashscore.ua/?s=2 (minute >= 60, 0:0 only)
Provider health [https://m.flashscore.ua/?s=2]: rows=18, 0:0 total=5, candidates=0
  ⏸ 0:0 ще рано (< 60'):
    45' ІТАЛІЯ: Серія D - Група F ТаблицяПерерваТермолі - Саммаурезе [ІТАЛІЯ: Серія D - Група F]
    28' КИРГИЗСТАН: Прем'єр-ліга Таблиця28'Мурас Юнайтед - Дордой Бішкек [КИРГИЗСТАН: Прем'єр-ліга]
    45' РУМУНІЯ: Ліга 2 - Чемпіонська група ТаблицяПерерваШепші - Волунтарі [РУМУНІЯ: Ліга 2 - Чемпіонська група]
    28' Кенія Ж - Австралія Ж [СВІТ: Міжнародні товариські матчі (Жінки)]
    13' ЧЕХІЯ: 4. ліга - Група D Таблиця13'Куржім - Богуніце [ЧЕХІЯ: 4. ліга - Група D]
  Found: 0 candidates, 0 new, 5 permanently skipped

Done: 0 analyzed, 0 actionable, 0 TG sent

🔥 RUN #86: analyzed=0, signals=0
⏳ Next scan in 3m...
[18:01:25] Live scan
  Запуск live-скрапера (після ранкових Telegram, якщо були).
Opening: https://m.flashscore.ua/?s=2 (minute >= 60, 0:0 only)
Provider health [https://m.flashscore.ua/?s=2]: rows=21, 0:0 total=9, candidates=0
  ⏸ 0:0 ще рано (< 60'):
    1' ЄВРОПА: Євро U19 (Жінки) - Кваліфікація - Раунд 2 - Ліга B Таблиця1'Косово U19 W - Литва U19 W [ЄВРОПА: Євро U19 (Жінки) - Кваліфікація - Раунд 2 - Ліга B]
    45' ІТАЛІЯ: Серія D - Група F ТаблицяПерерваТермолі - Саммаурезе [ІТАЛІЯ: Серія D - Група F]
    31' КИРГИЗСТАН: Прем'єр-ліга Таблиця31'Мурас Юнайтед - Дордой Бішкек [КИРГИЗСТАН: Прем'єр-ліга]
    1' Вікелєц - Відзев Лодзь II [ПОЛЬЩА: III Ліга - Група I]
    45' РУМУНІЯ: Ліга 2 - Чемпіонська група ТаблицяПерерваШепші - Волунтарі [РУМУНІЯ: Ліга 2 - Чемпіонська група]
    1' ФІНЛЯНДІЯ: Кубок Фінляндії1'АК Оулу - Яро [ФІНЛЯНДІЯ: Кубок Фінляндії]
    1' ЧЕХІЯ: Дивізіон 2 Таблиця1'Кромержиж - Простейов [ЧЕХІЯ: Дивізіон 2]
    1' Острава B - Опава [ЧЕХІЯ: Дивізіон 2]
    1' Славія Прага B - Їглава [ЧЕХІЯ: Дивізіон 2]
  Found: 0 candidates, 0 new, 5 permanently skipped

Done: 0 analyzed, 0 actionable, 0 TG sent

🔥 RUN #87: analyzed=0, signals=0
⏳ Next scan in 3m...
[18:04:35] Live scan
  Запуск live-скрапера (після ранкових Telegram, якщо були).
Opening: https://m.flashscore.ua/?s=2 (minute >= 60, 0:0 only)
Provider health [https://m.flashscore.ua/?s=2]: rows=28, 0:0 total=16, candidates=0
  ⏸ 0:0 ще рано (< 60'):
    5' БІЛОРУСЬ: Кубок Білорусі5'МЛ Вітебськ - Динамо М. [БІЛОРУСЬ: Кубок Білорусі]
    5' БОЛГАРІЯ: Перша ліга Таблиця5'Черно Море - ЦСКА 1948 Софія [БОЛГАРІЯ: Перша ліга]
    5' ЕФІОПІЯ: Прем'єр-ліга Таблиця5'Діре Дава - Мечал [ЕФІОПІЯ: Прем'єр-ліга]
    5' ЄВРОПА: Євро U19 (Жінки) - Кваліфікація - Раунд 2 - Ліга B Таблиця5'Косово U19 W - Литва U19 W [ЄВРОПА: Євро U19 (Жінки) - Кваліфікація - Раунд 2 - Ліга B]
    46' ІТАЛІЯ: Серія D - Група F Таблиця46'Термолі - Саммаурезе [ІТАЛІЯ: Серія D - Група F]
    35' КИРГИЗСТАН: Прем'єр-ліга Таблиця35'Мурас Юнайтед - Дордой Бішкек [КИРГИЗСТАН: Прем'єр-ліга]
    5' ПОЛЬЩА: Дивізіон 2 Таблиця5'Подгале Нови Тарг - Клечев [ПОЛЬЩА: Дивізіон 2]
    5' Вікелєц - Відзев Лодзь II [ПОЛЬЩА: III Ліга - Група I]
    45' РУМУНІЯ: Ліга 2 - Чемпіонська група ТаблицяПерерваШепші - Волунтарі [РУМУНІЯ: Ліга 2 - Чемпіонська група]
    5' УКРАЇНА: Прем'єр-ліга Таблиця5'Металіст 1925 - Верес [УКРАЇНА: Прем'єр-ліга]
    5' ФІНЛЯНДІЯ: Кубок Фінляндії5'АК Оулу - Яро [ФІНЛЯНДІЯ: Кубок Фінляндії]
    5' Кескі-Уусімаа - КаПа [ФІНЛЯНДІЯ: Кубок Фінляндії]
    5' ЧЕХІЯ: Дивізіон 2 Таблиця5'Кромержиж - Простейов [ЧЕХІЯ: Дивізіон 2]
    5' Острава B - Опава [ЧЕХІЯ: Дивізіон 2]
    5' Славія Прага B - Їглава [ЧЕХІЯ: Дивізіон 2]
    5' Спарта Прага B - Артіс Брно [ЧЕХІЯ: Дивізіон 2]
  Found: 0 candidates, 0 new, 5 permanently skipped

Done: 0 analyzed, 0 actionable, 0 TG sent

🔥 RUN #88: analyzed=0, signals=0
⏳ Next scan in 3m...
[18:07:45] Live scan
  Запуск live-скрапера (після ранкових Telegram, якщо були).
Opening: https://m.flashscore.ua/?s=2 (minute >= 60, 0:0 only)
Provider health [https://m.flashscore.ua/?s=2]: rows=27, 0:0 total=14, candidates=0
  ⏸ 0:0 ще рано (< 60'):
    8' БІЛОРУСЬ: Кубок Білорусі8'МЛ Вітебськ - Динамо М. [БІЛОРУСЬ: Кубок Білорусі]
    8' БОЛГАРІЯ: Перша ліга Таблиця8'Черно Море - ЦСКА 1948 Софія [БОЛГАРІЯ: Перша ліга]
    8' ЄВРОПА: Євро U19 (Жінки) - Кваліфікація - Раунд 2 - Ліга B Таблиця8'Косово U19 W - Литва U19 W [ЄВРОПА: Євро U19 (Жінки) - Кваліфікація - Раунд 2 - Ліга B]
    49' ІТАЛІЯ: Серія D - Група F Таблиця49'Термолі - Саммаурезе [ІТАЛІЯ: Серія D - Група F]
    38' КИРГИЗСТАН: Прем'єр-ліга Таблиця38'Мурас Юнайтед - Дордой Бішкек [КИРГИЗСТАН: Прем'єр-ліга]
    8' ПОЛЬЩА: Дивізіон 2 Таблиця8'Подгале Нови Тарг - Клечев [ПОЛЬЩА: Дивізіон 2]
    8' Вікелєц - Відзев Лодзь II [ПОЛЬЩА: III Ліга - Група I]
    48' РУМУНІЯ: Ліга 2 - Чемпіонська група Таблиця48'Шепші - Волунтарі [РУМУНІЯ: Ліга 2 - Чемпіонська група]
    8' ФІНЛЯНДІЯ: Кубок Фінляндії8'АК Оулу - Яро [ФІНЛЯНДІЯ: Кубок Фінляндії]
    8' Кескі-Уусімаа - КаПа [ФІНЛЯНДІЯ: Кубок Фінляндії]
    8' ЧЕХІЯ: Дивізіон 2 Таблиця8'Кромержиж - Простейов [ЧЕХІЯ: Дивізіон 2]
    8' Острава B - Опава [ЧЕХІЯ: Дивізіон 2]
    8' Славія Прага B - Їглава [ЧЕХІЯ: Дивізіон 2]
    8' Спарта Прага B - Артіс Брно [ЧЕХІЯ: Дивізіон 2]
  Found: 0 candidates, 0 new, 5 permanently skipped

Done: 0 analyzed, 0 actionable, 0 TG sent

🔥 RUN #89: analyzed=0, signals=0
⏳ Next scan in 3m...
[18:10:55] Live scan
  Запуск live-скрапера (після ранкових Telegram, якщо були).
Opening: https://m.flashscore.ua/?s=2 (minute >= 60, 0:0 only)
Provider health [https://m.flashscore.ua/?s=2]: rows=28, 0:0 total=13, candidates=0
  ⏸ 0:0 ще рано (< 60'):
    11' БІЛОРУСЬ: Кубок Білорусі11'МЛ Вітебськ - Динамо М. [БІЛОРУСЬ: Кубок Білорусі]
    11' ЄВРОПА: Євро U19 (Жінки) - Кваліфікація - Раунд 2 - Ліга B Таблиця11'Косово U19 W - Литва U19 W [ЄВРОПА: Євро U19 (Жінки) - Кваліфікація - Раунд 2 - Ліга B]
    52' ІТАЛІЯ: Серія D - Група F Таблиця52'Термолі - Саммаурезе [ІТАЛІЯ: Серія D - Група F]
    41' КИРГИЗСТАН: Прем'єр-ліга Таблиця41'Мурас Юнайтед - Дордой Бішкек [КИРГИЗСТАН: Прем'єр-ліга]
    11' НІМЕЧЧИНА: Регіональна ліга - Захід Таблиця11'Боруссія М. II - Боруссія Д. II [НІМЕЧЧИНА: Регіональна ліга - Захід]
    11' Вікелєц - Відзев Лодзь II [ПОЛЬЩА: III Ліга - Група I]
    51' РУМУНІЯ: Ліга 2 - Чемпіонська група Таблиця51'Шепші - Волунтарі [РУМУНІЯ: Ліга 2 - Чемпіонська група]
    11' ФІНЛЯНДІЯ: Кубок Фінляндії11'АК Оулу - Яро [ФІНЛЯНДІЯ: Кубок Фінляндії]
    11' Кескі-Уусімаа - КаПа [ФІНЛЯНДІЯ: Кубок Фінляндії]
    11' ЧЕХІЯ: Дивізіон 2 Таблиця11'Кромержиж - Простейов [ЧЕХІЯ: Дивізіон 2]
    11' Острава B - Опава [ЧЕХІЯ: Дивізіон 2]
    11' Славія Прага B - Їглава [ЧЕХІЯ: Дивізіон 2]
    11' Спарта Прага B - Артіс Брно [ЧЕХІЯ: Дивізіон 2]
  Found: 0 candidates, 0 new, 5 permanently skipped

Done: 0 analyzed, 0 actionable, 0 TG sent

🔥 RUN #90: analyzed=0, signals=0
⏳ Next scan in 3m...
[18:14:05] Live scan
  Запуск live-скрапера (після ранкових Telegram, якщо були).
Opening: https://m.flashscore.ua/?s=2 (minute >= 60, 0:0 only)
Provider health [https://m.flashscore.ua/?s=2]: rows=28, 0:0 total=13, candidates=0
  ⏸ 0:0 ще рано (< 60'):
    15' БІЛОРУСЬ: Кубок Білорусі15'МЛ Вітебськ - Динамо М. [БІЛОРУСЬ: Кубок Білорусі]
    15' ЄВРОПА: Євро U19 (Жінки) - Кваліфікація - Раунд 2 - Ліга B Таблиця15'Косово U19 W - Литва U19 W [ЄВРОПА: Євро U19 (Жінки) - Кваліфікація - Раунд 2 - Ліга B]
    56' ІТАЛІЯ: Серія D - Група F Таблиця56'Термолі - Саммаурезе [ІТАЛІЯ: Серія D - Група F]
    45' КИРГИЗСТАН: Прем'єр-ліга Таблиця45'Мурас Юнайтед - Дордой Бішкек [КИРГИЗСТАН: Прем'єр-ліга]
    15' НІМЕЧЧИНА: Регіональна ліга - Захід Таблиця15'Боруссія М. II - Боруссія Д. II [НІМЕЧЧИНА: Регіональна ліга - Захід]
    15' Вікелєц - Відзев Лодзь II [ПОЛЬЩА: III Ліга - Група I]
    54' РУМУНІЯ: Ліга 2 - Чемпіонська група Таблиця54'Шепші - Волунтарі [РУМУНІЯ: Ліга 2 - Чемпіонська група]
    15' ФІНЛЯНДІЯ: Кубок Фінляндії15'АК Оулу - Яро [ФІНЛЯНДІЯ: Кубок Фінляндії]
    15' Кескі-Уусімаа - КаПа [ФІНЛЯНДІЯ: Кубок Фінляндії]
    15' ЧЕХІЯ: Дивізіон 2 Таблиця15'Кромержиж - Простейов [ЧЕХІЯ: Дивізіон 2]
    15' Острава B - Опава [ЧЕХІЯ: Дивізіон 2]
    15' Славія Прага B - Їглава [ЧЕХІЯ: Дивізіон 2]
    15' Спарта Прага B - Артіс Брно [ЧЕХІЯ: Дивізіон 2]
  Found: 0 candidates, 0 new, 5 permanently skipped

Done: 0 analyzed, 0 actionable, 0 TG sent

🔥 RUN #91: analyzed=0, signals=0
⏳ Next scan in 3m...
[18:17:15] Live scan
  Запуск live-скрапера (після ранкових Telegram, якщо були).
Opening: https://m.flashscore.ua/?s=2 (minute >= 60, 0:0 only)
Provider health [https://m.flashscore.ua/?s=2]: rows=28, 0:0 total=12, candidates=0
  ⏸ 0:0 ще рано (< 60'):
    18' БІЛОРУСЬ: Кубок Білорусі18'МЛ Вітебськ - Динамо М. [БІЛОРУСЬ: Кубок Білорусі]
    18' ЄВРОПА: Євро U19 (Жінки) - Кваліфікація - Раунд 2 - Ліга B Таблиця18'Косово U19 W - Литва U19 W [ЄВРОПА: Євро U19 (Жінки) - Кваліфікація - Раунд 2 - Ліга B]
    18' НІМЕЧЧИНА: Регіональна ліга - Захід Таблиця18'Боруссія М. II - Боруссія Д. II [НІМЕЧЧИНА: Регіональна ліга - Захід]
    18' Вікелєц - Відзев Лодзь II [ПОЛЬЩА: III Ліга - Група I]
    58' РУМУНІЯ: Ліга 2 - Чемпіонська група Таблиця58'Шепші - Волунтарі [РУМУНІЯ: Ліга 2 - Чемпіонська група]
    18' ФІНЛЯНДІЯ: Кубок Фінляндії18'АК Оулу - Яро [ФІНЛЯНДІЯ: Кубок Фінляндії]
    18' Кескі-Уусімаа - КаПа [ФІНЛЯНДІЯ: Кубок Фінляндії]
    18' ЧЕХІЯ: Дивізіон 2 Таблиця18'Кромержиж - Простейов [ЧЕХІЯ: Дивізіон 2]
    18' Острава B - Опава [ЧЕХІЯ: Дивізіон 2]
    18' Славія Прага B - Їглава [ЧЕХІЯ: Дивізіон 2]
    18' Спарта Прага B - Артіс Брно [ЧЕХІЯ: Дивізіон 2]
  Found: 0 candidates, 0 new, 5 permanently skipped

Done: 0 analyzed, 0 actionable, 0 TG sent

🔥 RUN #92: analyzed=0, signals=0
⏳ Next scan in 3m...
[18:20:26] Live scan
  Запуск live-скрапера (після ранкових Telegram, якщо були).
Opening: https://m.flashscore.ua/?s=2 (minute >= 60, 0:0 only)
Provider health [https://m.flashscore.ua/?s=2]: rows=28, 0:0 total=12, candidates=1
  ⏸ 0:0 ще рано (< 60'):
    20' БІЛОРУСЬ: Кубок Білорусі20'МЛ Вітебськ - Динамо М. [БІЛОРУСЬ: Кубок Білорусі]
    20' ЄВРОПА: Євро U19 (Жінки) - Кваліфікація - Раунд 2 - Ліга B Таблиця20'Косово U19 W - Литва U19 W [ЄВРОПА: Євро U19 (Жінки) - Кваліфікація - Раунд 2 - Ліга B]
    20' НІМЕЧЧИНА: Регіональна ліга - Захід Таблиця20'Боруссія М. II - Боруссія Д. II [НІМЕЧЧИНА: Регіональна ліга - Захід]
    20' Вікелєц - Відзев Лодзь II [ПОЛЬЩА: III Ліга - Група I]
    20' ФІНЛЯНДІЯ: Кубок Фінляндії20'АК Оулу - Яро [ФІНЛЯНДІЯ: Кубок Фінляндії]
    20' Кескі-Уусімаа - КаПа [ФІНЛЯНДІЯ: Кубок Фінляндії]
    20' ЧЕХІЯ: Дивізіон 2 Таблиця20'Кромержиж - Простейов [ЧЕХІЯ: Дивізіон 2]
    20' Острава B - Опава [ЧЕХІЯ: Дивізіон 2]
    20' Славія Прага B - Їглава [ЧЕХІЯ: Дивізіон 2]
    20' Спарта Прага B - Артіс Брно [ЧЕХІЯ: Дивізіон 2]
  ✔ 60' РУМУНІЯ: Ліга 2 - Чемпіонська група Таблиця60'Шепші - Волунтарі [РУМУНІЯ: Ліга 2 - Чемпіонська група] id=nJ6okPuK
  Found: 1 candidates, 1 new, 5 permanently skipped

→ РУМУНІЯ: Ліга 2 - Чемпіонська група Таблиця60'Шепші - Волунтарі (60') [РУМУНІЯ: Ліга 2 - Чемпіонська група]
  Кф 1X2: 1.77 / 3.13 / 5.32
  Desktop: https://www.flashscore.ua/match/soccer/sepsi-IDsPIcMA/voluntari-WIoSeFi4/?mid=nJ6okPuK
  [stats] nJ6okPuK → both, 5 metrics
  Features: quality=0.23, primary=2, status=both
  Model v2: pGoal=0.364, pDry=0.636 sq=0.5247 state=dry | 60-70 → SKIP

Done: 1 analyzed, 0 actionable, 0 TG sent

🔥 RUN #93: analyzed=1, signals=0
⏳ Next scan in 3m...
[18:23:47] Live scan
  Запуск live-скрапера (після ранкових Telegram, якщо були).
Opening: https://m.flashscore.ua/?s=2 (minute >= 60, 0:0 only)
Provider health [https://m.flashscore.ua/?s=2]: rows=28, 0:0 total=12, candidates=1
  ⏸ 0:0 ще рано (< 60'):
    24' БІЛОРУСЬ: Кубок Білорусі24'МЛ Вітебськ - Динамо М. [БІЛОРУСЬ: Кубок Білорусі]
    24' ЄВРОПА: Євро U19 (Жінки) - Кваліфікація - Раунд 2 - Ліга B Таблиця24'Косово U19 W - Литва U19 W [ЄВРОПА: Євро U19 (Жінки) - Кваліфікація - Раунд 2 - Ліга B]
    45' КИРГИЗСТАН: Прем'єр-ліга ТаблицяПерерваМурас Юнайтед - Дордой Бішкек [КИРГИЗСТАН: Прем'єр-ліга]
    24' НІМЕЧЧИНА: Регіональна ліга - Захід Таблиця24'Боруссія М. II - Боруссія Д. II [НІМЕЧЧИНА: Регіональна ліга - Захід]
    24' Вікелєц - Відзев Лодзь II [ПОЛЬЩА: III Ліга - Група I]
    24' ФІНЛЯНДІЯ: Кубок Фінляндії24'АК Оулу - Яро [ФІНЛЯНДІЯ: Кубок Фінляндії]
    24' Кескі-Уусімаа - КаПа [ФІНЛЯНДІЯ: Кубок Фінляндії]
    24' ЧЕХІЯ: Дивізіон 2 Таблиця24'Кромержиж - Простейов [ЧЕХІЯ: Дивізіон 2]
    24' Острава B - Опава [ЧЕХІЯ: Дивізіон 2]
    24' Славія Прага B - Їглава [ЧЕХІЯ: Дивізіон 2]
    24' Спарта Прага B - Артіс Брно [ЧЕХІЯ: Дивізіон 2]
  ✔ 64' РУМУНІЯ: Ліга 2 - Чемпіонська група Таблиця64'Шепші - Волунтарі [РУМУНІЯ: Ліга 2 - Чемпіонська група] id=nJ6okPuK
  Found: 1 candidates, 1 new, 5 permanently skipped

→ РУМУНІЯ: Ліга 2 - Чемпіонська група Таблиця64'Шепші - Волунтарі (64') [РУМУНІЯ: Ліга 2 - Чемпіонська група]
  Кф 1X2: 1.77 / 3.13 / 5.32
  Desktop: https://www.flashscore.ua/match/soccer/sepsi-IDsPIcMA/voluntari-WIoSeFi4/?mid=nJ6okPuK
  [stats] nJ6okPuK → both, 6 metrics
  Features: quality=0.23, primary=2, status=both
  Model v2: pGoal=0.304, pDry=0.696 sq=0.5404 state=dry | 60-70 → SKIP | Δ2H SOT=0 xG=— (Δ4′ матчу)

Done: 1 analyzed, 0 actionable, 0 TG sent

🔥 RUN #94: analyzed=1, signals=0
Message sent to Telegram
⏳ Next scan in 3m...
[18:27:10] Live scan
  Запуск live-скрапера (після ранкових Telegram, якщо були).
Opening: https://m.flashscore.ua/?s=2 (minute >= 60, 0:0 only)
Provider health [https://m.flashscore.ua/?s=2]: rows=27, 0:0 total=9, candidates=1
  ⏸ 0:0 ще рано (< 60'):
    28' БІЛОРУСЬ: Кубок Білорусі28'МЛ Вітебськ - Динамо М. [БІЛОРУСЬ: Кубок Білорусі]
    28' ЄВРОПА: Євро U19 (Жінки) - Кваліфікація - Раунд 2 - Ліга B Таблиця28'Косово U19 W - Литва U19 W [ЄВРОПА: Євро U19 (Жінки) - Кваліфікація - Раунд 2 - Ліга B]
    45' КИРГИЗСТАН: Прем'єр-ліга ТаблицяПерерваМурас Юнайтед - Дордой Бішкек [КИРГИЗСТАН: Прем'єр-ліга]
    28' Кескі-Уусімаа - КаПа [ФІНЛЯНДІЯ: Кубок Фінляндії]
    28' ЧЕХІЯ: Дивізіон 2 Таблиця28'Кромержиж - Простейов [ЧЕХІЯ: Дивізіон 2]
    28' Острава B - Опава [ЧЕХІЯ: Дивізіон 2]
    28' Славія Прага B - Їглава [ЧЕХІЯ: Дивізіон 2]
    28' Спарта Прага B - Артіс Брно [ЧЕХІЯ: Дивізіон 2]
  ✔ 68' РУМУНІЯ: Ліга 2 - Чемпіонська група Таблиця68'Шепші - Волунтарі [РУМУНІЯ: Ліга 2 - Чемпіонська група] id=nJ6okPuK
  Found: 1 candidates, 1 new, 5 permanently skipped

→ РУМУНІЯ: Ліга 2 - Чемпіонська група Таблиця68'Шепші - Волунтарі (68') [РУМУНІЯ: Ліга 2 - Чемпіонська група]
  Кф 1X2: 1.77 / 3.13 / 5.32
  Desktop: https://www.flashscore.ua/match/soccer/sepsi-IDsPIcMA/voluntari-WIoSeFi4/?mid=nJ6okPuK
  ⚠ DOM ALERT [nJ6okPuK]: PAGE_ERROR — secondHalf: Navigation timeout of 20000 ms exceeded
  [stats] nJ6okPuK → overall_only, 6 metrics
  Features: quality=0.23, primary=2, status=overall_only
  Model v2: pGoal=0.364, pDry=0.636 sq=0.509 state=dry | 60-70 → SKIP

Done: 1 analyzed, 0 actionable, 0 TG sent

🔥 RUN #95: analyzed=1, signals=0
⏳ Next scan in 3m...
[18:30:50] Live scan
  Запуск live-скрапера (після ранкових Telegram, якщо були).
Opening: https://m.flashscore.ua/?s=2 (minute >= 60, 0:0 only)
Provider health [https://m.flashscore.ua/?s=2]: rows=28, 0:0 total=10, candidates=1
  ⏸ 0:0 ще рано (< 60'):
    31' БІЛОРУСЬ: Кубок Білорусі31'МЛ Вітебськ - Динамо М. [БІЛОРУСЬ: Кубок Білорусі]
    31' ЄВРОПА: Євро U19 (Жінки) - Кваліфікація - Раунд 2 - Ліга B Таблиця31'Косово U19 W - Литва U19 W [ЄВРОПА: Євро U19 (Жінки) - Кваліфікація - Раунд 2 - Ліга B]
    45' КИРГИЗСТАН: Прем'єр-ліга ТаблицяПерерваМурас Юнайтед - Дордой Бішкек [КИРГИЗСТАН: Прем'єр-ліга]
    31' Кескі-Уусімаа - КаПа [ФІНЛЯНДІЯ: Кубок Фінляндії]
    1' ВІФК - КПВ Коккола [ФІНЛЯНДІЯ: Кубок Фінляндії]
    31' ЧЕХІЯ: Дивізіон 2 Таблиця31'Кромержиж - Простейов [ЧЕХІЯ: Дивізіон 2]
    31' Острава B - Опава [ЧЕХІЯ: Дивізіон 2]
    31' Славія Прага B - Їглава [ЧЕХІЯ: Дивізіон 2]
    31' Спарта Прага B - Артіс Брно [ЧЕХІЯ: Дивізіон 2]
  ✔ 71' РУМУНІЯ: Ліга 2 - Чемпіонська група Таблиця71'Шепші - Волунтарі [РУМУНІЯ: Ліга 2 - Чемпіонська група] id=nJ6okPuK
  Found: 1 candidates, 1 new, 5 permanently skipped

→ РУМУНІЯ: Ліга 2 - Чемпіонська група Таблиця71'Шепші - Волунтарі (71') [РУМУНІЯ: Ліга 2 - Чемпіонська група]
  Кф 1X2: 1.77 / 3.13 / 5.32
  Desktop: https://www.flashscore.ua/match/soccer/sepsi-IDsPIcMA/voluntari-WIoSeFi4/?mid=nJ6okPuK
  [stats] nJ6okPuK → both, 6 metrics
  Features: quality=0.23, primary=2, status=both
  Model v2: pGoal=0.394, pDry=0.606 sq=0.5247 state=dry | 70-80 → SKIP

Done: 1 analyzed, 0 actionable, 0 TG sent

🔥 RUN #96: analyzed=1, signals=0
⏳ Next scan in 3m...
[18:34:12] Live scan
  Запуск live-скрапера (після ранкових Telegram, якщо були).
Opening: https://m.flashscore.ua/?s=2 (minute >= 60, 0:0 only)
Provider health [https://m.flashscore.ua/?s=2]: rows=30, 0:0 total=11, candidates=1
  ⏸ 0:0 ще рано (< 60'):
    35' БІЛОРУСЬ: Кубок Білорусі35'МЛ Вітебськ - Динамо М. [БІЛОРУСЬ: Кубок Білорусі]
    35' ЄВРОПА: Євро U19 (Жінки) - Кваліфікація - Раунд 2 - Ліга B Таблиця35'Косово U19 W - Литва U19 W [ЄВРОПА: Євро U19 (Жінки) - Кваліфікація - Раунд 2 - Ліга B]
    45' КИРГИЗСТАН: Прем'єр-ліга ТаблицяПерерваМурас Юнайтед - Дордой Бішкек [КИРГИЗСТАН: Прем'єр-ліга]
    35' Кескі-Уусімаа - КаПа [ФІНЛЯНДІЯ: Кубок Фінляндії]
    5' ВІФК - КПВ Коккола [ФІНЛЯНДІЯ: Кубок Фінляндії]
    5' Екенас - ТПС [ФІНЛЯНДІЯ: Кубок Фінляндії]
    35' ЧЕХІЯ: Дивізіон 2 Таблиця35'Кромержиж - Простейов [ЧЕХІЯ: Дивізіон 2]
    35' Острава B - Опава [ЧЕХІЯ: Дивізіон 2]
    35' Славія Прага B - Їглава [ЧЕХІЯ: Дивізіон 2]
    35' Спарта Прага B - Артіс Брно [ЧЕХІЯ: Дивізіон 2]
  ✔ 75' РУМУНІЯ: Ліга 2 - Чемпіонська група Таблиця75'Шепші - Волунтарі [РУМУНІЯ: Ліга 2 - Чемпіонська група] id=nJ6okPuK
  Found: 1 candidates, 1 new, 5 permanently skipped

→ РУМУНІЯ: Ліга 2 - Чемпіонська група Таблиця75'Шепші - Волунтарі (75') [РУМУНІЯ: Ліга 2 - Чемпіонська група]
  Кф 1X2: 1.77 / 3.13 / 5.32
  Desktop: https://www.flashscore.ua/match/soccer/sepsi-IDsPIcMA/voluntari-WIoSeFi4/?mid=nJ6okPuK
  [stats] nJ6okPuK → both, 6 metrics
  Features: quality=0.23, primary=2, status=both
  Model v2: pGoal=0.334, pDry=0.666 sq=0.5404 state=dry | 70-80 → SKIP | Δ2H SOT=0 xG=— (Δ4′ матчу)

Done: 1 analyzed, 0 actionable, 0 TG sent

🔥 RUN #97: analyzed=1, signals=0
⏳ Next scan in 3m...
[18:37:34] Live scan
  Запуск live-скрапера (після ранкових Telegram, якщо були).
Opening: https://m.flashscore.ua/?s=2 (minute >= 60, 0:0 only)
Provider health [https://m.flashscore.ua/?s=2]: rows=31, 0:0 total=12, candidates=1
  ⏸ 0:0 ще рано (< 60'):
    38' БІЛОРУСЬ: Кубок Білорусі38'МЛ Вітебськ - Динамо М. [БІЛОРУСЬ: Кубок Білорусі]
    38' ЄВРОПА: Євро U19 (Жінки) - Кваліфікація - Раунд 2 - Ліга B Таблиця38'Косово U19 W - Литва U19 W [ЄВРОПА: Євро U19 (Жінки) - Кваліфікація - Раунд 2 - Ліга B]
    8' ІТАЛІЯ: Серія D - Група І Таблиця8'Мілаццо - Ламеція [ІТАЛІЯ: Серія D - Група І]
    48' КИРГИЗСТАН: Прем'єр-ліга Таблиця48'Мурас Юнайтед - Дордой Бішкек [КИРГИЗСТАН: Прем'єр-ліга]
    38' Кескі-Уусімаа - КаПа [ФІНЛЯНДІЯ: Кубок Фінляндії]
    8' ВІФК - КПВ Коккола [ФІНЛЯНДІЯ: Кубок Фінляндії]
    8' Екенас - ТПС [ФІНЛЯНДІЯ: Кубок Фінляндії]
    38' ЧЕХІЯ: Дивізіон 2 Таблиця38'Кромержиж - Простейов [ЧЕХІЯ: Дивізіон 2]
    38' Острава B - Опава [ЧЕХІЯ: Дивізіон 2]
    38' Славія Прага B - Їглава [ЧЕХІЯ: Дивізіон 2]
    38' Спарта Прага B - Артіс Брно [ЧЕХІЯ: Дивізіон 2]
  ✔ 78' РУМУНІЯ: Ліга 2 - Чемпіонська група Таблиця78'Шепші - Волунтарі [РУМУНІЯ: Ліга 2 - Чемпіонська група] id=nJ6okPuK
  Found: 1 candidates, 1 new, 5 permanently skipped

→ РУМУНІЯ: Ліга 2 - Чемпіонська група Таблиця78'Шепші - Волунтарі (78') [РУМУНІЯ: Ліга 2 - Чемпіонська група]
  Кф 1X2: 1.77 / 3.13 / 5.32
  Desktop: https://www.flashscore.ua/match/soccer/sepsi-IDsPIcMA/voluntari-WIoSeFi4/?mid=nJ6okPuK
  ⚠ DOM ALERT [nJ6okPuK]: PAGE_ERROR — secondHalf: Navigation timeout of 20000 ms exceeded
  [stats] nJ6okPuK → overall_only, 6 metrics
  Features: quality=0.23, primary=2, status=overall_only
  Model v2: pGoal=0.394, pDry=0.606 sq=0.509 state=dry | 70-80 → SKIP

Done: 1 analyzed, 0 actionable, 0 TG sent

🔥 RUN #98: analyzed=1, signals=0
⏳ Next scan in 3m...
[18:41:15] Live scan
  Запуск live-скрапера (після ранкових Telegram, якщо були).
Opening: https://m.flashscore.ua/?s=2 (minute >= 60, 0:0 only)
Provider health [https://m.flashscore.ua/?s=2]: rows=31, 0:0 total=11, candidates=0
  ⏸ 0:0 ще рано (< 60'):
    42' БІЛОРУСЬ: Кубок Білорусі42'МЛ Вітебськ - Динамо М. [БІЛОРУСЬ: Кубок Білорусі]
    42' ЄВРОПА: Євро U19 (Жінки) - Кваліфікація - Раунд 2 - Ліга B Таблиця42'Косово U19 W - Литва U19 W [ЄВРОПА: Євро U19 (Жінки) - Кваліфікація - Раунд 2 - Ліга B]
    12' ІТАЛІЯ: Серія D - Група І Таблиця12'Мілаццо - Ламеція [ІТАЛІЯ: Серія D - Група І]
    51' КИРГИЗСТАН: Прем'єр-ліга Таблиця51'Мурас Юнайтед - Дордой Бішкек [КИРГИЗСТАН: Прем'єр-ліга]
    42' Кескі-Уусімаа - КаПа [ФІНЛЯНДІЯ: Кубок Фінляндії]
    12' ВІФК - КПВ Коккола [ФІНЛЯНДІЯ: Кубок Фінляндії]
    12' Екенас - ТПС [ФІНЛЯНДІЯ: Кубок Фінляндії]
    42' ЧЕХІЯ: Дивізіон 2 Таблиця42'Кромержиж - Простейов [ЧЕХІЯ: Дивізіон 2]
    42' Острава B - Опава [ЧЕХІЯ: Дивізіон 2]
    42' Славія Прага B - Їглава [ЧЕХІЯ: Дивізіон 2]
    42' Спарта Прага B - Артіс Брно [ЧЕХІЯ: Дивізіон 2]
  Found: 0 candidates, 0 new, 5 permanently skipped

Done: 0 analyzed, 0 actionable, 0 TG sent

🔥 RUN #99: analyzed=0, signals=0
⏳ Next scan in 3m...
[18:44:25] Live scan
  Запуск live-скрапера (після ранкових Telegram, якщо були).
Opening: https://m.flashscore.ua/?s=2 (minute >= 60, 0:0 only)
Provider health [https://m.flashscore.ua/?s=2]: rows=31, 0:0 total=10, candidates=0
  ⏸ 0:0 ще рано (< 60'):
    45' БІЛОРУСЬ: Кубок Білорусі45'МЛ Вітебськ - Динамо М. [БІЛОРУСЬ: Кубок Білорусі]
    45' ЄВРОПА: Євро U19 (Жінки) - Кваліфікація - Раунд 2 - Ліга B Таблиця45'Косово U19 W - Литва U19 W [ЄВРОПА: Євро U19 (Жінки) - Кваліфікація - Раунд 2 - Ліга B]
    15' ІТАЛІЯ: Серія D - Група І Таблиця15'Мілаццо - Ламеція [ІТАЛІЯ: Серія D - Група І]
    55' КИРГИЗСТАН: Прем'єр-ліга Таблиця55'Мурас Юнайтед - Дордой Бішкек [КИРГИЗСТАН: Прем'єр-ліга]
    45' Кескі-Уусімаа - КаПа [ФІНЛЯНДІЯ: Кубок Фінляндії]
    15' ВІФК - КПВ Коккола [ФІНЛЯНДІЯ: Кубок Фінляндії]
    45' ЧЕХІЯ: Дивізіон 2 Таблиця45'Кромержиж - Простейов [ЧЕХІЯ: Дивізіон 2]
    45' Острава B - Опава [ЧЕХІЯ: Дивізіон 2]
    45' Славія Прага B - Їглава [ЧЕХІЯ: Дивізіон 2]
    45' Спарта Прага B - Артіс Брно [ЧЕХІЯ: Дивізіон 2]
  Found: 0 candidates, 0 new, 5 permanently skipped

Done: 0 analyzed, 0 actionable, 0 TG sent

🔥 RUN #100: analyzed=0, signals=0
⏳ Next scan in 3m...
[18:47:35] Live scan
  Запуск live-скрапера (після ранкових Telegram, якщо були).
Opening: https://m.flashscore.ua/?s=2 (minute >= 60, 0:0 only)
Provider health [https://m.flashscore.ua/?s=2]: rows=31, 0:0 total=9, candidates=0
  ⏸ 0:0 ще рано (< 60'):
    18' ІТАЛІЯ: Серія D - Група І Таблиця18'Мілаццо - Ламеція [ІТАЛІЯ: Серія D - Група І]
    58' КИРГИЗСТАН: Прем'єр-ліга Таблиця58'Мурас Юнайтед - Дордой Бішкек [КИРГИЗСТАН: Прем'єр-ліга]
    18' ВІФК - КПВ Коккола [ФІНЛЯНДІЯ: Кубок Фінляндії]
  Found: 0 candidates, 0 new, 5 permanently skipped

Done: 0 analyzed, 0 actionable, 0 TG sent

🔥 RUN #101: analyzed=0, signals=0
⏳ Next scan in 3m...
[18:50:45] Live scan
  Запуск live-скрапера (після ранкових Telegram, якщо були).
Opening: https://m.flashscore.ua/?s=2 (minute >= 60, 0:0 only)
Provider health [https://m.flashscore.ua/?s=2]: rows=30, 0:0 total=9, candidates=1
  ⏸ 0:0 ще рано (< 60'):
    45' БІЛОРУСЬ: Кубок БілорусіПерерваМЛ Вітебськ - Динамо М. [БІЛОРУСЬ: Кубок Білорусі]
    45' ЄВРОПА: Євро U19 (Жінки) - Кваліфікація - Раунд 2 - Ліга B ТаблицяПерерваКосово U19 W - Литва U19 W [ЄВРОПА: Євро U19 (Жінки) - Кваліфікація - Раунд 2 - Ліга B]
    21' ІТАЛІЯ: Серія D - Група І Таблиця21'Мілаццо - Ламеція [ІТАЛІЯ: Серія D - Група І]
    21' ВІФК - КПВ Коккола [ФІНЛЯНДІЯ: Кубок Фінляндії]
    45' ЧЕХІЯ: Дивізіон 2 ТаблицяПерерваКромержиж - Простейов [ЧЕХІЯ: Дивізіон 2]
    45' Острава B - Опава [ЧЕХІЯ: Дивізіон 2]
    45' Славія Прага B - Їглава [ЧЕХІЯ: Дивізіон 2]
    45' Спарта Прага B - Артіс Брно [ЧЕХІЯ: Дивізіон 2]
  ✔ 61' КИРГИЗСТАН: Прем'єр-ліга Таблиця61'Мурас Юнайтед - Дордой Бішкек [КИРГИЗСТАН: Прем'єр-ліга] id=n11RZrrn
  Found: 1 candidates, 1 new, 5 permanently skipped

→ КИРГИЗСТАН: Прем'єр-ліга Таблиця61'Мурас Юнайтед - Дордой Бішкек (61') [КИРГИЗСТАН: Прем'єр-ліга]
  Кф 1X2: 1.98 / 3.74 / 3.38
  Desktop: https://www.flashscore.ua/match/soccer/dordoi-bishkek-bBvku82c/muras-united-SMC8x5sI/?mid=n11RZrrn
  [stats] n11RZrrn overall: no data-testid (old=0, any=0, body=148343)
  [stats] n11RZrrn secondHalf: no data-testid (old=0, any=0, body=148343)
  [stats] n11RZrrn → unavailable, 0 metrics
  Features: quality=0, primary=0, status=unavailable
  ✗ No stats at all → permanent skip

Done: 0 analyzed, 0 actionable, 0 TG sent

🔥 RUN #102: analyzed=0, signals=0
⏳ Next scan in 3m...
[18:54:33] Live scan
  Запуск live-скрапера (після ранкових Telegram, якщо були).
Opening: https://m.flashscore.ua/?s=2 (minute >= 60, 0:0 only)
Provider health [https://m.flashscore.ua/?s=2]: rows=25, 0:0 total=9, candidates=1
  ⏸ 0:0 ще рано (< 60'):
    45' БІЛОРУСЬ: Кубок БілорусіПерерваМЛ Вітебськ - Динамо М. [БІЛОРУСЬ: Кубок Білорусі]
    45' ЄВРОПА: Євро U19 (Жінки) - Кваліфікація - Раунд 2 - Ліга B ТаблицяПерерваКосово U19 W - Литва U19 W [ЄВРОПА: Євро U19 (Жінки) - Кваліфікація - Раунд 2 - Ліга B]
    25' ІТАЛІЯ: Серія D - Група І Таблиця25'Мілаццо - Ламеція [ІТАЛІЯ: Серія D - Група І]
    25' ВІФК - КПВ Коккола [ФІНЛЯНДІЯ: Кубок Фінляндії]
    45' ЧЕХІЯ: Дивізіон 2 ТаблицяПерерваКромержиж - Простейов [ЧЕХІЯ: Дивізіон 2]
    45' Острава B - Опава [ЧЕХІЯ: Дивізіон 2]
    45' Славія Прага B - Їглава [ЧЕХІЯ: Дивізіон 2]
    45' Спарта Прага B - Артіс Брно [ЧЕХІЯ: Дивізіон 2]
  ✔ 65' КИРГИЗСТАН: Прем'єр-ліга Таблиця65'Мурас Юнайтед - Дордой Бішкек [КИРГИЗСТАН: Прем'єр-ліга] id=n11RZrrn
  Found: 1 candidates, 0 new, 6 permanently skipped

Done: 0 analyzed, 0 actionable, 0 TG sent

🔥 RUN #103: analyzed=0, signals=0
⏳ Next scan in 3m...
[18:57:43] Live scan
  Запуск live-скрапера (після ранкових Telegram, якщо були).
Opening: https://m.flashscore.ua/?s=2 (minute >= 60, 0:0 only)
Provider health [https://m.flashscore.ua/?s=2]: rows=23, 0:0 total=9, candidates=1
  ⏸ 0:0 ще рано (< 60'):
    45' БІЛОРУСЬ: Кубок БілорусіПерерваМЛ Вітебськ - Динамо М. [БІЛОРУСЬ: Кубок Білорусі]
    45' ЄВРОПА: Євро U19 (Жінки) - Кваліфікація - Раунд 2 - Ліга B ТаблицяПерерваКосово U19 W - Литва U19 W [ЄВРОПА: Євро U19 (Жінки) - Кваліфікація - Раунд 2 - Ліга B]
    28' ІТАЛІЯ: Серія D - Група І Таблиця28'Мілаццо - Ламеція [ІТАЛІЯ: Серія D - Група І]
    28' ВІФК - КПВ Коккола [ФІНЛЯНДІЯ: Кубок Фінляндії]
    45' ЧЕХІЯ: Дивізіон 2 ТаблицяПерерваКромержиж - Простейов [ЧЕХІЯ: Дивізіон 2]
    45' Острава B - Опава [ЧЕХІЯ: Дивізіон 2]
    45' Славія Прага B - Їглава [ЧЕХІЯ: Дивізіон 2]
    45' Спарта Прага B - Артіс Брно [ЧЕХІЯ: Дивізіон 2]
  ✔ 68' КИРГИЗСТАН: Прем'єр-ліга Таблиця68'Мурас Юнайтед - Дордой Бішкек [КИРГИЗСТАН: Прем'єр-ліга] id=n11RZrrn
  Found: 1 candidates, 0 new, 6 permanently skipped

Done: 0 analyzed, 0 actionable, 0 TG sent

🔥 RUN #104: analyzed=0, signals=0
⏳ Next scan in 3m...
[19:00:53] Live scan
  Запуск live-скрапера (після ранкових Telegram, якщо були).
Opening: https://m.flashscore.ua/?s=2 (minute >= 60, 0:0 only)
Provider health [https://m.flashscore.ua/?s=2]: rows=23, 0:0 total=9, candidates=1
  ⏸ 0:0 ще рано (< 60'):
    45' БІЛОРУСЬ: Кубок БілорусіПерерваМЛ Вітебськ - Динамо М. [БІЛОРУСЬ: Кубок Білорусі]
    45' ЄВРОПА: Євро U19 (Жінки) - Кваліфікація - Раунд 2 - Ліга B ТаблицяПерерваКосово U19 W - Литва U19 W [ЄВРОПА: Євро U19 (Жінки) - Кваліфікація - Раунд 2 - Ліга B]
    31' ІТАЛІЯ: Серія D - Група І Таблиця31'Мілаццо - Ламеція [ІТАЛІЯ: Серія D - Група І]
    31' ВІФК - КПВ Коккола [ФІНЛЯНДІЯ: Кубок Фінляндії]
    45' ЧЕХІЯ: Дивізіон 2 ТаблицяПерерваКромержиж - Простейов [ЧЕХІЯ: Дивізіон 2]
    45' Острава B - Опава [ЧЕХІЯ: Дивізіон 2]
    45' Славія Прага B - Їглава [ЧЕХІЯ: Дивізіон 2]
    45' Спарта Прага B - Артіс Брно [ЧЕХІЯ: Дивізіон 2]
  ✔ 71' КИРГИЗСТАН: Прем'єр-ліга Таблиця71'Мурас Юнайтед - Дордой Бішкек [КИРГИЗСТАН: Прем'єр-ліга] id=n11RZrrn
  Found: 1 candidates, 0 new, 6 permanently skipped

Done: 0 analyzed, 0 actionable, 0 TG sent

🔥 RUN #105: analyzed=0, signals=0
⏳ Next scan in 3m...
[19:04:03] Live scan
  Запуск live-скрапера (після ранкових Telegram, якщо були).
Opening: https://m.flashscore.ua/?s=2 (minute >= 60, 0:0 only)
Provider health [https://m.flashscore.ua/?s=2]: rows=33, 0:0 total=19, candidates=1
  ⏸ 0:0 ще рано (< 60'):
    45' БІЛОРУСЬ: Кубок БілорусіПерерваМЛ Вітебськ - Динамо М. [БІЛОРУСЬ: Кубок Білорусі]
    45' ЄВРОПА: Євро U19 (Жінки) - Кваліфікація - Раунд 2 - Ліга B ТаблицяПерерваКосово U19 W - Литва U19 W [ЄВРОПА: Євро U19 (Жінки) - Кваліфікація - Раунд 2 - Ліга B]
    35' ІТАЛІЯ: Серія D - Група І Таблиця35'Мілаццо - Ламеція [ІТАЛІЯ: Серія D - Група І]
    5' ЙОРДАНІЯ: Прем'єр-ліга Таблиця5'Аль-Хуссейн - Аль-Рамта [ЙОРДАНІЯ: Прем'єр-ліга]
    5' МАЛЬТА: Прем'єр-ліга - Другий етап - Топ-6 Таблиця5'Наксар - Валлетта [МАЛЬТА: Прем'єр-ліга - Другий етап - Топ-6]
    5' Варта Познань - Шльонск Вроцлав II [ПОЛЬЩА: Дивізіон 2]
    5' САУДІВСЬКА АРАВІЯ: Дивізіон 1 Таблиця5'Аль-Батін - Аль-Арабі [САУДІВСЬКА АРАВІЯ: Дивізіон 1]
    5' Аль-Фейсалі - Аль-Таі [САУДІВСЬКА АРАВІЯ: Дивізіон 1]
    5' СЛОВАЧЧИНА: Кубок Словаччини5'Кошице - Прешов [СЛОВАЧЧИНА: Кубок Словаччини]
    35' ВІФК - КПВ Коккола [ФІНЛЯНДІЯ: Кубок Фінляндії]
    45' ЧЕХІЯ: Дивізіон 2 ТаблицяПерерваКромержиж - Простейов [ЧЕХІЯ: Дивізіон 2]
    45' Острава B - Опава [ЧЕХІЯ: Дивізіон 2]
    45' Славія Прага B - Їглава [ЧЕХІЯ: Дивізіон 2]
    45' Спарта Прага B - Артіс Брно [ЧЕХІЯ: Дивізіон 2]
    5' Влашим - Пржибрам [ЧЕХІЯ: Дивізіон 2]
    5' Таборско - Чеське Будейовіце [ЧЕХІЯ: Дивізіон 2]
    5' Усті-над-Лабем - Хрудім [ЧЕХІЯ: Дивізіон 2]
    5' ШВЕЙЦАРІЯ: Ліга підвищення Таблиця5'Базель II - Шаффхаузен [ШВЕЙЦАРІЯ: Ліга підвищення]
  ✔ 75' КИРГИЗСТАН: Прем'єр-ліга Таблиця75'Мурас Юнайтед - Дордой Бішкек [КИРГИЗСТАН: Прем'єр-ліга] id=n11RZrrn
  Found: 1 candidates, 0 new, 6 permanently skipped

Done: 0 analyzed, 0 actionable, 0 TG sent

🔥 RUN #106: analyzed=0, signals=0
⏳ Next scan in 3m...
[19:07:14] Live scan
  Запуск live-скрапера (після ранкових Telegram, якщо були).
Opening: https://m.flashscore.ua/?s=2 (minute >= 60, 0:0 only)
Provider health [https://m.flashscore.ua/?s=2]: rows=40, 0:0 total=23, candidates=1
  ⏸ 0:0 ще рано (< 60'):
    49' БІЛОРУСЬ: Кубок Білорусі49'МЛ Вітебськ - Динамо М. [БІЛОРУСЬ: Кубок Білорусі]
    8' ЄВРОПА: Євро U19 (Жінки) - Кваліфікація - Round 2 - League A Таблиця8'Португалія U19 W - Угорщина U19 W [ЄВРОПА: Євро U19 (Жінки) - Кваліфікація - Round 2 - League A]
    50' ЄВРОПА: Євро U19 (Жінки) - Кваліфікація - Раунд 2 - Ліга B Таблиця50'Косово U19 W - Литва U19 W [ЄВРОПА: Євро U19 (Жінки) - Кваліфікація - Раунд 2 - Ліга B]
    38' ІТАЛІЯ: Серія D - Група І Таблиця38'Мілаццо - Ламеція [ІТАЛІЯ: Серія D - Група І]
    8' ЙОРДАНІЯ: Прем'єр-ліга Таблиця8'Аль-Хуссейн - Аль-Рамта [ЙОРДАНІЯ: Прем'єр-ліга]
    8' КАТАР: Кубок КСЛ - Плей-оф8'Аль-Райян - Муайтер [КАТАР: Кубок КСЛ - Плей-оф]
    8' МАЛІ: Перший дивізіон Таблиця8'УС Бугуні - Фут Еліт [МАЛІ: Перший дивізіон]
    8' МАЛЬТА: Прем'єр-ліга - Другий етап - Топ-6 Таблиця8'Наксар - Валлетта [МАЛЬТА: Прем'єр-ліга - Другий етап - Топ-6]
    8' Хамрун - Гзіра [МАЛЬТА: Прем'єр-ліга - Другий етап - Топ-6]
    8' Варта Познань - Шльонск Вроцлав II [ПОЛЬЩА: Дивізіон 2]
    8' Аль-Фейсалі - Аль-Таі [САУДІВСЬКА АРАВІЯ: Дивізіон 1]
    8' СЛОВАЧЧИНА: Кубок Словаччини8'Кошице - Прешов [СЛОВАЧЧИНА: Кубок Словаччини]
    38' ВІФК - КПВ Коккола [ФІНЛЯНДІЯ: Кубок Фінляндії]
    8' Каяні - ВПС 2 [ФІНЛЯНДІЯ: Кубок Фінляндії]
    50' ЧЕХІЯ: Дивізіон 2 Таблиця50'Кромержиж - Простейов [ЧЕХІЯ: Дивізіон 2]
    49' Острава B - Опава [ЧЕХІЯ: Дивізіон 2]
    51' Славія Прага B - Їглава [ЧЕХІЯ: Дивізіон 2]
    49' Спарта Прага B - Артіс Брно [ЧЕХІЯ: Дивізіон 2]
    8' Брно - Жижков [ЧЕХІЯ: Дивізіон 2]
    8' Влашим - Пржибрам [ЧЕХІЯ: Дивізіон 2]
    8' Усті-над-Лабем - Хрудім [ЧЕХІЯ: Дивізіон 2]
    8' ШВЕЙЦАРІЯ: Ліга підвищення Таблиця8'Базель II - Шаффхаузен [ШВЕЙЦАРІЯ: Ліга підвищення]
  ✔ 78' КИРГИЗСТАН: Прем'єр-ліга Таблиця78'Мурас Юнайтед - Дордой Бішкек [КИРГИЗСТАН: Прем'єр-ліга] id=n11RZrrn
  Found: 1 candidates, 0 new, 6 permanently skipped

Done: 0 analyzed, 0 actionable, 0 TG sent

🔥 RUN #107: analyzed=0, signals=0
⏳ Next scan in 3m...
[19:10:24] Live scan
  Запуск live-скрапера (після ранкових Telegram, якщо були).
Opening: https://m.flashscore.ua/?s=2 (minute >= 60, 0:0 only)
Provider health [https://m.flashscore.ua/?s=2]: rows=42, 0:0 total=22, candidates=1
  ⏸ 0:0 ще рано (< 60'):
    53' БІЛОРУСЬ: Кубок Білорусі53'МЛ Вітебськ - Динамо М. [БІЛОРУСЬ: Кубок Білорусі]
    11' ЄВРОПА: Євро U19 (Жінки) - Кваліфікація - Round 2 - League A Таблиця11'Португалія U19 W - Угорщина U19 W [ЄВРОПА: Євро U19 (Жінки) - Кваліфікація - Round 2 - League A]
    53' ЄВРОПА: Євро U19 (Жінки) - Кваліфікація - Раунд 2 - Ліга B Таблиця53'Косово U19 W - Литва U19 W [ЄВРОПА: Євро U19 (Жінки) - Кваліфікація - Раунд 2 - Ліга B]
    41' ІТАЛІЯ: Серія D - Група І Таблиця41'Мілаццо - Ламеція [ІТАЛІЯ: Серія D - Група І]
    11' КАТАР: Кубок КСЛ - Плей-оф11'Аль-Райян - Муайтер [КАТАР: Кубок КСЛ - Плей-оф]
    11' МАЛІ: Перший дивізіон Таблиця11'УС Бугуні - Фут Еліт [МАЛІ: Перший дивізіон]
    11' МАЛЬТА: Прем'єр-ліга - Другий етап - Топ-6 Таблиця11'Наксар - Валлетта [МАЛЬТА: Прем'єр-ліга - Другий етап - Топ-6]
    11' Хамрун - Гзіра [МАЛЬТА: Прем'єр-ліга - Другий етап - Топ-6]
    11' НІМЕЧЧИНА: Регіональна ліга - Північ Таблиця11'Шенінген - Лоне [НІМЕЧЧИНА: Регіональна ліга - Північ]
    11' Варта Познань - Шльонск Вроцлав II [ПОЛЬЩА: Дивізіон 2]
    11' Аль-Фейсалі - Аль-Таі [САУДІВСЬКА АРАВІЯ: Дивізіон 1]
    6' Аль-Раед - Аль-Оруба [САУДІВСЬКА АРАВІЯ: Дивізіон 1]
    11' СЛОВАЧЧИНА: Кубок Словаччини11'Кошице - Прешов [СЛОВАЧЧИНА: Кубок Словаччини]
    11' Каяні - ВПС 2 [ФІНЛЯНДІЯ: Кубок Фінляндії]
    53' ЧЕХІЯ: Дивізіон 2 Таблиця53'Кромержиж - Простейов [ЧЕХІЯ: Дивізіон 2]
    53' Острава B - Опава [ЧЕХІЯ: Дивізіон 2]
    54' Славія Прага B - Їглава [ЧЕХІЯ: Дивізіон 2]
    11' Брно - Жижков [ЧЕХІЯ: Дивізіон 2]
    11' Влашим - Пржибрам [ЧЕХІЯ: Дивізіон 2]
    11' Усті-над-Лабем - Хрудім [ЧЕХІЯ: Дивізіон 2]
    11' ШВЕЙЦАРІЯ: Ліга підвищення Таблиця11'Базель II - Шаффхаузен [ШВЕЙЦАРІЯ: Ліга підвищення]
  ✔ 81' КИРГИЗСТАН: Прем'єр-ліга Таблиця81'Мурас Юнайтед - Дордой Бішкек [КИРГИЗСТАН: Прем'єр-ліга] id=n11RZrrn
  Found: 1 candidates, 0 new, 6 permanently skipped

Done: 0 analyzed, 0 actionable, 0 TG sent

🔥 RUN #108: analyzed=0, signals=0
⏳ Next scan in 3m...
[19:13:34] Live scan
  Запуск live-скрапера (після ранкових Telegram, якщо були).
Opening: https://m.flashscore.ua/?s=2 (minute >= 60, 0:0 only)
Provider health [https://m.flashscore.ua/?s=2]: rows=42, 0:0 total=18, candidates=0
  ⏸ 0:0 ще рано (< 60'):
    56' БІЛОРУСЬ: Кубок Білорусі56'МЛ Вітебськ - Динамо М. [БІЛОРУСЬ: Кубок Білорусі]
    14' ЄВРОПА: Євро U19 (Жінки) - Кваліфікація - Round 2 - League A Таблиця14'Португалія U19 W - Угорщина U19 W [ЄВРОПА: Євро U19 (Жінки) - Кваліфікація - Round 2 - League A]
    56' ЄВРОПА: Євро U19 (Жінки) - Кваліфікація - Раунд 2 - Ліга B Таблиця56'Косово U19 W - Литва U19 W [ЄВРОПА: Євро U19 (Жінки) - Кваліфікація - Раунд 2 - Ліга B]
    44' ІТАЛІЯ: Серія D - Група І Таблиця44'Мілаццо - Ламеція [ІТАЛІЯ: Серія D - Група І]
    14' КАТАР: Кубок КСЛ - Плей-оф14'Аль-Райян - Муайтер [КАТАР: Кубок КСЛ - Плей-оф]
    14' МАЛІ: Перший дивізіон Таблиця14'УС Бугуні - Фут Еліт [МАЛІ: Перший дивізіон]
    14' МАЛЬТА: Прем'єр-ліга - Другий етап - Топ-6 Таблиця14'Наксар - Валлетта [МАЛЬТА: Прем'єр-ліга - Другий етап - Топ-6]
    14' Хамрун - Гзіра [МАЛЬТА: Прем'єр-ліга - Другий етап - Топ-6]
    14' НІМЕЧЧИНА: Регіональна ліга - Північ Таблиця14'Шенінген - Лоне [НІМЕЧЧИНА: Регіональна ліга - Північ]
    14' СЛОВАЧЧИНА: Кубок Словаччини14'Кошице - Прешов [СЛОВАЧЧИНА: Кубок Словаччини]
    14' Каяні - ВПС 2 [ФІНЛЯНДІЯ: Кубок Фінляндії]
    56' ЧЕХІЯ: Дивізіон 2 Таблиця56'Кромержиж - Простейов [ЧЕХІЯ: Дивізіон 2]
    55' Острава B - Опава [ЧЕХІЯ: Дивізіон 2]
    57' Славія Прага B - Їглава [ЧЕХІЯ: Дивізіон 2]
    14' Брно - Жижков [ЧЕХІЯ: Дивізіон 2]
    14' Влашим - Пржибрам [ЧЕХІЯ: Дивізіон 2]
    14' Усті-над-Лабем - Хрудім [ЧЕХІЯ: Дивізіон 2]
    14' ШВЕЙЦАРІЯ: Ліга підвищення Таблиця14'Базель II - Шаффхаузен [ШВЕЙЦАРІЯ: Ліга підвищення]
  Found: 0 candidates, 0 new, 6 permanently skipped

Done: 0 analyzed, 0 actionable, 0 TG sent

🔥 RUN #109: analyzed=0, signals=0
⏳ Next scan in 3m...
[19:16:45] Live scan
  Запуск live-скрапера (після ранкових Telegram, якщо були).
Opening: https://m.flashscore.ua/?s=2 (minute >= 60, 0:0 only)
Provider health [https://m.flashscore.ua/?s=2]: rows=42, 0:0 total=18, candidates=1
  ⏸ 0:0 ще рано (< 60'):
    59' БІЛОРУСЬ: Кубок Білорусі59'МЛ Вітебськ - Динамо М. [БІЛОРУСЬ: Кубок Білорусі]
    17' ЄВРОПА: Євро U19 (Жінки) - Кваліфікація - Round 2 - League A Таблиця17'Португалія U19 W - Угорщина U19 W [ЄВРОПА: Євро U19 (Жінки) - Кваліфікація - Round 2 - League A]
    59' ЄВРОПА: Євро U19 (Жінки) - Кваліфікація - Раунд 2 - Ліга B Таблиця59'Косово U19 W - Литва U19 W [ЄВРОПА: Євро U19 (Жінки) - Кваліфікація - Раунд 2 - Ліга B]
    17' КАТАР: Кубок КСЛ - Плей-оф17'Аль-Райян - Муайтер [КАТАР: Кубок КСЛ - Плей-оф]
    17' МАЛІ: Перший дивізіон Таблиця17'УС Бугуні - Фут Еліт [МАЛІ: Перший дивізіон]
    17' МАЛЬТА: Прем'єр-ліга - Другий етап - Топ-6 Таблиця17'Наксар - Валлетта [МАЛЬТА: Прем'єр-ліга - Другий етап - Топ-6]
    17' Хамрун - Гзіра [МАЛЬТА: Прем'єр-ліга - Другий етап - Топ-6]
    12' Аль-Раед - Аль-Оруба [САУДІВСЬКА АРАВІЯ: Дивізіон 1]
    17' СЛОВАЧЧИНА: Кубок Словаччини17'Кошице - Прешов [СЛОВАЧЧИНА: Кубок Словаччини]
    17' Каяні - ВПС 2 [ФІНЛЯНДІЯ: Кубок Фінляндії]
    59' ТПВ - Тампере Юнайтед -:-ЧЕХІЯ: Дивізіон 2 Таблиця59'Кромержиж - Простейов [ЧЕХІЯ: Дивізіон 2]
    59' Острава B - Опава [ЧЕХІЯ: Дивізіон 2]
    17' Брно - Жижков [ЧЕХІЯ: Дивізіон 2]
    17' Влашим - Пржибрам [ЧЕХІЯ: Дивізіон 2]
    17' Усті-над-Лабем - Хрудім [ЧЕХІЯ: Дивізіон 2]
    17' ШВЕЙЦАРІЯ: Ліга підвищення Таблиця17'Базель II - Шаффхаузен [ШВЕЙЦАРІЯ: Ліга підвищення]
  ✔ 60' Славія Прага B - Їглава [ЧЕХІЯ: Дивізіон 2] id=IoAERP95
  Found: 1 candidates, 1 new, 6 permanently skipped

→ Славія Прага B - Їглава (60') [ЧЕХІЯ: Дивізіон 2]
  Кф 1X2: 2.2 / 3.55 / 3.01
  Desktop: https://www.flashscore.ua/match/soccer/jihlava-IwI0Uusk/slavia-prague-Y5UWItte/?mid=IoAERP95
  ⚠ DOM ALERT [IoAERP95]: PAGE_ERROR — secondHalf: Navigation timeout of 20000 ms exceeded
  [stats] IoAERP95 → overall_only, 6 metrics
  Features: quality=0.23, primary=2, status=overall_only
  Model v2: pGoal=0.351, pDry=0.649 sq=0.509 state=dry | 60-70 → SKIP

Done: 1 analyzed, 0 actionable, 0 TG sent

🔥 RUN #110: analyzed=1, signals=0
⏳ Next scan in 3m...
[19:20:25] Live scan
  Запуск live-скрапера (після ранкових Telegram, якщо були).
Opening: https://m.flashscore.ua/?s=2 (minute >= 60, 0:0 only)
Provider health [https://m.flashscore.ua/?s=2]: rows=43, 0:0 total=17, candidates=4
  ⏸ 0:0 ще рано (< 60'):
    20' ЄВРОПА: Євро U19 (Жінки) - Кваліфікація - Round 2 - League A Таблиця20'Португалія U19 W - Угорщина U19 W [ЄВРОПА: Євро U19 (Жінки) - Кваліфікація - Round 2 - League A]
    20' КАТАР: Кубок КСЛ - Плей-оф20'Аль-Райян - Муайтер [КАТАР: Кубок КСЛ - Плей-оф]
    20' МАЛІ: Перший дивізіон Таблиця20'УС Бугуні - Фут Еліт [МАЛІ: Перший дивізіон]
    20' МАЛЬТА: Прем'єр-ліга - Другий етап - Топ-6 Таблиця20'Наксар - Валлетта [МАЛЬТА: Прем'єр-ліга - Другий етап - Топ-6]
    20' Хамрун - Гзіра [МАЛЬТА: Прем'єр-ліга - Другий етап - Топ-6]
    15' Аль-Раед - Аль-Оруба [САУДІВСЬКА АРАВІЯ: Дивізіон 1]
    20' Каяні - ВПС 2 [ФІНЛЯНДІЯ: Кубок Фінляндії]
    5' ТПВ - Тампере Юнайтед [ФІНЛЯНДІЯ: Кубок Фінляндії]
    20' Брно - Жижков [ЧЕХІЯ: Дивізіон 2]
    20' Влашим - Пржибрам [ЧЕХІЯ: Дивізіон 2]
    20' Усті-над-Лабем - Хрудім [ЧЕХІЯ: Дивізіон 2]
    20' ШВЕЙЦАРІЯ: Ліга підвищення Таблиця20'Базель II - Шаффхаузен [ШВЕЙЦАРІЯ: Ліга підвищення]
  ✔ 62' БІЛОРУСЬ: Кубок Білорусі62'МЛ Вітебськ - Динамо М. [БІЛОРУСЬ: Кубок Білорусі] id=besKNcFl
  ✔ 62' ЄВРОПА: Євро U19 (Жінки) - Кваліфікація - Раунд 2 - Ліга B Таблиця62'Косово U19 W - Литва U19 W [ЄВРОПА: Євро U19 (Жінки) - Кваліфікація - Раунд 2 - Ліга B] id=nXdclRQ0
  ✔ 62' ЧЕХІЯ: Дивізіон 2 Таблиця62'Кромержиж - Простейов [ЧЕХІЯ: Дивізіон 2] id=b5VmtPOb
  ✔ 63' Славія Прага B - Їглава [ЧЕХІЯ: Дивізіон 2] id=IoAERP95
  Found: 4 candidates, 4 new, 6 permanently skipped

→ БІЛОРУСЬ: Кубок Білорусі62'МЛ Вітебськ - Динамо М. (62') [БІЛОРУСЬ: Кубок Білорусі]

→ ЄВРОПА: Євро U19 (Жінки) - Кваліфікація - Раунд 2 - Ліга B Таблиця62'Косово U19 W - Литва U19 W (62') [ЄВРОПА: Євро U19 (Жінки) - Кваліфікація - Раунд 2 - Ліга B]
  Кф 1X2: 1.19 / 5.95 / 10.9
  Кф 1X2: 2.19 / 2.96 / 3.66
  Desktop: https://www.flashscore.ua/match/soccer/din-minsk-Wtzu8xF1/ml-vitebsk-UkzXzc1n/?mid=besKNcFl
  Desktop: https://www.flashscore.ua/match/soccer/kosovo-Kp68hgTG/lithuania-juMFspbh/?mid=nXdclRQ0
  [stats] nXdclRQ0 overall: no data-testid (old=0, any=0, body=148392)
  [stats] nXdclRQ0 secondHalf: no data-testid (old=0, any=0, body=148392)
  ⚠ DOM ALERT [besKNcFl]: PAGE_ERROR — secondHalf: Navigation timeout of 20000 ms exceeded
  [stats] besKNcFl → overall_only, 6 metrics
  Features: quality=0.23, primary=2, status=overall_only
  Model v2: pGoal=0.352, pDry=0.648 sq=0.509 state=dry | 60-70 → SKIP

→ ЧЕХІЯ: Дивізіон 2 Таблиця62'Кромержиж - Простейов (62') [ЧЕХІЯ: Дивізіон 2]
  Кф 1X2: 1.75 / 3.68 / 4.41
  Desktop: https://www.flashscore.ua/match/soccer/kromeriz-G6BH9wIP/prostejov-Gtztv1X8/?mid=b5VmtPOb
  [stats] nXdclRQ0 → unavailable, 0 metrics
  Features: quality=0, primary=0, status=unavailable
  ✗ No stats at all → permanent skip

→ Славія Прага B - Їглава (63') [ЧЕХІЯ: Дивізіон 2]
  Кф 1X2: 2.2 / 3.55 / 3.01
  Desktop: https://www.flashscore.ua/match/soccer/jihlava-IwI0Uusk/slavia-prague-Y5UWItte/?mid=IoAERP95
  ⚠ DOM ALERT [b5VmtPOb]: PAGE_ERROR — overall: Navigation timeout of 20000 ms exceeded
  [stats] b5VmtPOb mobile fallback overall: 6 metrics
  [stats] b5VmtPOb → both, 6 metrics
  Features: quality=0.23, primary=2, status=both
  Model v2: pGoal=0.42, pDry=0.58 sq=0.4447 state=dry | 60-70 → SKIP
  ⚠ DOM ALERT [IoAERP95]: PAGE_ERROR — overall: Navigation timeout of 20000 ms exceeded
  [stats] IoAERP95 mobile fallback overall: 6 metrics
  [stats] IoAERP95 → both, 6 metrics
  Features: quality=0.23, primary=2, status=both
  Model v2: pGoal=0.351, pDry=0.649 sq=0.5247 state=dry | 60-70 → SKIP

Done: 3 analyzed, 0 actionable, 0 TG sent

🔥 RUN #111: analyzed=3, signals=0
⏳ Next scan in 3m...
[19:24:44] Live scan
  Запуск live-скрапера (після ранкових Telegram, якщо були).
Opening: https://m.flashscore.ua/?s=2 (minute >= 60, 0:0 only)
Provider health [https://m.flashscore.ua/?s=2]: rows=42, 0:0 total=15, candidates=4
  ⏸ 0:0 ще рано (< 60'):
    25' ЄВРОПА: Євро U19 (Жінки) - Кваліфікація - Round 2 - League A Таблиця25'Португалія U19 W - Угорщина U19 W [ЄВРОПА: Євро U19 (Жінки) - Кваліфікація - Round 2 - League A]
    45' ІТАЛІЯ: Серія D - Група І ТаблицяПерерваМілаццо - Ламеція [ІТАЛІЯ: Серія D - Група І]
    25' КАТАР: Кубок КСЛ - Плей-оф25'Аль-Райян - Муайтер [КАТАР: Кубок КСЛ - Плей-оф]
    25' МАЛІ: Перший дивізіон Таблиця25'УС Бугуні - Фут Еліт [МАЛІ: Перший дивізіон]
    25' Хамрун - Гзіра [МАЛЬТА: Прем'єр-ліга - Другий етап - Топ-6]
    20' Аль-Раед - Аль-Оруба [САУДІВСЬКА АРАВІЯ: Дивізіон 1]
    25' Каяні - ВПС 2 [ФІНЛЯНДІЯ: Кубок Фінляндії]
    10' ТПВ - Тампере Юнайтед [ФІНЛЯНДІЯ: Кубок Фінляндії]
    25' Брно - Жижков [ЧЕХІЯ: Дивізіон 2]
    25' Влашим - Пржибрам [ЧЕХІЯ: Дивізіон 2]
    25' Усті-над-Лабем - Хрудім [ЧЕХІЯ: Дивізіон 2]
  ✔ 67' БІЛОРУСЬ: Кубок Білорусі67'МЛ Вітебськ - Динамо М. [БІЛОРУСЬ: Кубок Білорусі] id=besKNcFl
  ✔ 67' ЄВРОПА: Євро U19 (Жінки) - Кваліфікація - Раунд 2 - Ліга B Таблиця67'Косово U19 W - Литва U19 W [ЄВРОПА: Євро U19 (Жінки) - Кваліфікація - Раунд 2 - Ліга B] id=nXdclRQ0
  ✔ 67' ЧЕХІЯ: Дивізіон 2 Таблиця67'Кромержиж - Простейов [ЧЕХІЯ: Дивізіон 2] id=b5VmtPOb
  ✔ 68' Славія Прага B - Їглава [ЧЕХІЯ: Дивізіон 2] id=IoAERP95
  Found: 4 candidates, 3 new, 7 permanently skipped

→ БІЛОРУСЬ: Кубок Білорусі67'МЛ Вітебськ - Динамо М. (67') [БІЛОРУСЬ: Кубок Білорусі]

→ ЧЕХІЯ: Дивізіон 2 Таблиця67'Кромержиж - Простейов (67') [ЧЕХІЯ: Дивізіон 2]
  Кф 1X2: 2.19 / 2.96 / 3.66
  Кф 1X2: 1.75 / 3.68 / 4.41
  Desktop: https://www.flashscore.ua/match/soccer/kromeriz-G6BH9wIP/prostejov-Gtztv1X8/?mid=b5VmtPOb
  Desktop: https://www.flashscore.ua/match/soccer/din-minsk-Wtzu8xF1/ml-vitebsk-UkzXzc1n/?mid=besKNcFl
  [stats] besKNcFl → both, 6 metrics
  Features: quality=0.23, primary=2, status=both
  Model v2: pGoal=0.352, pDry=0.648 sq=0.5247 state=dry | 60-70 → SKIP

→ Славія Прага B - Їглава (68') [ЧЕХІЯ: Дивізіон 2]
  Кф 1X2: 2.2 / 3.55 / 3.01
  Desktop: https://www.flashscore.ua/match/soccer/jihlava-IwI0Uusk/slavia-prague-Y5UWItte/?mid=IoAERP95
  [stats] IoAERP95 → both, 6 metrics
  Features: quality=0.23, primary=2, status=both
  Model v2: pGoal=0.421, pDry=0.579 sq=0.4604 state=dry | 60-70 → SKIP | Δ2H SOT=1 xG=— (Δ5′ матчу)
  ⚠ DOM ALERT [b5VmtPOb]: PAGE_ERROR — secondHalf: Navigation timeout of 20000 ms exceeded
  [stats] b5VmtPOb → overall_only, 6 metrics
  Features: quality=0.23, primary=2, status=overall_only
  Model v2: pGoal=0.42, pDry=0.58 sq=0.429 state=dry | 60-70 → SKIP

Done: 3 analyzed, 0 actionable, 0 TG sent

🔥 RUN #112: analyzed=3, signals=0
Message sent to Telegram
⏳ Next scan in 3m...
[19:28:24] Live scan
  Запуск live-скрапера (після ранкових Telegram, якщо були).
Opening: https://m.flashscore.ua/?s=2 (minute >= 60, 0:0 only)
Provider health [https://m.flashscore.ua/?s=2]: rows=40, 0:0 total=14, candidates=3
  ⏸ 0:0 ще рано (< 60'):
    29' ЄВРОПА: Євро U19 (Жінки) - Кваліфікація - Round 2 - League A Таблиця29'Португалія U19 W - Угорщина U19 W [ЄВРОПА: Євро U19 (Жінки) - Кваліфікація - Round 2 - League A]
    45' ІТАЛІЯ: Серія D - Група І ТаблицяПерерваМілаццо - Ламеція [ІТАЛІЯ: Серія D - Група І]
    29' КАТАР: Кубок КСЛ - Плей-оф29'Аль-Райян - Муайтер [КАТАР: Кубок КСЛ - Плей-оф]
    29' МАЛІ: Перший дивізіон Таблиця29'УС Бугуні - Фут Еліт [МАЛІ: Перший дивізіон]
    29' Хамрун - Гзіра [МАЛЬТА: Прем'єр-ліга - Другий етап - Топ-6]
    24' Аль-Раед - Аль-Оруба [САУДІВСЬКА АРАВІЯ: Дивізіон 1]
    29' Каяні - ВПС 2 [ФІНЛЯНДІЯ: Кубок Фінляндії]
    14' ТПВ - Тампере Юнайтед [ФІНЛЯНДІЯ: Кубок Фінляндії]
    29' Брно - Жижков [ЧЕХІЯ: Дивізіон 2]
    29' Влашим - Пржибрам [ЧЕХІЯ: Дивізіон 2]
    29' Усті-над-Лабем - Хрудім [ЧЕХІЯ: Дивізіон 2]
  ✔ 70' БІЛОРУСЬ: Кубок Білорусі70'МЛ Вітебськ - Динамо М. [БІЛОРУСЬ: Кубок Білорусі] id=besKNcFl
  ✔ 71' ЄВРОПА: Євро U19 (Жінки) - Кваліфікація - Раунд 2 - Ліга B Таблиця71'Косово U19 W - Литва U19 W [ЄВРОПА: Євро U19 (Жінки) - Кваліфікація - Раунд 2 - Ліга B] id=nXdclRQ0
  ✔ 71' ЧЕХІЯ: Дивізіон 2 Таблиця71'Кромержиж - Простейов [ЧЕХІЯ: Дивізіон 2] id=b5VmtPOb
  Found: 3 candidates, 2 new, 7 permanently skipped

→ БІЛОРУСЬ: Кубок Білорусі70'МЛ Вітебськ - Динамо М. (70') [БІЛОРУСЬ: Кубок Білорусі]

→ ЧЕХІЯ: Дивізіон 2 Таблиця71'Кромержиж - Простейов (71') [ЧЕХІЯ: Дивізіон 2]
  Кф 1X2: 2.19 / 2.96 / 3.66
  Кф 1X2: 1.75 / 3.68 / 4.41
  Desktop: https://www.flashscore.ua/match/soccer/kromeriz-G6BH9wIP/prostejov-Gtztv1X8/?mid=b5VmtPOb
  Desktop: https://www.flashscore.ua/match/soccer/din-minsk-Wtzu8xF1/ml-vitebsk-UkzXzc1n/?mid=besKNcFl
  [stats] b5VmtPOb → both, 6 metrics
  Features: quality=0.23, primary=2, status=both
  Model v2: pGoal=0.45, pDry=0.55 sq=0.4447 state=dry | 70-80 → SKIP
  ⚠ DOM ALERT [besKNcFl]: PAGE_ERROR — secondHalf: Navigation timeout of 20000 ms exceeded
  [stats] besKNcFl → overall_only, 6 metrics
  Features: quality=0.23, primary=2, status=overall_only
  Model v2: pGoal=0.352, pDry=0.648 sq=0.509 state=dry | 70-80 → SKIP

Done: 2 analyzed, 0 actionable, 0 TG sent

🔥 RUN #113: analyzed=2, signals=0
⏳ Next scan in 3m...
[19:32:04] Live scan
  Запуск live-скрапера (після ранкових Telegram, якщо були).
Opening: https://m.flashscore.ua/?s=2 (minute >= 60, 0:0 only)
Provider health [https://m.flashscore.ua/?s=2]: rows=41, 0:0 total=14, candidates=2
  ⏸ 0:0 ще рано (< 60'):
    32' ЄВРОПА: Євро U19 (Жінки) - Кваліфікація - Round 2 - League A Таблиця32'Португалія U19 W - Угорщина U19 W [ЄВРОПА: Євро U19 (Жінки) - Кваліфікація - Round 2 - League A]
    45' ІТАЛІЯ: Серія D - Група І ТаблицяПерерваМілаццо - Ламеція [ІТАЛІЯ: Серія D - Група І]
    32' КАТАР: Кубок КСЛ - Плей-оф32'Аль-Райян - Муайтер [КАТАР: Кубок КСЛ - Плей-оф]
    32' МАЛІ: Перший дивізіон Таблиця32'УС Бугуні - Фут Еліт [МАЛІ: Перший дивізіон]
    2' УСФАС Бамако - Реал Бамако [МАЛІ: Перший дивізіон]
    32' Хамрун - Гзіра [МАЛЬТА: Прем'єр-ліга - Другий етап - Топ-6]
    27' Аль-Раед - Аль-Оруба [САУДІВСЬКА АРАВІЯ: Дивізіон 1]
    32' Каяні - ВПС 2 [ФІНЛЯНДІЯ: Кубок Фінляндії]
    17' ТПВ - Тампере Юнайтед [ФІНЛЯНДІЯ: Кубок Фінляндії]
    32' Влашим - Пржибрам [ЧЕХІЯ: Дивізіон 2]
    32' Усті-над-Лабем - Хрудім [ЧЕХІЯ: Дивізіон 2]
    2' Парадісо - Лугано II [ШВЕЙЦАРІЯ: Ліга підвищення]
  ✔ 74' ЄВРОПА: Євро U19 (Жінки) - Кваліфікація - Раунд 2 - Ліга B Таблиця74'Косово U19 W - Литва U19 W [ЄВРОПА: Євро U19 (Жінки) - Кваліфікація - Раунд 2 - Ліга B] id=nXdclRQ0
  ✔ 74' ЧЕХІЯ: Дивізіон 2 Таблиця74'Кромержиж - Простейов [ЧЕХІЯ: Дивізіон 2] id=b5VmtPOb
  Found: 2 candidates, 1 new, 7 permanently skipped

→ ЧЕХІЯ: Дивізіон 2 Таблиця74'Кромержиж - Простейов (74') [ЧЕХІЯ: Дивізіон 2]
  Кф 1X2: 1.75 / 3.68 / 4.41
  Desktop: https://www.flashscore.ua/match/soccer/kromeriz-G6BH9wIP/prostejov-Gtztv1X8/?mid=b5VmtPOb
  [stats] b5VmtPOb → both, 6 metrics
  Features: quality=0.23, primary=2, status=both
  Model v2: pGoal=0.39, pDry=0.61 sq=0.5404 state=dry | 70-80 → SKIP | Δ2H SOT=0 xG=— (Δ3′ матчу)

Done: 1 analyzed, 0 actionable, 0 TG sent

🔥 RUN #114: analyzed=1, signals=0
⏳ Next scan in 3m...
[19:35:27] Live scan
  Запуск live-скрапера (після ранкових Telegram, якщо були).
Opening: https://m.flashscore.ua/?s=2 (minute >= 60, 0:0 only)
Provider health [https://m.flashscore.ua/?s=2]: rows=44, 0:0 total=15, candidates=1
  ⏸ 0:0 ще рано (< 60'):
    6' БОСНІЯ ТА ГЕРЦЕГОВИНА: Кубок Боснії та Герцеговини6'Зріньскі - Раднік Бієліна [БОСНІЯ ТА ГЕРЦЕГОВИНА: Кубок Боснії та Герцеговини]
    36' ЄВРОПА: Євро U19 (Жінки) - Кваліфікація - Round 2 - League A Таблиця36'Португалія U19 W - Угорщина U19 W [ЄВРОПА: Євро U19 (Жінки) - Кваліфікація - Round 2 - League A]
    46' ІТАЛІЯ: Серія D - Група І Таблиця46'Мілаццо - Ламеція [ІТАЛІЯ: Серія D - Група І]
    36' КАТАР: Кубок КСЛ - Плей-оф36'Аль-Райян - Муайтер [КАТАР: Кубок КСЛ - Плей-оф]
    36' МАЛІ: Перший дивізіон Таблиця36'УС Бугуні - Фут Еліт [МАЛІ: Перший дивізіон]
    6' Джоліба - Онз Креатер [МАЛІ: Перший дивізіон]
    6' УСФАС Бамако - Реал Бамако [МАЛІ: Перший дивізіон]
    36' Хамрун - Гзіра [МАЛЬТА: Прем'єр-ліга - Другий етап - Топ-6]
    6' СЛОВЕНІЯ: Перша ліга Таблиця6'Цельє - Олімпія Любляна [СЛОВЕНІЯ: Перша ліга]
    36' Каяні - ВПС 2 [ФІНЛЯНДІЯ: Кубок Фінляндії]
    21' ТПВ - Тампере Юнайтед [ФІНЛЯНДІЯ: Кубок Фінляндії]
    36' Влашим - Пржибрам [ЧЕХІЯ: Дивізіон 2]
    36' Усті-над-Лабем - Хрудім [ЧЕХІЯ: Дивізіон 2]
    6' Парадісо - Лугано II [ШВЕЙЦАРІЯ: Ліга підвищення]
  ✔ 78' ЧЕХІЯ: Дивізіон 2 Таблиця78'Кромержиж - Простейов [ЧЕХІЯ: Дивізіон 2] id=b5VmtPOb
  Found: 1 candidates, 1 new, 7 permanently skipped

→ ЧЕХІЯ: Дивізіон 2 Таблиця78'Кромержиж - Простейов (78') [ЧЕХІЯ: Дивізіон 2]
  Кф 1X2: 1.75 / 3.68 / 4.41
  Desktop: https://www.flashscore.ua/match/soccer/kromeriz-G6BH9wIP/prostejov-Gtztv1X8/?mid=b5VmtPOb
  [stats] b5VmtPOb → both, 6 metrics
  Features: quality=0.23, primary=2, status=both
  Model v2: pGoal=0.59, pDry=0.41 sq=0.4761 state=lateSurge | 70-80 → SKIP | Δ2H SOT=2 xG=— (Δ4′ матчу)

Done: 1 analyzed, 0 actionable, 0 TG sent

🔥 RUN #115: analyzed=1, signals=0
⏳ Next scan in 3m...
[19:38:49] Live scan
  Запуск live-скрапера (після ранкових Telegram, якщо були).
Opening: https://m.flashscore.ua/?s=2 (minute >= 60, 0:0 only)
Provider health [https://m.flashscore.ua/?s=2]: rows=44, 0:0 total=15, candidates=1
  ⏸ 0:0 ще рано (< 60'):
    9' БОСНІЯ ТА ГЕРЦЕГОВИНА: Кубок Боснії та Герцеговини9'Зріньскі - Раднік Бієліна [БОСНІЯ ТА ГЕРЦЕГОВИНА: Кубок Боснії та Герцеговини]
    39' ЄВРОПА: Євро U19 (Жінки) - Кваліфікація - Round 2 - League A Таблиця39'Португалія U19 W - Угорщина U19 W [ЄВРОПА: Євро U19 (Жінки) - Кваліфікація - Round 2 - League A]
    49' ІТАЛІЯ: Серія D - Група І Таблиця49'Мілаццо - Ламеція [ІТАЛІЯ: Серія D - Група І]
    39' КАТАР: Кубок КСЛ - Плей-оф39'Аль-Райян - Муайтер [КАТАР: Кубок КСЛ - Плей-оф]
    39' МАЛІ: Перший дивізіон Таблиця39'УС Бугуні - Фут Еліт [МАЛІ: Перший дивізіон]
    9' Джоліба - Онз Креатер [МАЛІ: Перший дивізіон]
    9' УСФАС Бамако - Реал Бамако [МАЛІ: Перший дивізіон]
    39' Хамрун - Гзіра [МАЛЬТА: Прем'єр-ліга - Другий етап - Топ-6]
    9' СЛОВЕНІЯ: Перша ліга Таблиця9'Цельє - Олімпія Любляна [СЛОВЕНІЯ: Перша ліга]
    39' Каяні - ВПС 2 [ФІНЛЯНДІЯ: Кубок Фінляндії]
    24' ТПВ - Тампере Юнайтед [ФІНЛЯНДІЯ: Кубок Фінляндії]
    39' Влашим - Пржибрам [ЧЕХІЯ: Дивізіон 2]
    39' Усті-над-Лабем - Хрудім [ЧЕХІЯ: Дивізіон 2]
    9' Парадісо - Лугано II [ШВЕЙЦАРІЯ: Ліга підвищення]
  ✔ 81' ЧЕХІЯ: Дивізіон 2 Таблиця81'Кромержиж - Простейов [ЧЕХІЯ: Дивізіон 2] id=b5VmtPOb
  Found: 1 candidates, 1 new, 7 permanently skipped

→ ЧЕХІЯ: Дивізіон 2 Таблиця81'Кромержиж - Простейов (81') [ЧЕХІЯ: Дивізіон 2]
  Кф 1X2: 1.75 / 3.68 / 4.41
  Desktop: https://www.flashscore.ua/match/soccer/kromeriz-G6BH9wIP/prostejov-Gtztv1X8/?mid=b5VmtPOb
  [stats] b5VmtPOb → both, 6 metrics
  Features: quality=0.23, primary=2, status=both
  Model v2: pGoal=0.45, pDry=0.55 sq=0.4919 state=dry | 80-90+ → SKIP | Δ2H SOT=0 xG=— (Δ3′ матчу)

Done: 1 analyzed, 0 actionable, 0 TG sent

🔥 RUN #116: analyzed=1, signals=0
⏳ Next scan in 3m...
[19:42:11] Live scan
  Запуск live-скрапера (після ранкових Telegram, якщо були).
Opening: https://m.flashscore.ua/?s=2 (minute >= 60, 0:0 only)
Provider health [https://m.flashscore.ua/?s=2]: rows=43, 0:0 total=15, candidates=1
  ⏸ 0:0 ще рано (< 60'):
    12' БОСНІЯ ТА ГЕРЦЕГОВИНА: Кубок Боснії та Герцеговини12'Зріньскі - Раднік Бієліна [БОСНІЯ ТА ГЕРЦЕГОВИНА: Кубок Боснії та Герцеговини]
    42' ЄВРОПА: Євро U19 (Жінки) - Кваліфікація - Round 2 - League A Таблиця42'Португалія U19 W - Угорщина U19 W [ЄВРОПА: Євро U19 (Жінки) - Кваліфікація - Round 2 - League A]
    53' ІТАЛІЯ: Серія D - Група І Таблиця53'Мілаццо - Ламеція [ІТАЛІЯ: Серія D - Група І]
    42' КАТАР: Кубок КСЛ - Плей-оф42'Аль-Райян - Муайтер [КАТАР: Кубок КСЛ - Плей-оф]
    42' МАЛІ: Перший дивізіон Таблиця42'УС Бугуні - Фут Еліт [МАЛІ: Перший дивізіон]
    12' Джоліба - Онз Креатер [МАЛІ: Перший дивізіон]
    12' УСФАС Бамако - Реал Бамако [МАЛІ: Перший дивізіон]
    42' Хамрун - Гзіра [МАЛЬТА: Прем'єр-ліга - Другий етап - Топ-6]
    37' Аль-Раед - Аль-Оруба [САУДІВСЬКА АРАВІЯ: Дивізіон 1]
    12' СЛОВЕНІЯ: Перша ліга Таблиця12'Цельє - Олімпія Любляна [СЛОВЕНІЯ: Перша ліга]
    42' Каяні - ВПС 2 [ФІНЛЯНДІЯ: Кубок Фінляндії]
    42' Влашим - Пржибрам [ЧЕХІЯ: Дивізіон 2]
    42' Усті-над-Лабем - Хрудім [ЧЕХІЯ: Дивізіон 2]
    12' Парадісо - Лугано II [ШВЕЙЦАРІЯ: Ліга підвищення]
  ✔ 84' ЧЕХІЯ: Дивізіон 2 Таблиця84'Кромержиж - Простейов [ЧЕХІЯ: Дивізіон 2] id=b5VmtPOb
  Found: 1 candidates, 1 new, 7 permanently skipped

→ ЧЕХІЯ: Дивізіон 2 Таблиця84'Кромержиж - Простейов (84') [ЧЕХІЯ: Дивізіон 2]
  Кф 1X2: 1.75 / 3.68 / 4.41
  Desktop: https://www.flashscore.ua/match/soccer/kromeriz-G6BH9wIP/prostejov-Gtztv1X8/?mid=b5VmtPOb
  [stats] b5VmtPOb → both, 6 metrics
  Features: quality=0.23, primary=2, status=both
  Model v2: pGoal=0.45, pDry=0.55 sq=0.5076 state=dry | 80-90+ → SKIP | Δ2H SOT=0 xG=— (Δ3′ матчу)

Done: 1 analyzed, 0 actionable, 0 TG sent

🔥 RUN #117: analyzed=1, signals=0
⏳ Next scan in 3m...
[19:45:35] Live scan
  Запуск live-скрапера (після ранкових Telegram, якщо були).
Opening: https://m.flashscore.ua/?s=2 (minute >= 60, 0:0 only)
Provider health [https://m.flashscore.ua/?s=2]: rows=44, 0:0 total=14, candidates=1
  ⏸ 0:0 ще рано (< 60'):
    16' БОСНІЯ ТА ГЕРЦЕГОВИНА: Кубок Боснії та Герцеговини16'Зріньскі - Раднік Бієліна [БОСНІЯ ТА ГЕРЦЕГОВИНА: Кубок Боснії та Герцеговини]
    56' ІТАЛІЯ: Серія D - Група І Таблиця56'Мілаццо - Ламеція [ІТАЛІЯ: Серія D - Група І]
    16' Джоліба - Онз Креатер [МАЛІ: Перший дивізіон]
    16' УСФАС Бамако - Реал Бамако [МАЛІ: Перший дивізіон]
    41' Аль-Раед - Аль-Оруба [САУДІВСЬКА АРАВІЯ: Дивізіон 1]
    16' СЛОВЕНІЯ: Перша ліга Таблиця16'Цельє - Олімпія Любляна [СЛОВЕНІЯ: Перша ліга]
    16' ФАРЕРСЬКІ ОСТРОВИ: Кубок Фарерських островів16'Хойвік - ТБ/ФКС/Ройн [ФАРЕРСЬКІ ОСТРОВИ: Кубок Фарерських островів]
    16' Парадісо - Лугано II [ШВЕЙЦАРІЯ: Ліга підвищення]
  ✔ 88' ЧЕХІЯ: Дивізіон 2 Таблиця88'Кромержиж - Простейов [ЧЕХІЯ: Дивізіон 2] id=b5VmtPOb
  Found: 1 candidates, 1 new, 7 permanently skipped

→ ЧЕХІЯ: Дивізіон 2 Таблиця88'Кромержиж - Простейов (88') [ЧЕХІЯ: Дивізіон 2]
  Кф 1X2: 1.75 / 3.68 / 4.41
  Desktop: https://www.flashscore.ua/match/soccer/kromeriz-G6BH9wIP/prostejov-Gtztv1X8/?mid=b5VmtPOb
  [stats] b5VmtPOb → both, 6 metrics
  Features: quality=0.23, primary=2, status=both
  Model v2: pGoal=0.39, pDry=0.61 sq=0.6033 state=dry | 80-90+ → SKIP | Δ2H SOT=0 xG=— (Δ4′ матчу)

Done: 1 analyzed, 0 actionable, 0 TG sent

🔥 RUN #118: analyzed=1, signals=0
⏳ Next scan in 3m...
[19:48:57] Live scan
  Запуск live-скрапера (після ранкових Telegram, якщо були).
Opening: https://m.flashscore.ua/?s=2 (minute >= 60, 0:0 only)
Provider health [https://m.flashscore.ua/?s=2]: rows=44, 0:0 total=14, candidates=1
  ⏸ 0:0 ще рано (< 60'):
    19' БОСНІЯ ТА ГЕРЦЕГОВИНА: Кубок Боснії та Герцеговини19'Зріньскі - Раднік Бієліна [БОСНІЯ ТА ГЕРЦЕГОВИНА: Кубок Боснії та Герцеговини]
    4' ІЗРАЇЛЬ: Кубок Ізраїля4'Маккабі Тель-Авів - Маккабі Хайфа [ІЗРАЇЛЬ: Кубок Ізраїля]
    19' Джоліба - Онз Креатер [МАЛІ: Перший дивізіон]
    19' УСФАС Бамако - Реал Бамако [МАЛІ: Перший дивізіон]
    44' Аль-Раед - Аль-Оруба [САУДІВСЬКА АРАВІЯ: Дивізіон 1]
    19' СЛОВЕНІЯ: Перша ліга Таблиця19'Цельє - Олімпія Любляна [СЛОВЕНІЯ: Перша ліга]
    19' ФАРЕРСЬКІ ОСТРОВИ: Кубок Фарерських островів19'Хойвік - ТБ/ФКС/Ройн [ФАРЕРСЬКІ ОСТРОВИ: Кубок Фарерських островів]
    45' Влашим - Пржибрам [ЧЕХІЯ: Дивізіон 2]
    45' Усті-над-Лабем - Хрудім [ЧЕХІЯ: Дивізіон 2]
    19' Парадісо - Лугано II [ШВЕЙЦАРІЯ: Ліга підвищення]
  ✔ 60' ІТАЛІЯ: Серія D - Група І Таблиця60'Мілаццо - Ламеція [ІТАЛІЯ: Серія D - Група І] id=6J2DURE4
  Found: 1 candidates, 1 new, 7 permanently skipped

→ ІТАЛІЯ: Серія D - Група І Таблиця60'Мілаццо - Ламеція (60') [ІТАЛІЯ: Серія D - Група І]
  Кф 1X2: 2.93 / 3.88 / 1.99
  Desktop: https://www.flashscore.ua/match/soccer/lamezia-xKEj612t/milazzo-YgGjm8H1/?mid=6J2DURE4
  [stats] 6J2DURE4 overall: no data-testid (old=0, any=0, body=148143)
  [stats] 6J2DURE4 secondHalf: no data-testid (old=0, any=0, body=148143)
  [stats] 6J2DURE4 → unavailable, 0 metrics
  Features: quality=0, primary=0, status=unavailable
  ✗ No stats at all → permanent skip

Done: 0 analyzed, 0 actionable, 0 TG sent

🔥 RUN #119: analyzed=0, signals=0
⏳ Next scan in 3m...
[19:52:47] Live scan
  Запуск live-скрапера (після ранкових Telegram, якщо були).
Opening: https://m.flashscore.ua/?s=2 (minute >= 60, 0:0 only)
Provider health [https://m.flashscore.ua/?s=2]: rows=41, 0:0 total=12, candidates=1
  ⏸ 0:0 ще рано (< 60'):
    23' БОСНІЯ ТА ГЕРЦЕГОВИНА: Кубок Боснії та Герцеговини23'Зріньскі - Раднік Бієліна [БОСНІЯ ТА ГЕРЦЕГОВИНА: Кубок Боснії та Герцеговини]
    8' ІЗРАЇЛЬ: Кубок Ізраїля8'Маккабі Тель-Авів - Маккабі Хайфа [ІЗРАЇЛЬ: Кубок Ізраїля]
    45' МАЛІ: Перший дивізіон ТаблицяПерерваУС Бугуні - Фут Еліт [МАЛІ: Перший дивізіон]
    23' Джоліба - Онз Креатер [МАЛІ: Перший дивізіон]
    23' СЛОВЕНІЯ: Перша ліга Таблиця23'Цельє - Олімпія Любляна [СЛОВЕНІЯ: Перша ліга]
    23' ФАРЕРСЬКІ ОСТРОВИ: Кубок Фарерських островів23'Хойвік - ТБ/ФКС/Ройн [ФАРЕРСЬКІ ОСТРОВИ: Кубок Фарерських островів]
    45' Влашим - Пржибрам [ЧЕХІЯ: Дивізіон 2]
    45' Усті-над-Лабем - Хрудім [ЧЕХІЯ: Дивізіон 2]
    23' Парадісо - Лугано II [ШВЕЙЦАРІЯ: Ліга підвищення]
  ✔ 63' ІТАЛІЯ: Серія D - Група І Таблиця63'Мілаццо - Ламеція [ІТАЛІЯ: Серія D - Група І] id=6J2DURE4
  Found: 1 candidates, 0 new, 8 permanently skipped

Done: 0 analyzed, 0 actionable, 0 TG sent

🔥 RUN #120: analyzed=0, signals=0
⏳ Next scan in 3m...
[19:55:57] Live scan
  Запуск live-скрапера (після ранкових Telegram, якщо були).
Opening: https://m.flashscore.ua/?s=2 (minute >= 60, 0:0 only)
Provider health [https://m.flashscore.ua/?s=2]: rows=34, 0:0 total=12, candidates=1
  ⏸ 0:0 ще рано (< 60'):
    26' БОСНІЯ ТА ГЕРЦЕГОВИНА: Кубок Боснії та Герцеговини26'Зріньскі - Раднік Бієліна [БОСНІЯ ТА ГЕРЦЕГОВИНА: Кубок Боснії та Герцеговини]
    11' ІЗРАЇЛЬ: Кубок Ізраїля11'Маккабі Тель-Авів - Маккабі Хайфа [ІЗРАЇЛЬ: Кубок Ізраїля]
    45' МАЛІ: Перший дивізіон ТаблицяПерерваУС Бугуні - Фут Еліт [МАЛІ: Перший дивізіон]
    26' Джоліба - Онз Креатер [МАЛІ: Перший дивізіон]
    45' Хамрун - Гзіра [МАЛЬТА: Прем'єр-ліга - Другий етап - Топ-6]
    45' Аль-Раед - Аль-Оруба [САУДІВСЬКА АРАВІЯ: Дивізіон 1]
    26' СЛОВЕНІЯ: Перша ліга Таблиця26'Цельє - Олімпія Любляна [СЛОВЕНІЯ: Перша ліга]
    26' ФАРЕРСЬКІ ОСТРОВИ: Кубок Фарерських островів26'Хойвік - ТБ/ФКС/Ройн [ФАРЕРСЬКІ ОСТРОВИ: Кубок Фарерських островів]
    45' Влашим - Пржибрам [ЧЕХІЯ: Дивізіон 2]
    45' Усті-над-Лабем - Хрудім [ЧЕХІЯ: Дивізіон 2]
    26' Парадісо - Лугано II [ШВЕЙЦАРІЯ: Ліга підвищення]
  ✔ 67' ІТАЛІЯ: Серія D - Група І Таблиця67'Мілаццо - Ламеція [ІТАЛІЯ: Серія D - Група І] id=6J2DURE4
  Found: 1 candidates, 0 new, 8 permanently skipped

Done: 0 analyzed, 0 actionable, 0 TG sent

🔥 RUN #121: analyzed=0, signals=0
⏳ Next scan in 3m...
[19:59:07] Live scan
  Запуск live-скрапера (після ранкових Telegram, якщо були).
Opening: https://m.flashscore.ua/?s=2 (minute >= 60, 0:0 only)
Provider health [https://m.flashscore.ua/?s=2]: rows=34, 0:0 total=12, candidates=1
  ⏸ 0:0 ще рано (< 60'):
    30' БОСНІЯ ТА ГЕРЦЕГОВИНА: Кубок Боснії та Герцеговини30'Зріньскі - Раднік Бієліна [БОСНІЯ ТА ГЕРЦЕГОВИНА: Кубок Боснії та Герцеговини]
    15' ІЗРАЇЛЬ: Кубок Ізраїля15'Маккабі Тель-Авів - Маккабі Хайфа [ІЗРАЇЛЬ: Кубок Ізраїля]
    45' МАЛІ: Перший дивізіон ТаблицяПерерваУС Бугуні - Фут Еліт [МАЛІ: Перший дивізіон]
    30' Джоліба - Онз Креатер [МАЛІ: Перший дивізіон]
    45' Хамрун - Гзіра [МАЛЬТА: Прем'єр-ліга - Другий етап - Топ-6]
    45' Аль-Раед - Аль-Оруба [САУДІВСЬКА АРАВІЯ: Дивізіон 1]
    30' СЛОВЕНІЯ: Перша ліга Таблиця30'Цельє - Олімпія Любляна [СЛОВЕНІЯ: Перша ліга]
    30' ФАРЕРСЬКІ ОСТРОВИ: Кубок Фарерських островів30'Хойвік - ТБ/ФКС/Ройн [ФАРЕРСЬКІ ОСТРОВИ: Кубок Фарерських островів]
    45' Влашим - Пржибрам [ЧЕХІЯ: Дивізіон 2]
    45' Усті-над-Лабем - Хрудім [ЧЕХІЯ: Дивізіон 2]
    30' Парадісо - Лугано II [ШВЕЙЦАРІЯ: Ліга підвищення]
  ✔ 70' ІТАЛІЯ: Серія D - Група І Таблиця70'Мілаццо - Ламеція [ІТАЛІЯ: Серія D - Група І] id=6J2DURE4
  Found: 1 candidates, 0 new, 8 permanently skipped

Done: 0 analyzed, 0 actionable, 0 TG sent

🔥 RUN #122: analyzed=0, signals=0
⏳ Next scan in 3m...
[20:02:17] Live scan
  Запуск live-скрапера (після ранкових Telegram, якщо були).
Opening: https://m.flashscore.ua/?s=2 (minute >= 60, 0:0 only)
Provider health [https://m.flashscore.ua/?s=2]: rows=34, 0:0 total=13, candidates=1
  ⏸ 0:0 ще рано (< 60'):
    32' БОСНІЯ ТА ГЕРЦЕГОВИНА: Кубок Боснії та Герцеговини32'Зріньскі - Раднік Бієліна [БОСНІЯ ТА ГЕРЦЕГОВИНА: Кубок Боснії та Герцеговини]
    17' ІЗРАЇЛЬ: Кубок Ізраїля17'Маккабі Тель-Авів - Маккабі Хайфа [ІЗРАЇЛЬ: Кубок Ізраїля]
    45' МАЛІ: Перший дивізіон ТаблицяПерерваУС Бугуні - Фут Еліт [МАЛІ: Перший дивізіон]
    32' Джоліба - Онз Креатер [МАЛІ: Перший дивізіон]
    45' Хамрун - Гзіра [МАЛЬТА: Прем'єр-ліга - Другий етап - Топ-6]
    2' НОРВЕГІЯ: Національний чемпіонат U19 Таблиця2'Фредрікстад U19 - Конгсвінгер U19 [НОРВЕГІЯ: Національний чемпіонат U19]
    45' Аль-Раед - Аль-Оруба [САУДІВСЬКА АРАВІЯ: Дивізіон 1]
    32' СЛОВЕНІЯ: Перша ліга Таблиця32'Цельє - Олімпія Любляна [СЛОВЕНІЯ: Перша ліга]
    32' ФАРЕРСЬКІ ОСТРОВИ: Кубок Фарерських островів32'Хойвік - ТБ/ФКС/Ройн [ФАРЕРСЬКІ ОСТРОВИ: Кубок Фарерських островів]
    45' Влашим - Пржибрам [ЧЕХІЯ: Дивізіон 2]
    45' Усті-над-Лабем - Хрудім [ЧЕХІЯ: Дивізіон 2]
    32' Парадісо - Лугано II [ШВЕЙЦАРІЯ: Ліга підвищення]
  ✔ 72' ІТАЛІЯ: Серія D - Група І Таблиця72'Мілаццо - Ламеція [ІТАЛІЯ: Серія D - Група І] id=6J2DURE4
  Found: 1 candidates, 0 new, 8 permanently skipped

Done: 0 analyzed, 0 actionable, 0 TG sent

🔥 RUN #123: analyzed=0, signals=0
⏳ Next scan in 3m...
[20:05:26] Live scan
  Запуск live-скрапера (після ранкових Telegram, якщо були).
Opening: https://m.flashscore.ua/?s=2 (minute >= 60, 0:0 only)
Provider health [https://m.flashscore.ua/?s=2]: rows=41, 0:0 total=18, candidates=1
  ⏸ 0:0 ще рано (< 60'):
    6' БІЛОРУСЬ: Кубок Білорусі6'Славія Мозир - БАТЕ [БІЛОРУСЬ: Кубок Білорусі]
    36' БОСНІЯ ТА ГЕРЦЕГОВИНА: Кубок Боснії та Герцеговини36'Зріньскі - Раднік Бієліна [БОСНІЯ ТА ГЕРЦЕГОВИНА: Кубок Боснії та Герцеговини]
    45' МАЛІ: Перший дивізіон ТаблицяПерерваУС Бугуні - Фут Еліт [МАЛІ: Перший дивізіон]
    36' Джоліба - Онз Креатер [МАЛІ: Перший дивізіон]
    45' Хамрун - Гзіра [МАЛЬТА: Прем'єр-ліга - Другий етап - Топ-6]
    6' НІМЕЧЧИНА: Регіональна ліга - Північний Схід Таблиця6'Мойзельвіц - БФК Динамо [НІМЕЧЧИНА: Регіональна ліга - Північний Схід]
    6' НОРВЕГІЯ: Елітсеріен Таблиця6'Сарпсборг 08 - Буде/Глімт [НОРВЕГІЯ: Елітсеріен]
    6' Тромсе - Ліллестрем [НОРВЕГІЯ: Елітсеріен]
    6' НОРВЕГІЯ: Національний чемпіонат U19 Таблиця6'Фредрікстад U19 - Конгсвінгер U19 [НОРВЕГІЯ: Національний чемпіонат U19]
    45' Аль-Раед - Аль-Оруба [САУДІВСЬКА АРАВІЯ: Дивізіон 1]
    36' СЛОВЕНІЯ: Перша ліга Таблиця36'Цельє - Олімпія Любляна [СЛОВЕНІЯ: Перша ліга]
    6' УГАНДА: Прем'єр-ліга Таблиця6'Вілла - Вайперс [УГАНДА: Прем'єр-ліга]
    6' Санта-Клаус - ОЛС Оулу [ФІНЛЯНДІЯ: Кубок Фінляндії]
    45' Влашим - Пржибрам [ЧЕХІЯ: Дивізіон 2]
    50' Усті-над-Лабем - Хрудім [ЧЕХІЯ: Дивізіон 2]
    36' Парадісо - Лугано II [ШВЕЙЦАРІЯ: Ліга підвищення]
    6' Веве - Брайтенрайн [ШВЕЙЦАРІЯ: Ліга підвищення]
  ✔ 76' ІТАЛІЯ: Серія D - Група І Таблиця76'Мілаццо - Ламеція [ІТАЛІЯ: Серія D - Група І] id=6J2DURE4
  Found: 1 candidates, 0 new, 8 permanently skipped

Done: 0 analyzed, 0 actionable, 0 TG sent

🔥 RUN #124: analyzed=0, signals=0
⏳ Next scan in 3m...
[20:08:36] Live scan
  Запуск live-скрапера (після ранкових Telegram, якщо були).
Opening: https://m.flashscore.ua/?s=2 (minute >= 60, 0:0 only)
Provider health [https://m.flashscore.ua/?s=2]: rows=44, 0:0 total=21, candidates=1
  ⏸ 0:0 ще рано (< 60'):
    9' БІЛОРУСЬ: Кубок Білорусі9'Славія Мозир - БАТЕ [БІЛОРУСЬ: Кубок Білорусі]
    39' БОСНІЯ ТА ГЕРЦЕГОВИНА: Кубок Боснії та Герцеговини39'Зріньскі - Раднік Бієліна [БОСНІЯ ТА ГЕРЦЕГОВИНА: Кубок Боснії та Герцеговини]
    48' МАЛІ: Перший дивізіон Таблиця48'УС Бугуні - Фут Еліт [МАЛІ: Перший дивізіон]
    39' Джоліба - Онз Креатер [МАЛІ: Перший дивізіон]
    45' Хамрун - Гзіра [МАЛЬТА: Прем'єр-ліга - Другий етап - Топ-6]
    9' Альтона - Ольденбург [НІМЕЧЧИНА: Регіональна ліга - Північ]
    9' Емден - Вердер Бремен II [НІМЕЧЧИНА: Регіональна ліга - Північ]
    9' НІМЕЧЧИНА: Регіональна ліга - Північний Схід Таблиця9'Мойзельвіц - БФК Динамо [НІМЕЧЧИНА: Регіональна ліга - Північний Схід]
    9' НОРВЕГІЯ: Елітсеріен Таблиця9'Сарпсборг 08 - Буде/Глімт [НОРВЕГІЯ: Елітсеріен]
    9' Тромсе - Ліллестрем [НОРВЕГІЯ: Елітсеріен]
    9' НОРВЕГІЯ: Національний чемпіонат U19 Таблиця9'Фредрікстад U19 - Конгсвінгер U19 [НОРВЕГІЯ: Національний чемпіонат U19]
    9' Евреволл Хосле Ж - Фрігг Ж [НОРВЕГІЯ: Кубок Норвегії (Жінки)]
    45' Аль-Раед - Аль-Оруба [САУДІВСЬКА АРАВІЯ: Дивізіон 1]
    39' СЛОВЕНІЯ: Перша ліга Таблиця39'Цельє - Олімпія Любляна [СЛОВЕНІЯ: Перша ліга]
    9' УГАНДА: Прем'єр-ліга Таблиця9'Вілла - Вайперс [УГАНДА: Прем'єр-ліга]
    9' Кіффен - ПуйУ [ФІНЛЯНДІЯ: Кубок Фінляндії]
    50' Влашим - Пржибрам [ЧЕХІЯ: Дивізіон 2]
    53' Усті-над-Лабем - Хрудім [ЧЕХІЯ: Дивізіон 2]
    39' Парадісо - Лугано II [ШВЕЙЦАРІЯ: Ліга підвищення]
    9' Веве - Брайтенрайн [ШВЕЙЦАРІЯ: Ліга підвищення]
  ✔ 79' ІТАЛІЯ: Серія D - Група І Таблиця79'Мілаццо - Ламеція [ІТАЛІЯ: Серія D - Група І] id=6J2DURE4
  Found: 1 candidates, 0 new, 8 permanently skipped

Done: 0 analyzed, 0 actionable, 0 TG sent

🔥 RUN #125: analyzed=0, signals=0
⏳ Next scan in 3m...
[20:11:46] Live scan
  Запуск live-скрапера (після ранкових Telegram, якщо були).
Opening: https://m.flashscore.ua/?s=2 (minute >= 60, 0:0 only)
Provider health [https://m.flashscore.ua/?s=2]: rows=44, 0:0 total=20, candidates=1
  ⏸ 0:0 ще рано (< 60'):
    12' БІЛОРУСЬ: Кубок Білорусі12'Славія Мозир - БАТЕ [БІЛОРУСЬ: Кубок Білорусі]
    42' БОСНІЯ ТА ГЕРЦЕГОВИНА: Кубок Боснії та Герцеговини42'Зріньскі - Раднік Бієліна [БОСНІЯ ТА ГЕРЦЕГОВИНА: Кубок Боснії та Герцеговини]
    51' МАЛІ: Перший дивізіон Таблиця51'УС Бугуні - Фут Еліт [МАЛІ: Перший дивізіон]
    42' Джоліба - Онз Креатер [МАЛІ: Перший дивізіон]
    49' Хамрун - Гзіра [МАЛЬТА: Прем'єр-ліга - Другий етап - Топ-6]
    12' Альтона - Ольденбург [НІМЕЧЧИНА: Регіональна ліга - Північ]
    12' Емден - Вердер Бремен II [НІМЕЧЧИНА: Регіональна ліга - Північ]
    12' НІМЕЧЧИНА: Регіональна ліга - Північний Схід Таблиця12'Мойзельвіц - БФК Динамо [НІМЕЧЧИНА: Регіональна ліга - Північний Схід]
    12' НОРВЕГІЯ: Елітсеріен Таблиця12'Сарпсборг 08 - Буде/Глімт [НОРВЕГІЯ: Елітсеріен]
    12' Тромсе - Ліллестрем [НОРВЕГІЯ: Елітсеріен]
    12' НОРВЕГІЯ: Національний чемпіонат U19 Таблиця12'Фредрікстад U19 - Конгсвінгер U19 [НОРВЕГІЯ: Національний чемпіонат U19]
    12' Евреволл Хосле Ж - Фрігг Ж [НОРВЕГІЯ: Кубок Норвегії (Жінки)]
    45' Аль-Раед - Аль-Оруба [САУДІВСЬКА АРАВІЯ: Дивізіон 1]
    42' СЛОВЕНІЯ: Перша ліга Таблиця42'Цельє - Олімпія Любляна [СЛОВЕНІЯ: Перша ліга]
    12' УГАНДА: Прем'єр-ліга Таблиця12'Вілла - Вайперс [УГАНДА: Прем'єр-ліга]
    12' Кіффен - ПуйУ [ФІНЛЯНДІЯ: Кубок Фінляндії]
    53' Влашим - Пржибрам [ЧЕХІЯ: Дивізіон 2]
    56' Усті-над-Лабем - Хрудім [ЧЕХІЯ: Дивізіон 2]
    12' Веве - Брайтенрайн [ШВЕЙЦАРІЯ: Ліга підвищення]
  ✔ 83' ІТАЛІЯ: Серія D - Група І Таблиця83'Мілаццо - Ламеція [ІТАЛІЯ: Серія D - Група І] id=6J2DURE4
  Found: 1 candidates, 0 new, 8 permanently skipped

Done: 0 analyzed, 0 actionable, 0 TG sent

🔥 RUN #126: analyzed=0, signals=0
⏳ Next scan in 3m...
[20:14:56] Live scan
  Запуск live-скрапера (після ранкових Telegram, якщо були).
Opening: https://m.flashscore.ua/?s=2 (minute >= 60, 0:0 only)
Provider health [https://m.flashscore.ua/?s=2]: rows=46, 0:0 total=19, candidates=1
  ⏸ 0:0 ще рано (< 60'):
    5' АРГЕНТИНА: Кубок Аргентини5'Хімнасія Мендоса - Хімнасія і Тіро [АРГЕНТИНА: Кубок Аргентини]
    15' БІЛОРУСЬ: Кубок Білорусі15'Славія Мозир - БАТЕ [БІЛОРУСЬ: Кубок Білорусі]
    45' БОСНІЯ ТА ГЕРЦЕГОВИНА: Кубок Боснії та Герцеговини45'Зріньскі - Раднік Бієліна [БОСНІЯ ТА ГЕРЦЕГОВИНА: Кубок Боснії та Герцеговини]
    54' МАЛІ: Перший дивізіон Таблиця54'УС Бугуні - Фут Еліт [МАЛІ: Перший дивізіон]
    45' Джоліба - Онз Креатер [МАЛІ: Перший дивізіон]
    52' Хамрун - Гзіра [МАЛЬТА: Прем'єр-ліга - Другий етап - Топ-6]
    15' Емден - Вердер Бремен II [НІМЕЧЧИНА: Регіональна ліга - Північ]
    15' НІМЕЧЧИНА: Регіональна ліга - Північний Схід Таблиця15'Ерфурт - Альтглініке [НІМЕЧЧИНА: Регіональна ліга - Північний Схід]
    15' Мойзельвіц - БФК Динамо [НІМЕЧЧИНА: Регіональна ліга - Північний Схід]
    15' НОРВЕГІЯ: Елітсеріен Таблиця15'Сарпсборг 08 - Буде/Глімт [НОРВЕГІЯ: Елітсеріен]
    15' Тромсе - Ліллестрем [НОРВЕГІЯ: Елітсеріен]
    15' Евреволл Хосле Ж - Фрігг Ж [НОРВЕГІЯ: Кубок Норвегії (Жінки)]
    48' Аль-Раед - Аль-Оруба [САУДІВСЬКА АРАВІЯ: Дивізіон 1]
    15' УГАНДА: Прем'єр-ліга Таблиця15'Вілла - Вайперс [УГАНДА: Прем'єр-ліга]
    15' Кіффен - ПуйУ [ФІНЛЯНДІЯ: Кубок Фінляндії]
    57' Влашим - Пржибрам [ЧЕХІЯ: Дивізіон 2]
    59' Усті-над-Лабем - Хрудім [ЧЕХІЯ: Дивізіон 2]
    15' Веве - Брайтенрайн [ШВЕЙЦАРІЯ: Ліга підвищення]
  ✔ 86' ІТАЛІЯ: Серія D - Група І Таблиця86'Мілаццо - Ламеція [ІТАЛІЯ: Серія D - Група І] id=6J2DURE4
  Found: 1 candidates, 0 new, 8 permanently skipped

Done: 0 analyzed, 0 actionable, 0 TG sent

🔥 RUN #127: analyzed=0, signals=0
⏳ Next scan in 3m...
[20:18:06] Live scan
  Запуск live-скрапера (після ранкових Telegram, якщо були).
Opening: https://m.flashscore.ua/?s=2 (minute >= 60, 0:0 only)
Provider health [https://m.flashscore.ua/?s=2]: rows=47, 0:0 total=19, candidates=2
  ⏸ 0:0 ще рано (< 60'):
    8' АРГЕНТИНА: Кубок Аргентини8'Хімнасія Мендоса - Хімнасія і Тіро [АРГЕНТИНА: Кубок Аргентини]
    18' БІЛОРУСЬ: Кубок Білорусі18'Славія Мозир - БАТЕ [БІЛОРУСЬ: Кубок Білорусі]
    57' МАЛІ: Перший дивізіон Таблиця57'УС Бугуні - Фут Еліт [МАЛІ: Перший дивізіон]
    55' Хамрун - Гзіра [МАЛЬТА: Прем'єр-ліга - Другий етап - Топ-6]
    18' НІМЕЧЧИНА: Регіональна ліга - Північний Схід Таблиця18'Ерфурт - Альтглініке [НІМЕЧЧИНА: Регіональна ліга - Північний Схід]
    18' Мойзельвіц - БФК Динамо [НІМЕЧЧИНА: Регіональна ліга - Північний Схід]
    18' НОРВЕГІЯ: Елітсеріен Таблиця18'Сарпсборг 08 - Буде/Глімт [НОРВЕГІЯ: Елітсеріен]
    18' Тромсе - Ліллестрем [НОРВЕГІЯ: Елітсеріен]
    18' Евреволл Хосле Ж - Фрігг Ж [НОРВЕГІЯ: Кубок Норвегії (Жінки)]
    51' Аль-Раед - Аль-Оруба [САУДІВСЬКА АРАВІЯ: Дивізіон 1]
    18' УГАНДА: Прем'єр-ліга Таблиця18'Вілла - Вайперс [УГАНДА: Прем'єр-ліга]
    18' Кіффен - ПуйУ [ФІНЛЯНДІЯ: Кубок Фінляндії]
    3' ЛеПа - Хонка [ФІНЛЯНДІЯ: Кубок Фінляндії]
    59' Влашим - Пржибрам [ЧЕХІЯ: Дивізіон 2]
    18' Веве - Брайтенрайн [ШВЕЙЦАРІЯ: Ліга підвищення]
  ✔ 89' ІТАЛІЯ: Серія D - Група І Таблиця89'Мілаццо - Ламеція [ІТАЛІЯ: Серія D - Група І] id=6J2DURE4
  ✔ 62' Усті-над-Лабем - Хрудім [ЧЕХІЯ: Дивізіон 2] id=nR1VNs9U
  Found: 2 candidates, 1 new, 8 permanently skipped

→ Усті-над-Лабем - Хрудім (62') [ЧЕХІЯ: Дивізіон 2]
  Кф 1X2: 1.63 / 4.34 / 4.48
  Desktop: https://www.flashscore.ua/match/soccer/chrudim-rLwm2Ork/usti-nad-labem-nsGIGP38/?mid=nR1VNs9U
  [stats] nR1VNs9U → both, 6 metrics
  Features: quality=0.23, primary=2, status=both
  Model v2: pGoal=0.424, pDry=0.576 sq=0.4447 state=dry | 60-70 → SKIP

Done: 1 analyzed, 0 actionable, 0 TG sent

🔥 RUN #128: analyzed=1, signals=0
⏳ Next scan in 3m...
[20:21:29] Live scan
  Запуск live-скрапера (після ранкових Telegram, якщо були).
Opening: https://m.flashscore.ua/?s=2 (minute >= 60, 0:0 only)
Provider health [https://m.flashscore.ua/?s=2]: rows=47, 0:0 total=19, candidates=3
  ⏸ 0:0 ще рано (< 60'):
    11' АРГЕНТИНА: Кубок Аргентини11'Хімнасія Мендоса - Хімнасія і Тіро [АРГЕНТИНА: Кубок Аргентини]
    21' БІЛОРУСЬ: Кубок Білорусі21'Славія Мозир - БАТЕ [БІЛОРУСЬ: Кубок Білорусі]
    45' Джоліба - Онз Креатер [МАЛІ: Перший дивізіон]
    58' Хамрун - Гзіра [МАЛЬТА: Прем'єр-ліга - Другий етап - Топ-6]
    21' НІМЕЧЧИНА: Регіональна ліга - Північний Схід Таблиця21'Ерфурт - Альтглініке [НІМЕЧЧИНА: Регіональна ліга - Північний Схід]
    21' Мойзельвіц - БФК Динамо [НІМЕЧЧИНА: Регіональна ліга - Північний Схід]
    21' НОРВЕГІЯ: Елітсеріен Таблиця21'Сарпсборг 08 - Буде/Глімт [НОРВЕГІЯ: Елітсеріен]
    21' Тромсе - Ліллестрем [НОРВЕГІЯ: Елітсеріен]
    21' Евреволл Хосле Ж - Фрігг Ж [НОРВЕГІЯ: Кубок Норвегії (Жінки)]
    54' Аль-Раед - Аль-Оруба [САУДІВСЬКА АРАВІЯ: Дивізіон 1]
    21' УГАНДА: Прем'єр-ліга Таблиця21'Вілла - Вайперс [УГАНДА: Прем'єр-ліга]
    21' Кіффен - ПуйУ [ФІНЛЯНДІЯ: Кубок Фінляндії]
    6' ЛеПа - Хонка [ФІНЛЯНДІЯ: Кубок Фінляндії]
    21' Веве - Брайтенрайн [ШВЕЙЦАРІЯ: Ліга підвищення]
  ✔ 60' МАЛІ: Перший дивізіон Таблиця60'УС Бугуні - Фут Еліт [МАЛІ: Перший дивізіон] id=U1YZWKn3
  ✔ 63' Влашим - Пржибрам [ЧЕХІЯ: Дивізіон 2] id=xjsurofn
  ✔ 65' Усті-над-Лабем - Хрудім [ЧЕХІЯ: Дивізіон 2] id=nR1VNs9U
  Found: 3 candidates, 3 new, 8 permanently skipped

→ МАЛІ: Перший дивізіон Таблиця60'УС Бугуні - Фут Еліт (60') [МАЛІ: Перший дивізіон]

→ Влашим - Пржибрам (63') [ЧЕХІЯ: Дивізіон 2]
  Кф 1X2: 1.97 / 3.52 / 3.62
  Кф 1X2: 2.99 / 3.02 / 2.48
  Desktop: https://www.flashscore.ua/match/soccer/pribram-UL3SitR7/vlasim-xjRqQOmL/?mid=xjsurofn
  Desktop: https://www.flashscore.ua/match/soccer/foot-elite-IPwzmuAU/us-bougouni-WYMGVAMG/?mid=U1YZWKn3
  [stats] xjsurofn → both, 6 metrics
  Features: quality=0.23, primary=2, status=both
  Model v2: pGoal=0.357, pDry=0.643 sq=0.5247 state=dry | 60-70 → SKIP

→ Усті-над-Лабем - Хрудім (65') [ЧЕХІЯ: Дивізіон 2]
  Кф 1X2: 1.63 / 4.34 / 4.48
  [stats] U1YZWKn3 overall: no data-testid (old=0, any=0, body=148173)
  Desktop: https://www.flashscore.ua/match/soccer/chrudim-rLwm2Ork/usti-nad-labem-nsGIGP38/?mid=nR1VNs9U
  ⚠ DOM ALERT [U1YZWKn3]: PAGE_ERROR — secondHalf: Navigation timeout of 20000 ms exceeded
  ⚠ DOM ALERT [nR1VNs9U]: PAGE_ERROR — overall: Navigation timeout of 20000 ms exceeded
  [stats] nR1VNs9U mobile fallback overall: 6 metrics
  [stats] nR1VNs9U → both, 6 metrics
  Features: quality=0.23, primary=2, status=both
  Model v2: pGoal=0.364, pDry=0.636 sq=0.5404 state=dry | 60-70 → SKIP | Δ2H SOT=0 xG=— (Δ3′ матчу)
  [stats] U1YZWKn3 → unavailable, 0 metrics
  Features: quality=0, primary=0, status=unavailable
  ✗ No stats at all → permanent skip

Done: 2 analyzed, 0 actionable, 0 TG sent

🔥 RUN #129: analyzed=2, signals=0
⏳ Next scan in 3m...
[20:25:28] Live scan
  Запуск live-скрапера (після ранкових Telegram, якщо були).
Opening: https://m.flashscore.ua/?s=2 (minute >= 60, 0:0 only)
Provider health [https://m.flashscore.ua/?s=2]: rows=45, 0:0 total=17, candidates=4
  ⏸ 0:0 ще рано (< 60'):
    16' АРГЕНТИНА: Кубок Аргентини16'Хімнасія Мендоса - Хімнасія і Тіро [АРГЕНТИНА: Кубок Аргентини]
    26' БІЛОРУСЬ: Кубок Білорусі26'Славія Мозир - БАТЕ [БІЛОРУСЬ: Кубок Білорусі]
    45' БОСНІЯ ТА ГЕРЦЕГОВИНА: Кубок Боснії та ГерцеговиниПерерваЗріньскі - Раднік Бієліна [БОСНІЯ ТА ГЕРЦЕГОВИНА: Кубок Боснії та Герцеговини]
    45' Джоліба - Онз Креатер [МАЛІ: Перший дивізіон]
    26' НІМЕЧЧИНА: Регіональна ліга - Північний Схід Таблиця26'Ерфурт - Альтглініке [НІМЕЧЧИНА: Регіональна ліга - Північний Схід]
    26' НОРВЕГІЯ: Елітсеріен Таблиця26'Сарпсборг 08 - Буде/Глімт [НОРВЕГІЯ: Елітсеріен]
    26' Тромсе - Ліллестрем [НОРВЕГІЯ: Елітсеріен]
    26' НОРВЕГІЯ: Кубок Норвегії (Жінки)26'Евреволл Хосле Ж - Фрігг Ж [НОРВЕГІЯ: Кубок Норвегії (Жінки)]
    58' Аль-Раед - Аль-Оруба [САУДІВСЬКА АРАВІЯ: Дивізіон 1]
    26' УГАНДА: Прем'єр-ліга Таблиця26'Вілла - Вайперс [УГАНДА: Прем'єр-ліга]
    26' Кіффен - ПуйУ [ФІНЛЯНДІЯ: Кубок Фінляндії]
    26' Веве - Брайтенрайн [ШВЕЙЦАРІЯ: Ліга підвищення]
  ✔ 65' МАЛІ: Перший дивізіон Таблиця65'УС Бугуні - Фут Еліт [МАЛІ: Перший дивізіон] id=U1YZWKn3
  ✔ 63' Хамрун - Гзіра [МАЛЬТА: Прем'єр-ліга - Другий етап - Топ-6] id=IB6DrAFs
  ✔ 67' Влашим - Пржибрам [ЧЕХІЯ: Дивізіон 2] id=xjsurofn
  ✔ 70' Усті-над-Лабем - Хрудім [ЧЕХІЯ: Дивізіон 2] id=nR1VNs9U
  Found: 4 candidates, 3 new, 9 permanently skipped

→ Хамрун - Гзіра (63') [МАЛЬТА: Прем'єр-ліга - Другий етап - Топ-6]

→ Влашим - Пржибрам (67') [ЧЕХІЯ: Дивізіон 2]
  Кф 1X2: 1.42 / 4.61 / 6.4
  Кф 1X2: 1.97 / 3.52 / 3.62
  Desktop: https://www.flashscore.ua/match/soccer/pribram-UL3SitR7/vlasim-xjRqQOmL/?mid=xjsurofn
  Desktop: https://www.flashscore.ua/match/soccer/gzira-vNKKFgsl/hamrun-0EeKzT9a/?mid=IB6DrAFs
  [stats] xjsurofn → both, 6 metrics
  Features: quality=0.23, primary=2, status=both
  Model v2: pGoal=0.297, pDry=0.703 sq=0.5404 state=dry | 60-70 → SKIP | Δ2H SOT=0 xG=— (Δ4′ матчу)

→ Усті-над-Лабем - Хрудім (70') [ЧЕХІЯ: Дивізіон 2]
  Кф 1X2: 1.63 / 4.34 / 4.48
  Desktop: https://www.flashscore.ua/match/soccer/chrudim-rLwm2Ork/usti-nad-labem-nsGIGP38/?mid=nR1VNs9U
  [stats] nR1VNs9U → both, 6 metrics
  Features: quality=0.23, primary=2, status=both
  Model v2: pGoal=0.524, pDry=0.476 sq=0.4761 state=dry | 70-80 → SKIP | Δ2H SOT=0 xG=— (Δ5′ матчу)
  ⚠ DOM ALERT [IB6DrAFs]: PAGE_ERROR — secondHalf: Navigation timeout of 20000 ms exceeded
  [stats] IB6DrAFs → overall_only, 6 metrics
  Features: quality=0.23, primary=2, status=overall_only
  Model v2: pGoal=0.434, pDry=0.566 sq=0.429 state=dry | 60-70 → SKIP

Done: 3 analyzed, 0 actionable, 0 TG sent

🔥 RUN #130: analyzed=3, signals=0
Message sent to Telegram
⏳ Next scan in 3m...
[20:29:08] Live scan
  Запуск live-скрапера (після ранкових Telegram, якщо були).
Opening: https://m.flashscore.ua/?s=2 (minute >= 60, 0:0 only)
Provider health [https://m.flashscore.ua/?s=2]: rows=44, 0:0 total=15, candidates=4
  ⏸ 0:0 ще рано (< 60'):
    19' АРГЕНТИНА: Кубок Аргентини19'Хімнасія Мендоса - Хімнасія і Тіро [АРГЕНТИНА: Кубок Аргентини]
    29' БІЛОРУСЬ: Кубок Білорусі29'Славія Мозир - БАТЕ [БІЛОРУСЬ: Кубок Білорусі]
    45' БОСНІЯ ТА ГЕРЦЕГОВИНА: Кубок Боснії та ГерцеговиниПерерваЗріньскі - Раднік Бієліна [БОСНІЯ ТА ГЕРЦЕГОВИНА: Кубок Боснії та Герцеговини]
    45' Джоліба - Онз Креатер [МАЛІ: Перший дивізіон]
    29' НІМЕЧЧИНА: Регіональна ліга - Північний Схід Таблиця29'Ерфурт - Альтглініке [НІМЕЧЧИНА: Регіональна ліга - Північний Схід]
    29' НОРВЕГІЯ: Елітсеріен Таблиця29'Сарпсборг 08 - Буде/Глімт [НОРВЕГІЯ: Елітсеріен]
    29' Тромсе - Ліллестрем [НОРВЕГІЯ: Елітсеріен]
    29' НОРВЕГІЯ: Кубок Норвегії (Жінки)29'Евреволл Хосле Ж - Фрігг Ж [НОРВЕГІЯ: Кубок Норвегії (Жінки)]
    29' УГАНДА: Прем'єр-ліга Таблиця29'Вілла - Вайперс [УГАНДА: Прем'єр-ліга]
    29' Кіффен - ПуйУ [ФІНЛЯНДІЯ: Кубок Фінляндії]
    29' Веве - Брайтенрайн [ШВЕЙЦАРІЯ: Ліга підвищення]
  ✔ 68' МАЛІ: Перший дивізіон Таблиця68'УС Бугуні - Фут Еліт [МАЛІ: Перший дивізіон] id=U1YZWKn3
  ✔ 66' Хамрун - Гзіра [МАЛЬТА: Прем'єр-ліга - Другий етап - Топ-6] id=IB6DrAFs
  ✔ 62' Аль-Раед - Аль-Оруба [САУДІВСЬКА АРАВІЯ: Дивізіон 1] id=pUyOyEcM
  ✔ 71' Влашим - Пржибрам [ЧЕХІЯ: Дивізіон 2] id=xjsurofn
  Found: 4 candidates, 3 new, 9 permanently skipped

→ Хамрун - Гзіра (66') [МАЛЬТА: Прем'єр-ліга - Другий етап - Топ-6]

→ Аль-Раед - Аль-Оруба (62') [САУДІВСЬКА АРАВІЯ: Дивізіон 1]
  Кф 1X2: 1.42 / 4.61 / 6.4
  Кф 1X2: 1.9 / 3.84 / 3.53
  Desktop: https://www.flashscore.ua/match/soccer/gzira-vNKKFgsl/hamrun-0EeKzT9a/?mid=IB6DrAFs
  Desktop: https://www.flashscore.ua/match/soccer/al-orubah-A3ZAc2rn/al-raed-WfHC8geK/?mid=pUyOyEcM
  [stats] pUyOyEcM → both, 33 metrics
  Features: quality=1, primary=6, status=both
  Model v2: pGoal=0.414, pDry=0.586 sq=0.6757 state=dry | 60-70 → SKIP

→ Влашим - Пржибрам (71') [ЧЕХІЯ: Дивізіон 2]
  Кф 1X2: 1.97 / 3.52 / 3.62
  Desktop: https://www.flashscore.ua/match/soccer/pribram-UL3SitR7/vlasim-xjRqQOmL/?mid=xjsurofn
  [stats] xjsurofn → both, 6 metrics
  Features: quality=0.23, primary=2, status=both
  Model v2: pGoal=0.297, pDry=0.703 sq=0.5561 state=dry | 70-80 → SKIP | Δ2H SOT=0 xG=— (Δ4′ матчу)
  ⚠ DOM ALERT [IB6DrAFs]: PAGE_ERROR — secondHalf: Navigation timeout of 20000 ms exceeded
  [stats] IB6DrAFs → overall_only, 6 metrics
  Features: quality=0.23, primary=2, status=overall_only
  Model v2: pGoal=0.434, pDry=0.566 sq=0.429 state=dry | 60-70 → SKIP

Done: 3 analyzed, 0 actionable, 0 TG sent

🔥 RUN #131: analyzed=3, signals=0
⏳ Next scan in 3m...
[20:32:49] Live scan
  Запуск live-скрапера (після ранкових Telegram, якщо були).
Opening: https://m.flashscore.ua/?s=2 (minute >= 60, 0:0 only)
Provider health [https://m.flashscore.ua/?s=2]: rows=54, 0:0 total=23, candidates=4
  ⏸ 0:0 ще рано (< 60'):
    22' АРГЕНТИНА: Кубок Аргентини22'Хімнасія Мендоса - Хімнасія і Тіро [АРГЕНТИНА: Кубок Аргентини]
    2' БОЛГАРІЯ: Перша ліга Таблиця2'Арда - Лудогорець [БОЛГАРІЯ: Перша ліга]
    45' БОСНІЯ ТА ГЕРЦЕГОВИНА: Кубок Боснії та ГерцеговиниПерерваЗріньскі - Раднік Бієліна [БОСНІЯ ТА ГЕРЦЕГОВИНА: Кубок Боснії та Герцеговини]
    2' ІСПАНІЯ: Терсера КІФФ - Група 6 Таблиця2'Сонеха - Еркулес B [ІСПАНІЯ: Терсера КІФФ - Група 6]
    45' Джоліба - Онз Креатер [МАЛІ: Перший дивізіон]
    32' НІМЕЧЧИНА: Регіональна ліга - Північний Схід Таблиця32'Ерфурт - Альтглініке [НІМЕЧЧИНА: Регіональна ліга - Північний Схід]
    32' НОРВЕГІЯ: Елітсеріен Таблиця32'Сарпсборг 08 - Буде/Глімт [НОРВЕГІЯ: Елітсеріен]
    32' Тромсе - Ліллестрем [НОРВЕГІЯ: Елітсеріен]
    2' ПІВДЕННА АФРИКА: Прем'єр-ліга Таблиця2'Магесі - Кайзер Чіфс [ПІВДЕННА АФРИКА: Прем'єр-ліга]
    32' УГАНДА: Прем'єр-ліга Таблиця32'Вілла - Вайперс [УГАНДА: Прем'єр-ліга]
    2' Клаксвік - Фуглафйордур [ФАРЕРСЬКІ ОСТРОВИ: Кубок Фарерських островів]
    2' Тофтір - Мідвагур [ФАРЕРСЬКІ ОСТРОВИ: Кубок Фарерських островів]
    2' ХБ Торсхавн - Сандур [ФАРЕРСЬКІ ОСТРОВИ: Кубок Фарерських островів]
    32' Кіффен - ПуйУ [ФІНЛЯНДІЯ: Кубок Фінляндії]
    17' ХПС II - ПК-35 [ФІНЛЯНДІЯ: Кубок Фінляндії]
    32' Веве - Брайтенрайн [ШВЕЙЦАРІЯ: Ліга підвищення]
    2' Брюль - Крінс [ШВЕЙЦАРІЯ: Ліга підвищення]
    2' Бюль - Лозанна II [ШВЕЙЦАРІЯ: Ліга підвищення]
    2' Цюрих II - Кройцлінген [ШВЕЙЦАРІЯ: Ліга підвищення]
  ✔ 71' МАЛІ: Перший дивізіон Таблиця71'УС Бугуні - Фут Еліт [МАЛІ: Перший дивізіон] id=U1YZWKn3
  ✔ 69' Хамрун - Гзіра [МАЛЬТА: Прем'єр-ліга - Другий етап - Топ-6] id=IB6DrAFs
  ✔ 65' Аль-Раед - Аль-Оруба [САУДІВСЬКА АРАВІЯ: Дивізіон 1] id=pUyOyEcM
  ✔ 74' Влашим - Пржибрам [ЧЕХІЯ: Дивізіон 2] id=xjsurofn
  Found: 4 candidates, 3 new, 9 permanently skipped

→ Хамрун - Гзіра (69') [МАЛЬТА: Прем'єр-ліга - Другий етап - Топ-6]

→ Аль-Раед - Аль-Оруба (65') [САУДІВСЬКА АРАВІЯ: Дивізіон 1]
  Кф 1X2: 1.9 / 3.84 / 3.53
  Кф 1X2: 1.42 / 4.61 / 6.4
  Desktop: https://www.flashscore.ua/match/soccer/al-orubah-A3ZAc2rn/al-raed-WfHC8geK/?mid=pUyOyEcM
  Desktop: https://www.flashscore.ua/match/soccer/gzira-vNKKFgsl/hamrun-0EeKzT9a/?mid=IB6DrAFs
  [stats] pUyOyEcM → both, 33 metrics
  Features: quality=1, primary=6, status=both
  Model v2: pGoal=0.354, pDry=0.646 sq=0.7714 state=dry | 60-70 → UNDER_0_5 | Δ2H SOT=0 xG=0 (Δ3′ матчу) [TG]
Message sent to Telegram
  ✓ Telegram sent

→ Влашим - Пржибрам (74') [ЧЕХІЯ: Дивізіон 2]
  Кф 1X2: 1.97 / 3.52 / 3.62
  Desktop: https://www.flashscore.ua/match/soccer/pribram-UL3SitR7/vlasim-xjRqQOmL/?mid=xjsurofn
  [stats] xjsurofn → both, 6 metrics
  Features: quality=0.23, primary=2, status=both
  Model v2: pGoal=0.497, pDry=0.503 sq=0.4919 state=lateSurge | 70-80 → SKIP | Δ2H SOT=1 xG=— (Δ3′ матчу)
  ⚠ DOM ALERT [IB6DrAFs]: PAGE_ERROR — secondHalf: Navigation timeout of 20000 ms exceeded
  [stats] IB6DrAFs → overall_only, 6 metrics
  Features: quality=0.23, primary=2, status=overall_only
  Model v2: pGoal=0.434, pDry=0.566 sq=0.429 state=dry | 60-70 → SKIP

Done: 3 analyzed, 1 actionable, 1 TG sent
📌 Tracking 1 active prediction(s)

🔥 RUN #132: analyzed=3, signals=1
⏳ Next scan in 3m...
[20:36:30] Live scan
  Запуск live-скрапера (після ранкових Telegram, якщо були).
Opening: https://m.flashscore.ua/?s=2 (minute >= 60, 0:0 only)
Provider health [https://m.flashscore.ua/?s=2]: rows=56, 0:0 total=22, candidates=3
  ⏸ 0:0 ще рано (< 60'):
    27' АРГЕНТИНА: Кубок Аргентини27'Хімнасія Мендоса - Хімнасія і Тіро [АРГЕНТИНА: Кубок Аргентини]
    7' БОЛГАРІЯ: Перша ліга Таблиця7'Арда - Лудогорець [БОЛГАРІЯ: Перша ліга]
    45' БОСНІЯ ТА ГЕРЦЕГОВИНА: Кубок Боснії та ГерцеговиниПерерваЗріньскі - Раднік Бієліна [БОСНІЯ ТА ГЕРЦЕГОВИНА: Кубок Боснії та Герцеговини]
    7' ІСПАНІЯ: Терсера КІФФ - Група 6 Таблиця7'Сонеха - Еркулес B [ІСПАНІЯ: Терсера КІФФ - Група 6]
    45' Джоліба - Онз Креатер [МАЛІ: Перший дивізіон]
    37' Тромсе - Ліллестрем [НОРВЕГІЯ: Елітсеріен]
    7' Саннефйорд U19 - Стремсгодсет U19 [НОРВЕГІЯ: Національний чемпіонат U19]
    7' ПІВДЕННА АФРИКА: Прем'єр-ліга Таблиця7'Магесі - Кайзер Чіфс [ПІВДЕННА АФРИКА: Прем'єр-ліга]
    37' УГАНДА: Прем'єр-ліга Таблиця37'Вілла - Вайперс [УГАНДА: Прем'єр-ліга]
    7' Клаксвік - Фуглафйордур [ФАРЕРСЬКІ ОСТРОВИ: Кубок Фарерських островів]
    7' Тофтір - Мідвагур [ФАРЕРСЬКІ ОСТРОВИ: Кубок Фарерських островів]
    7' ХБ Торсхавн - Сандур [ФАРЕРСЬКІ ОСТРОВИ: Кубок Фарерських островів]
    37' Кіффен - ПуйУ [ФІНЛЯНДІЯ: Кубок Фінляндії]
    22' ХПС II - ПК-35 [ФІНЛЯНДІЯ: Кубок Фінляндії]
    37' Веве - Брайтенрайн [ШВЕЙЦАРІЯ: Ліга підвищення]
    7' Бавуа - Гран-Саконне [ШВЕЙЦАРІЯ: Ліга підвищення]
    7' Брюль - Крінс [ШВЕЙЦАРІЯ: Ліга підвищення]
    7' Цюрих II - Кройцлінген [ШВЕЙЦАРІЯ: Ліга підвищення]
    7' Янг Бойз II - Біль [ШВЕЙЦАРІЯ: Ліга підвищення]
  ✔ 76' МАЛІ: Перший дивізіон Таблиця76'УС Бугуні - Фут Еліт [МАЛІ: Перший дивізіон] id=U1YZWKn3
  ✔ 69' Аль-Раед - Аль-Оруба [САУДІВСЬКА АРАВІЯ: Дивізіон 1] id=pUyOyEcM
  ✔ 78' Влашим - Пржибрам [ЧЕХІЯ: Дивізіон 2] id=xjsurofn
  Found: 3 candidates, 2 new, 9 permanently skipped

→ Аль-Раед - Аль-Оруба (69') [САУДІВСЬКА АРАВІЯ: Дивізіон 1]

→ Влашим - Пржибрам (78') [ЧЕХІЯ: Дивізіон 2]
  Кф 1X2: 1.97 / 3.52 / 3.62
  Кф 1X2: 1.9 / 3.84 / 3.53
  Desktop: https://www.flashscore.ua/match/soccer/al-orubah-A3ZAc2rn/al-raed-WfHC8geK/?mid=pUyOyEcM
  Desktop: https://www.flashscore.ua/match/soccer/pribram-UL3SitR7/vlasim-xjRqQOmL/?mid=xjsurofn
  [stats] xjsurofn → both, 6 metrics
  Features: quality=0.23, primary=2, status=both
  Model v2: pGoal=0.297, pDry=0.703 sq=0.5876 state=dry | 70-80 → SKIP | Δ2H SOT=0 xG=— (Δ4′ матчу)
  ⚠ DOM ALERT [pUyOyEcM]: PAGE_ERROR — secondHalf: Navigation timeout of 20000 ms exceeded
  [stats] pUyOyEcM → overall_only, 33 metrics
  Features: quality=1, primary=6, status=overall_only
  Model v2: pGoal=0.414, pDry=0.586 sq=0.66 state=dry | 60-70 → SKIP

Done: 2 analyzed, 0 actionable, 0 TG sent
📌 Tracking 1 active prediction(s)

🔥 RUN #133: analyzed=2, signals=0
⏳ Next scan in 3m...
[20:40:10] Live scan
  Запуск live-скрапера (після ранкових Telegram, якщо були).
Opening: https://m.flashscore.ua/?s=2 (minute >= 60, 0:0 only)
Provider health [https://m.flashscore.ua/?s=2]: rows=56, 0:0 total=21, candidates=3
  ⏸ 0:0 ще рано (< 60'):
    30' АРГЕНТИНА: Кубок Аргентини30'Хімнасія Мендоса - Хімнасія і Тіро [АРГЕНТИНА: Кубок Аргентини]
    45' БОСНІЯ ТА ГЕРЦЕГОВИНА: Кубок Боснії та ГерцеговиниПерерваЗріньскі - Раднік Бієліна [БОСНІЯ ТА ГЕРЦЕГОВИНА: Кубок Боснії та Герцеговини]
    10' ІСПАНІЯ: Терсера КІФФ - Група 6 Таблиця10'Сонеха - Еркулес B [ІСПАНІЯ: Терсера КІФФ - Група 6]
    50' Джоліба - Онз Креатер [МАЛІ: Перший дивізіон]
    40' Тромсе - Ліллестрем [НОРВЕГІЯ: Елітсеріен]
    10' Саннефйорд U19 - Стремсгодсет U19 [НОРВЕГІЯ: Національний чемпіонат U19]
    10' ПІВДЕННА АФРИКА: Прем'єр-ліга Таблиця10'Магесі - Кайзер Чіфс [ПІВДЕННА АФРИКА: Прем'єр-ліга]
    40' УГАНДА: Прем'єр-ліга Таблиця40'Вілла - Вайперс [УГАНДА: Прем'єр-ліга]
    10' Клаксвік - Фуглафйордур [ФАРЕРСЬКІ ОСТРОВИ: Кубок Фарерських островів]
    10' Тофтір - Мідвагур [ФАРЕРСЬКІ ОСТРОВИ: Кубок Фарерських островів]
    10' ХБ Торсхавн - Сандур [ФАРЕРСЬКІ ОСТРОВИ: Кубок Фарерських островів]
    40' Кіффен - ПуйУ [ФІНЛЯНДІЯ: Кубок Фінляндії]
    25' ХПС II - ПК-35 [ФІНЛЯНДІЯ: Кубок Фінляндії]
    40' Веве - Брайтенрайн [ШВЕЙЦАРІЯ: Ліга підвищення]
    10' Бавуа - Гран-Саконне [ШВЕЙЦАРІЯ: Ліга підвищення]
    10' Брюль - Крінс [ШВЕЙЦАРІЯ: Ліга підвищення]
    10' Цюрих II - Кройцлінген [ШВЕЙЦАРІЯ: Ліга підвищення]
    10' Янг Бойз II - Біль [ШВЕЙЦАРІЯ: Ліга підвищення]
  ✔ 79' МАЛІ: Перший дивізіон Таблиця79'УС Бугуні - Фут Еліт [МАЛІ: Перший дивізіон] id=U1YZWKn3
  ✔ 72' Аль-Раед - Аль-Оруба [САУДІВСЬКА АРАВІЯ: Дивізіон 1] id=pUyOyEcM
  ✔ 81' Влашим - Пржибрам [ЧЕХІЯ: Дивізіон 2] id=xjsurofn
  Found: 3 candidates, 2 new, 9 permanently skipped

→ Аль-Раед - Аль-Оруба (72') [САУДІВСЬКА АРАВІЯ: Дивізіон 1]

→ Влашим - Пржибрам (81') [ЧЕХІЯ: Дивізіон 2]
  Кф 1X2: 1.9 / 3.84 / 3.53
  Кф 1X2: 1.97 / 3.52 / 3.62
  Desktop: https://www.flashscore.ua/match/soccer/pribram-UL3SitR7/vlasim-xjRqQOmL/?mid=xjsurofn
  Desktop: https://www.flashscore.ua/match/soccer/al-orubah-A3ZAc2rn/al-raed-WfHC8geK/?mid=pUyOyEcM
  ⚠ DOM ALERT [xjsurofn]: PAGE_ERROR — secondHalf: Navigation timeout of 20000 ms exceeded
  [stats] xjsurofn → overall_only, 6 metrics
  ⚠ DOM ALERT [pUyOyEcM]: PAGE_ERROR — secondHalf: Navigation timeout of 20000 ms exceeded
  [stats] pUyOyEcM → overall_only, 33 metrics
  Features: quality=0.23, primary=2, status=overall_only
  Model v2: pGoal=0.357, pDry=0.643 sq=0.509 state=dry | 80-90+ → SKIP
  Features: quality=1, primary=6, status=overall_only
  Model v2: pGoal=0.444, pDry=0.556 sq=0.66 state=dry | 70-80 → UNDER_0_5 [TG]
Message sent to Telegram
  ✓ Telegram update sent (📶 Впевненість → medium)

Done: 2 analyzed, 1 actionable, 1 TG sent
📌 Tracking 1 active prediction(s)

🔥 RUN #134: analyzed=2, signals=1
⏳ Next scan in 3m...
[20:43:51] Live scan
  Запуск live-скрапера (після ранкових Telegram, якщо були).
Opening: https://m.flashscore.ua/?s=2 (minute >= 60, 0:0 only)
Provider health [https://m.flashscore.ua/?s=2]: rows=56, 0:0 total=20, candidates=4
  ⏸ 0:0 ще рано (< 60'):
    34' АРГЕНТИНА: Кубок Аргентини34'Хімнасія Мендоса - Хімнасія і Тіро [АРГЕНТИНА: Кубок Аргентини]
    50' БОСНІЯ ТА ГЕРЦЕГОВИНА: Кубок Боснії та Герцеговини50'Зріньскі - Раднік Бієліна [БОСНІЯ ТА ГЕРЦЕГОВИНА: Кубок Боснії та Герцеговини]
    14' ІСПАНІЯ: Терсера КІФФ - Група 6 Таблиця14'Сонеха - Еркулес B [ІСПАНІЯ: Терсера КІФФ - Група 6]
    53' Джоліба - Онз Креатер [МАЛІ: Перший дивізіон]
    44' Тромсе - Ліллестрем [НОРВЕГІЯ: Елітсеріен]
    14' ПІВДЕННА АФРИКА: Прем'єр-ліга Таблиця14'Магесі - Кайзер Чіфс [ПІВДЕННА АФРИКА: Прем'єр-ліга]
    44' УГАНДА: Прем'єр-ліга Таблиця44'Вілла - Вайперс [УГАНДА: Прем'єр-ліга]
    14' Клаксвік - Фуглафйордур [ФАРЕРСЬКІ ОСТРОВИ: Кубок Фарерських островів]
    14' Тофтір - Мідвагур [ФАРЕРСЬКІ ОСТРОВИ: Кубок Фарерських островів]
    44' Кіффен - ПуйУ [ФІНЛЯНДІЯ: Кубок Фінляндії]
    29' ХПС II - ПК-35 [ФІНЛЯНДІЯ: Кубок Фінляндії]
    44' Веве - Брайтенрайн [ШВЕЙЦАРІЯ: Ліга підвищення]
    14' Бавуа - Гран-Саконне [ШВЕЙЦАРІЯ: Ліга підвищення]
    14' Брюль - Крінс [ШВЕЙЦАРІЯ: Ліга підвищення]
    14' Цюрих II - Кройцлінген [ШВЕЙЦАРІЯ: Ліга підвищення]
    14' Янг Бойз II - Біль [ШВЕЙЦАРІЯ: Ліга підвищення]
  ✔ 83' МАЛІ: Перший дивізіон Таблиця83'УС Бугуні - Фут Еліт [МАЛІ: Перший дивізіон] id=U1YZWKn3
  ✔ 80' Хамрун - Гзіра [МАЛЬТА: Прем'єр-ліга - Другий етап - Топ-6] id=IB6DrAFs
  ✔ 76' Аль-Раед - Аль-Оруба [САУДІВСЬКА АРАВІЯ: Дивізіон 1] id=pUyOyEcM
  ✔ 85' Влашим - Пржибрам [ЧЕХІЯ: Дивізіон 2] id=xjsurofn
  Found: 4 candidates, 3 new, 9 permanently skipped

→ Хамрун - Гзіра (80') [МАЛЬТА: Прем'єр-ліга - Другий етап - Топ-6]

→ Аль-Раед - Аль-Оруба (76') [САУДІВСЬКА АРАВІЯ: Дивізіон 1]
  Кф 1X2: 1.42 / 4.61 / 6.4
  Кф 1X2: 1.9 / 3.84 / 3.53
  Desktop: https://www.flashscore.ua/match/soccer/al-orubah-A3ZAc2rn/al-raed-WfHC8geK/?mid=pUyOyEcM
  Desktop: https://www.flashscore.ua/match/soccer/gzira-vNKKFgsl/hamrun-0EeKzT9a/?mid=IB6DrAFs
  [stats] pUyOyEcM → both, 33 metrics
  Features: quality=1, primary=6, status=both
  Model v2: pGoal=0.444, pDry=0.556 sq=0.6757 state=dry | 70-80 → UNDER_0_5 [TG]
Message sent to Telegram
  ✓ Telegram update sent (📶 Впевненість → high)

→ Влашим - Пржибрам (85') [ЧЕХІЯ: Дивізіон 2]
  Кф 1X2: 1.97 / 3.52 / 3.62
  Desktop: https://www.flashscore.ua/match/soccer/pribram-UL3SitR7/vlasim-xjRqQOmL/?mid=xjsurofn
  [stats] xjsurofn → both, 6 metrics
  Features: quality=0.23, primary=2, status=both
  Model v2: pGoal=0.357, pDry=0.643 sq=0.5247 state=dry | 80-90+ → SKIP
  ⚠ DOM ALERT [IB6DrAFs]: PAGE_ERROR — secondHalf: Navigation timeout of 20000 ms exceeded
  [stats] IB6DrAFs → overall_only, 6 metrics
  Features: quality=0.23, primary=2, status=overall_only
  Model v2: pGoal=0.464, pDry=0.536 sq=0.429 state=dry | 80-90+ → SKIP

Done: 3 analyzed, 1 actionable, 1 TG sent
📌 Tracking 1 active prediction(s)

🔥 RUN #135: analyzed=3, signals=1
⏳ Next scan in 3m...
[20:47:31] Live scan
  Запуск live-скрапера (після ранкових Telegram, якщо були).
Opening: https://m.flashscore.ua/?s=2 (minute >= 60, 0:0 only)
Provider health [https://m.flashscore.ua/?s=2]: rows=56, 0:0 total=20, candidates=4
  ⏸ 0:0 ще рано (< 60'):
    38' АРГЕНТИНА: Кубок Аргентини38'Хімнасія Мендоса - Хімнасія і Тіро [АРГЕНТИНА: Кубок Аргентини]
    55' БОСНІЯ ТА ГЕРЦЕГОВИНА: Кубок Боснії та Герцеговини55'Зріньскі - Раднік Бієліна [БОСНІЯ ТА ГЕРЦЕГОВИНА: Кубок Боснії та Герцеговини]
    18' ІСПАНІЯ: Терсера КІФФ - Група 6 Таблиця18'Сонеха - Еркулес B [ІСПАНІЯ: Терсера КІФФ - Група 6]
    58' Джоліба - Онз Креатер [МАЛІ: Перший дивізіон]
    18' ПІВДЕННА АФРИКА: Прем'єр-ліга Таблиця18'Магесі - Кайзер Чіфс [ПІВДЕННА АФРИКА: Прем'єр-ліга]
    18' Клаксвік - Фуглафйордур [ФАРЕРСЬКІ ОСТРОВИ: Кубок Фарерських островів]
    18' Тофтір - Мідвагур [ФАРЕРСЬКІ ОСТРОВИ: Кубок Фарерських островів]
    33' ХПС II - ПК-35 [ФІНЛЯНДІЯ: Кубок Фінляндії]
    18' Бавуа - Гран-Саконне [ШВЕЙЦАРІЯ: Ліга підвищення]
    18' Брюль - Крінс [ШВЕЙЦАРІЯ: Ліга підвищення]
    18' Цюрих II - Кройцлінген [ШВЕЙЦАРІЯ: Ліга підвищення]
    18' Янг Бойз II - Біль [ШВЕЙЦАРІЯ: Ліга підвищення]
  ✔ 87' МАЛІ: Перший дивізіон Таблиця87'УС Бугуні - Фут Еліт [МАЛІ: Перший дивізіон] id=U1YZWKn3
  ✔ 85' Хамрун - Гзіра [МАЛЬТА: Прем'єр-ліга - Другий етап - Топ-6] id=IB6DrAFs
  ✔ 80' Аль-Раед - Аль-Оруба [САУДІВСЬКА АРАВІЯ: Дивізіон 1] id=pUyOyEcM
  ✔ 89' Влашим - Пржибрам [ЧЕХІЯ: Дивізіон 2] id=xjsurofn
  Found: 4 candidates, 3 new, 9 permanently skipped

→ Хамрун - Гзіра (85') [МАЛЬТА: Прем'єр-ліга - Другий етап - Топ-6]

→ Аль-Раед - Аль-Оруба (80') [САУДІВСЬКА АРАВІЯ: Дивізіон 1]
  Кф 1X2: 1.42 / 4.61 / 6.4
  Кф 1X2: 1.9 / 3.84 / 3.53
  Desktop: https://www.flashscore.ua/match/soccer/gzira-vNKKFgsl/hamrun-0EeKzT9a/?mid=IB6DrAFs
  Desktop: https://www.flashscore.ua/match/soccer/al-orubah-A3ZAc2rn/al-raed-WfHC8geK/?mid=pUyOyEcM
  [stats] pUyOyEcM → both, 33 metrics
  Features: quality=1, primary=6, status=both
  Model v2: pGoal=0.584, pDry=0.416 sq=0.6914 state=lateSurge | 80-90+ → OVER_0_5 | Δ2H SOT=0 xG=0.04 (Δ4′ матчу) [TG]
Message sent to Telegram
  ✓ Telegram update sent (🔀 Фліп ТМ→ТБ (оновлення сценарію))

→ Влашим - Пржибрам (89') [ЧЕХІЯ: Дивізіон 2]
  Кф 1X2: 1.97 / 3.52 / 3.62
  Desktop: https://www.flashscore.ua/match/soccer/pribram-UL3SitR7/vlasim-xjRqQOmL/?mid=xjsurofn
  ⚠ DOM ALERT [IB6DrAFs]: PAGE_ERROR — secondHalf: Navigation timeout of 20000 ms exceeded
  [stats] IB6DrAFs → overall_only, 6 metrics
  Features: quality=0.23, primary=2, status=overall_only
  Model v2: pGoal=0.464, pDry=0.536 sq=0.429 state=dry | 80-90+ → SKIP
  ⚠ DOM ALERT [xjsurofn]: PAGE_ERROR — overall: Navigation timeout of 20000 ms exceeded
  [stats] xjsurofn mobile fallback overall: 6 metrics
  [stats] xjsurofn → both, 6 metrics
  Features: quality=0.23, primary=2, status=both
  Model v2: pGoal=0.497, pDry=0.503 sq=0.4604 state=lateSurge | 80-90+ → SKIP | Δ2H SOT=2 xG=— (Δ4′ матчу)

Done: 3 analyzed, 1 actionable, 1 TG sent
📌 Tracking 1 active prediction(s)

🔥 RUN #136: analyzed=3, signals=1
⏳ Next scan in 3m...
[20:51:24] Live scan
  Запуск live-скрапера (після ранкових Telegram, якщо були).
Opening: https://m.flashscore.ua/?s=2 (minute >= 60, 0:0 only)
Provider health [https://m.flashscore.ua/?s=2]: rows=54, 0:0 total=17, candidates=2
  ⏸ 0:0 ще рано (< 60'):
    42' АРГЕНТИНА: Кубок Аргентини42'Хімнасія Мендоса - Хімнасія і Тіро [АРГЕНТИНА: Кубок Аргентини]
    58' БОСНІЯ ТА ГЕРЦЕГОВИНА: Кубок Боснії та Герцеговини58'Зріньскі - Раднік Бієліна [БОСНІЯ ТА ГЕРЦЕГОВИНА: Кубок Боснії та Герцеговини]
    22' ІСПАНІЯ: Терсера КІФФ - Група 6 Таблиця22'Сонеха - Еркулес B [ІСПАНІЯ: Терсера КІФФ - Група 6]
    45' Тромсе - Ліллестрем [НОРВЕГІЯ: Елітсеріен]
    22' ПІВДЕННА АФРИКА: Прем'єр-ліга Таблиця22'Магесі - Кайзер Чіфс [ПІВДЕННА АФРИКА: Прем'єр-ліга]
    45' УГАНДА: Прем'єр-ліга ТаблицяПерерваВілла - Вайперс [УГАНДА: Прем'єр-ліга]
    22' Тофтір - Мідвагур [ФАРЕРСЬКІ ОСТРОВИ: Кубок Фарерських островів]
    45' Кіффен - ПуйУ [ФІНЛЯНДІЯ: Кубок Фінляндії]
    45' Веве - Брайтенрайн [ШВЕЙЦАРІЯ: Ліга підвищення]
    22' Бавуа - Гран-Саконне [ШВЕЙЦАРІЯ: Ліга підвищення]
    22' Брюль - Крінс [ШВЕЙЦАРІЯ: Ліга підвищення]
    22' Цюрих II - Кройцлінген [ШВЕЙЦАРІЯ: Ліга підвищення]
    22' Янг Бойз II - Біль [ШВЕЙЦАРІЯ: Ліга підвищення]
  ✔ 88' Хамрун - Гзіра [МАЛЬТА: Прем'єр-ліга - Другий етап - Топ-6] id=IB6DrAFs
  ✔ 84' Аль-Раед - Аль-Оруба [САУДІВСЬКА АРАВІЯ: Дивізіон 1] id=pUyOyEcM
  Found: 2 candidates, 2 new, 9 permanently skipped

→ Хамрун - Гзіра (88') [МАЛЬТА: Прем'єр-ліга - Другий етап - Топ-6]

→ Аль-Раед - Аль-Оруба (84') [САУДІВСЬКА АРАВІЯ: Дивізіон 1]
  Кф 1X2: 1.42 / 4.61 / 6.4
  Кф 1X2: 1.9 / 3.84 / 3.53
  Desktop: https://www.flashscore.ua/match/soccer/gzira-vNKKFgsl/hamrun-0EeKzT9a/?mid=IB6DrAFs
  Desktop: https://www.flashscore.ua/match/soccer/al-orubah-A3ZAc2rn/al-raed-WfHC8geK/?mid=pUyOyEcM
  [stats] pUyOyEcM → both, 33 metrics
  Features: quality=1, primary=6, status=both
  Model v2: pGoal=0.634, pDry=0.366 sq=0.7871 state=lateSurge | 80-90+ → OVER_0_5 | Δ2H SOT=1 xG=0.42 (Δ4′ матчу) [TG]
  ↻ Re-analysis done (no change)
  ⚠ DOM ALERT [IB6DrAFs]: PAGE_ERROR — secondHalf: Navigation timeout of 20000 ms exceeded
  [stats] IB6DrAFs → overall_only, 6 metrics
  Features: quality=0.23, primary=2, status=overall_only
  Model v2: pGoal=0.464, pDry=0.536 sq=0.429 state=dry | 80-90+ → SKIP

Done: 2 analyzed, 1 actionable, 0 TG sent
📌 Tracking 1 active prediction(s)

🔥 RUN #137: analyzed=2, signals=0
⏳ Next scan in 3m...
[20:55:05] Live scan
  Запуск live-скрапера (після ранкових Telegram, якщо були).
Opening: https://m.flashscore.ua/?s=2 (minute >= 60, 0:0 only)
Provider health [https://m.flashscore.ua/?s=2]: rows=48, 0:0 total=16, candidates=2
  ⏸ 0:0 ще рано (< 60'):
    45' АРГЕНТИНА: Кубок Аргентини45'Хімнасія Мендоса - Хімнасія і Тіро [АРГЕНТИНА: Кубок Аргентини]
    25' ІСПАНІЯ: Терсера КІФФ - Група 6 Таблиця25'Сонеха - Еркулес B [ІСПАНІЯ: Терсера КІФФ - Група 6]
    45' Тромсе - Ліллестрем [НОРВЕГІЯ: Елітсеріен]
    25' ПІВДЕННА АФРИКА: Прем'єр-ліга Таблиця25'Магесі - Кайзер Чіфс [ПІВДЕННА АФРИКА: Прем'єр-ліга]
    45' УГАНДА: Прем'єр-ліга ТаблицяПерерваВілла - Вайперс [УГАНДА: Прем'єр-ліга]
    25' Тофтір - Мідвагур [ФАРЕРСЬКІ ОСТРОВИ: Кубок Фарерських островів]
    45' Кіффен - ПуйУ [ФІНЛЯНДІЯ: Кубок Фінляндії]
    45' Веве - Брайтенрайн [ШВЕЙЦАРІЯ: Ліга підвищення]
    25' Бавуа - Гран-Саконне [ШВЕЙЦАРІЯ: Ліга підвищення]
    25' Брюль - Крінс [ШВЕЙЦАРІЯ: Ліга підвищення]
    25' Цюрих II - Кройцлінген [ШВЕЙЦАРІЯ: Ліга підвищення]
    25' Янг Бойз II - Біль [ШВЕЙЦАРІЯ: Ліга підвищення]
  ✔ 62' БОСНІЯ ТА ГЕРЦЕГОВИНА: Кубок Боснії та Герцеговини62'Зріньскі - Раднік Бієліна [БОСНІЯ ТА ГЕРЦЕГОВИНА: Кубок Боснії та Герцеговини] id=Qo9OqE13
  ✔ 88' Аль-Раед - Аль-Оруба [САУДІВСЬКА АРАВІЯ: Дивізіон 1] id=pUyOyEcM
  Found: 2 candidates, 2 new, 9 permanently skipped

→ БОСНІЯ ТА ГЕРЦЕГОВИНА: Кубок Боснії та Герцеговини62'Зріньскі - Раднік Бієліна (62') [БОСНІЯ ТА ГЕРЦЕГОВИНА: Кубок Боснії та Герцеговини]

→ Аль-Раед - Аль-Оруба (88') [САУДІВСЬКА АРАВІЯ: Дивізіон 1]
  Кф 1X2: 1.33 / 5.4 / 7.56
  Кф 1X2: 1.9 / 3.84 / 3.53
  Desktop: https://www.flashscore.ua/match/soccer/radnik-bijeljina-dM6rZYfN/zrinjski-0C6tPiIc/?mid=Qo9OqE13
  Desktop: https://www.flashscore.ua/match/soccer/al-orubah-A3ZAc2rn/al-raed-WfHC8geK/?mid=pUyOyEcM
  ⚠ DOM ALERT [Qo9OqE13]: PAGE_ERROR — secondHalf: Navigation timeout of 20000 ms exceeded
  [stats] Qo9OqE13 → overall_only, 6 metrics
  ⚠ DOM ALERT [pUyOyEcM]: PAGE_ERROR — secondHalf: Navigation timeout of 20000 ms exceeded
  [stats] pUyOyEcM → overall_only, 33 metrics
  Features: quality=0.23, primary=2, status=overall_only
  Model v2: pGoal=0.44, pDry=0.56 sq=0.429 state=dry | 60-70 → SKIP
  Features: quality=1, primary=6, status=overall_only
  Model v2: pGoal=0.444, pDry=0.556 sq=0.66 state=dry | 80-90+ → SKIP

Done: 2 analyzed, 0 actionable, 0 TG sent
📌 Tracking 1 active prediction(s)

🔥 RUN #138: analyzed=2, signals=0
⏳ Next scan in 3m...
[20:58:45] Live scan
  Запуск live-скрапера (після ранкових Telegram, якщо були).
Opening: https://m.flashscore.ua/?s=2 (minute >= 60, 0:0 only)
Provider health [https://m.flashscore.ua/?s=2]: rows=42, 0:0 total=15, candidates=1
  ⏸ 0:0 ще рано (< 60'):
    45' АРГЕНТИНА: Кубок АргентиниПерерваХімнасія Мендоса - Хімнасія і Тіро [АРГЕНТИНА: Кубок Аргентини]
    29' ІСПАНІЯ: Терсера КІФФ - Група 6 Таблиця29'Сонеха - Еркулес B [ІСПАНІЯ: Терсера КІФФ - Група 6]
    45' Тромсе - Ліллестрем [НОРВЕГІЯ: Елітсеріен]
    29' ПІВДЕННА АФРИКА: Прем'єр-ліга Таблиця29'Магесі - Кайзер Чіфс [ПІВДЕННА АФРИКА: Прем'єр-ліга]
    45' УГАНДА: Прем'єр-ліга ТаблицяПерерваВілла - Вайперс [УГАНДА: Прем'єр-ліга]
    29' Тофтір - Мідвагур [ФАРЕРСЬКІ ОСТРОВИ: Кубок Фарерських островів]
    45' Кіффен - ПуйУ [ФІНЛЯНДІЯ: Кубок Фінляндії]
    45' Веве - Брайтенрайн [ШВЕЙЦАРІЯ: Ліга підвищення]
    29' Бавуа - Гран-Саконне [ШВЕЙЦАРІЯ: Ліга підвищення]
    29' Брюль - Крінс [ШВЕЙЦАРІЯ: Ліга підвищення]
    29' Цюрих II - Кройцлінген [ШВЕЙЦАРІЯ: Ліга підвищення]
    29' Янг Бойз II - Біль [ШВЕЙЦАРІЯ: Ліга підвищення]
  ✔ 65' БОСНІЯ ТА ГЕРЦЕГОВИНА: Кубок Боснії та Герцеговини65'Зріньскі - Раднік Бієліна [БОСНІЯ ТА ГЕРЦЕГОВИНА: Кубок Боснії та Герцеговини] id=Qo9OqE13
  Found: 1 candidates, 1 new, 9 permanently skipped

→ БОСНІЯ ТА ГЕРЦЕГОВИНА: Кубок Боснії та Герцеговини65'Зріньскі - Раднік Бієліна (65') [БОСНІЯ ТА ГЕРЦЕГОВИНА: Кубок Боснії та Герцеговини]
  Кф 1X2: 1.33 / 5.4 / 7.56
  Desktop: https://www.flashscore.ua/match/soccer/radnik-bijeljina-dM6rZYfN/zrinjski-0C6tPiIc/?mid=Qo9OqE13
  [stats] Qo9OqE13 → both, 6 metrics
  Features: quality=0.23, primary=2, status=both
  Model v2: pGoal=0.44, pDry=0.56 sq=0.4447 state=dry | 60-70 → SKIP

Done: 1 analyzed, 0 actionable, 0 TG sent

🔍 Checking 1 possibly finished match(es)...
  ⏳ Аль-Раед - Аль-Оруба: still live 0:0
📌 Tracking 1 active prediction(s)

🔥 RUN #139: analyzed=1, signals=0
⏳ Next scan in 3m...
[21:02:08] Live scan
  Запуск live-скрапера (після ранкових Telegram, якщо були).
Opening: https://m.flashscore.ua/?s=2 (minute >= 60, 0:0 only)
Provider health [https://m.flashscore.ua/?s=2]: rows=44, 0:0 total=19, candidates=1
  ⏸ 0:0 ще рано (< 60'):
    45' АРГЕНТИНА: Кубок АргентиниПерерваХімнасія Мендоса - Хімнасія і Тіро [АРГЕНТИНА: Кубок Аргентини]
    2' АРГЕНТИНА: Ліга дублерів - Апертура Таблиця2'Велес Сарсфілд 2 - Альдосіві 2 [АРГЕНТИНА: Ліга дублерів - Апертура]
    2' Депортіво Рієстра 2 - Бельграно 2 [АРГЕНТИНА: Ліга дублерів - Апертура]
    2' БРАЗИЛІЯ: Чемпіонат Бразилії U20 Таблиця2'Америка МЖ U20 - Крісіума U20 [БРАЗИЛІЯ: Чемпіонат Бразилії U20]
    2' Флуміненсе U20 - Віторія U20 [БРАЗИЛІЯ: Чемпіонат Бразилії U20]
    32' ІСПАНІЯ: Терсера КІФФ - Група 6 Таблиця32'Сонеха - Еркулес B [ІСПАНІЯ: Терсера КІФФ - Група 6]
    45' Тромсе - Ліллестрем [НОРВЕГІЯ: Елітсеріен]
    32' ПІВДЕННА АФРИКА: Прем'єр-ліга Таблиця32'Магесі - Кайзер Чіфс [ПІВДЕННА АФРИКА: Прем'єр-ліга]
    45' УГАНДА: Прем'єр-ліга ТаблицяПерерваВілла - Вайперс [УГАНДА: Прем'єр-ліга]
    32' Тофтір - Мідвагур [ФАРЕРСЬКІ ОСТРОВИ: Кубок Фарерських островів]
    45' Кіффен - ПуйУ [ФІНЛЯНДІЯ: Кубок Фінляндії]
    45' Веве - Брайтенрайн [ШВЕЙЦАРІЯ: Ліга підвищення]
    32' Бавуа - Гран-Саконне [ШВЕЙЦАРІЯ: Ліга підвищення]
    32' Брюль - Крінс [ШВЕЙЦАРІЯ: Ліга підвищення]
    32' Цюрих II - Кройцлінген [ШВЕЙЦАРІЯ: Ліга підвищення]
    32' Янг Бойз II - Біль [ШВЕЙЦАРІЯ: Ліга підвищення]
  ✔ 69' БОСНІЯ ТА ГЕРЦЕГОВИНА: Кубок Боснії та Герцеговини69'Зріньскі - Раднік Бієліна [БОСНІЯ ТА ГЕРЦЕГОВИНА: Кубок Боснії та Герцеговини] id=Qo9OqE13
  Found: 1 candidates, 1 new, 9 permanently skipped

→ БОСНІЯ ТА ГЕРЦЕГОВИНА: Кубок Боснії та Герцеговини69'Зріньскі - Раднік Бієліна (69') [БОСНІЯ ТА ГЕРЦЕГОВИНА: Кубок Боснії та Герцеговини]
  Кф 1X2: 1.33 / 5.4 / 7.56
  Desktop: https://www.flashscore.ua/match/soccer/radnik-bijeljina-dM6rZYfN/zrinjski-0C6tPiIc/?mid=Qo9OqE13
  [stats] Qo9OqE13 → both, 6 metrics
  Features: quality=0.23, primary=2, status=both
  Model v2: pGoal=0.38, pDry=0.62 sq=0.5404 state=dry | 60-70 → SKIP | Δ2H SOT=0 xG=— (Δ4′ матчу)

Done: 1 analyzed, 0 actionable, 0 TG sent

🔍 Checking 1 possibly finished match(es)...
  ⏳ Аль-Раед - Аль-Оруба: still live 0:0
📌 Tracking 1 active prediction(s)

🔥 RUN #140: analyzed=1, signals=0
⏳ Next scan in 3m...
[21:05:31] Live scan
  Запуск live-скрапера (після ранкових Telegram, якщо були).
Opening: https://m.flashscore.ua/?s=2 (minute >= 60, 0:0 only)
Provider health [https://m.flashscore.ua/?s=2]: rows=56, 0:0 total=29, candidates=1
  ⏸ 0:0 ще рано (< 60'):
    45' АРГЕНТИНА: Кубок АргентиниПерерваХімнасія Мендоса - Хімнасія і Тіро [АРГЕНТИНА: Кубок Аргентини]
    6' АРГЕНТИНА: Ліга дублерів - Апертура Таблиця6'Банфілд 2 - Годой Крус 2 [АРГЕНТИНА: Ліга дублерів - Апертура]
    6' Велес Сарсфілд 2 - Альдосіві 2 [АРГЕНТИНА: Ліга дублерів - Апертура]
    6' Депортіво Рієстра 2 - Бельграно 2 [АРГЕНТИНА: Ліга дублерів - Апертура]
    6' Кільмес 2 - Уракан 2 [АРГЕНТИНА: Ліга дублерів - Апертура]
    6' Платенсе 2 - Ферро 2 [АРГЕНТИНА: Ліга дублерів - Апертура]
    6' БРАЗИЛІЯ: Сеаренсе 2 Таблиця6'Атлетіку СЕ - Ітапіпока [БРАЗИЛІЯ: Сеаренсе 2]
    6' БРАЗИЛІЯ: Чемпіонат Бразилії U20 Таблиця6'Америка МЖ U20 - Крісіума U20 [БРАЗИЛІЯ: Чемпіонат Бразилії U20]
    6' Васку U20 - Жувентуде U20 [БРАЗИЛІЯ: Чемпіонат Бразилії U20]
    6' Греміу U20 - Фламенгу U20 [БРАЗИЛІЯ: Чемпіонат Бразилії U20]
    6' Флуміненсе U20 - Віторія U20 [БРАЗИЛІЯ: Чемпіонат Бразилії U20]
    6' Форталеза U20 - Атлетіко ПР U20 [БРАЗИЛІЯ: Чемпіонат Бразилії U20]
    6' ЄВРОПА: Міжнародний кубок Прем'єр-ліги - Плей-оф6'Динамо Загреб 2 - Валенсія B [ЄВРОПА: Міжнародний кубок Прем'єр-ліги - Плей-оф]
    6' ІСПАНІЯ: Терсера КІФФ - Група 4 Таблиця6'Пасая - УД Аречабалете [ІСПАНІЯ: Терсера КІФФ - Група 4]
    36' ІСПАНІЯ: Терсера КІФФ - Група 6 Таблиця36'Сонеха - Еркулес B [ІСПАНІЯ: Терсера КІФФ - Група 6]
    45' Тромсе - Ліллестрем [НОРВЕГІЯ: Елітсеріен]
    36' ПІВДЕННА АФРИКА: Прем'єр-ліга Таблиця36'Магесі - Кайзер Чіфс [ПІВДЕННА АФРИКА: Прем'єр-ліга]
    6' САУДІВСЬКА АРАВІЯ: Професійна ліга Таблиця6'Аль-Наср - Аль-Еттіфак [САУДІВСЬКА АРАВІЯ: Професійна ліга]
    49' УГАНДА: Прем'єр-ліга Таблиця49'Вілла - Вайперс [УГАНДА: Прем'єр-ліга]
    36' Тофтір - Мідвагур [ФАРЕРСЬКІ ОСТРОВИ: Кубок Фарерських островів]
    45' Кіффен - ПуйУ [ФІНЛЯНДІЯ: Кубок Фінляндії]
    50' Веве - Брайтенрайн [ШВЕЙЦАРІЯ: Ліга підвищення]
    36' Бавуа - Гран-Саконне [ШВЕЙЦАРІЯ: Ліга підвищення]
    36' Брюль - Крінс [ШВЕЙЦАРІЯ: Ліга підвищення]
    36' Цюрих II - Кройцлінген [ШВЕЙЦАРІЯ: Ліга підвищення]
    36' Янг Бойз II - Біль [ШВЕЙЦАРІЯ: Ліга підвищення]
    6' Люцерн II - Хам [ШВЕЙЦАРІЯ: Ліга підвищення]
  ✔ 72' БОСНІЯ ТА ГЕРЦЕГОВИНА: Кубок Боснії та Герцеговини72'Зріньскі - Раднік Бієліна [БОСНІЯ ТА ГЕРЦЕГОВИНА: Кубок Боснії та Герцеговини] id=Qo9OqE13
  Found: 1 candidates, 1 new, 9 permanently skipped

→ БОСНІЯ ТА ГЕРЦЕГОВИНА: Кубок Боснії та Герцеговини72'Зріньскі - Раднік Бієліна (72') [БОСНІЯ ТА ГЕРЦЕГОВИНА: Кубок Боснії та Герцеговини]
  Кф 1X2: 1.33 / 5.4 / 7.56
  Desktop: https://www.flashscore.ua/match/soccer/radnik-bijeljina-dM6rZYfN/zrinjski-0C6tPiIc/?mid=Qo9OqE13
  [stats] Qo9OqE13 → both, 6 metrics
  Features: quality=0.23, primary=2, status=both
  Model v2: pGoal=0.41, pDry=0.59 sq=0.4761 state=dry | 70-80 → SKIP | Δ2H SOT=0 xG=— (Δ3′ матчу)

Done: 1 analyzed, 0 actionable, 0 TG sent

🔍 Checking 1 possibly finished match(es)...
  ⚽ Аль-Раед - Аль-Оруба: 0:1 [GOAL→resolved] → ТМ:❌ ТБ:✅
Message sent to Telegram
  ✓ Telegram result sent (0:1 (ще триває, гол вирішив))

🔥 RUN #141: analyzed=1, signals=0
⏳ Next scan in 3m...
[21:08:56] Live scan
  Запуск live-скрапера (після ранкових Telegram, якщо були).
Opening: https://m.flashscore.ua/?s=2 (minute >= 60, 0:0 only)
Provider health [https://m.flashscore.ua/?s=2]: rows=54, 0:0 total=23, candidates=1
  ⏸ 0:0 ще рано (< 60'):
    45' АРГЕНТИНА: Кубок АргентиниПерерваХімнасія Мендоса - Хімнасія і Тіро [АРГЕНТИНА: Кубок Аргентини]
    9' АРГЕНТИНА: Ліга дублерів - Апертура Таблиця9'Банфілд 2 - Годой Крус 2 [АРГЕНТИНА: Ліга дублерів - Апертура]
    9' Велес Сарсфілд 2 - Альдосіві 2 [АРГЕНТИНА: Ліга дублерів - Апертура]
    9' Депортіво Рієстра 2 - Бельграно 2 [АРГЕНТИНА: Ліга дублерів - Апертура]
    9' Кільмес 2 - Уракан 2 [АРГЕНТИНА: Ліга дублерів - Апертура]
    9' Платенсе 2 - Ферро 2 [АРГЕНТИНА: Ліга дублерів - Апертура]
    9' БРАЗИЛІЯ: Сеаренсе 2 Таблиця9'Атлетіку СЕ - Ітапіпока [БРАЗИЛІЯ: Сеаренсе 2]
    9' БРАЗИЛІЯ: Чемпіонат Бразилії U20 Таблиця9'Америка МЖ U20 - Крісіума U20 [БРАЗИЛІЯ: Чемпіонат Бразилії U20]
    9' Васку U20 - Жувентуде U20 [БРАЗИЛІЯ: Чемпіонат Бразилії U20]
    9' Греміу U20 - Фламенгу U20 [БРАЗИЛІЯ: Чемпіонат Бразилії U20]
    9' Флуміненсе U20 - Віторія U20 [БРАЗИЛІЯ: Чемпіонат Бразилії U20]
    9' Форталеза U20 - Атлетіко ПР U20 [БРАЗИЛІЯ: Чемпіонат Бразилії U20]
    9' ЄВРОПА: Міжнародний кубок Прем'єр-ліги - Плей-оф9'Динамо Загреб 2 - Валенсія B [ЄВРОПА: Міжнародний кубок Прем'єр-ліги - Плей-оф]
    9' ІСПАНІЯ: Терсера КІФФ - Група 4 Таблиця9'Пасая - УД Аречабалете [ІСПАНІЯ: Терсера КІФФ - Група 4]
    39' ІСПАНІЯ: Терсера КІФФ - Група 6 Таблиця39'Сонеха - Еркулес B [ІСПАНІЯ: Терсера КІФФ - Група 6]
    51' Тромсе - Ліллестрем [НОРВЕГІЯ: Елітсеріен]
    9' САУДІВСЬКА АРАВІЯ: Професійна ліга Таблиця9'Аль-Наср - Аль-Еттіфак [САУДІВСЬКА АРАВІЯ: Професійна ліга]
    52' УГАНДА: Прем'єр-ліга Таблиця52'Вілла - Вайперс [УГАНДА: Прем'єр-ліга]
    39' Тофтір - Мідвагур [ФАРЕРСЬКІ ОСТРОВИ: Кубок Фарерських островів]
    47' Кіффен - ПуйУ [ФІНЛЯНДІЯ: Кубок Фінляндії]
    39' Бавуа - Гран-Саконне [ШВЕЙЦАРІЯ: Ліга підвищення]
    39' Янг Бойз II - Біль [ШВЕЙЦАРІЯ: Ліга підвищення]
  ✔ 76' БОСНІЯ ТА ГЕРЦЕГОВИНА: Кубок Боснії та Герцеговини76'Зріньскі - Раднік Бієліна [БОСНІЯ ТА ГЕРЦЕГОВИНА: Кубок Боснії та Герцеговини] id=Qo9OqE13
  Found: 1 candidates, 1 new, 9 permanently skipped

→ БОСНІЯ ТА ГЕРЦЕГОВИНА: Кубок Боснії та Герцеговини76'Зріньскі - Раднік Бієліна (76') [БОСНІЯ ТА ГЕРЦЕГОВИНА: Кубок Боснії та Герцеговини]
  Кф 1X2: 1.33 / 5.4 / 7.56
  Desktop: https://www.flashscore.ua/match/soccer/radnik-bijeljina-dM6rZYfN/zrinjski-0C6tPiIc/?mid=Qo9OqE13
  [stats] Qo9OqE13 → both, 6 metrics
  Features: quality=0.23, primary=2, status=both
  Model v2: pGoal=0.41, pDry=0.59 sq=0.4919 state=dry | 70-80 → SKIP | Δ2H SOT=0 xG=— (Δ4′ матчу)

Done: 1 analyzed, 0 actionable, 0 TG sent

🔥 RUN #142: analyzed=1, signals=0
⏳ Next scan in 3m...
[21:12:18] Live scan
  Запуск live-скрапера (після ранкових Telegram, якщо були).
Opening: https://m.flashscore.ua/?s=2 (minute >= 60, 0:0 only)
Provider health [https://m.flashscore.ua/?s=2]: rows=54, 0:0 total=23, candidates=1
  ⏸ 0:0 ще рано (< 60'):
    45' АРГЕНТИНА: Кубок АргентиниПерерваХімнасія Мендоса - Хімнасія і Тіро [АРГЕНТИНА: Кубок Аргентини]
    12' АРГЕНТИНА: Ліга дублерів - Апертура Таблиця12'Банфілд 2 - Годой Крус 2 [АРГЕНТИНА: Ліга дублерів - Апертура]
    12' Велес Сарсфілд 2 - Альдосіві 2 [АРГЕНТИНА: Ліга дублерів - Апертура]
    12' Депортіво Рієстра 2 - Бельграно 2 [АРГЕНТИНА: Ліга дублерів - Апертура]
    12' Кільмес 2 - Уракан 2 [АРГЕНТИНА: Ліга дублерів - Апертура]
    12' Платенсе 2 - Ферро 2 [АРГЕНТИНА: Ліга дублерів - Апертура]
    12' БРАЗИЛІЯ: Сеаренсе 2 Таблиця12'Атлетіку СЕ - Ітапіпока [БРАЗИЛІЯ: Сеаренсе 2]
    12' БРАЗИЛІЯ: Чемпіонат Бразилії U20 Таблиця12'Америка МЖ U20 - Крісіума U20 [БРАЗИЛІЯ: Чемпіонат Бразилії U20]
    12' Васку U20 - Жувентуде U20 [БРАЗИЛІЯ: Чемпіонат Бразилії U20]
    12' Греміу U20 - Фламенгу U20 [БРАЗИЛІЯ: Чемпіонат Бразилії U20]
    12' Флуміненсе U20 - Віторія U20 [БРАЗИЛІЯ: Чемпіонат Бразилії U20]
    12' Форталеза U20 - Атлетіко ПР U20 [БРАЗИЛІЯ: Чемпіонат Бразилії U20]
    12' ЄВРОПА: Міжнародний кубок Прем'єр-ліги - Плей-оф12'Динамо Загреб 2 - Валенсія B [ЄВРОПА: Міжнародний кубок Прем'єр-ліги - Плей-оф]
    12' ІСПАНІЯ: Терсера КІФФ - Група 4 Таблиця12'Пасая - УД Аречабалете [ІСПАНІЯ: Терсера КІФФ - Група 4]
    42' ІСПАНІЯ: Терсера КІФФ - Група 6 Таблиця42'Сонеха - Еркулес B [ІСПАНІЯ: Терсера КІФФ - Група 6]
    54' Тромсе - Ліллестрем [НОРВЕГІЯ: Елітсеріен]
    12' САУДІВСЬКА АРАВІЯ: Професійна ліга Таблиця12'Аль-Наср - Аль-Еттіфак [САУДІВСЬКА АРАВІЯ: Професійна ліга]
    55' УГАНДА: Прем'єр-ліга Таблиця55'Вілла - Вайперс [УГАНДА: Прем'єр-ліга]
    42' Тофтір - Мідвагур [ФАРЕРСЬКІ ОСТРОВИ: Кубок Фарерських островів]
    50' Кіффен - ПуйУ [ФІНЛЯНДІЯ: Кубок Фінляндії]
    42' Бавуа - Гран-Саконне [ШВЕЙЦАРІЯ: Ліга підвищення]
    42' Янг Бойз II - Біль [ШВЕЙЦАРІЯ: Ліга підвищення]
  ✔ 79' БОСНІЯ ТА ГЕРЦЕГОВИНА: Кубок Боснії та Герцеговини79'Зріньскі - Раднік Бієліна [БОСНІЯ ТА ГЕРЦЕГОВИНА: Кубок Боснії та Герцеговини] id=Qo9OqE13
  Found: 1 candidates, 1 new, 9 permanently skipped

→ БОСНІЯ ТА ГЕРЦЕГОВИНА: Кубок Боснії та Герцеговини79'Зріньскі - Раднік Бієліна (79') [БОСНІЯ ТА ГЕРЦЕГОВИНА: Кубок Боснії та Герцеговини]
  Кф 1X2: 1.33 / 5.4 / 7.56
  Desktop: https://www.flashscore.ua/match/soccer/radnik-bijeljina-dM6rZYfN/zrinjski-0C6tPiIc/?mid=Qo9OqE13
  [stats] Qo9OqE13 → both, 6 metrics
  Features: quality=0.23, primary=2, status=both
  Model v2: pGoal=0.41, pDry=0.59 sq=0.5076 state=dry | 70-80 → SKIP | Δ2H SOT=0 xG=— (Δ3′ матчу)

Done: 1 analyzed, 0 actionable, 0 TG sent

🔥 RUN #143: analyzed=1, signals=0
⏳ Next scan in 3m...
[21:15:40] Live scan
  Запуск live-скрапера (після ранкових Telegram, якщо були).
Opening: https://m.flashscore.ua/?s=2 (minute >= 60, 0:0 only)
Provider health [https://m.flashscore.ua/?s=2]: rows=53, 0:0 total=21, candidates=1
  ⏸ 0:0 ще рано (< 60'):
    47' АРГЕНТИНА: Кубок Аргентини47'Хімнасія Мендоса - Хімнасія і Тіро [АРГЕНТИНА: Кубок Аргентини]
    16' АРГЕНТИНА: Ліга дублерів - Апертура Таблиця16'Банфілд 2 - Годой Крус 2 [АРГЕНТИНА: Ліга дублерів - Апертура]
    16' Велес Сарсфілд 2 - Альдосіві 2 [АРГЕНТИНА: Ліга дублерів - Апертура]
    16' Депортіво Рієстра 2 - Бельграно 2 [АРГЕНТИНА: Ліга дублерів - Апертура]
    16' Кільмес 2 - Уракан 2 [АРГЕНТИНА: Ліга дублерів - Апертура]
    16' Платенсе 2 - Ферро 2 [АРГЕНТИНА: Ліга дублерів - Апертура]
    16' БРАЗИЛІЯ: Сеаренсе 2 Таблиця16'Атлетіку СЕ - Ітапіпока [БРАЗИЛІЯ: Сеаренсе 2]
    16' БРАЗИЛІЯ: Чемпіонат Бразилії U20 Таблиця16'Америка МЖ U20 - Крісіума U20 [БРАЗИЛІЯ: Чемпіонат Бразилії U20]
    16' Васку U20 - Жувентуде U20 [БРАЗИЛІЯ: Чемпіонат Бразилії U20]
    16' Греміу U20 - Фламенгу U20 [БРАЗИЛІЯ: Чемпіонат Бразилії U20]
    16' Флуміненсе U20 - Віторія U20 [БРАЗИЛІЯ: Чемпіонат Бразилії U20]
    16' Форталеза U20 - Атлетіко ПР U20 [БРАЗИЛІЯ: Чемпіонат Бразилії U20]
    16' ЄВРОПА: Міжнародний кубок Прем'єр-ліги - Плей-оф16'Динамо Загреб 2 - Валенсія B [ЄВРОПА: Міжнародний кубок Прем'єр-ліги - Плей-оф]
    16' ІСПАНІЯ: Терсера КІФФ - Група 4 Таблиця16'Пасая - УД Аречабалете [ІСПАНІЯ: Терсера КІФФ - Група 4]
    57' Тромсе - Ліллестрем [НОРВЕГІЯ: Елітсеріен]
    16' САУДІВСЬКА АРАВІЯ: Професійна ліга Таблиця16'Аль-Наср - Аль-Еттіфак [САУДІВСЬКА АРАВІЯ: Професійна ліга]
    59' УГАНДА: Прем'єр-ліга Таблиця59'Вілла - Вайперс [УГАНДА: Прем'єр-ліга]
    54' ФІНЛЯНДІЯ: Кубок Фінляндії54'Кіффен - ПуйУ [ФІНЛЯНДІЯ: Кубок Фінляндії]
  ✔ 83' БОСНІЯ ТА ГЕРЦЕГОВИНА: Кубок Боснії та Герцеговини83'Зріньскі - Раднік Бієліна [БОСНІЯ ТА ГЕРЦЕГОВИНА: Кубок Боснії та Герцеговини] id=Qo9OqE13
  Found: 1 candidates, 1 new, 9 permanently skipped

→ БОСНІЯ ТА ГЕРЦЕГОВИНА: Кубок Боснії та Герцеговини83'Зріньскі - Раднік Бієліна (83') [БОСНІЯ ТА ГЕРЦЕГОВИНА: Кубок Боснії та Герцеговини]
  Кф 1X2: 1.33 / 5.4 / 7.56
  Desktop: https://www.flashscore.ua/match/soccer/radnik-bijeljina-dM6rZYfN/zrinjski-0C6tPiIc/?mid=Qo9OqE13
  [stats] Qo9OqE13 → both, 6 metrics
  Features: quality=0.23, primary=2, status=both
  Model v2: pGoal=0.41, pDry=0.59 sq=0.5233 state=dry | 80-90+ → SKIP | Δ2H SOT=0 xG=— (Δ4′ матчу)

Done: 1 analyzed, 0 actionable, 0 TG sent

🔥 RUN #144: analyzed=1, signals=0
⏳ Next scan in 3m...
[21:19:02] Live scan
  Запуск live-скрапера (після ранкових Telegram, якщо були).
Opening: https://m.flashscore.ua/?s=2 (minute >= 60, 0:0 only)
Provider health [https://m.flashscore.ua/?s=2]: rows=53, 0:0 total=20, candidates=2
  ⏸ 0:0 ще рано (< 60'):
    50' АРГЕНТИНА: Кубок Аргентини50'Хімнасія Мендоса - Хімнасія і Тіро [АРГЕНТИНА: Кубок Аргентини]
    19' АРГЕНТИНА: Ліга дублерів - Апертура Таблиця19'Банфілд 2 - Годой Крус 2 [АРГЕНТИНА: Ліга дублерів - Апертура]
    19' Велес Сарсфілд 2 - Альдосіві 2 [АРГЕНТИНА: Ліга дублерів - Апертура]
    19' Депортіво Рієстра 2 - Бельграно 2 [АРГЕНТИНА: Ліга дублерів - Апертура]
    19' Кільмес 2 - Уракан 2 [АРГЕНТИНА: Ліга дублерів - Апертура]
    19' Платенсе 2 - Ферро 2 [АРГЕНТИНА: Ліга дублерів - Апертура]
    19' БРАЗИЛІЯ: Сеаренсе 2 Таблиця19'Атлетіку СЕ - Ітапіпока [БРАЗИЛІЯ: Сеаренсе 2]
    19' БРАЗИЛІЯ: Чемпіонат Бразилії U20 Таблиця19'Америка МЖ U20 - Крісіума U20 [БРАЗИЛІЯ: Чемпіонат Бразилії U20]
    19' Васку U20 - Жувентуде U20 [БРАЗИЛІЯ: Чемпіонат Бразилії U20]
    19' Греміу U20 - Фламенгу U20 [БРАЗИЛІЯ: Чемпіонат Бразилії U20]
    19' Флуміненсе U20 - Віторія U20 [БРАЗИЛІЯ: Чемпіонат Бразилії U20]
    19' Форталеза U20 - Атлетіко ПР U20 [БРАЗИЛІЯ: Чемпіонат Бразилії U20]
    19' ЄВРОПА: Міжнародний кубок Прем'єр-ліги - Плей-оф19'Динамо Загреб 2 - Валенсія B [ЄВРОПА: Міжнародний кубок Прем'єр-ліги - Плей-оф]
    19' ІСПАНІЯ: Терсера КІФФ - Група 4 Таблиця19'Пасая - УД Аречабалете [ІСПАНІЯ: Терсера КІФФ - Група 4]
    19' САУДІВСЬКА АРАВІЯ: Професійна ліга Таблиця19'Аль-Наср - Аль-Еттіфак [САУДІВСЬКА АРАВІЯ: Професійна ліга]
    57' ФІНЛЯНДІЯ: Кубок Фінляндії57'Кіффен - ПуйУ [ФІНЛЯНДІЯ: Кубок Фінляндії]
  ✔ 61' Тромсе - Ліллестрем [НОРВЕГІЯ: Елітсеріен] id=EXP7KtuR
  ✔ 62' УГАНДА: Прем'єр-ліга Таблиця62'Вілла - Вайперс [УГАНДА: Прем'єр-ліга] id=pvzHWhzI
  Found: 2 candidates, 2 new, 9 permanently skipped

→ Тромсе - Ліллестрем (61') [НОРВЕГІЯ: Елітсеріен]

→ УГАНДА: Прем'єр-ліга Таблиця62'Вілла - Вайперс (62') [УГАНДА: Прем'єр-ліга]
  Кф 1X2: 1.82 / 3.75 / 4.26
  Кф 1X2: 3.46 / 2.34 / 2.74
  Desktop: https://www.flashscore.ua/match/soccer/lillestrom-xYWBZlwN/tromso-25HpQh9o/?mid=EXP7KtuR
  Desktop: https://www.flashscore.ua/match/soccer/villa-ALztxK6e/vipers-naKVehgj/?mid=pvzHWhzI
  [stats] pvzHWhzI → both, 5 metrics
  Features: quality=0.23, primary=2, status=both
  Model v2: pGoal=0.261, pDry=0.739 sq=0.5247 state=dry | 60-70 → SKIP
  ⚠ DOM ALERT [EXP7KtuR]: PAGE_ERROR — secondHalf: Navigation timeout of 20000 ms exceeded
  [stats] EXP7KtuR → overall_only, 33 metrics
  Features: quality=1, primary=6, status=overall_only
  Model v2: pGoal=0.418, pDry=0.582 sq=0.66 state=dry | 60-70 → SKIP

Done: 2 analyzed, 0 actionable, 0 TG sent

🔥 RUN #145: analyzed=2, signals=0
⏳ Next scan in 3m...
[21:22:42] Live scan
  Запуск live-скрапера (після ранкових Telegram, якщо були).
Opening: https://m.flashscore.ua/?s=2 (minute >= 60, 0:0 only)
Provider health [https://m.flashscore.ua/?s=2]: rows=52, 0:0 total=18, candidates=2
  ⏸ 0:0 ще рано (< 60'):
    54' АРГЕНТИНА: Кубок Аргентини54'Хімнасія Мендоса - Хімнасія і Тіро [АРГЕНТИНА: Кубок Аргентини]
    23' АРГЕНТИНА: Ліга дублерів - Апертура Таблиця23'Банфілд 2 - Годой Крус 2 [АРГЕНТИНА: Ліга дублерів - Апертура]
    23' Велес Сарсфілд 2 - Альдосіві 2 [АРГЕНТИНА: Ліга дублерів - Апертура]
    23' Депортіво Рієстра 2 - Бельграно 2 [АРГЕНТИНА: Ліга дублерів - Апертура]
    23' Кільмес 2 - Уракан 2 [АРГЕНТИНА: Ліга дублерів - Апертура]
    23' Платенсе 2 - Ферро 2 [АРГЕНТИНА: Ліга дублерів - Апертура]
    23' БРАЗИЛІЯ: Сеаренсе 2 Таблиця23'Атлетіку СЕ - Ітапіпока [БРАЗИЛІЯ: Сеаренсе 2]
    23' БРАЗИЛІЯ: Чемпіонат Бразилії U20 Таблиця23'Америка МЖ U20 - Крісіума U20 [БРАЗИЛІЯ: Чемпіонат Бразилії U20]
    23' Васку U20 - Жувентуде U20 [БРАЗИЛІЯ: Чемпіонат Бразилії U20]
    23' Греміу U20 - Фламенгу U20 [БРАЗИЛІЯ: Чемпіонат Бразилії U20]
    23' Флуміненсе U20 - Віторія U20 [БРАЗИЛІЯ: Чемпіонат Бразилії U20]
    23' Форталеза U20 - Атлетіко ПР U20 [БРАЗИЛІЯ: Чемпіонат Бразилії U20]
    23' ІСПАНІЯ: Терсера КІФФ - Група 4 Таблиця23'Пасая - УД Аречабалете [ІСПАНІЯ: Терсера КІФФ - Група 4]
    23' САУДІВСЬКА АРАВІЯ: Професійна ліга Таблиця23'Аль-Наср - Аль-Еттіфак [САУДІВСЬКА АРАВІЯ: Професійна ліга]
    45' Бавуа - Гран-Саконне [ШВЕЙЦАРІЯ: Ліга підвищення]
    45' Янг Бойз II - Біль [ШВЕЙЦАРІЯ: Ліга підвищення]
  ✔ 65' Тромсе - Ліллестрем [НОРВЕГІЯ: Елітсеріен] id=EXP7KtuR
  ✔ 61' ФІНЛЯНДІЯ: Кубок Фінляндії61'Кіффен - ПуйУ [ФІНЛЯНДІЯ: Кубок Фінляндії] id=QRh1cUK0
  Found: 2 candidates, 2 new, 9 permanently skipped

→ Тромсе - Ліллестрем (65') [НОРВЕГІЯ: Елітсеріен]

→ ФІНЛЯНДІЯ: Кубок Фінляндії61'Кіффен - ПуйУ (61') [ФІНЛЯНДІЯ: Кубок Фінляндії]
  Кф 1X2: 1.82 / 3.75 / 4.26
  Кф 1X2: 2.02 / 4.03 / 2.97
  Desktop: https://www.flashscore.ua/match/soccer/kiffen-tIC1S107/puiu-helsinki-vmpuSqhm/?mid=QRh1cUK0
  Desktop: https://www.flashscore.ua/match/soccer/lillestrom-xYWBZlwN/tromso-25HpQh9o/?mid=EXP7KtuR
  [stats] QRh1cUK0 overall: no data-testid (old=0, any=0, body=148204)
  [stats] QRh1cUK0 secondHalf: no data-testid (old=0, any=0, body=148204)
  ⚠ DOM ALERT [EXP7KtuR]: PAGE_ERROR — secondHalf: Navigation timeout of 20000 ms exceeded
  [stats] EXP7KtuR → overall_only, 33 metrics
  Features: quality=1, primary=6, status=overall_only
  Model v2: pGoal=0.418, pDry=0.582 sq=0.66 state=dry | 60-70 → SKIP
  [stats] QRh1cUK0 → unavailable, 0 metrics
  Features: quality=0, primary=0, status=unavailable
  ✗ No stats at all → permanent skip

Done: 1 analyzed, 0 actionable, 0 TG sent

🔥 RUN #146: analyzed=1, signals=0
⏳ Next scan in 3m...
[21:26:31] Live scan
  Запуск live-скрапера (після ранкових Telegram, якщо були).
Opening: https://m.flashscore.ua/?s=2 (minute >= 60, 0:0 only)
Provider health [https://m.flashscore.ua/?s=2]: rows=52, 0:0 total=17, candidates=2
  ⏸ 0:0 ще рано (< 60'):
    58' АРГЕНТИНА: Кубок Аргентини58'Хімнасія Мендоса - Хімнасія і Тіро [АРГЕНТИНА: Кубок Аргентини]
    27' АРГЕНТИНА: Ліга дублерів - Апертура Таблиця27'Банфілд 2 - Годой Крус 2 [АРГЕНТИНА: Ліга дублерів - Апертура]
    27' Депортіво Рієстра 2 - Бельграно 2 [АРГЕНТИНА: Ліга дублерів - Апертура]
    27' Кільмес 2 - Уракан 2 [АРГЕНТИНА: Ліга дублерів - Апертура]
    27' Платенсе 2 - Ферро 2 [АРГЕНТИНА: Ліга дублерів - Апертура]
    27' БРАЗИЛІЯ: Сеаренсе 2 Таблиця27'Атлетіку СЕ - Ітапіпока [БРАЗИЛІЯ: Сеаренсе 2]
    27' БРАЗИЛІЯ: Чемпіонат Бразилії U20 Таблиця27'Америка МЖ U20 - Крісіума U20 [БРАЗИЛІЯ: Чемпіонат Бразилії U20]
    27' Васку U20 - Жувентуде U20 [БРАЗИЛІЯ: Чемпіонат Бразилії U20]
    27' Греміу U20 - Фламенгу U20 [БРАЗИЛІЯ: Чемпіонат Бразилії U20]
    27' Флуміненсе U20 - Віторія U20 [БРАЗИЛІЯ: Чемпіонат Бразилії U20]
    27' Форталеза U20 - Атлетіко ПР U20 [БРАЗИЛІЯ: Чемпіонат Бразилії U20]
    27' ІСПАНІЯ: Терсера КІФФ - Група 4 Таблиця27'Пасая - УД Аречабалете [ІСПАНІЯ: Терсера КІФФ - Група 4]
    27' САУДІВСЬКА АРАВІЯ: Професійна ліга Таблиця27'Аль-Наср - Аль-Еттіфак [САУДІВСЬКА АРАВІЯ: Професійна ліга]
    45' Бавуа - Гран-Саконне [ШВЕЙЦАРІЯ: Ліга підвищення]
    45' Янг Бойз II - Біль [ШВЕЙЦАРІЯ: Ліга підвищення]
  ✔ 69' Тромсе - Ліллестрем [НОРВЕГІЯ: Елітсеріен] id=EXP7KtuR
  ✔ 65' ФІНЛЯНДІЯ: Кубок Фінляндії65'Кіффен - ПуйУ [ФІНЛЯНДІЯ: Кубок Фінляндії] id=QRh1cUK0
  Found: 2 candidates, 1 new, 10 permanently skipped

→ Тромсе - Ліллестрем (69') [НОРВЕГІЯ: Елітсеріен]
  Кф 1X2: 1.82 / 3.75 / 4.26
  Desktop: https://www.flashscore.ua/match/soccer/lillestrom-xYWBZlwN/tromso-25HpQh9o/?mid=EXP7KtuR
  ⚠ DOM ALERT [EXP7KtuR]: PAGE_ERROR — secondHalf: Navigation timeout of 20000 ms exceeded
  [stats] EXP7KtuR → overall_only, 33 metrics
  Features: quality=1, primary=6, status=overall_only
  Model v2: pGoal=0.418, pDry=0.582 sq=0.66 state=dry | 60-70 → SKIP

Done: 1 analyzed, 0 actionable, 0 TG sent

🔥 RUN #147: analyzed=1, signals=0
Message sent to Telegram
⏳ Next scan in 3m...
[21:30:11] Live scan
  Запуск live-скрапера (після ранкових Telegram, якщо були).
Opening: https://m.flashscore.ua/?s=2 (minute >= 60, 0:0 only)
Provider health [https://m.flashscore.ua/?s=2]: rows=48, 0:0 total=15, candidates=3
  ⏸ 0:0 ще рано (< 60'):
    31' АРГЕНТИНА: Ліга дублерів - Апертура Таблиця31'Банфілд 2 - Годой Крус 2 [АРГЕНТИНА: Ліга дублерів - Апертура]
    31' Депортіво Рієстра 2 - Бельграно 2 [АРГЕНТИНА: Ліга дублерів - Апертура]
    31' Кільмес 2 - Уракан 2 [АРГЕНТИНА: Ліга дублерів - Апертура]
    31' Платенсе 2 - Ферро 2 [АРГЕНТИНА: Ліга дублерів - Апертура]
    31' БРАЗИЛІЯ: Сеаренсе 2 Таблиця31'Атлетіку СЕ - Ітапіпока [БРАЗИЛІЯ: Сеаренсе 2]
    31' БРАЗИЛІЯ: Чемпіонат Бразилії U20 Таблиця31'Америка МЖ U20 - Крісіума U20 [БРАЗИЛІЯ: Чемпіонат Бразилії U20]
    31' Греміу U20 - Фламенгу U20 [БРАЗИЛІЯ: Чемпіонат Бразилії U20]
    31' Флуміненсе U20 - Віторія U20 [БРАЗИЛІЯ: Чемпіонат Бразилії U20]
    31' Форталеза U20 - Атлетіко ПР U20 [БРАЗИЛІЯ: Чемпіонат Бразилії U20]
    31' САУДІВСЬКА АРАВІЯ: Професійна ліга Таблиця31'Аль-Наср - Аль-Еттіфак [САУДІВСЬКА АРАВІЯ: Професійна ліга]
    45' Бавуа - Гран-Саконне [ШВЕЙЦАРІЯ: Ліга підвищення]
    45' Янг Бойз II - Біль [ШВЕЙЦАРІЯ: Ліга підвищення]
  ✔ 62' АРГЕНТИНА: Кубок Аргентини62'Хімнасія Мендоса - Хімнасія і Тіро [АРГЕНТИНА: Кубок Аргентини] id=pOU8SzWQ
  ✔ 72' Тромсе - Ліллестрем [НОРВЕГІЯ: Елітсеріен] id=EXP7KtuR
  ✔ 68' ФІНЛЯНДІЯ: Кубок Фінляндії68'Кіффен - ПуйУ [ФІНЛЯНДІЯ: Кубок Фінляндії] id=QRh1cUK0
  Found: 3 candidates, 2 new, 10 permanently skipped

→ АРГЕНТИНА: Кубок Аргентини62'Хімнасія Мендоса - Хімнасія і Тіро (62') [АРГЕНТИНА: Кубок Аргентини]

→ Тромсе - Ліллестрем (72') [НОРВЕГІЯ: Елітсеріен]
  Кф 1X2: 2.5 / 2.76 / 3.58
  Кф 1X2: 1.82 / 3.75 / 4.26
  Desktop: https://www.flashscore.ua/match/soccer/gimnasia-mendoza-K2sDXbFE/gimnasia-y-tiro-rPY3pMKs/?mid=pOU8SzWQ
  Desktop: https://www.flashscore.ua/match/soccer/lillestrom-xYWBZlwN/tromso-25HpQh9o/?mid=EXP7KtuR
  [stats] EXP7KtuR → both, 31 metrics
  Features: quality=1, primary=6, status=both
  Model v2: pGoal=0.548, pDry=0.452 sq=0.6157 state=neutral | 70-80 → SKIP
  [stats] pOU8SzWQ overall: no data-testid (old=0, any=0, body=148583)
  ⚠ DOM ALERT [pOU8SzWQ]: PAGE_ERROR — secondHalf: Navigation timeout of 20000 ms exceeded
  [stats] pOU8SzWQ → unavailable, 0 metrics
  Features: quality=0, primary=0, status=unavailable
  ✗ No stats at all → permanent skip

Done: 1 analyzed, 0 actionable, 0 TG sent

🔥 RUN #148: analyzed=1, signals=0
⏳ Next scan in 3m...
[21:34:08] Live scan
  Запуск live-скрапера (після ранкових Telegram, якщо були).
Opening: https://m.flashscore.ua/?s=2 (minute >= 60, 0:0 only)
Provider health [https://m.flashscore.ua/?s=2]: rows=51, 0:0 total=16, candidates=3
  ⏸ 0:0 ще рано (< 60'):
    34' Депортіво Рієстра 2 - Бельграно 2 [АРГЕНТИНА: Ліга дублерів - Апертура]
    34' Кільмес 2 - Уракан 2 [АРГЕНТИНА: Ліга дублерів - Апертура]
    34' Платенсе 2 - Ферро 2 [АРГЕНТИНА: Ліга дублерів - Апертура]
    4' Тальєрес Кордоба 2 - Хімнасія Мендоса 2 [АРГЕНТИНА: Ліга дублерів - Апертура]
    34' БРАЗИЛІЯ: Сеаренсе 2 Таблиця34'Атлетіку СЕ - Ітапіпока [БРАЗИЛІЯ: Сеаренсе 2]
    34' БРАЗИЛІЯ: Чемпіонат Бразилії U20 Таблиця34'Америка МЖ U20 - Крісіума U20 [БРАЗИЛІЯ: Чемпіонат Бразилії U20]
    34' Греміу U20 - Фламенгу U20 [БРАЗИЛІЯ: Чемпіонат Бразилії U20]
    34' Флуміненсе U20 - Віторія U20 [БРАЗИЛІЯ: Чемпіонат Бразилії U20]
    34' Форталеза U20 - Атлетіко ПР U20 [БРАЗИЛІЯ: Чемпіонат Бразилії U20]
    4' МАЛЬТА: Прем'єр-ліга - Другий етап - Плей-аут Таблиця4'Моста - Заббар [МАЛЬТА: Прем'єр-ліга - Другий етап - Плей-аут]
    4' МАЛЬТА: Прем'єр-ліга - Другий етап - Топ-6 Таблиця4'Марсашлокк - Флоріана [МАЛЬТА: Прем'єр-ліга - Другий етап - Топ-6]
    45' Бавуа - Гран-Саконне [ШВЕЙЦАРІЯ: Ліга підвищення]
    45' Янг Бойз II - Біль [ШВЕЙЦАРІЯ: Ліга підвищення]
  ✔ 66' АРГЕНТИНА: Кубок Аргентини66'Хімнасія Мендоса - Хімнасія і Тіро [АРГЕНТИНА: Кубок Аргентини] id=pOU8SzWQ
  ✔ 76' Тромсе - Ліллестрем [НОРВЕГІЯ: Елітсеріен] id=EXP7KtuR
  ✔ 72' ФІНЛЯНДІЯ: Кубок Фінляндії72'Кіффен - ПуйУ [ФІНЛЯНДІЯ: Кубок Фінляндії] id=QRh1cUK0
  Found: 3 candidates, 1 new, 11 permanently skipped

→ Тромсе - Ліллестрем (76') [НОРВЕГІЯ: Елітсеріен]
  Кф 1X2: 1.82 / 3.75 / 4.26
  Desktop: https://www.flashscore.ua/match/soccer/lillestrom-xYWBZlwN/tromso-25HpQh9o/?mid=EXP7KtuR
  [stats] EXP7KtuR → both, 33 metrics
  Features: quality=1, primary=6, status=both
  Model v2: pGoal=0.618, pDry=0.382 sq=0.7114 state=neutral | 70-80 → OVER_0_5 | Δ2H SOT=0 xG=0.11 (Δ4′ матчу) [TG]
Message sent to Telegram
  ✓ Telegram sent

Done: 1 analyzed, 1 actionable, 1 TG sent
📌 Tracking 1 active prediction(s)

🔥 RUN #149: analyzed=1, signals=1
⏳ Next scan in 3m...
[21:37:31] Live scan
  Запуск live-скрапера (після ранкових Telegram, якщо були).
Opening: https://m.flashscore.ua/?s=2 (minute >= 60, 0:0 only)
Provider health [https://m.flashscore.ua/?s=2]: rows=51, 0:0 total=14, candidates=2
  ⏸ 0:0 ще рано (< 60'):
    8' АРГЕНТИНА: Прімера В Таблиця8'Депортіво Арменіо - Лінієрс [АРГЕНТИНА: Прімера В]
    38' Депортіво Рієстра 2 - Бельграно 2 [АРГЕНТИНА: Ліга дублерів - Апертура]
    38' Кільмес 2 - Уракан 2 [АРГЕНТИНА: Ліга дублерів - Апертура]
    38' Платенсе 2 - Ферро 2 [АРГЕНТИНА: Ліга дублерів - Апертура]
    8' Тальєрес Кордоба 2 - Хімнасія Мендоса 2 [АРГЕНТИНА: Ліга дублерів - Апертура]
    38' БРАЗИЛІЯ: Сеаренсе 2 Таблиця38'Атлетіку СЕ - Ітапіпока [БРАЗИЛІЯ: Сеаренсе 2]
    38' БРАЗИЛІЯ: Чемпіонат Бразилії U20 Таблиця38'Америка МЖ U20 - Крісіума U20 [БРАЗИЛІЯ: Чемпіонат Бразилії U20]
    38' Форталеза U20 - Атлетіко ПР U20 [БРАЗИЛІЯ: Чемпіонат Бразилії U20]
    8' МАЛЬТА: Прем'єр-ліга - Другий етап - Плей-аут Таблиця8'Моста - Заббар [МАЛЬТА: Прем'єр-ліга - Другий етап - Плей-аут]
    8' МАЛЬТА: Прем'єр-ліга - Другий етап - Топ-6 Таблиця8'Марсашлокк - Флоріана [МАЛЬТА: Прем'єр-ліга - Другий етап - Топ-6]
    45' Бавуа - Гран-Саконне [ШВЕЙЦАРІЯ: Ліга підвищення]
    49' Янг Бойз II - Біль [ШВЕЙЦАРІЯ: Ліга підвищення]
  ✔ 69' АРГЕНТИНА: Кубок Аргентини69'Хімнасія Мендоса - Хімнасія і Тіро [АРГЕНТИНА: Кубок Аргентини] id=pOU8SzWQ
  ✔ 79' Тромсе - Ліллестрем [НОРВЕГІЯ: Елітсеріен] id=EXP7KtuR
  Found: 2 candidates, 1 new, 11 permanently skipped

→ Тромсе - Ліллестрем (79') [НОРВЕГІЯ: Елітсеріен]
  Кф 1X2: 1.82 / 3.75 / 4.26
  Desktop: https://www.flashscore.ua/match/soccer/lillestrom-xYWBZlwN/tromso-25HpQh9o/?mid=EXP7KtuR
  [stats] EXP7KtuR → both, 33 metrics
  Features: quality=1, primary=6, status=both
  Model v2: pGoal=0.738, pDry=0.262 sq=0.7871 state=lateSurge | 70-80 → OVER_0_5 | Δ2H SOT=2 xG=0.22 (Δ3′ матчу) [TG]
  ↻ Re-analysis done (no change)

Done: 1 analyzed, 1 actionable, 0 TG sent
📌 Tracking 1 active prediction(s)

🔥 RUN #150: analyzed=1, signals=0
⏳ Next scan in 3m...
[21:40:53] Live scan
  Запуск live-скрапера (після ранкових Telegram, якщо були).
Opening: https://m.flashscore.ua/?s=2 (minute >= 60, 0:0 only)
Provider health [https://m.flashscore.ua/?s=2]: rows=52, 0:0 total=13, candidates=2
  ⏸ 0:0 ще рано (< 60'):
    11' АРГЕНТИНА: Прімера В Таблиця11'Депортіво Арменіо - Лінієрс [АРГЕНТИНА: Прімера В]
    41' Депортіво Рієстра 2 - Бельграно 2 [АРГЕНТИНА: Ліга дублерів - Апертура]
    41' Кільмес 2 - Уракан 2 [АРГЕНТИНА: Ліга дублерів - Апертура]
    41' Платенсе 2 - Ферро 2 [АРГЕНТИНА: Ліга дублерів - Апертура]
    11' Тальєрес Кордоба 2 - Хімнасія Мендоса 2 [АРГЕНТИНА: Ліга дублерів - Апертура]
    41' БРАЗИЛІЯ: Сеаренсе 2 Таблиця41'Атлетіку СЕ - Ітапіпока [БРАЗИЛІЯ: Сеаренсе 2]
    41' Форталеза U20 - Атлетіко ПР U20 [БРАЗИЛІЯ: Чемпіонат Бразилії U20]
    11' МАЛІ: Перший дивізіон Таблиця11'Бінга - Дербі Академі [МАЛІ: Перший дивізіон]
    11' МАЛЬТА: Прем'єр-ліга - Другий етап - Плей-аут Таблиця11'Моста - Заббар [МАЛЬТА: Прем'єр-ліга - Другий етап - Плей-аут]
    49' Бавуа - Гран-Саконне [ШВЕЙЦАРІЯ: Ліга підвищення]
    52' Янг Бойз II - Біль [ШВЕЙЦАРІЯ: Ліга підвищення]
  ✔ 73' АРГЕНТИНА: Кубок Аргентини73'Хімнасія Мендоса - Хімнасія і Тіро [АРГЕНТИНА: Кубок Аргентини] id=pOU8SzWQ
  ✔ 83' Тромсе - Ліллестрем [НОРВЕГІЯ: Елітсеріен] id=EXP7KtuR
  Found: 2 candidates, 1 new, 11 permanently skipped

→ Тромсе - Ліллестрем (83') [НОРВЕГІЯ: Елітсеріен]
  Кф 1X2: 1.82 / 3.75 / 4.26
  Desktop: https://www.flashscore.ua/match/soccer/lillestrom-xYWBZlwN/tromso-25HpQh9o/?mid=EXP7KtuR
  [stats] EXP7KtuR → both, 33 metrics
  Features: quality=1, primary=6, status=both
  Model v2: pGoal=0.538, pDry=0.462 sq=0.7229 state=pressureGrowth | 80-90+ → OVER_0_5 | Δ2H SOT=-1 xG=0 (Δ4′ матчу) [TG]
  ↻ Re-analysis done (no change)

Done: 1 analyzed, 1 actionable, 0 TG sent
📌 Tracking 1 active prediction(s)

🔥 RUN #151: analyzed=1, signals=0
⏳ Next scan in 3m...
[21:44:16] Live scan
  Запуск live-скрапера (після ранкових Telegram, якщо були).
Opening: https://m.flashscore.ua/?s=2 (minute >= 60, 0:0 only)
Provider health [https://m.flashscore.ua/?s=2]: rows=52, 0:0 total=13, candidates=2
  ⏸ 0:0 ще рано (< 60'):
    14' АРГЕНТИНА: Прімера В Таблиця14'Депортіво Арменіо - Лінієрс [АРГЕНТИНА: Прімера В]
    44' Депортіво Рієстра 2 - Бельграно 2 [АРГЕНТИНА: Ліга дублерів - Апертура]
    44' Кільмес 2 - Уракан 2 [АРГЕНТИНА: Ліга дублерів - Апертура]
    44' Платенсе 2 - Ферро 2 [АРГЕНТИНА: Ліга дублерів - Апертура]
    14' Тальєрес Кордоба 2 - Хімнасія Мендоса 2 [АРГЕНТИНА: Ліга дублерів - Апертура]
    44' БРАЗИЛІЯ: Сеаренсе 2 Таблиця44'Атлетіку СЕ - Ітапіпока [БРАЗИЛІЯ: Сеаренсе 2]
    44' Форталеза U20 - Атлетіко ПР U20 [БРАЗИЛІЯ: Чемпіонат Бразилії U20]
    14' МАЛІ: Перший дивізіон Таблиця14'Бінга - Дербі Академі [МАЛІ: Перший дивізіон]
    14' МАЛЬТА: Прем'єр-ліга - Другий етап - Плей-аут Таблиця14'Моста - Заббар [МАЛЬТА: Прем'єр-ліга - Другий етап - Плей-аут]
    52' Бавуа - Гран-Саконне [ШВЕЙЦАРІЯ: Ліга підвищення]
    55' Янг Бойз II - Біль [ШВЕЙЦАРІЯ: Ліга підвищення]
  ✔ 76' АРГЕНТИНА: Кубок Аргентини76'Хімнасія Мендоса - Хімнасія і Тіро [АРГЕНТИНА: Кубок Аргентини] id=pOU8SzWQ
  ✔ 86' Тромсе - Ліллестрем [НОРВЕГІЯ: Елітсеріен] id=EXP7KtuR
  Found: 2 candidates, 1 new, 11 permanently skipped

→ Тромсе - Ліллестрем (86') [НОРВЕГІЯ: Елітсеріен]
  Кф 1X2: 1.82 / 3.75 / 4.26
  Desktop: https://www.flashscore.ua/match/soccer/lillestrom-xYWBZlwN/tromso-25HpQh9o/?mid=EXP7KtuR
  [stats] EXP7KtuR → both, 33 metrics
  Features: quality=1, primary=6, status=both
  Model v2: pGoal=0.538, pDry=0.462 sq=0.7386 state=accumulatedPressure | 80-90+ → OVER_0_5 | Δ2H SOT=0 xG=0.05 (Δ3′ матчу) [TG]
  ↻ Re-analysis done (no change)

Done: 1 analyzed, 1 actionable, 0 TG sent
📌 Tracking 1 active prediction(s)

🔥 RUN #152: analyzed=1, signals=0
⏳ Next scan in 3m...
[21:47:37] Live scan
  Запуск live-скрапера (після ранкових Telegram, якщо були).
Opening: https://m.flashscore.ua/?s=2 (minute >= 60, 0:0 only)
Provider health [https://m.flashscore.ua/?s=2]: rows=55, 0:0 total=17, candidates=2
  ⏸ 0:0 ще рано (< 60'):
    3' АНГЛІЯ: Перша ліга Таблиця3'Вімблдон - Стокпорт [АНГЛІЯ: Перша ліга]
    3' Лутон - Нортгемптон [АНГЛІЯ: Перша ліга]
    3' АНГЛІЯ: Південна ліга - Прем'єр дивізіон Центр Таблиця3'Стаурбридж - Нідгем Маркет [АНГЛІЯ: Південна ліга - Прем'єр дивізіон Центр]
    18' АРГЕНТИНА: Прімера В Таблиця18'Депортіво Арменіо - Лінієрс [АРГЕНТИНА: Прімера В]
    45' Депортіво Рієстра 2 - Бельграно 2 [АРГЕНТИНА: Ліга дублерів - Апертура]
    45' Кільмес 2 - Уракан 2 [АРГЕНТИНА: Ліга дублерів - Апертура]
    45' Платенсе 2 - Ферро 2 [АРГЕНТИНА: Ліга дублерів - Апертура]
    18' Тальєрес Кордоба 2 - Хімнасія Мендоса 2 [АРГЕНТИНА: Ліга дублерів - Апертура]
    18' МАЛІ: Перший дивізіон Таблиця18'Бінга - Дербі Академі [МАЛІ: Перший дивізіон]
    18' МАЛЬТА: Прем'єр-ліга - Другий етап - Плей-аут Таблиця18'Моста - Заббар [МАЛЬТА: Прем'єр-ліга - Другий етап - Плей-аут]
    3' ПІВНІЧНА ІРЛАНДІЯ: Прем'єр-ліга - Група вибування Таблиця3'Баллімена - ФК Бангор [ПІВНІЧНА ІРЛАНДІЯ: Прем'єр-ліга - Група вибування]
    55' Бавуа - Гран-Саконне [ШВЕЙЦАРІЯ: Ліга підвищення]
    58' Янг Бойз II - Біль [ШВЕЙЦАРІЯ: Ліга підвищення]
  ✔ 79' АРГЕНТИНА: Кубок Аргентини79'Хімнасія Мендоса - Хімнасія і Тіро [АРГЕНТИНА: Кубок Аргентини] id=pOU8SzWQ
  ✔ 89' Тромсе - Ліллестрем [НОРВЕГІЯ: Елітсеріен] id=EXP7KtuR
  Found: 2 candidates, 1 new, 11 permanently skipped

→ Тромсе - Ліллестрем (89') [НОРВЕГІЯ: Елітсеріен]
  Кф 1X2: 1.82 / 3.75 / 4.26
  Desktop: https://www.flashscore.ua/match/soccer/lillestrom-xYWBZlwN/tromso-25HpQh9o/?mid=EXP7KtuR
  ⚠ DOM ALERT [EXP7KtuR]: PAGE_ERROR — secondHalf: Navigation timeout of 20000 ms exceeded
  [stats] EXP7KtuR → overall_only, 33 metrics
  Features: quality=1, primary=6, status=overall_only
  Model v2: pGoal=0.448, pDry=0.552 sq=0.66 state=dry | 80-90+ → SKIP

Done: 1 analyzed, 0 actionable, 0 TG sent
📌 Tracking 1 active prediction(s)

🔥 RUN #153: analyzed=1, signals=0
⏳ Next scan in 3m...
[21:51:17] Live scan
  Запуск live-скрапера (після ранкових Telegram, якщо були).
Opening: https://m.flashscore.ua/?s=2 (minute >= 60, 0:0 only)
Provider health [https://m.flashscore.ua/?s=2]: rows=54, 0:0 total=15, candidates=1
  ⏸ 0:0 ще рано (< 60'):
    6' АНГЛІЯ: Перша ліга Таблиця6'Вімблдон - Стокпорт [АНГЛІЯ: Перша ліга]
    6' Лутон - Нортгемптон [АНГЛІЯ: Перша ліга]
    6' АНГЛІЯ: Південна ліга - Прем'єр дивізіон Центр Таблиця6'Стаурбридж - Нідгем Маркет [АНГЛІЯ: Південна ліга - Прем'єр дивізіон Центр]
    21' АРГЕНТИНА: Прімера В Таблиця21'Депортіво Арменіо - Лінієрс [АРГЕНТИНА: Прімера В]
    45' Депортіво Рієстра 2 - Бельграно 2 [АРГЕНТИНА: Ліга дублерів - Апертура]
    45' Кільмес 2 - Уракан 2 [АРГЕНТИНА: Ліга дублерів - Апертура]
    45' Платенсе 2 - Ферро 2 [АРГЕНТИНА: Ліга дублерів - Апертура]
    21' Тальєрес Кордоба 2 - Хімнасія Мендоса 2 [АРГЕНТИНА: Ліга дублерів - Апертура]
    21' МАЛІ: Перший дивізіон Таблиця21'Бінга - Дербі Академі [МАЛІ: Перший дивізіон]
    21' МАЛЬТА: Прем'єр-ліга - Другий етап - Плей-аут Таблиця21'Моста - Заббар [МАЛЬТА: Прем'єр-ліга - Другий етап - Плей-аут]
    6' ПІВНІЧНА ІРЛАНДІЯ: Прем'єр-ліга - Група вибування Таблиця6'Баллімена - ФК Бангор [ПІВНІЧНА ІРЛАНДІЯ: Прем'єр-ліга - Група вибування]
    59' Бавуа - Гран-Саконне [ШВЕЙЦАРІЯ: Ліга підвищення]
  ✔ 83' АРГЕНТИНА: Кубок Аргентини83'Хімнасія Мендоса - Хімнасія і Тіро [АРГЕНТИНА: Кубок Аргентини] id=pOU8SzWQ
  Found: 1 candidates, 0 new, 11 permanently skipped

Done: 0 analyzed, 0 actionable, 0 TG sent

🔍 Checking 1 possibly finished match(es)...
  ⏳ Тромсе - Ліллестрем: still live 0:0
📌 Tracking 1 active prediction(s)

🔥 RUN #154: analyzed=0, signals=0
⏳ Next scan in 3m...
[21:54:29] Live scan
  Запуск live-скрапера (після ранкових Telegram, якщо були).
Opening: https://m.flashscore.ua/?s=2 (minute >= 60, 0:0 only)
Provider health [https://m.flashscore.ua/?s=2]: rows=48, 0:0 total=15, candidates=2
  ⏸ 0:0 ще рано (< 60'):
    10' АНГЛІЯ: Перша ліга Таблиця10'Вімблдон - Стокпорт [АНГЛІЯ: Перша ліга]
    10' Лутон - Нортгемптон [АНГЛІЯ: Перша ліга]
    10' АНГЛІЯ: Південна ліга - Прем'єр дивізіон Центр Таблиця10'Стаурбридж - Нідгем Маркет [АНГЛІЯ: Південна ліга - Прем'єр дивізіон Центр]
    25' АРГЕНТИНА: Прімера В Таблиця25'Депортіво Арменіо - Лінієрс [АРГЕНТИНА: Прімера В]
    45' Депортіво Рієстра 2 - Бельграно 2 [АРГЕНТИНА: Ліга дублерів - Апертура]
    45' Кільмес 2 - Уракан 2 [АРГЕНТИНА: Ліга дублерів - Апертура]
    45' Платенсе 2 - Ферро 2 [АРГЕНТИНА: Ліга дублерів - Апертура]
    25' Тальєрес Кордоба 2 - Хімнасія Мендоса 2 [АРГЕНТИНА: Ліга дублерів - Апертура]
    45' Форталеза U20 - Атлетіко ПР U20 [БРАЗИЛІЯ: Чемпіонат Бразилії U20]
    25' МАЛІ: Перший дивізіон Таблиця25'Бінга - Дербі Академі [МАЛІ: Перший дивізіон]
    25' МАЛЬТА: Прем'єр-ліга - Другий етап - Плей-аут Таблиця25'Моста - Заббар [МАЛЬТА: Прем'єр-ліга - Другий етап - Плей-аут]
    10' ПІВНІЧНА ІРЛАНДІЯ: Прем'єр-ліга - Група вибування Таблиця10'Баллімена - ФК Бангор [ПІВНІЧНА ІРЛАНДІЯ: Прем'єр-ліга - Група вибування]
  ✔ 86' АРГЕНТИНА: Кубок Аргентини86'Хімнасія Мендоса - Хімнасія і Тіро [АРГЕНТИНА: Кубок Аргентини] id=pOU8SzWQ
  ✔ 62' ШВЕЙЦАРІЯ: Ліга підвищення Таблиця62'Бавуа - Гран-Саконне [ШВЕЙЦАРІЯ: Ліга підвищення] id=reEbQoBc
  Found: 2 candidates, 1 new, 11 permanently skipped

→ ШВЕЙЦАРІЯ: Ліга підвищення Таблиця62'Бавуа - Гран-Саконне (62') [ШВЕЙЦАРІЯ: Ліга підвищення]
  Кф 1X2: 2.22 / 3.95 / 2.74
  Desktop: https://www.flashscore.ua/match/soccer/bavois-KYurXCc1/grand-saconnex-IkkZrteI/?mid=reEbQoBc
  [stats] reEbQoBc overall: no data-testid (old=0, any=0, body=148190)
  ⚠ DOM ALERT [reEbQoBc]: PAGE_ERROR — secondHalf: Navigation timeout of 20000 ms exceeded
  [stats] reEbQoBc → unavailable, 0 metrics
  Features: quality=0, primary=0, status=unavailable
  ✗ No stats at all → permanent skip

Done: 0 analyzed, 0 actionable, 0 TG sent

🔍 Checking 1 possibly finished match(es)...
  ⚽ Тромсе - Ліллестрем: 0:0 [FT] → ТБ:❌
Message sent to Telegram
  ✓ Telegram result sent (FT)

🔥 RUN #155: analyzed=0, signals=0
⏳ Next scan in 3m...
[21:58:28] Live scan
  Запуск live-скрапера (після ранкових Telegram, якщо були).
Opening: https://m.flashscore.ua/?s=2 (minute >= 60, 0:0 only)
Provider health [https://m.flashscore.ua/?s=2]: rows=43, 0:0 total=12, candidates=1
  ⏸ 0:0 ще рано (< 60'):
    13' АНГЛІЯ: Перша ліга Таблиця13'Вімблдон - Стокпорт [АНГЛІЯ: Перша ліга]
    13' Лутон - Нортгемптон [АНГЛІЯ: Перша ліга]
    13' АНГЛІЯ: Південна ліга - Прем'єр дивізіон Центр Таблиця13'Стаурбридж - Нідгем Маркет [АНГЛІЯ: Південна ліга - Прем'єр дивізіон Центр]
    45' Депортіво Рієстра 2 - Бельграно 2 [АРГЕНТИНА: Ліга дублерів - Апертура]
    45' Кільмес 2 - Уракан 2 [АРГЕНТИНА: Ліга дублерів - Апертура]
    45' Платенсе 2 - Ферро 2 [АРГЕНТИНА: Ліга дублерів - Апертура]
    28' Тальєрес Кордоба 2 - Хімнасія Мендоса 2 [АРГЕНТИНА: Ліга дублерів - Апертура]
    45' Форталеза U20 - Атлетіко ПР U20 [БРАЗИЛІЯ: Чемпіонат Бразилії U20]
    28' МАЛІ: Перший дивізіон Таблиця28'Бінга - Дербі Академі [МАЛІ: Перший дивізіон]
    28' МАЛЬТА: Прем'єр-ліга - Другий етап - Плей-аут Таблиця28'Моста - Заббар [МАЛЬТА: Прем'єр-ліга - Другий етап - Плей-аут]
    13' ПІВНІЧНА ІРЛАНДІЯ: Прем'єр-ліга - Група вибування Таблиця13'Баллімена - ФК Бангор [ПІВНІЧНА ІРЛАНДІЯ: Прем'єр-ліга - Група вибування]
  ✔ 90' АРГЕНТИНА: Кубок Аргентини90'Хімнасія Мендоса - Хімнасія і Тіро [АРГЕНТИНА: Кубок Аргентини] id=pOU8SzWQ
  Found: 1 candidates, 0 new, 12 permanently skipped

Done: 0 analyzed, 0 actionable, 0 TG sent

🔥 RUN #156: analyzed=0, signals=0
⏳ Next scan in 3m...
[22:01:38] Live scan
  Запуск live-скрапера (після ранкових Telegram, якщо були).
Opening: https://m.flashscore.ua/?s=2 (minute >= 60, 0:0 only)
Provider health [https://m.flashscore.ua/?s=2]: rows=43, 0:0 total=13, candidates=0
  ⏸ 0:0 ще рано (< 60'):
    2' ЄВРОПА: Ліга чемпіонів - Плей-оф2'Арсенал - Спортінг [ЄВРОПА: Ліга чемпіонів - Плей-оф]
    17' АНГЛІЯ: Перша ліга Таблиця17'Вімблдон - Стокпорт [АНГЛІЯ: Перша ліга]
    17' Лутон - Нортгемптон [АНГЛІЯ: Перша ліга]
    17' АНГЛІЯ: Південна ліга - Прем'єр дивізіон Центр Таблиця17'Стаурбридж - Нідгем Маркет [АНГЛІЯ: Південна ліга - Прем'єр дивізіон Центр]
    46' Депортіво Рієстра 2 - Бельграно 2 [АРГЕНТИНА: Ліга дублерів - Апертура]
    45' Кільмес 2 - Уракан 2 [АРГЕНТИНА: Ліга дублерів - Апертура]
    45' Платенсе 2 - Ферро 2 [АРГЕНТИНА: Ліга дублерів - Апертура]
    32' Тальєрес Кордоба 2 - Хімнасія Мендоса 2 [АРГЕНТИНА: Ліга дублерів - Апертура]
    45' Форталеза U20 - Атлетіко ПР U20 [БРАЗИЛІЯ: Чемпіонат Бразилії U20]
    32' МАЛІ: Перший дивізіон Таблиця32'Бінга - Дербі Академі [МАЛІ: Перший дивізіон]
    32' МАЛЬТА: Прем'єр-ліга - Другий етап - Плей-аут Таблиця32'Моста - Заббар [МАЛЬТА: Прем'єр-ліга - Другий етап - Плей-аут]
    17' ПІВНІЧНА ІРЛАНДІЯ: Прем'єр-ліга - Група вибування Таблиця17'Баллімена - ФК Бангор [ПІВНІЧНА ІРЛАНДІЯ: Прем'єр-ліга - Група вибування]
  Found: 0 candidates, 0 new, 12 permanently skipped

Done: 0 analyzed, 0 actionable, 0 TG sent

🔥 RUN #157: analyzed=0, signals=0
⏳ Next scan in 3m...
[22:04:48] Live scan
  Запуск live-скрапера (після ранкових Telegram, якщо були).
Opening: https://m.flashscore.ua/?s=2 (minute >= 60, 0:0 only)
Provider health [https://m.flashscore.ua/?s=2]: rows=44, 0:0 total=13, candidates=0
  ⏸ 0:0 ще рано (< 60'):
    5' ЄВРОПА: Ліга чемпіонів - Плей-оф5'Арсенал - Спортінг [ЄВРОПА: Ліга чемпіонів - Плей-оф]
    20' АНГЛІЯ: Перша ліга Таблиця20'Вімблдон - Стокпорт [АНГЛІЯ: Перша ліга]
    20' Лутон - Нортгемптон [АНГЛІЯ: Перша ліга]
    20' АНГЛІЯ: Південна ліга - Прем'єр дивізіон Центр Таблиця20'Стаурбридж - Нідгем Маркет [АНГЛІЯ: Південна ліга - Прем'єр дивізіон Центр]
    50' Депортіво Рієстра 2 - Бельграно 2 [АРГЕНТИНА: Ліга дублерів - Апертура]
    45' Кільмес 2 - Уракан 2 [АРГЕНТИНА: Ліга дублерів - Апертура]
    48' Платенсе 2 - Ферро 2 [АРГЕНТИНА: Ліга дублерів - Апертура]
    35' Тальєрес Кордоба 2 - Хімнасія Мендоса 2 [АРГЕНТИНА: Ліга дублерів - Апертура]
    45' Форталеза U20 - Атлетіко ПР U20 [БРАЗИЛІЯ: Чемпіонат Бразилії U20]
    35' МАЛІ: Перший дивізіон Таблиця35'Бінга - Дербі Академі [МАЛІ: Перший дивізіон]
    35' МАЛЬТА: Прем'єр-ліга - Другий етап - Плей-аут Таблиця35'Моста - Заббар [МАЛЬТА: Прем'єр-ліга - Другий етап - Плей-аут]
    20' ПІВНІЧНА ІРЛАНДІЯ: Прем'єр-ліга - Група вибування Таблиця20'Баллімена - ФК Бангор [ПІВНІЧНА ІРЛАНДІЯ: Прем'єр-ліга - Група вибування]
  Found: 0 candidates, 0 new, 12 permanently skipped

Done: 0 analyzed, 0 actionable, 0 TG sent

🔥 RUN #158: analyzed=0, signals=0
⏳ Next scan in 3m...
[22:07:59] Live scan
  Запуск live-скрапера (після ранкових Telegram, якщо були).
Opening: https://m.flashscore.ua/?s=2 (minute >= 60, 0:0 only)
Provider health [https://m.flashscore.ua/?s=2]: rows=44, 0:0 total=13, candidates=0
  ⏸ 0:0 ще рано (< 60'):
    8' ЄВРОПА: Ліга чемпіонів - Плей-оф8'Арсенал - Спортінг [ЄВРОПА: Ліга чемпіонів - Плей-оф]
    23' АНГЛІЯ: Перша ліга Таблиця23'Вімблдон - Стокпорт [АНГЛІЯ: Перша ліга]
    23' Лутон - Нортгемптон [АНГЛІЯ: Перша ліга]
    23' АНГЛІЯ: Південна ліга - Прем'єр дивізіон Центр Таблиця23'Стаурбридж - Нідгем Маркет [АНГЛІЯ: Південна ліга - Прем'єр дивізіон Центр]
    53' Депортіво Рієстра 2 - Бельграно 2 [АРГЕНТИНА: Ліга дублерів - Апертура]
    48' Кільмес 2 - Уракан 2 [АРГЕНТИНА: Ліга дублерів - Апертура]
    51' Платенсе 2 - Ферро 2 [АРГЕНТИНА: Ліга дублерів - Апертура]
    38' Тальєрес Кордоба 2 - Хімнасія Мендоса 2 [АРГЕНТИНА: Ліга дублерів - Апертура]
    46' Форталеза U20 - Атлетіко ПР U20 [БРАЗИЛІЯ: Чемпіонат Бразилії U20]
    38' МАЛІ: Перший дивізіон Таблиця38'Бінга - Дербі Академі [МАЛІ: Перший дивізіон]
    38' МАЛЬТА: Прем'єр-ліга - Другий етап - Плей-аут Таблиця38'Моста - Заббар [МАЛЬТА: Прем'єр-ліга - Другий етап - Плей-аут]
    23' ПІВНІЧНА ІРЛАНДІЯ: Прем'єр-ліга - Група вибування Таблиця23'Баллімена - ФК Бангор [ПІВНІЧНА ІРЛАНДІЯ: Прем'єр-ліга - Група вибування]
  Found: 0 candidates, 0 new, 12 permanently skipped

Done: 0 analyzed, 0 actionable, 0 TG sent

🔥 RUN #159: analyzed=0, signals=0
⏳ Next scan in 3m...
[22:11:09] Live scan
  Запуск live-скрапера (після ранкових Telegram, якщо були).
Opening: https://m.flashscore.ua/?s=2 (minute >= 60, 0:0 only)
Provider health [https://m.flashscore.ua/?s=2]: rows=44, 0:0 total=13, candidates=0
  ⏸ 0:0 ще рано (< 60'):
    11' ЄВРОПА: Ліга чемпіонів - Плей-оф11'Арсенал - Спортінг [ЄВРОПА: Ліга чемпіонів - Плей-оф]
    26' АНГЛІЯ: Перша ліга Таблиця26'Вімблдон - Стокпорт [АНГЛІЯ: Перша ліга]
    26' Лутон - Нортгемптон [АНГЛІЯ: Перша ліга]
    26' АНГЛІЯ: Південна ліга - Прем'єр дивізіон Центр Таблиця26'Стаурбридж - Нідгем Маркет [АНГЛІЯ: Південна ліга - Прем'єр дивізіон Центр]
    56' Депортіво Рієстра 2 - Бельграно 2 [АРГЕНТИНА: Ліга дублерів - Апертура]
    51' Кільмес 2 - Уракан 2 [АРГЕНТИНА: Ліга дублерів - Апертура]
    54' Платенсе 2 - Ферро 2 [АРГЕНТИНА: Ліга дублерів - Апертура]
    41' Тальєрес Кордоба 2 - Хімнасія Мендоса 2 [АРГЕНТИНА: Ліга дублерів - Апертура]
    49' Форталеза U20 - Атлетіко ПР U20 [БРАЗИЛІЯ: Чемпіонат Бразилії U20]
    41' МАЛІ: Перший дивізіон Таблиця41'Бінга - Дербі Академі [МАЛІ: Перший дивізіон]
    41' МАЛЬТА: Прем'єр-ліга - Другий етап - Плей-аут Таблиця41'Моста - Заббар [МАЛЬТА: Прем'єр-ліга - Другий етап - Плей-аут]
    26' ПІВНІЧНА ІРЛАНДІЯ: Прем'єр-ліга - Група вибування Таблиця26'Баллімена - ФК Бангор [ПІВНІЧНА ІРЛАНДІЯ: Прем'єр-ліга - Група вибування]
  Found: 0 candidates, 0 new, 12 permanently skipped

Done: 0 analyzed, 0 actionable, 0 TG sent

🔥 RUN #160: analyzed=0, signals=0
⏳ Next scan in 3m...
[22:14:19] Live scan
  Запуск live-скрапера (після ранкових Telegram, якщо були).
Opening: https://m.flashscore.ua/?s=2 (minute >= 60, 0:0 only)
Provider health [https://m.flashscore.ua/?s=2]: rows=44, 0:0 total=12, candidates=0
  ⏸ 0:0 ще рано (< 60'):
    14' ЄВРОПА: Ліга чемпіонів - Плей-оф14'Арсенал - Спортінг [ЄВРОПА: Ліга чемпіонів - Плей-оф]
    29' АНГЛІЯ: Перша ліга Таблиця29'Вімблдон - Стокпорт [АНГЛІЯ: Перша ліга]
    29' Лутон - Нортгемптон [АНГЛІЯ: Перша ліга]
    29' АНГЛІЯ: Південна ліга - Прем'єр дивізіон Центр Таблиця29'Стаурбридж - Нідгем Маркет [АНГЛІЯ: Південна ліга - Прем'єр дивізіон Центр]
    59' Депортіво Рієстра 2 - Бельграно 2 [АРГЕНТИНА: Ліга дублерів - Апертура]
    55' Кільмес 2 - Уракан 2 [АРГЕНТИНА: Ліга дублерів - Апертура]
    57' Платенсе 2 - Ферро 2 [АРГЕНТИНА: Ліга дублерів - Апертура]
    44' Тальєрес Кордоба 2 - Хімнасія Мендоса 2 [АРГЕНТИНА: Ліга дублерів - Апертура]
    44' МАЛІ: Перший дивізіон Таблиця44'Бінга - Дербі Академі [МАЛІ: Перший дивізіон]
    44' МАЛЬТА: Прем'єр-ліга - Другий етап - Плей-аут Таблиця44'Моста - Заббар [МАЛЬТА: Прем'єр-ліга - Другий етап - Плей-аут]
    29' ПІВНІЧНА ІРЛАНДІЯ: Прем'єр-ліга - Група вибування Таблиця29'Баллімена - ФК Бангор [ПІВНІЧНА ІРЛАНДІЯ: Прем'єр-ліга - Група вибування]
  Found: 0 candidates, 0 new, 12 permanently skipped

Done: 0 analyzed, 0 actionable, 0 TG sent

🔥 RUN #161: analyzed=0, signals=0
⏳ Next scan in 3m...
[22:17:30] Live scan
  Запуск live-скрапера (після ранкових Telegram, якщо були).
Opening: https://m.flashscore.ua/?s=2 (minute >= 60, 0:0 only)
Provider health [https://m.flashscore.ua/?s=2]: rows=43, 0:0 total=10, candidates=1
  ⏸ 0:0 ще рано (< 60'):
    18' ЄВРОПА: Ліга чемпіонів - Плей-оф18'Арсенал - Спортінг [ЄВРОПА: Ліга чемпіонів - Плей-оф]
    33' АНГЛІЯ: Перша ліга Таблиця33'Вімблдон - Стокпорт [АНГЛІЯ: Перша ліга]
    33' АНГЛІЯ: Південна ліга - Прем'єр дивізіон Центр Таблиця33'Стаурбридж - Нідгем Маркет [АНГЛІЯ: Південна ліга - Прем'єр дивізіон Центр]
    58' Кільмес 2 - Уракан 2 [АРГЕНТИНА: Ліга дублерів - Апертура]
    33' ПІВНІЧНА ІРЛАНДІЯ: Прем'єр-ліга - Група вибування Таблиця33'Баллімена - ФК Бангор [ПІВНІЧНА ІРЛАНДІЯ: Прем'єр-ліга - Група вибування]
  ✔ 60' Платенсе 2 - Ферро 2 [АРГЕНТИНА: Ліга дублерів - Апертура] id=nFsCFQyP
  Found: 1 candidates, 1 new, 12 permanently skipped

→ Платенсе 2 - Ферро 2 (60') [АРГЕНТИНА: Ліга дублерів - Апертура]
  Кф 1X2: 1.91 / 3.44 / 3.91
  Desktop: https://www.flashscore.ua/match/soccer/ferro-UFJIQPGn/platense-dS0Jhoge/?mid=nFsCFQyP
  [stats] nFsCFQyP → both, 5 metrics
  Features: quality=0.23, primary=2, status=both
  Model v2: pGoal=0.359, pDry=0.641 sq=0.5247 state=dry | 60-70 → SKIP

Done: 1 analyzed, 0 actionable, 0 TG sent

🔥 RUN #162: analyzed=1, signals=0
⏳ Next scan in 3m...
[22:20:51] Live scan
  Запуск live-скрапера (після ранкових Telegram, якщо були).
Opening: https://m.flashscore.ua/?s=2 (minute >= 60, 0:0 only)
Provider health [https://m.flashscore.ua/?s=2]: rows=38, 0:0 total=8, candidates=2
  ⏸ 0:0 ще рано (< 60'):
    21' ЄВРОПА: Ліга чемпіонів - Плей-оф21'Арсенал - Спортінг [ЄВРОПА: Ліга чемпіонів - Плей-оф]
    36' АНГЛІЯ: Перша ліга Таблиця36'Вімблдон - Стокпорт [АНГЛІЯ: Перша ліга]
    36' АНГЛІЯ: Південна ліга - Прем'єр дивізіон Центр Таблиця36'Стаурбридж - Нідгем Маркет [АНГЛІЯ: Південна ліга - Прем'єр дивізіон Центр]
    45' Тальєрес Кордоба 2 - Хімнасія Мендоса 2 [АРГЕНТИНА: Ліга дублерів - Апертура]
    36' ПІВНІЧНА ІРЛАНДІЯ: Прем'єр-ліга - Група вибування Таблиця36'Баллімена - ФК Бангор [ПІВНІЧНА ІРЛАНДІЯ: Прем'єр-ліга - Група вибування]
  ✔ 61' Кільмес 2 - Уракан 2 [АРГЕНТИНА: Ліга дублерів - Апертура] id=xvNLZTMt
  ✔ 64' Платенсе 2 - Ферро 2 [АРГЕНТИНА: Ліга дублерів - Апертура] id=nFsCFQyP
  Found: 2 candidates, 2 new, 12 permanently skipped

→ Кільмес 2 - Уракан 2 (61') [АРГЕНТИНА: Ліга дублерів - Апертура]

→ Платенсе 2 - Ферро 2 (64') [АРГЕНТИНА: Ліга дублерів - Апертура]
  Кф 1X2: 2.49 / 3.14 / 2.88
  Кф 1X2: 1.91 / 3.44 / 3.91
  Desktop: https://www.flashscore.ua/match/soccer/huracan-OlmBfqnn/quilmes-jyBYK9H7/?mid=xvNLZTMt
  Desktop: https://www.flashscore.ua/match/soccer/ferro-UFJIQPGn/platense-dS0Jhoge/?mid=nFsCFQyP
  [stats] nFsCFQyP → both, 6 metrics
  [incidents] nFsCFQyP: 1H + 0A red cards
  Features: quality=0.23, primary=2, status=both | redCards=1H+0A
  Model v2: pGoal=0.334, pDry=0.666 sq=0.5404 state=dry | 60-70 → SKIP | Δ2H SOT=0 xG=— (Δ4′ матчу)
  ⚠ DOM ALERT [xvNLZTMt]: PAGE_ERROR — secondHalf: Navigation timeout of 20000 ms exceeded
  [stats] xvNLZTMt → overall_only, 5 metrics
  Features: quality=0.23, primary=2, status=overall_only
  Model v2: pGoal=0.345, pDry=0.655 sq=0.509 state=dry | 60-70 → SKIP

Done: 2 analyzed, 0 actionable, 0 TG sent

🔥 RUN #163: analyzed=2, signals=0
⏳ Next scan in 3m...
[22:24:32] Live scan
  Запуск live-скрапера (після ранкових Telegram, якщо були).
Opening: https://m.flashscore.ua/?s=2 (minute >= 60, 0:0 only)
Provider health [https://m.flashscore.ua/?s=2]: rows=31, 0:0 total=7, candidates=2
  ⏸ 0:0 ще рано (< 60'):
    25' ЄВРОПА: Ліга чемпіонів - Плей-оф25'Арсенал - Спортінг [ЄВРОПА: Ліга чемпіонів - Плей-оф]
    40' АНГЛІЯ: Перша ліга Таблиця40'Вімблдон - Стокпорт [АНГЛІЯ: Перша ліга]
    45' Тальєрес Кордоба 2 - Хімнасія Мендоса 2 [АРГЕНТИНА: Ліга дублерів - Апертура]
    40' ПІВНІЧНА ІРЛАНДІЯ: Прем'єр-ліга - Група вибування Таблиця40'Баллімена - ФК Бангор [ПІВНІЧНА ІРЛАНДІЯ: Прем'єр-ліга - Група вибування]
  ✔ 65' Кільмес 2 - Уракан 2 [АРГЕНТИНА: Ліга дублерів - Апертура] id=xvNLZTMt
  ✔ 67' Платенсе 2 - Ферро 2 [АРГЕНТИНА: Ліга дублерів - Апертура] id=nFsCFQyP
  Found: 2 candidates, 2 new, 12 permanently skipped

→ Кільмес 2 - Уракан 2 (65') [АРГЕНТИНА: Ліга дублерів - Апертура]

→ Платенсе 2 - Ферро 2 (67') [АРГЕНТИНА: Ліга дублерів - Апертура]
  Кф 1X2: 2.49 / 3.14 / 2.88
  Кф 1X2: 1.91 / 3.44 / 3.91
  Desktop: https://www.flashscore.ua/match/soccer/ferro-UFJIQPGn/platense-dS0Jhoge/?mid=nFsCFQyP
  Desktop: https://www.flashscore.ua/match/soccer/huracan-OlmBfqnn/quilmes-jyBYK9H7/?mid=xvNLZTMt
  [stats] xvNLZTMt → both, 5 metrics
  Features: quality=0.23, primary=2, status=both
  Model v2: pGoal=0.345, pDry=0.655 sq=0.5247 state=dry | 60-70 → SKIP
  ⚠ DOM ALERT [nFsCFQyP]: PAGE_ERROR — secondHalf: Navigation timeout of 20000 ms exceeded
  [stats] nFsCFQyP → overall_only, 6 metrics
  [incidents] nFsCFQyP: 1H + 0A red cards
  Features: quality=0.23, primary=2, status=overall_only | redCards=1H+0A
  Model v2: pGoal=0.394, pDry=0.606 sq=0.509 state=dry | 60-70 → SKIP

Done: 2 analyzed, 0 actionable, 0 TG sent

🔥 RUN #164: analyzed=2, signals=0
⏳ Next scan in 3m...
[22:28:12] Live scan
  Запуск live-скрапера (після ранкових Telegram, якщо були).
Opening: https://m.flashscore.ua/?s=2 (minute >= 60, 0:0 only)
Provider health [https://m.flashscore.ua/?s=2]: rows=29, 0:0 total=7, candidates=2
  ⏸ 0:0 ще рано (< 60'):
    28' ЄВРОПА: Ліга чемпіонів - Плей-оф28'Арсенал - Спортінг [ЄВРОПА: Ліга чемпіонів - Плей-оф]
    43' АНГЛІЯ: Перша ліга Таблиця43'Вімблдон - Стокпорт [АНГЛІЯ: Перша ліга]
    45' Тальєрес Кордоба 2 - Хімнасія Мендоса 2 [АРГЕНТИНА: Ліга дублерів - Апертура]
    45' МАЛІ: Перший дивізіон ТаблицяПерерваБінга - Дербі Академі [МАЛІ: Перший дивізіон]
    43' ПІВНІЧНА ІРЛАНДІЯ: Прем'єр-ліга - Група вибування Таблиця43'Баллімена - ФК Бангор [ПІВНІЧНА ІРЛАНДІЯ: Прем'єр-ліга - Група вибування]
  ✔ 68' Кільмес 2 - Уракан 2 [АРГЕНТИНА: Ліга дублерів - Апертура] id=xvNLZTMt
  ✔ 71' Платенсе 2 - Ферро 2 [АРГЕНТИНА: Ліга дублерів - Апертура] id=nFsCFQyP
  Found: 2 candidates, 2 new, 12 permanently skipped

→ Кільмес 2 - Уракан 2 (68') [АРГЕНТИНА: Ліга дублерів - Апертура]

→ Платенсе 2 - Ферро 2 (71') [АРГЕНТИНА: Ліга дублерів - Апертура]
  Кф 1X2: 2.49 / 3.14 / 2.88
  Кф 1X2: 1.91 / 3.44 / 3.91
  Desktop: https://www.flashscore.ua/match/soccer/ferro-UFJIQPGn/platense-dS0Jhoge/?mid=nFsCFQyP
  Desktop: https://www.flashscore.ua/match/soccer/huracan-OlmBfqnn/quilmes-jyBYK9H7/?mid=xvNLZTMt
  [stats] nFsCFQyP → both, 6 metrics
  [incidents] nFsCFQyP: 1H + 0A red cards
  Features: quality=0.23, primary=2, status=both | redCards=1H+0A
  Model v2: pGoal=0.424, pDry=0.576 sq=0.4447 state=dry | 70-80 → SKIP
  ⚠ DOM ALERT [xvNLZTMt]: PAGE_ERROR — secondHalf: Navigation timeout of 20000 ms exceeded
  [stats] xvNLZTMt → overall_only, 5 metrics
  Features: quality=0.23, primary=2, status=overall_only
  Model v2: pGoal=0.345, pDry=0.655 sq=0.509 state=dry | 60-70 → SKIP

Done: 2 analyzed, 0 actionable, 0 TG sent

🔥 RUN #165: analyzed=2, signals=0
Message sent to Telegram
⏳ Next scan in 3m...
[22:31:52] Live scan
  Запуск live-скрапера (після ранкових Telegram, якщо були).
Opening: https://m.flashscore.ua/?s=2 (minute >= 60, 0:0 only)
Provider health [https://m.flashscore.ua/?s=2]: rows=28, 0:0 total=7, candidates=2
  ⏸ 0:0 ще рано (< 60'):
    32' ЄВРОПА: Ліга чемпіонів - Плей-оф32'Арсенал - Спортінг [ЄВРОПА: Ліга чемпіонів - Плей-оф]
    45' Тальєрес Кордоба 2 - Хімнасія Мендоса 2 [АРГЕНТИНА: Ліга дублерів - Апертура]
    45' МАЛІ: Перший дивізіон ТаблицяПерерваБінга - Дербі Академі [МАЛІ: Перший дивізіон]
  ✔ 72' Кільмес 2 - Уракан 2 [АРГЕНТИНА: Ліга дублерів - Апертура] id=xvNLZTMt
  ✔ 74' Платенсе 2 - Ферро 2 [АРГЕНТИНА: Ліга дублерів - Апертура] id=nFsCFQyP
  Found: 2 candidates, 2 new, 12 permanently skipped

→ Кільмес 2 - Уракан 2 (72') [АРГЕНТИНА: Ліга дублерів - Апертура]

→ Платенсе 2 - Ферро 2 (74') [АРГЕНТИНА: Ліга дублерів - Апертура]
  Кф 1X2: 2.49 / 3.14 / 2.88
  Кф 1X2: 1.91 / 3.44 / 3.91
  Desktop: https://www.flashscore.ua/match/soccer/huracan-OlmBfqnn/quilmes-jyBYK9H7/?mid=xvNLZTMt
  Desktop: https://www.flashscore.ua/match/soccer/ferro-UFJIQPGn/platense-dS0Jhoge/?mid=nFsCFQyP
  [stats] nFsCFQyP → both, 6 metrics
  [incidents] nFsCFQyP: 1H + 0A red cards
  Features: quality=0.23, primary=2, status=both | redCards=1H+0A
  Model v2: pGoal=0.364, pDry=0.636 sq=0.5404 state=dry | 70-80 → SKIP | Δ2H SOT=0 xG=— (Δ3′ матчу)
  ⚠ DOM ALERT [xvNLZTMt]: PAGE_ERROR — secondHalf: Navigation timeout of 20000 ms exceeded
  [stats] xvNLZTMt → overall_only, 5 metrics
  Features: quality=0.23, primary=2, status=overall_only
  Model v2: pGoal=0.345, pDry=0.655 sq=0.509 state=dry | 70-80 → SKIP

Done: 2 analyzed, 0 actionable, 0 TG sent

🔥 RUN #166: analyzed=2, signals=0
⏳ Next scan in 3m...
[22:35:32] Live scan
  Запуск live-скрапера (після ранкових Telegram, якщо були).
Opening: https://m.flashscore.ua/?s=2 (minute >= 60, 0:0 only)
Provider health [https://m.flashscore.ua/?s=2]: rows=28, 0:0 total=7, candidates=2
  ⏸ 0:0 ще рано (< 60'):
    35' ЄВРОПА: Ліга чемпіонів - Плей-оф35'Арсенал - Спортінг [ЄВРОПА: Ліга чемпіонів - Плей-оф]
    45' Тальєрес Кордоба 2 - Хімнасія Мендоса 2 [АРГЕНТИНА: Ліга дублерів - Апертура]
    45' МАЛІ: Перший дивізіон ТаблицяПерерваБінга - Дербі Академі [МАЛІ: Перший дивізіон]
  ✔ 76' Кільмес 2 - Уракан 2 [АРГЕНТИНА: Ліга дублерів - Апертура] id=xvNLZTMt
  ✔ 78' Платенсе 2 - Ферро 2 [АРГЕНТИНА: Ліга дублерів - Апертура] id=nFsCFQyP
  Found: 2 candidates, 2 new, 12 permanently skipped

→ Кільмес 2 - Уракан 2 (76') [АРГЕНТИНА: Ліга дублерів - Апертура]

→ Платенсе 2 - Ферро 2 (78') [АРГЕНТИНА: Ліга дублерів - Апертура]
  Кф 1X2: 1.91 / 3.44 / 3.91
  Кф 1X2: 2.49 / 3.14 / 2.88
  Desktop: https://www.flashscore.ua/match/soccer/ferro-UFJIQPGn/platense-dS0Jhoge/?mid=nFsCFQyP
  Desktop: https://www.flashscore.ua/match/soccer/huracan-OlmBfqnn/quilmes-jyBYK9H7/?mid=xvNLZTMt
  [stats] nFsCFQyP → both, 6 metrics
  [incidents] nFsCFQyP: 1H + 0A red cards
  Features: quality=0.23, primary=2, status=both | redCards=1H+0A
  Model v2: pGoal=0.364, pDry=0.636 sq=0.5561 state=dry | 70-80 → SKIP | Δ2H SOT=0 xG=— (Δ4′ матчу)
  ⚠ DOM ALERT [xvNLZTMt]: PAGE_ERROR — secondHalf: Navigation timeout of 20000 ms exceeded
  [stats] xvNLZTMt → overall_only, 5 metrics
  Features: quality=0.23, primary=2, status=overall_only
  Model v2: pGoal=0.345, pDry=0.655 sq=0.509 state=dry | 70-80 → SKIP

Done: 2 analyzed, 0 actionable, 0 TG sent

🔥 RUN #167: analyzed=2, signals=0
⏳ Next scan in 3m...
[22:39:13] Live scan
  Запуск live-скрапера (після ранкових Telegram, якщо були).
Opening: https://m.flashscore.ua/?s=2 (minute >= 60, 0:0 only)
Provider health [https://m.flashscore.ua/?s=2]: rows=28, 0:0 total=7, candidates=2
  ⏸ 0:0 ще рано (< 60'):
    40' ЄВРОПА: Ліга чемпіонів - Плей-оф40'Арсенал - Спортінг [ЄВРОПА: Ліга чемпіонів - Плей-оф]
    45' АНГЛІЯ: Перша ліга ТаблицяПерерваВімблдон - Стокпорт [АНГЛІЯ: Перша ліга]
    50' Тальєрес Кордоба 2 - Хімнасія Мендоса 2 [АРГЕНТИНА: Ліга дублерів - Апертура]
    45' МАЛІ: Перший дивізіон ТаблицяПерерваБінга - Дербі Академі [МАЛІ: Перший дивізіон]
    45' ПІВНІЧНА ІРЛАНДІЯ: Прем'єр-ліга - Група вибування ТаблицяПерерваБаллімена - ФК Бангор [ПІВНІЧНА ІРЛАНДІЯ: Прем'єр-ліга - Група вибування]
  ✔ 80' Кільмес 2 - Уракан 2 [АРГЕНТИНА: Ліга дублерів - Апертура] id=xvNLZTMt
  ✔ 82' Платенсе 2 - Ферро 2 [АРГЕНТИНА: Ліга дублерів - Апертура] id=nFsCFQyP
  Found: 2 candidates, 2 new, 12 permanently skipped

→ Кільмес 2 - Уракан 2 (80') [АРГЕНТИНА: Ліга дублерів - Апертура]

→ Платенсе 2 - Ферро 2 (82') [АРГЕНТИНА: Ліга дублерів - Апертура]
  Кф 1X2: 1.91 / 3.44 / 3.91
  Кф 1X2: 2.49 / 3.14 / 2.88
  Desktop: https://www.flashscore.ua/match/soccer/ferro-UFJIQPGn/platense-dS0Jhoge/?mid=nFsCFQyP
  Desktop: https://www.flashscore.ua/match/soccer/huracan-OlmBfqnn/quilmes-jyBYK9H7/?mid=xvNLZTMt
  [stats] nFsCFQyP → both, 6 metrics
  [incidents] nFsCFQyP: 1H + 0A red cards
  Features: quality=0.23, primary=2, status=both | redCards=1H+0A
  Model v2: pGoal=0.564, pDry=0.436 sq=0.4919 state=lateSurge | 80-90+ → SKIP | Δ2H SOT=0 xG=— (Δ4′ матчу)
  ⚠ DOM ALERT [xvNLZTMt]: PAGE_ERROR — secondHalf: Navigation timeout of 20000 ms exceeded
  [stats] xvNLZTMt → overall_only, 5 metrics
  Features: quality=0.23, primary=2, status=overall_only
  Model v2: pGoal=0.345, pDry=0.655 sq=0.509 state=dry | 80-90+ → SKIP

Done: 2 analyzed, 0 actionable, 0 TG sent

🔥 RUN #168: analyzed=2, signals=0
⏳ Next scan in 3m...
[22:42:54] Live scan
  Запуск live-скрапера (після ранкових Telegram, якщо були).
Opening: https://m.flashscore.ua/?s=2 (minute >= 60, 0:0 only)
Provider health [https://m.flashscore.ua/?s=2]: rows=28, 0:0 total=6, candidates=1
  ⏸ 0:0 ще рано (< 60'):
    43' ЄВРОПА: Ліга чемпіонів - Плей-оф43'Арсенал - Спортінг [ЄВРОПА: Ліга чемпіонів - Плей-оф]
    45' АНГЛІЯ: Перша ліга ТаблицяПерерваВімблдон - Стокпорт [АНГЛІЯ: Перша ліга]
    54' Тальєрес Кордоба 2 - Хімнасія Мендоса 2 [АРГЕНТИНА: Ліга дублерів - Апертура]
    47' МАЛІ: Перший дивізіон Таблиця47'Бінга - Дербі Академі [МАЛІ: Перший дивізіон]
    45' ПІВНІЧНА ІРЛАНДІЯ: Прем'єр-ліга - Група вибування ТаблицяПерерваБаллімена - ФК Бангор [ПІВНІЧНА ІРЛАНДІЯ: Прем'єр-ліга - Група вибування]
  ✔ 83' Кільмес 2 - Уракан 2 [АРГЕНТИНА: Ліга дублерів - Апертура] id=xvNLZTMt
  Found: 1 candidates, 1 new, 12 permanently skipped

→ Кільмес 2 - Уракан 2 (83') [АРГЕНТИНА: Ліга дублерів - Апертура]
  Кф 1X2: 2.49 / 3.14 / 2.88
  Desktop: https://www.flashscore.ua/match/soccer/huracan-OlmBfqnn/quilmes-jyBYK9H7/?mid=xvNLZTMt
  [stats] xvNLZTMt → both, 5 metrics
  Features: quality=0.23, primary=2, status=both
  Model v2: pGoal=0.345, pDry=0.655 sq=0.5247 state=dry | 80-90+ → SKIP

Done: 1 analyzed, 0 actionable, 0 TG sent

🔥 RUN #169: analyzed=1, signals=0
⏳ Next scan in 3m...
[22:46:17] Live scan
  Запуск live-скрапера (після ранкових Telegram, якщо були).
Opening: https://m.flashscore.ua/?s=2 (minute >= 60, 0:0 only)
Provider health [https://m.flashscore.ua/?s=2]: rows=27, 0:0 total=6, candidates=1
  ⏸ 0:0 ще рано (< 60'):
    45' АНГЛІЯ: Перша ліга ТаблицяПерерваВімблдон - Стокпорт [АНГЛІЯ: Перша ліга]
    57' Тальєрес Кордоба 2 - Хімнасія Мендоса 2 [АРГЕНТИНА: Ліга дублерів - Апертура]
    50' МАЛІ: Перший дивізіон Таблиця50'Бінга - Дербі Академі [МАЛІ: Перший дивізіон]
    45' ПІВНІЧНА ІРЛАНДІЯ: Прем'єр-ліга - Група вибування ТаблицяПерерваБаллімена - ФК Бангор [ПІВНІЧНА ІРЛАНДІЯ: Прем'єр-ліга - Група вибування]
  ✔ 87' Кільмес 2 - Уракан 2 [АРГЕНТИНА: Ліга дублерів - Апертура] id=xvNLZTMt
  Found: 1 candidates, 1 new, 12 permanently skipped

→ Кільмес 2 - Уракан 2 (87') [АРГЕНТИНА: Ліга дублерів - Апертура]
  Кф 1X2: 2.49 / 3.14 / 2.88
  Desktop: https://www.flashscore.ua/match/soccer/huracan-OlmBfqnn/quilmes-jyBYK9H7/?mid=xvNLZTMt
  [stats] xvNLZTMt → both, 5 metrics
  Features: quality=0.23, primary=2, status=both
  Model v2: pGoal=0.485, pDry=0.515 sq=0.4604 state=lateSurge | 80-90+ → SKIP | Δ2H SOT=1 xG=— (Δ4′ матчу)

Done: 1 analyzed, 0 actionable, 0 TG sent

🔥 RUN #170: analyzed=1, signals=0
⏳ Next scan in 3m...
[22:49:40] Live scan
  Запуск live-скрапера (після ранкових Telegram, якщо були).
Opening: https://m.flashscore.ua/?s=2 (minute >= 60, 0:0 only)
Provider health [https://m.flashscore.ua/?s=2]: rows=26, 0:0 total=6, candidates=2
  ⏸ 0:0 ще рано (< 60'):
    45' ЄВРОПА: Ліга чемпіонів - Плей-офПерерваАрсенал - Спортінг [ЄВРОПА: Ліга чемпіонів - Плей-оф]
    45' АНГЛІЯ: Перша ліга ТаблицяПерерваВімблдон - Стокпорт [АНГЛІЯ: Перша ліга]
    53' МАЛІ: Перший дивізіон Таблиця53'Бінга - Дербі Академі [МАЛІ: Перший дивізіон]
    48' ПІВНІЧНА ІРЛАНДІЯ: Прем'єр-ліга - Група вибування Таблиця48'Баллімена - ФК Бангор [ПІВНІЧНА ІРЛАНДІЯ: Прем'єр-ліга - Група вибування]
  ✔ 90' Кільмес 2 - Уракан 2 [АРГЕНТИНА: Ліга дублерів - Апертура] id=xvNLZTMt
  ✔ 60' Тальєрес Кордоба 2 - Хімнасія Мендоса 2 [АРГЕНТИНА: Ліга дублерів - Апертура] id=j91h3dn2
  Found: 2 candidates, 2 new, 12 permanently skipped

→ Кільмес 2 - Уракан 2 (90') [АРГЕНТИНА: Ліга дублерів - Апертура]

→ Тальєрес Кордоба 2 - Хімнасія Мендоса 2 (60') [АРГЕНТИНА: Ліга дублерів - Апертура]
  Кф 1X2: 1.66 / 4.24 / 4.35
  Кф 1X2: 2.49 / 3.14 / 2.88
  Desktop: https://www.flashscore.ua/match/soccer/gimnasia-mendoza-EJWyFbPk/talleres-cordoba-CfoXZ8CU/?mid=j91h3dn2
  Desktop: https://www.flashscore.ua/match/soccer/huracan-OlmBfqnn/quilmes-jyBYK9H7/?mid=xvNLZTMt
  [stats] j91h3dn2 → both, 5 metrics
  Features: quality=0.23, primary=2, status=both
  Model v2: pGoal=0.423, pDry=0.577 sq=0.4447 state=dry | 60-70 → SKIP
  ⚠ DOM ALERT [xvNLZTMt]: PAGE_ERROR — secondHalf: Navigation timeout of 20000 ms exceeded
  [stats] xvNLZTMt → overall_only, 5 metrics
  Features: quality=0.23, primary=2, status=overall_only
  Model v2: pGoal=0.345, pDry=0.655 sq=0.509 state=dry | 80-90+ → SKIP

Done: 2 analyzed, 0 actionable, 0 TG sent

🔥 RUN #171: analyzed=2, signals=0
⏳ Next scan in 3m...
[22:53:21] Live scan
  Запуск live-скрапера (після ранкових Telegram, якщо були).
Opening: https://m.flashscore.ua/?s=2 (minute >= 60, 0:0 only)
Provider health [https://m.flashscore.ua/?s=2]: rows=26, 0:0 total=6, candidates=1
  ⏸ 0:0 ще рано (< 60'):
    45' ЄВРОПА: Ліга чемпіонів - Плей-офПерерваАрсенал - Спортінг [ЄВРОПА: Ліга чемпіонів - Плей-оф]
    49' АНГЛІЯ: Перша ліга Таблиця49'Вімблдон - Стокпорт [АНГЛІЯ: Перша ліга]
    57' МАЛІ: Перший дивізіон Таблиця57'Бінга - Дербі Академі [МАЛІ: Перший дивізіон]
    51' ПІВНІЧНА ІРЛАНДІЯ: Прем'єр-ліга - Група вибування Таблиця51'Баллімена - ФК Бангор [ПІВНІЧНА ІРЛАНДІЯ: Прем'єр-ліга - Група вибування]
  ✔ 63' Тальєрес Кордоба 2 - Хімнасія Мендоса 2 [АРГЕНТИНА: Ліга дублерів - Апертура] id=j91h3dn2
  Found: 1 candidates, 1 new, 12 permanently skipped

→ Тальєрес Кордоба 2 - Хімнасія Мендоса 2 (63') [АРГЕНТИНА: Ліга дублерів - Апертура]
  Кф 1X2: 1.66 / 4.24 / 4.35
  Desktop: https://www.flashscore.ua/match/soccer/gimnasia-mendoza-EJWyFbPk/talleres-cordoba-CfoXZ8CU/?mid=j91h3dn2
  [stats] j91h3dn2 → both, 5 metrics
  Features: quality=0.23, primary=2, status=both
  Model v2: pGoal=0.493, pDry=0.507 sq=0.4604 state=dry | 60-70 → SKIP | Δ2H SOT=0 xG=— (Δ3′ матчу)

Done: 1 analyzed, 0 actionable, 0 TG sent

🔥 RUN #172: analyzed=1, signals=0
⏳ Next scan in 3m...
[22:56:43] Live scan
  Запуск live-скрапера (після ранкових Telegram, якщо були).
Opening: https://m.flashscore.ua/?s=2 (minute >= 60, 0:0 only)
Provider health [https://m.flashscore.ua/?s=2]: rows=19, 0:0 total=5, candidates=2
  ⏸ 0:0 ще рано (< 60'):
    45' ЄВРОПА: Ліга чемпіонів - Плей-офПерерваАрсенал - Спортінг [ЄВРОПА: Ліга чемпіонів - Плей-оф]
    53' АНГЛІЯ: Перша ліга Таблиця53'Вімблдон - Стокпорт [АНГЛІЯ: Перша ліга]
    55' ПІВНІЧНА ІРЛАНДІЯ: Прем'єр-ліга - Група вибування Таблиця55'Баллімена - ФК Бангор [ПІВНІЧНА ІРЛАНДІЯ: Прем'єр-ліга - Група вибування]
  ✔ 68' АРГЕНТИНА: Ліга дублерів - Апертура Таблиця68'Тальєрес Кордоба 2 - Хімнасія Мендоса 2 [АРГЕНТИНА: Ліга дублерів - Апертура] id=j91h3dn2
  ✔ 61' МАЛІ: Перший дивізіон Таблиця61'Бінга - Дербі Академі [МАЛІ: Перший дивізіон] id=KELLNG9k
  Found: 2 candidates, 2 new, 12 permanently skipped

→ АРГЕНТИНА: Ліга дублерів - Апертура Таблиця68'Тальєрес Кордоба 2 - Хімнасія Мендоса 2 (68') [АРГЕНТИНА: Ліга дублерів - Апертура]

→ МАЛІ: Перший дивізіон Таблиця61'Бінга - Дербі Академі (61') [МАЛІ: Перший дивізіон]
  Кф 1X2: 1.66 / 4.24 / 4.35
  Кф 1X2: 1.8 / 3.12 / 5.2
  Desktop: https://www.flashscore.ua/match/soccer/gimnasia-mendoza-EJWyFbPk/talleres-cordoba-CfoXZ8CU/?mid=j91h3dn2
  Desktop: https://www.flashscore.ua/match/soccer/binga-neuJuAnR/derby-academie-ETo42tph/?mid=KELLNG9k
  [stats] KELLNG9k overall: no data-testid (old=0, any=0, body=148199)
  [stats] KELLNG9k secondHalf: no data-testid (old=0, any=0, body=148199)
  ⚠ DOM ALERT [j91h3dn2]: PAGE_ERROR — secondHalf: Navigation timeout of 20000 ms exceeded
  [stats] j91h3dn2 → overall_only, 5 metrics
  Features: quality=0.23, primary=2, status=overall_only
  Model v2: pGoal=0.423, pDry=0.577 sq=0.429 state=dry | 60-70 → SKIP
  [stats] KELLNG9k → unavailable, 0 metrics
  Features: quality=0, primary=0, status=unavailable
  ✗ No stats at all → permanent skip

Done: 1 analyzed, 0 actionable, 0 TG sent

🔥 RUN #173: analyzed=1, signals=0
⏳ Next scan in 3m...
[23:00:32] Live scan
  Запуск live-скрапера (після ранкових Telegram, якщо були).
Opening: https://m.flashscore.ua/?s=2 (minute >= 60, 0:0 only)
Provider health [https://m.flashscore.ua/?s=2]: rows=16, 0:0 total=7, candidates=2
  ⏸ 0:0 ще рано (< 60'):
    45' ЄВРОПА: Ліга чемпіонів - Плей-офПерерваАрсенал - Спортінг [ЄВРОПА: Ліга чемпіонів - Плей-оф]
    57' АНГЛІЯ: Перша ліга Таблиця57'Вімблдон - Стокпорт [АНГЛІЯ: Перша ліга]
    1' КОЛУМБІЯ: Ліга (Жінки) Таблиця1'Онсе Кальдас Ж - Деп. Калі Ж [КОЛУМБІЯ: Ліга (Жінки)]
    1' ПЕРУ: Ліга 1 - Апертура Таблиця1'Кахамарка - Спорт Уанкайо [ПЕРУ: Ліга 1 - Апертура]
    59' ПІВНІЧНА ІРЛАНДІЯ: Прем'єр-ліга - Група вибування Таблиця59'Баллімена - ФК Бангор [ПІВНІЧНА ІРЛАНДІЯ: Прем'єр-ліга - Група вибування]
  ✔ 72' АРГЕНТИНА: Ліга дублерів - Апертура Таблиця72'Тальєрес Кордоба 2 - Хімнасія Мендоса 2 [АРГЕНТИНА: Ліга дублерів - Апертура] id=j91h3dn2
  ✔ 65' МАЛІ: Перший дивізіон Таблиця65'Бінга - Дербі Академі [МАЛІ: Перший дивізіон] id=KELLNG9k
  Found: 2 candidates, 1 new, 13 permanently skipped

→ АРГЕНТИНА: Ліга дублерів - Апертура Таблиця72'Тальєрес Кордоба 2 - Хімнасія Мендоса 2 (72') [АРГЕНТИНА: Ліга дублерів - Апертура]
  Кф 1X2: 1.66 / 4.24 / 4.35
  Desktop: https://www.flashscore.ua/match/soccer/gimnasia-mendoza-EJWyFbPk/talleres-cordoba-CfoXZ8CU/?mid=j91h3dn2
  [stats] j91h3dn2 → both, 5 metrics
  Features: quality=0.23, primary=2, status=both
  Model v2: pGoal=0.453, pDry=0.547 sq=0.4447 state=dry | 70-80 → SKIP

Done: 1 analyzed, 0 actionable, 0 TG sent

🔥 RUN #174: analyzed=1, signals=0
⏳ Next scan in 3m...
[23:03:55] Live scan
  Запуск live-скрапера (після ранкових Telegram, якщо були).
Opening: https://m.flashscore.ua/?s=2 (minute >= 60, 0:0 only)
Provider health [https://m.flashscore.ua/?s=2]: rows=15, 0:0 total=6, candidates=3
  ⏸ 0:0 ще рано (< 60'):
    47' ЄВРОПА: Ліга чемпіонів - Плей-оф47'Арсенал - Спортінг [ЄВРОПА: Ліга чемпіонів - Плей-оф]
    4' КОЛУМБІЯ: Ліга (Жінки) Таблиця4'Онсе Кальдас Ж - Деп. Калі Ж [КОЛУМБІЯ: Ліга (Жінки)]
    4' ПЕРУ: Ліга 1 - Апертура Таблиця4'Кахамарка - Спорт Уанкайо [ПЕРУ: Ліга 1 - Апертура]
  ✔ 75' АРГЕНТИНА: Ліга дублерів - Апертура Таблиця75'Тальєрес Кордоба 2 - Хімнасія Мендоса 2 [АРГЕНТИНА: Ліга дублерів - Апертура] id=j91h3dn2
  ✔ 68' МАЛІ: Перший дивізіон Таблиця68'Бінга - Дербі Академі [МАЛІ: Перший дивізіон] id=KELLNG9k
  ✔ 62' ПІВНІЧНА ІРЛАНДІЯ: Прем'єр-ліга - Група вибування Таблиця62'Баллімена - ФК Бангор [ПІВНІЧНА ІРЛАНДІЯ: Прем'єр-ліга - Група вибування] id=nNziyTFl
  Found: 3 candidates, 2 new, 13 permanently skipped

→ АРГЕНТИНА: Ліга дублерів - Апертура Таблиця75'Тальєрес Кордоба 2 - Хімнасія Мендоса 2 (75') [АРГЕНТИНА: Ліга дублерів - Апертура]

→ ПІВНІЧНА ІРЛАНДІЯ: Прем'єр-ліга - Група вибування Таблиця62'Баллімена - ФК Бангор (62') [ПІВНІЧНА ІРЛАНДІЯ: Прем'єр-ліга - Група вибування]
  Кф 1X2: 1.66 / 4.24 / 4.35
  Кф 1X2: 1.84 / 3.57 / 4.09
  Desktop: https://www.flashscore.ua/match/soccer/ballymena-Wngt5Qjo/bangor-fc-l85WT9To/?mid=nNziyTFl
  Desktop: https://www.flashscore.ua/match/soccer/gimnasia-mendoza-EJWyFbPk/talleres-cordoba-CfoXZ8CU/?mid=j91h3dn2
  [stats] nNziyTFl overall: no data-testid (old=0, any=0, body=148583)
  [stats] nNziyTFl secondHalf: no data-testid (old=0, any=0, body=148583)
  ⚠ DOM ALERT [j91h3dn2]: PAGE_ERROR — secondHalf: Navigation timeout of 20000 ms exceeded
  [stats] j91h3dn2 → overall_only, 5 metrics
  Features: quality=0.23, primary=2, status=overall_only
  Model v2: pGoal=0.453, pDry=0.547 sq=0.429 state=dry | 70-80 → SKIP
  [stats] nNziyTFl → unavailable, 0 metrics
  Features: quality=0, primary=0, status=unavailable
  ✗ No stats at all → permanent skip

Done: 1 analyzed, 0 actionable, 0 TG sent

🔥 RUN #175: analyzed=1, signals=0
⏳ Next scan in 3m...
[23:07:44] Live scan
  Запуск live-скрапера (після ранкових Telegram, якщо були).
Opening: https://m.flashscore.ua/?s=2 (minute >= 60, 0:0 only)
Provider health [https://m.flashscore.ua/?s=2]: rows=14, 0:0 total=6, candidates=3
  ⏸ 0:0 ще рано (< 60'):
    50' ЄВРОПА: Ліга чемпіонів - Плей-оф50'Арсенал - Спортінг [ЄВРОПА: Ліга чемпіонів - Плей-оф]
    8' КОЛУМБІЯ: Ліга (Жінки) Таблиця8'Онсе Кальдас Ж - Деп. Калі Ж [КОЛУМБІЯ: Ліга (Жінки)]
    8' ПЕРУ: Ліга 1 - Апертура Таблиця8'Кахамарка - Спорт Уанкайо [ПЕРУ: Ліга 1 - Апертура]
  ✔ 79' АРГЕНТИНА: Ліга дублерів - Апертура Таблиця79'Тальєрес Кордоба 2 - Хімнасія Мендоса 2 [АРГЕНТИНА: Ліга дублерів - Апертура] id=j91h3dn2
  ✔ 72' МАЛІ: Перший дивізіон Таблиця72'Бінга - Дербі Академі [МАЛІ: Перший дивізіон] id=KELLNG9k
  ✔ 66' ПІВНІЧНА ІРЛАНДІЯ: Прем'єр-ліга - Група вибування Таблиця66'Баллімена - ФК Бангор [ПІВНІЧНА ІРЛАНДІЯ: Прем'єр-ліга - Група вибування] id=nNziyTFl
  Found: 3 candidates, 1 new, 14 permanently skipped

→ АРГЕНТИНА: Ліга дублерів - Апертура Таблиця79'Тальєрес Кордоба 2 - Хімнасія Мендоса 2 (79') [АРГЕНТИНА: Ліга дублерів - Апертура]
  Кф 1X2: 1.66 / 4.24 / 4.35
  Desktop: https://www.flashscore.ua/match/soccer/gimnasia-mendoza-EJWyFbPk/talleres-cordoba-CfoXZ8CU/?mid=j91h3dn2
  [stats] j91h3dn2 → both, 5 metrics
  Features: quality=0.23, primary=2, status=both
  Model v2: pGoal=0.453, pDry=0.547 sq=0.4447 state=dry | 70-80 → SKIP

Done: 1 analyzed, 0 actionable, 0 TG sent

🔥 RUN #176: analyzed=1, signals=0
⏳ Next scan in 3m...
[23:11:06] Live scan
  Запуск live-скрапера (після ранкових Telegram, якщо були).
Opening: https://m.flashscore.ua/?s=2 (minute >= 60, 0:0 only)
Provider health [https://m.flashscore.ua/?s=2]: rows=14, 0:0 total=6, candidates=3
  ⏸ 0:0 ще рано (< 60'):
    54' ЄВРОПА: Ліга чемпіонів - Плей-оф54'Арсенал - Спортінг [ЄВРОПА: Ліга чемпіонів - Плей-оф]
    12' КОЛУМБІЯ: Ліга (Жінки) Таблиця12'Онсе Кальдас Ж - Деп. Калі Ж [КОЛУМБІЯ: Ліга (Жінки)]
    12' ПЕРУ: Ліга 1 - Апертура Таблиця12'Кахамарка - Спорт Уанкайо [ПЕРУ: Ліга 1 - Апертура]
  ✔ 82' АРГЕНТИНА: Ліга дублерів - Апертура Таблиця82'Тальєрес Кордоба 2 - Хімнасія Мендоса 2 [АРГЕНТИНА: Ліга дублерів - Апертура] id=j91h3dn2
  ✔ 75' МАЛІ: Перший дивізіон Таблиця75'Бінга - Дербі Академі [МАЛІ: Перший дивізіон] id=KELLNG9k
  ✔ 70' ПІВНІЧНА ІРЛАНДІЯ: Прем'єр-ліга - Група вибування Таблиця70'Баллімена - ФК Бангор [ПІВНІЧНА ІРЛАНДІЯ: Прем'єр-ліга - Група вибування] id=nNziyTFl
  Found: 3 candidates, 1 new, 14 permanently skipped

→ АРГЕНТИНА: Ліга дублерів - Апертура Таблиця82'Тальєрес Кордоба 2 - Хімнасія Мендоса 2 (82') [АРГЕНТИНА: Ліга дублерів - Апертура]
  Кф 1X2: 1.66 / 4.24 / 4.35
  Desktop: https://www.flashscore.ua/match/soccer/gimnasia-mendoza-EJWyFbPk/talleres-cordoba-CfoXZ8CU/?mid=j91h3dn2
  [stats] j91h3dn2 → both, 5 metrics
  Features: quality=0.23, primary=2, status=both
  Model v2: pGoal=0.593, pDry=0.407 sq=0.4604 state=lateSurge | 80-90+ → SKIP | Δ2H SOT=1 xG=— (Δ3′ матчу)

Done: 1 analyzed, 0 actionable, 0 TG sent

🔥 RUN #177: analyzed=1, signals=0
⏳ Next scan in 3m...
[23:14:28] Live scan
  Запуск live-скрапера (після ранкових Telegram, якщо були).
Opening: https://m.flashscore.ua/?s=2 (minute >= 60, 0:0 only)
Provider health [https://m.flashscore.ua/?s=2]: rows=14, 0:0 total=6, candidates=3
  ⏸ 0:0 ще рано (< 60'):
    57' ЄВРОПА: Ліга чемпіонів - Плей-оф57'Арсенал - Спортінг [ЄВРОПА: Ліга чемпіонів - Плей-оф]
    15' КОЛУМБІЯ: Ліга (Жінки) Таблиця15'Онсе Кальдас Ж - Деп. Калі Ж [КОЛУМБІЯ: Ліга (Жінки)]
    15' ПЕРУ: Ліга 1 - Апертура Таблиця15'Кахамарка - Спорт Уанкайо [ПЕРУ: Ліга 1 - Апертура]
  ✔ 85' АРГЕНТИНА: Ліга дублерів - Апертура Таблиця85'Тальєрес Кордоба 2 - Хімнасія Мендоса 2 [АРГЕНТИНА: Ліга дублерів - Апертура] id=j91h3dn2
  ✔ 78' МАЛІ: Перший дивізіон Таблиця78'Бінга - Дербі Академі [МАЛІ: Перший дивізіон] id=KELLNG9k
  ✔ 73' ПІВНІЧНА ІРЛАНДІЯ: Прем'єр-ліга - Група вибування Таблиця73'Баллімена - ФК Бангор [ПІВНІЧНА ІРЛАНДІЯ: Прем'єр-ліга - Група вибування] id=nNziyTFl
  Found: 3 candidates, 1 new, 14 permanently skipped

→ АРГЕНТИНА: Ліга дублерів - Апертура Таблиця85'Тальєрес Кордоба 2 - Хімнасія Мендоса 2 (85') [АРГЕНТИНА: Ліга дублерів - Апертура]
  Кф 1X2: 1.66 / 4.24 / 4.35
  Desktop: https://www.flashscore.ua/match/soccer/gimnasia-mendoza-EJWyFbPk/talleres-cordoba-CfoXZ8CU/?mid=j91h3dn2
  [stats] j91h3dn2 → both, 5 metrics
  Features: quality=0.23, primary=2, status=both
  Model v2: pGoal=0.593, pDry=0.407 sq=0.4761 state=lateSurge | 80-90+ → SKIP | Δ2H SOT=0 xG=— (Δ3′ матчу)

Done: 1 analyzed, 0 actionable, 0 TG sent

🔥 RUN #178: analyzed=1, signals=0
⏳ Next scan in 3m...
[23:17:51] Live scan
  Запуск live-скрапера (після ранкових Telegram, якщо були).
Opening: https://m.flashscore.ua/?s=2 (minute >= 60, 0:0 only)
Provider health [https://m.flashscore.ua/?s=2]: rows=14, 0:0 total=6, candidates=4
  ⏸ 0:0 ще рано (< 60'):
    18' КОЛУМБІЯ: Ліга (Жінки) Таблиця18'Онсе Кальдас Ж - Деп. Калі Ж [КОЛУМБІЯ: Ліга (Жінки)]
    18' ПЕРУ: Ліга 1 - Апертура Таблиця18'Кахамарка - Спорт Уанкайо [ПЕРУ: Ліга 1 - Апертура]
  ✔ 61' ЄВРОПА: Ліга чемпіонів - Плей-оф61'Арсенал - Спортінг [ЄВРОПА: Ліга чемпіонів - Плей-оф] id=nJz1sa9F
  ✔ 89' АРГЕНТИНА: Ліга дублерів - Апертура Таблиця89'Тальєрес Кордоба 2 - Хімнасія Мендоса 2 [АРГЕНТИНА: Ліга дублерів - Апертура] id=j91h3dn2
  ✔ 82' МАЛІ: Перший дивізіон Таблиця82'Бінга - Дербі Академі [МАЛІ: Перший дивізіон] id=KELLNG9k
  ✔ 76' ПІВНІЧНА ІРЛАНДІЯ: Прем'єр-ліга - Група вибування Таблиця76'Баллімена - ФК Бангор [ПІВНІЧНА ІРЛАНДІЯ: Прем'єр-ліга - Група вибування] id=nNziyTFl
  Found: 4 candidates, 2 new, 14 permanently skipped

→ ЄВРОПА: Ліга чемпіонів - Плей-оф61'Арсенал - Спортінг (61') [ЄВРОПА: Ліга чемпіонів - Плей-оф]

→ АРГЕНТИНА: Ліга дублерів - Апертура Таблиця89'Тальєрес Кордоба 2 - Хімнасія Мендоса 2 (89') [АРГЕНТИНА: Ліга дублерів - Апертура]
  Кф 1X2: 1.66 / 4.24 / 4.35
  Кф 1X2: 1.54 / 4.41 / 6.43
  Desktop: https://www.flashscore.ua/match/soccer/gimnasia-mendoza-EJWyFbPk/talleres-cordoba-CfoXZ8CU/?mid=j91h3dn2
  Desktop: https://www.flashscore.ua/match/soccer/arsenal-hA1Zm19f/sporting-cp-tljXuHBC/?mid=nJz1sa9F
  ⚠ DOM ALERT [nJz1sa9F]: PAGE_ERROR — secondHalf: Navigation timeout of 20000 ms exceeded
  [stats] nJz1sa9F → overall_only, 32 metrics
  ⚠ DOM ALERT [j91h3dn2]: PAGE_ERROR — secondHalf: Navigation timeout of 20000 ms exceeded
  [stats] j91h3dn2 → overall_only, 5 metrics
  Features: quality=1, primary=6, status=overall_only
  Model v2: pGoal=0.431, pDry=0.569 sq=0.66 state=dry | 60-70 → SKIP
  Features: quality=0.23, primary=2, status=overall_only
  Model v2: pGoal=0.453, pDry=0.547 sq=0.429 state=dry | 80-90+ → SKIP

Done: 2 analyzed, 0 actionable, 0 TG sent

🔥 RUN #179: analyzed=2, signals=0
⏳ Next scan in 3m...
[23:21:31] Live scan
  Запуск live-скрапера (після ранкових Telegram, якщо були).
Opening: https://m.flashscore.ua/?s=2 (minute >= 60, 0:0 only)
Provider health [https://m.flashscore.ua/?s=2]: rows=14, 0:0 total=6, candidates=3
  ⏸ 0:0 ще рано (< 60'):
    22' КОЛУМБІЯ: Ліга (Жінки) Таблиця22'Онсе Кальдас Ж - Деп. Калі Ж [КОЛУМБІЯ: Ліга (Жінки)]
    22' ПЕРУ: Ліга 1 - Апертура Таблиця22'Кахамарка - Спорт Уанкайо [ПЕРУ: Ліга 1 - Апертура]
  ✔ 64' ЄВРОПА: Ліга чемпіонів - Плей-оф64'Арсенал - Спортінг [ЄВРОПА: Ліга чемпіонів - Плей-оф] id=nJz1sa9F
  ✔ 85' МАЛІ: Перший дивізіон Таблиця85'Бінга - Дербі Академі [МАЛІ: Перший дивізіон] id=KELLNG9k
  ✔ 80' ПІВНІЧНА ІРЛАНДІЯ: Прем'єр-ліга - Група вибування Таблиця80'Баллімена - ФК Бангор [ПІВНІЧНА ІРЛАНДІЯ: Прем'єр-ліга - Група вибування] id=nNziyTFl
  Found: 3 candidates, 1 new, 14 permanently skipped

→ ЄВРОПА: Ліга чемпіонів - Плей-оф64'Арсенал - Спортінг (64') [ЄВРОПА: Ліга чемпіонів - Плей-оф]
  Кф 1X2: 1.54 / 4.41 / 6.43
  Desktop: https://www.flashscore.ua/match/soccer/arsenal-hA1Zm19f/sporting-cp-tljXuHBC/?mid=nJz1sa9F
  [stats] nJz1sa9F → both, 32 metrics
  Features: quality=1, primary=6, status=both
  Model v2: pGoal=0.431, pDry=0.569 sq=0.6757 state=dry | 60-70 → SKIP

Done: 1 analyzed, 0 actionable, 0 TG sent

🔥 RUN #180: analyzed=1, signals=0
⏳ Next scan in 3m...
[23:24:54] Live scan
  Запуск live-скрапера (після ранкових Telegram, якщо були).
Opening: https://m.flashscore.ua/?s=2 (minute >= 60, 0:0 only)
Provider health [https://m.flashscore.ua/?s=2]: rows=13, 0:0 total=6, candidates=3
  ⏸ 0:0 ще рано (< 60'):
    25' КОЛУМБІЯ: Ліга (Жінки) Таблиця25'Онсе Кальдас Ж - Деп. Калі Ж [КОЛУМБІЯ: Ліга (Жінки)]
    25' ПЕРУ: Ліга 1 - Апертура Таблиця25'Кахамарка - Спорт Уанкайо [ПЕРУ: Ліга 1 - Апертура]
  ✔ 67' ЄВРОПА: Ліга чемпіонів - Плей-оф67'Арсенал - Спортінг [ЄВРОПА: Ліга чемпіонів - Плей-оф] id=nJz1sa9F
  ✔ 89' МАЛІ: Перший дивізіон Таблиця89'Бінга - Дербі Академі [МАЛІ: Перший дивізіон] id=KELLNG9k
  ✔ 83' ПІВНІЧНА ІРЛАНДІЯ: Прем'єр-ліга - Група вибування Таблиця83'Баллімена - ФК Бангор [ПІВНІЧНА ІРЛАНДІЯ: Прем'єр-ліга - Група вибування] id=nNziyTFl
  Found: 3 candidates, 1 new, 14 permanently skipped

→ ЄВРОПА: Ліга чемпіонів - Плей-оф67'Арсенал - Спортінг (67') [ЄВРОПА: Ліга чемпіонів - Плей-оф]
  Кф 1X2: 1.54 / 4.41 / 6.43
  Desktop: https://www.flashscore.ua/match/soccer/arsenal-hA1Zm19f/sporting-cp-tljXuHBC/?mid=nJz1sa9F
  [stats] nJz1sa9F → both, 32 metrics
  Features: quality=1, primary=6, status=both
  Model v2: pGoal=0.501, pDry=0.499 sq=0.6914 state=dry | 60-70 → SKIP | Δ2H SOT=1 xG=0.07 (Δ3′ матчу)

Done: 1 analyzed, 0 actionable, 0 TG sent

🔥 RUN #181: analyzed=1, signals=0
⏳ Next scan in 3m...
[23:28:17] Live scan
  Запуск live-скрапера (після ранкових Telegram, якщо були).
Opening: https://m.flashscore.ua/?s=2 (minute >= 60, 0:0 only)
Provider health [https://m.flashscore.ua/?s=2]: rows=12, 0:0 total=5, candidates=2
  ⏸ 0:0 ще рано (< 60'):
    29' КОЛУМБІЯ: Ліга (Жінки) Таблиця29'Онсе Кальдас Ж - Деп. Калі Ж [КОЛУМБІЯ: Ліга (Жінки)]
    29' ПЕРУ: Ліга 1 - Апертура Таблиця29'Кахамарка - Спорт Уанкайо [ПЕРУ: Ліга 1 - Апертура]
  ✔ 71' ЄВРОПА: Ліга чемпіонів - Плей-оф71'Арсенал - Спортінг [ЄВРОПА: Ліга чемпіонів - Плей-оф] id=nJz1sa9F
  ✔ 87' ПІВНІЧНА ІРЛАНДІЯ: Прем'єр-ліга - Група вибування Таблиця87'Баллімена - ФК Бангор [ПІВНІЧНА ІРЛАНДІЯ: Прем'єр-ліга - Група вибування] id=nNziyTFl
  Found: 2 candidates, 1 new, 14 permanently skipped

→ ЄВРОПА: Ліга чемпіонів - Плей-оф71'Арсенал - Спортінг (71') [ЄВРОПА: Ліга чемпіонів - Плей-оф]
  Кф 1X2: 1.54 / 4.41 / 6.43
  Desktop: https://www.flashscore.ua/match/soccer/arsenal-hA1Zm19f/sporting-cp-tljXuHBC/?mid=nJz1sa9F
  [stats] nJz1sa9F → both, 32 metrics
  Features: quality=1, primary=6, status=both
  Model v2: pGoal=0.401, pDry=0.599 sq=0.7071 state=dry | 70-80 → UNDER_0_5 | Δ2H SOT=0 xG=0 (Δ4′ матчу) [TG]
Message sent to Telegram
  ✓ Telegram sent

Done: 1 analyzed, 1 actionable, 1 TG sent
📌 Tracking 1 active prediction(s)

🔥 RUN #182: analyzed=1, signals=1
⏳ Next scan in 3m...
[23:31:39] Live scan
  Запуск live-скрапера (після ранкових Telegram, якщо були).
Opening: https://m.flashscore.ua/?s=2 (minute >= 60, 0:0 only)
Provider health [https://m.flashscore.ua/?s=2]: rows=13, 0:0 total=6, candidates=2
  ⏸ 0:0 ще рано (< 60'):
    31' КОЛУМБІЯ: Ліга (Жінки) Таблиця31'Онсе Кальдас Ж - Деп. Калі Ж [КОЛУМБІЯ: Ліга (Жінки)]
    31' ПЕРУ: Ліга 1 - Апертура Таблиця31'Кахамарка - Спорт Уанкайо [ПЕРУ: Ліга 1 - Апертура]
    1' ЯМАЙКА: Прем'єр-ліга Таблиця1'Расінг Юнайтед - Данбіхолден [ЯМАЙКА: Прем'єр-ліга]
  ✔ 74' ЄВРОПА: Ліга чемпіонів - Плей-оф74'Арсенал - Спортінг [ЄВРОПА: Ліга чемпіонів - Плей-оф] id=nJz1sa9F
  ✔ 89' ПІВНІЧНА ІРЛАНДІЯ: Прем'єр-ліга - Група вибування Таблиця89'Баллімена - ФК Бангор [ПІВНІЧНА ІРЛАНДІЯ: Прем'єр-ліга - Група вибування] id=nNziyTFl
  Found: 2 candidates, 1 new, 14 permanently skipped

→ ЄВРОПА: Ліга чемпіонів - Плей-оф74'Арсенал - Спортінг (74') [ЄВРОПА: Ліга чемпіонів - Плей-оф]
  Кф 1X2: 1.54 / 4.41 / 6.43
  Desktop: https://www.flashscore.ua/match/soccer/arsenal-hA1Zm19f/sporting-cp-tljXuHBC/?mid=nJz1sa9F
  [stats] nJz1sa9F → both, 32 metrics
  Features: quality=1, primary=6, status=both
  Model v2: pGoal=0.401, pDry=0.599 sq=0.7229 state=dry | 70-80 → UNDER_0_5 | Δ2H SOT=0 xG=0.03 (Δ3′ матчу) [TG]
  ↻ Re-analysis done (no change)

Done: 1 analyzed, 1 actionable, 0 TG sent
📌 Tracking 1 active prediction(s)

🔥 RUN #183: analyzed=1, signals=0
Message sent to Telegram
⏳ Next scan in 3m...
[23:35:02] Live scan
  Запуск live-скрапера (після ранкових Telegram, якщо були).
Opening: https://m.flashscore.ua/?s=2 (minute >= 60, 0:0 only)
Provider health [https://m.flashscore.ua/?s=2]: rows=11, 0:0 total=5, candidates=1
  ⏸ 0:0 ще рано (< 60'):
    36' КОЛУМБІЯ: Ліга (Жінки) Таблиця36'Онсе Кальдас Ж - Деп. Калі Ж [КОЛУМБІЯ: Ліга (Жінки)]
    6' ЯМАЙКА: Прем'єр-ліга Таблиця6'Кевалір - Портмор [ЯМАЙКА: Прем'єр-ліга]
    6' Расінг Юнайтед - Данбіхолден [ЯМАЙКА: Прем'єр-ліга]
  ✔ 78' ЄВРОПА: Ліга чемпіонів - Плей-оф78'Арсенал - Спортінг [ЄВРОПА: Ліга чемпіонів - Плей-оф] id=nJz1sa9F
  Found: 1 candidates, 1 new, 14 permanently skipped

→ ЄВРОПА: Ліга чемпіонів - Плей-оф78'Арсенал - Спортінг (78') [ЄВРОПА: Ліга чемпіонів - Плей-оф]
  Кф 1X2: 1.54 / 4.41 / 6.43
  Desktop: https://www.flashscore.ua/match/soccer/arsenal-hA1Zm19f/sporting-cp-tljXuHBC/?mid=nJz1sa9F
  ⚠ DOM ALERT [nJz1sa9F]: PAGE_ERROR — secondHalf: Navigation timeout of 20000 ms exceeded
  [stats] nJz1sa9F → overall_only, 32 metrics
  Features: quality=1, primary=6, status=overall_only
  Model v2: pGoal=0.461, pDry=0.539 sq=0.66 state=dry | 70-80 → SKIP

Done: 1 analyzed, 0 actionable, 0 TG sent
📌 Tracking 1 active prediction(s)

🔥 RUN #184: analyzed=1, signals=0
⏳ Next scan in 3m...
[23:38:43] Live scan
  Запуск live-скрапера (після ранкових Telegram, якщо були).
Opening: https://m.flashscore.ua/?s=2 (minute >= 60, 0:0 only)
Provider health [https://m.flashscore.ua/?s=2]: rows=12, 0:0 total=6, candidates=1
  ⏸ 0:0 ще рано (< 60'):
    39' КОЛУМБІЯ: Ліга (Жінки) Таблиця39'Онсе Кальдас Ж - Деп. Калі Ж [КОЛУМБІЯ: Ліга (Жінки)]
    9' ЯМАЙКА: Прем'єр-ліга Таблиця9'Кевалір - Портмор [ЯМАЙКА: Прем'єр-ліга]
    9' Молайнс - Spanish Town Police [ЯМАЙКА: Прем'єр-ліга]
    9' Расінг Юнайтед - Данбіхолден [ЯМАЙКА: Прем'єр-ліга]
    9' Трежер Біч - Чепелтон [ЯМАЙКА: Прем'єр-ліга]
  ✔ 81' ЄВРОПА: Ліга чемпіонів - Плей-оф81'Арсенал - Спортінг [ЄВРОПА: Ліга чемпіонів - Плей-оф] id=nJz1sa9F
  Found: 1 candidates, 1 new, 14 permanently skipped

→ ЄВРОПА: Ліга чемпіонів - Плей-оф81'Арсенал - Спортінг (81') [ЄВРОПА: Ліга чемпіонів - Плей-оф]
  Кф 1X2: 1.54 / 4.41 / 6.43
  Desktop: https://www.flashscore.ua/match/soccer/arsenal-hA1Zm19f/sporting-cp-tljXuHBC/?mid=nJz1sa9F
  [stats] nJz1sa9F → both, 33 metrics
  Features: quality=1, primary=6, status=both
  Model v2: pGoal=0.461, pDry=0.539 sq=0.6757 state=dry | 80-90+ → SKIP

Done: 1 analyzed, 0 actionable, 0 TG sent
📌 Tracking 1 active prediction(s)

🔥 RUN #185: analyzed=1, signals=0
⏳ Next scan in 3m...
[23:42:05] Live scan
  Запуск live-скрапера (після ранкових Telegram, якщо були).
Opening: https://m.flashscore.ua/?s=2 (minute >= 60, 0:0 only)
Provider health [https://m.flashscore.ua/?s=2]: rows=10, 0:0 total=6, candidates=1
  ⏸ 0:0 ще рано (< 60'):
    43' КОЛУМБІЯ: Ліга (Жінки) Таблиця43'Онсе Кальдас Ж - Деп. Калі Ж [КОЛУМБІЯ: Ліга (Жінки)]
    13' ЯМАЙКА: Прем'єр-ліга Таблиця13'Кевалір - Портмор [ЯМАЙКА: Прем'єр-ліга]
    13' Молайнс - Spanish Town Police [ЯМАЙКА: Прем'єр-ліга]
    13' Расінг Юнайтед - Данбіхолден [ЯМАЙКА: Прем'єр-ліга]
    13' Трежер Біч - Чепелтон [ЯМАЙКА: Прем'єр-ліга]
  ✔ 85' ЄВРОПА: Ліга чемпіонів - Плей-оф85'Арсенал - Спортінг [ЄВРОПА: Ліга чемпіонів - Плей-оф] id=nJz1sa9F
  Found: 1 candidates, 1 new, 14 permanently skipped

→ ЄВРОПА: Ліга чемпіонів - Плей-оф85'Арсенал - Спортінг (85') [ЄВРОПА: Ліга чемпіонів - Плей-оф]
  Кф 1X2: 1.54 / 4.41 / 6.43
  Desktop: https://www.flashscore.ua/match/soccer/arsenal-hA1Zm19f/sporting-cp-tljXuHBC/?mid=nJz1sa9F
  ⚠ DOM ALERT [nJz1sa9F]: PAGE_ERROR — secondHalf: Navigation timeout of 20000 ms exceeded
  [stats] nJz1sa9F → overall_only, 33 metrics
  Features: quality=1, primary=6, status=overall_only
  Model v2: pGoal=0.461, pDry=0.539 sq=0.66 state=dry | 80-90+ → SKIP

Done: 1 analyzed, 0 actionable, 0 TG sent
📌 Tracking 1 active prediction(s)

🔥 RUN #186: analyzed=1, signals=0
⏳ Next scan in 3m...
[23:45:45] Live scan
  Запуск live-скрапера (після ранкових Telegram, якщо були).
Opening: https://m.flashscore.ua/?s=2 (minute >= 60, 0:0 only)
Provider health [https://m.flashscore.ua/?s=2]: rows=8, 0:0 total=5, candidates=1
  ⏸ 0:0 ще рано (< 60'):
    16' ЯМАЙКА: Прем'єр-ліга Таблиця16'Кевалір - Портмор [ЯМАЙКА: Прем'єр-ліга]
    16' Расінг Юнайтед - Данбіхолден [ЯМАЙКА: Прем'єр-ліга]
    16' Трежер Біч - Чепелтон [ЯМАЙКА: Прем'єр-ліга]
  ✔ 88' ЄВРОПА: Ліга чемпіонів - Плей-оф88'Арсенал - Спортінг [ЄВРОПА: Ліга чемпіонів - Плей-оф] id=nJz1sa9F
  Found: 1 candidates, 1 new, 14 permanently skipped

→ ЄВРОПА: Ліга чемпіонів - Плей-оф88'Арсенал - Спортінг (88') [ЄВРОПА: Ліга чемпіонів - Плей-оф]
  Кф 1X2: 1.54 / 4.41 / 6.43
  Desktop: https://www.flashscore.ua/match/soccer/arsenal-hA1Zm19f/sporting-cp-tljXuHBC/?mid=nJz1sa9F
  [stats] nJz1sa9F → both, 33 metrics
  Features: quality=1, primary=6, status=both
  Model v2: pGoal=0.521, pDry=0.479 sq=0.6157 state=neutral | 80-90+ → OVER_0_5 [TG]
Message sent to Telegram
  ✓ Telegram update sent (🔀 Фліп ТМ→ТБ (оновлення сценарію))

Done: 1 analyzed, 1 actionable, 1 TG sent
📌 Tracking 1 active prediction(s)

🔥 RUN #187: analyzed=1, signals=1
⏳ Next scan in 3m...
[23:49:07] Live scan
  Запуск live-скрапера (після ранкових Telegram, якщо були).
Opening: https://m.flashscore.ua/?s=2 (minute >= 60, 0:0 only)
Provider health [https://m.flashscore.ua/?s=2]: rows=8, 0:0 total=5, candidates=0
  ⏸ 0:0 ще рано (< 60'):
    20' ЯМАЙКА: Прем'єр-ліга Таблиця20'Кевалір - Портмор [ЯМАЙКА: Прем'єр-ліга]
    20' Расінг Юнайтед - Данбіхолден [ЯМАЙКА: Прем'єр-ліга]
    20' Трежер Біч - Чепелтон [ЯМАЙКА: Прем'єр-ліга]
  Found: 0 candidates, 0 new, 14 permanently skipped

Done: 0 analyzed, 0 actionable, 0 TG sent

🔍 Checking 1 possibly finished match(es)...
  ⏳ ЄВРОПА: Ліга чемпіонів - Плей-оф88'Арсенал - Спортінг: still live 0:0
📌 Tracking 1 active prediction(s)

🔥 RUN #188: analyzed=0, signals=0
⏳ Next scan in 3m...
[23:52:19] Live scan
  Запуск live-скрапера (після ранкових Telegram, якщо були).
Opening: https://m.flashscore.ua/?s=2 (minute >= 60, 0:0 only)
Provider health [https://m.flashscore.ua/?s=2]: rows=8, 0:0 total=4, candidates=0
  ⏸ 0:0 ще рано (< 60'):
    23' ЯМАЙКА: Прем'єр-ліга Таблиця23'Кевалір - Портмор [ЯМАЙКА: Прем'єр-ліга]
    23' Расінг Юнайтед - Данбіхолден [ЯМАЙКА: Прем'єр-ліга]
  Found: 0 candidates, 0 new, 14 permanently skipped

Done: 0 analyzed, 0 actionable, 0 TG sent

🔍 Checking 1 possibly finished match(es)...
  ⚽ ЄВРОПА: Ліга чемпіонів - Плей-оф88'Арсенал - Спортінг: 0:0 [FT] → ТМ:✅ ТБ:❌
Message sent to Telegram
  ✓ Telegram result sent (FT)

🔥 RUN #189: analyzed=0, signals=0
⏳ Next scan in 3m...
[23:55:32] Live scan
  Запуск live-скрапера (після ранкових Telegram, якщо були).
Opening: https://m.flashscore.ua/?s=2 (minute >= 60, 0:0 only)
Provider health [https://m.flashscore.ua/?s=2]: rows=7, 0:0 total=3, candidates=0
  ⏸ 0:0 ще рано (< 60'):
    45' КОЛУМБІЯ: Ліга (Жінки) ТаблицяПерерваОнсе Кальдас Ж - Деп. Калі Ж [КОЛУМБІЯ: Ліга (Жінки)]
    26' ЯМАЙКА: Прем'єр-ліга Таблиця26'Кевалір - Портмор [ЯМАЙКА: Прем'єр-ліга]
    26' Расінг Юнайтед - Данбіхолден [ЯМАЙКА: Прем'єр-ліга]
  Found: 0 candidates, 0 new, 14 permanently skipped

Done: 0 analyzed, 0 actionable, 0 TG sent

🔥 RUN #190: analyzed=0, signals=0
⏳ Next scan in 3m...
[23:58:43] Live scan
  Запуск live-скрапера (після ранкових Telegram, якщо були).
Opening: https://m.flashscore.ua/?s=2 (minute >= 60, 0:0 only)
Provider health [https://m.flashscore.ua/?s=2]: rows=6, 0:0 total=3, candidates=0
  ⏸ 0:0 ще рано (< 60'):
    45' КОЛУМБІЯ: Ліга (Жінки) ТаблицяПерерваОнсе Кальдас Ж - Деп. Калі Ж [КОЛУМБІЯ: Ліга (Жінки)]
    29' ЯМАЙКА: Прем'єр-ліга Таблиця29'Кевалір - Портмор [ЯМАЙКА: Прем'єр-ліга]
    29' Расінг Юнайтед - Данбіхолден [ЯМАЙКА: Прем'єр-ліга]
  Found: 0 candidates, 0 new, 14 permanently skipped

Done: 0 analyzed, 0 actionable, 0 TG sent

🔥 RUN #191: analyzed=0, signals=0
⏳ Next scan in 3m...
📅 New day — reset (skipped=14, tgSent=5, active=0)
[00:01:54] Live scan
  First run — checking yesterday results
  [result] No unchecked predictions for 2026-04-15
  Yesterday: 2/5 hits (5 з прогнозом)
  Daily summary Telegram disabled (date=2026-04-15)
  Запуск live-скрапера (після ранкових Telegram, якщо були).
Opening: https://m.flashscore.ua/?s=2 (minute >= 60, 0:0 only)
Provider health [https://m.flashscore.ua/?s=2]: rows=7, 0:0 total=4, candidates=0
  ⏸ 0:0 ще рано (< 60'):
    45' КОЛУМБІЯ: Ліга (Жінки) ТаблицяПерерваОнсе Кальдас Ж - Деп. Калі Ж [КОЛУМБІЯ: Ліга (Жінки)]
    2' САЛЬВАДОР: Прімера - Клаусура Таблиця2'Какауатіке - Еркулес [САЛЬВАДОР: Прімера - Клаусура]
    32' ЯМАЙКА: Прем'єр-ліга Таблиця32'Кевалір - Портмор [ЯМАЙКА: Прем'єр-ліга]
    32' Расінг Юнайтед - Данбіхолден [ЯМАЙКА: Прем'єр-ліга]
  Found: 0 candidates, 0 new, 0 permanently skipped

Done: 0 analyzed, 0 actionable, 0 TG sent

🔥 RUN #192: analyzed=0, signals=0
⏳ Next scan in 3m...
[00:05:05] Live scan
  Запуск live-скрапера (після ранкових Telegram, якщо були).
Opening: https://m.flashscore.ua/?s=2 (minute >= 60, 0:0 only)
Provider health [https://m.flashscore.ua/?s=2]: rows=7, 0:0 total=4, candidates=0
  ⏸ 0:0 ще рано (< 60'):
    45' КОЛУМБІЯ: Ліга (Жінки) ТаблицяПерерваОнсе Кальдас Ж - Деп. Калі Ж [КОЛУМБІЯ: Ліга (Жінки)]
    6' САЛЬВАДОР: Прімера - Клаусура Таблиця6'Какауатіке - Еркулес [САЛЬВАДОР: Прімера - Клаусура]
    36' ЯМАЙКА: Прем'єр-ліга Таблиця36'Кевалір - Портмор [ЯМАЙКА: Прем'єр-ліга]
    36' Расінг Юнайтед - Данбіхолден [ЯМАЙКА: Прем'єр-ліга]
  Found: 0 candidates, 0 new, 0 permanently skipped

Done: 0 analyzed, 0 actionable, 0 TG sent

🔥 RUN #193: analyzed=0, signals=0
⏳ Next scan in 3m...
[00:08:16] Live scan
  Запуск live-скрапера (після ранкових Telegram, якщо були).
Opening: https://m.flashscore.ua/?s=2 (minute >= 60, 0:0 only)
Provider health [https://m.flashscore.ua/?s=2]: rows=7, 0:0 total=4, candidates=0
  ⏸ 0:0 ще рано (< 60'):
    46' КОЛУМБІЯ: Ліга (Жінки) Таблиця46'Онсе Кальдас Ж - Деп. Калі Ж [КОЛУМБІЯ: Ліга (Жінки)]
    9' САЛЬВАДОР: Прімера - Клаусура Таблиця9'Какауатіке - Еркулес [САЛЬВАДОР: Прімера - Клаусура]
    39' ЯМАЙКА: Прем'єр-ліга Таблиця39'Кевалір - Портмор [ЯМАЙКА: Прем'єр-ліга]
    39' Расінг Юнайтед - Данбіхолден [ЯМАЙКА: Прем'єр-ліга]
  Found: 0 candidates, 0 new, 0 permanently skipped

Done: 0 analyzed, 0 actionable, 0 TG sent

🔥 RUN #194: analyzed=0, signals=0
⏳ Next scan in 3m...
[00:11:26] Live scan
  Запуск live-скрапера (після ранкових Telegram, якщо були).
Opening: https://m.flashscore.ua/?s=2 (minute >= 60, 0:0 only)
Provider health [https://m.flashscore.ua/?s=2]: rows=8, 0:0 total=5, candidates=0
  ⏸ 0:0 ще рано (< 60'):
    12' ГВАТЕМАЛА: Національна ліга - Клаусура Таблиця12'ФК Аврора - Маркенсе [ГВАТЕМАЛА: Національна ліга - Клаусура]
    49' КОЛУМБІЯ: Ліга (Жінки) Таблиця49'Онсе Кальдас Ж - Деп. Калі Ж [КОЛУМБІЯ: Ліга (Жінки)]
    12' САЛЬВАДОР: Прімера - Клаусура Таблиця12'Какауатіке - Еркулес [САЛЬВАДОР: Прімера - Клаусура]
    42' ЯМАЙКА: Прем'єр-ліга Таблиця42'Кевалір - Портмор [ЯМАЙКА: Прем'єр-ліга]
    42' Расінг Юнайтед - Данбіхолден [ЯМАЙКА: Прем'єр-ліга]
  Found: 0 candidates, 0 new, 0 permanently skipped

Done: 0 analyzed, 0 actionable, 0 TG sent

🔥 RUN #195: analyzed=0, signals=0
⏳ Next scan in 3m...
[00:14:36] Live scan
  Запуск live-скрапера (після ранкових Telegram, якщо були).
Opening: https://m.flashscore.ua/?s=2 (minute >= 60, 0:0 only)
Provider health [https://m.flashscore.ua/?s=2]: rows=8, 0:0 total=4, candidates=0
  ⏸ 0:0 ще рано (< 60'):
    15' ГВАТЕМАЛА: Національна ліга - Клаусура Таблиця15'ФК Аврора - Маркенсе [ГВАТЕМАЛА: Національна ліга - Клаусура]
    15' САЛЬВАДОР: Прімера - Клаусура Таблиця15'Какауатіке - Еркулес [САЛЬВАДОР: Прімера - Клаусура]
    45' ЯМАЙКА: Прем'єр-ліга Таблиця45'Кевалір - Портмор [ЯМАЙКА: Прем'єр-ліга]
    45' Расінг Юнайтед - Данбіхолден [ЯМАЙКА: Прем'єр-ліга]
  Found: 0 candidates, 0 new, 0 permanently skipped

Done: 0 analyzed, 0 actionable, 0 TG sent

🔥 RUN #196: analyzed=0, signals=0
⏳ Next scan in 3m...
[00:17:46] Live scan
  Запуск live-скрапера (після ранкових Telegram, якщо були).
Opening: https://m.flashscore.ua/?s=2 (minute >= 60, 0:0 only)
Provider health [https://m.flashscore.ua/?s=2]: rows=8, 0:0 total=4, candidates=0
  ⏸ 0:0 ще рано (< 60'):
    18' ГВАТЕМАЛА: Національна ліга - Клаусура Таблиця18'ФК Аврора - Маркенсе [ГВАТЕМАЛА: Національна ліга - Клаусура]
    18' САЛЬВАДОР: Прімера - Клаусура Таблиця18'Какауатіке - Еркулес [САЛЬВАДОР: Прімера - Клаусура]
    45' Расінг Юнайтед - Данбіхолден [ЯМАЙКА: Прем'єр-ліга]
  Found: 0 candidates, 0 new, 0 permanently skipped

Done: 0 analyzed, 0 actionable, 0 TG sent

🔥 RUN #197: analyzed=0, signals=0
⏳ Next scan in 3m...
[00:20:57] Live scan
  Запуск live-скрапера (після ранкових Telegram, якщо були).
Opening: https://m.flashscore.ua/?s=2 (minute >= 60, 0:0 only)
Provider health [https://m.flashscore.ua/?s=2]: rows=8, 0:0 total=4, candidates=0
  ⏸ 0:0 ще рано (< 60'):
    21' ГВАТЕМАЛА: Національна ліга - Клаусура Таблиця21'ФК Аврора - Маркенсе [ГВАТЕМАЛА: Національна ліга - Клаусура]
    21' САЛЬВАДОР: Прімера - Клаусура Таблиця21'Какауатіке - Еркулес [САЛЬВАДОР: Прімера - Клаусура]
    45' Расінг Юнайтед - Данбіхолден [ЯМАЙКА: Прем'єр-ліга]
  Found: 0 candidates, 0 new, 0 permanently skipped

Done: 0 analyzed, 0 actionable, 0 TG sent

🔥 RUN #198: analyzed=0, signals=0
⏳ Next scan in 3m...
[00:24:07] Live scan
  Запуск live-скрапера (після ранкових Telegram, якщо були).
Opening: https://m.flashscore.ua/?s=2 (minute >= 60, 0:0 only)
Provider health [https://m.flashscore.ua/?s=2]: rows=8, 0:0 total=4, candidates=0
  ⏸ 0:0 ще рано (< 60'):
    24' ГВАТЕМАЛА: Національна ліга - Клаусура Таблиця24'ФК Аврора - Маркенсе [ГВАТЕМАЛА: Національна ліга - Клаусура]
    24' САЛЬВАДОР: Прімера - Клаусура Таблиця24'Какауатіке - Еркулес [САЛЬВАДОР: Прімера - Клаусура]
    45' ЯМАЙКА: Прем'єр-ліга ТаблицяПерерваКевалір - Портмор [ЯМАЙКА: Прем'єр-ліга]
    45' Расінг Юнайтед - Данбіхолден [ЯМАЙКА: Прем'єр-ліга]
  Found: 0 candidates, 0 new, 0 permanently skipped

Done: 0 analyzed, 0 actionable, 0 TG sent

🔥 RUN #199: analyzed=0, signals=0
⏳ Next scan in 3m...
[00:27:17] Live scan
  Запуск live-скрапера (після ранкових Telegram, якщо були).
Opening: https://m.flashscore.ua/?s=2 (minute >= 60, 0:0 only)
Provider health [https://m.flashscore.ua/?s=2]: rows=8, 0:0 total=3, candidates=0
  ⏸ 0:0 ще рано (< 60'):
    27' ГВАТЕМАЛА: Національна ліга - Клаусура Таблиця27'ФК Аврора - Маркенсе [ГВАТЕМАЛА: Національна ліга - Клаусура]
    45' ЯМАЙКА: Прем'єр-ліга ТаблицяПерерваКевалір - Портмор [ЯМАЙКА: Прем'єр-ліга]
    45' Расінг Юнайтед - Данбіхолден [ЯМАЙКА: Прем'єр-ліга]
  Found: 0 candidates, 0 new, 0 permanently skipped

Done: 0 analyzed, 0 actionable, 0 TG sent

🔥 RUN #200: analyzed=0, signals=0
⏳ Next scan in 3m...
[00:30:27] Live scan
  Запуск live-скрапера (після ранкових Telegram, якщо були).
Opening: https://m.flashscore.ua/?s=2 (minute >= 60, 0:0 only)
Provider health [https://m.flashscore.ua/?s=2]: rows=8, 0:0 total=3, candidates=0
  ⏸ 0:0 ще рано (< 60'):
    30' ГВАТЕМАЛА: Національна ліга - Клаусура Таблиця30'ФК Аврора - Маркенсе [ГВАТЕМАЛА: Національна ліга - Клаусура]
    45' ЯМАЙКА: Прем'єр-ліга ТаблицяПерерваКевалір - Портмор [ЯМАЙКА: Прем'єр-ліга]
    45' Расінг Юнайтед - Данбіхолден [ЯМАЙКА: Прем'єр-ліга]
  Found: 0 candidates, 0 new, 0 permanently skipped

Done: 0 analyzed, 0 actionable, 0 TG sent

🔥 RUN #201: analyzed=0, signals=0
⏳ Next scan in 3m...
[00:33:37] Live scan
  Запуск live-скрапера (після ранкових Telegram, якщо були).
Opening: https://m.flashscore.ua/?s=2 (minute >= 60, 0:0 only)
Provider health [https://m.flashscore.ua/?s=2]: rows=9, 0:0 total=4, candidates=0
  ⏸ 0:0 ще рано (< 60'):
    33' ГВАТЕМАЛА: Національна ліга - Клаусура Таблиця33'ФК Аврора - Маркенсе [ГВАТЕМАЛА: Національна ліга - Клаусура]
    3' Фуерте Сан-Франсіско - Платенсе Мунісіпаль [САЛЬВАДОР: Прімера - Клаусура]
    45' ЯМАЙКА: Прем'єр-ліга ТаблицяПерерваКевалір - Портмор [ЯМАЙКА: Прем'єр-ліга]
    45' Расінг Юнайтед - Данбіхолден [ЯМАЙКА: Прем'єр-ліга]
  Found: 0 candidates, 0 new, 0 permanently skipped

Done: 0 analyzed, 0 actionable, 0 TG sent

🔥 RUN #202: analyzed=0, signals=0
Message sent to Telegram
⏳ Next scan in 3m...
[00:36:48] Live scan
  Запуск live-скрапера (після ранкових Telegram, якщо були).
Opening: https://m.flashscore.ua/?s=2 (minute >= 60, 0:0 only)
Provider health [https://m.flashscore.ua/?s=2]: rows=9, 0:0 total=4, candidates=0
  ⏸ 0:0 ще рано (< 60'):
    37' ГВАТЕМАЛА: Національна ліга - Клаусура Таблиця37'ФК Аврора - Маркенсе [ГВАТЕМАЛА: Національна ліга - Клаусура]
    7' Фуерте Сан-Франсіско - Платенсе Мунісіпаль [САЛЬВАДОР: Прімера - Клаусура]
    46' ЯМАЙКА: Прем'єр-ліга Таблиця46'Кевалір - Портмор [ЯМАЙКА: Прем'єр-ліга]
    49' Расінг Юнайтед - Данбіхолден [ЯМАЙКА: Прем'єр-ліга]
  Found: 0 candidates, 0 new, 0 permanently skipped

Done: 0 analyzed, 0 actionable, 0 TG sent

🔥 RUN #203: analyzed=0, signals=0
⏳ Next scan in 3m...
[00:39:58] Live scan
  Запуск live-скрапера (після ранкових Telegram, якщо були).
Opening: https://m.flashscore.ua/?s=2 (minute >= 60, 0:0 only)
Provider health [https://m.flashscore.ua/?s=2]: rows=10, 0:0 total=5, candidates=0
  ⏸ 0:0 ще рано (< 60'):
    40' ГВАТЕМАЛА: Національна ліга - Клаусура Таблиця40'ФК Аврора - Маркенсе [ГВАТЕМАЛА: Національна ліга - Клаусура]
    10' МЕКСИКА: Ліга Прем'єр Серія А - Плей-оф10'Альконес - Тігрес Аліка [МЕКСИКА: Ліга Прем'єр Серія А - Плей-оф]
    10' Фуерте Сан-Франсіско - Платенсе Мунісіпаль [САЛЬВАДОР: Прімера - Клаусура]
    49' ЯМАЙКА: Прем'єр-ліга Таблиця49'Кевалір - Портмор [ЯМАЙКА: Прем'єр-ліга]
    52' Расінг Юнайтед - Данбіхолден [ЯМАЙКА: Прем'єр-ліга]
  Found: 0 candidates, 0 new, 0 permanently skipped

Done: 0 analyzed, 0 actionable, 0 TG sent

🔥 RUN #204: analyzed=0, signals=0
⏳ Next scan in 3m...
[00:43:08] Live scan
  Запуск live-скрапера (після ранкових Telegram, якщо були).
Opening: https://m.flashscore.ua/?s=2 (minute >= 60, 0:0 only)
Provider health [https://m.flashscore.ua/?s=2]: rows=10, 0:0 total=5, candidates=0
  ⏸ 0:0 ще рано (< 60'):
    43' ГВАТЕМАЛА: Національна ліга - Клаусура Таблиця43'ФК Аврора - Маркенсе [ГВАТЕМАЛА: Національна ліга - Клаусура]
    13' МЕКСИКА: Ліга Прем'єр Серія А - Плей-оф13'Альконес - Тігрес Аліка [МЕКСИКА: Ліга Прем'єр Серія А - Плей-оф]
    13' Фуерте Сан-Франсіско - Платенсе Мунісіпаль [САЛЬВАДОР: Прімера - Клаусура]
    52' ЯМАЙКА: Прем'єр-ліга Таблиця52'Кевалір - Портмор [ЯМАЙКА: Прем'єр-ліга]
    55' Расінг Юнайтед - Данбіхолден [ЯМАЙКА: Прем'єр-ліга]
  Found: 0 candidates, 0 new, 0 permanently skipped

Done: 0 analyzed, 0 actionable, 0 TG sent

🔥 RUN #205: analyzed=0, signals=0
⏳ Next scan in 3m...
[00:46:19] Live scan
  Запуск live-скрапера (після ранкових Telegram, якщо були).
Opening: https://m.flashscore.ua/?s=2 (minute >= 60, 0:0 only)
Provider health [https://m.flashscore.ua/?s=2]: rows=10, 0:0 total=5, candidates=0
  ⏸ 0:0 ще рано (< 60'):
    16' МЕКСИКА: Ліга Прем'єр Серія А - Плей-оф16'Альконес - Тігрес Аліка [МЕКСИКА: Ліга Прем'єр Серія А - Плей-оф]
    16' Фуерте Сан-Франсіско - Платенсе Мунісіпаль [САЛЬВАДОР: Прімера - Клаусура]
    55' ЯМАЙКА: Прем'єр-ліга Таблиця55'Кевалір - Портмор [ЯМАЙКА: Прем'єр-ліга]
    58' Расінг Юнайтед - Данбіхолден [ЯМАЙКА: Прем'єр-ліга]
  Found: 0 candidates, 0 new, 0 permanently skipped

Done: 0 analyzed, 0 actionable, 0 TG sent

🔥 RUN #206: analyzed=0, signals=0
⏳ Next scan in 3m...
[00:49:29] Live scan
  Запуск live-скрапера (після ранкових Telegram, якщо були).
Opening: https://m.flashscore.ua/?s=2 (minute >= 60, 0:0 only)
Provider health [https://m.flashscore.ua/?s=2]: rows=10, 0:0 total=4, candidates=1
  ⏸ 0:0 ще рано (< 60'):
    19' МЕКСИКА: Ліга Прем'єр Серія А - Плей-оф19'Альконес - Тігрес Аліка [МЕКСИКА: Ліга Прем'єр Серія А - Плей-оф]
    59' ЯМАЙКА: Прем'єр-ліга Таблиця59'Кевалір - Портмор [ЯМАЙКА: Прем'єр-ліга]
  ✔ 61' Расінг Юнайтед - Данбіхолден [ЯМАЙКА: Прем'єр-ліга] id=jqoDMjvI
  Found: 1 candidates, 1 new, 0 permanently skipped

→ Расінг Юнайтед - Данбіхолден (61') [ЯМАЙКА: Прем'єр-ліга]
  Кф 1X2: 1.94 / 3.46 / 3.77
  Desktop: https://www.flashscore.ua/match/soccer/fc-dunbeholden-ULAHJbS6/racing-united-MHizSXtf/?mid=jqoDMjvI
  [stats] jqoDMjvI → both, 5 metrics
  Features: quality=0.23, primary=2, status=both
  Model v2: pGoal=0.358, pDry=0.642 sq=0.5247 state=dry | 60-70 → SKIP

Done: 1 analyzed, 0 actionable, 0 TG sent

🔥 RUN #207: analyzed=1, signals=0
⏳ Next scan in 3m...
[00:52:51] Live scan
  Запуск live-скрапера (після ранкових Telegram, якщо були).
Opening: https://m.flashscore.ua/?s=2 (minute >= 60, 0:0 only)
Provider health [https://m.flashscore.ua/?s=2]: rows=10, 0:0 total=4, candidates=2
  ⏸ 0:0 ще рано (< 60'):
    23' МЕКСИКА: Ліга Прем'єр Серія А - Плей-оф23'Альконес - Тігрес Аліка [МЕКСИКА: Ліга Прем'єр Серія А - Плей-оф]
  ✔ 62' ЯМАЙКА: Прем'єр-ліга Таблиця62'Кевалір - Портмор [ЯМАЙКА: Прем'єр-ліга] id=4Sn5OC95
  ✔ 65' Расінг Юнайтед - Данбіхолден [ЯМАЙКА: Прем'єр-ліга] id=jqoDMjvI
  Found: 2 candidates, 2 new, 0 permanently skipped

→ ЯМАЙКА: Прем'єр-ліга Таблиця62'Кевалір - Портмор (62') [ЯМАЙКА: Прем'єр-ліга]

→ Расінг Юнайтед - Данбіхолден (65') [ЯМАЙКА: Прем'єр-ліга]
  Кф 1X2: 4.28 / 3.55 / 1.81
  Кф 1X2: 1.94 / 3.46 / 3.77
  Desktop: https://www.flashscore.ua/match/soccer/fc-dunbeholden-ULAHJbS6/racing-united-MHizSXtf/?mid=jqoDMjvI
  Desktop: https://www.flashscore.ua/match/soccer/cavalier-UuOW3jq1/portmore-pfDrVtbe/?mid=4Sn5OC95
  [stats] jqoDMjvI → both, 5 metrics
  Features: quality=0.23, primary=2, status=both
  Model v2: pGoal=0.298, pDry=0.702 sq=0.5404 state=dry | 60-70 → SKIP | Δ2H SOT=0 xG=— (Δ4′ матчу)
  ⚠ DOM ALERT [4Sn5OC95]: PAGE_ERROR — secondHalf: Navigation timeout of 20000 ms exceeded
  [stats] 4Sn5OC95 → overall_only, 5 metrics
  Features: quality=0.23, primary=2, status=overall_only
  Model v2: pGoal=0.362, pDry=0.638 sq=0.509 state=dry | 60-70 → SKIP

Done: 2 analyzed, 0 actionable, 0 TG sent

🔥 RUN #208: analyzed=2, signals=0
⏳ Next scan in 3m...
[00:56:32] Live scan
  Запуск live-скрапера (після ранкових Telegram, якщо були).
Opening: https://m.flashscore.ua/?s=2 (minute >= 60, 0:0 only)
Provider health [https://m.flashscore.ua/?s=2]: rows=9, 0:0 total=4, candidates=2
  ⏸ 0:0 ще рано (< 60'):
    26' МЕКСИКА: Ліга Прем'єр Серія А - Плей-оф26'Альконес - Тігрес Аліка [МЕКСИКА: Ліга Прем'єр Серія А - Плей-оф]
  ✔ 66' ЯМАЙКА: Прем'єр-ліга Таблиця66'Кевалір - Портмор [ЯМАЙКА: Прем'єр-ліга] id=4Sn5OC95
  ✔ 68' Расінг Юнайтед - Данбіхолден [ЯМАЙКА: Прем'єр-ліга] id=jqoDMjvI
  Found: 2 candidates, 2 new, 0 permanently skipped

→ ЯМАЙКА: Прем'єр-ліга Таблиця66'Кевалір - Портмор (66') [ЯМАЙКА: Прем'єр-ліга]

→ Расінг Юнайтед - Данбіхолден (68') [ЯМАЙКА: Прем'єр-ліга]
  Кф 1X2: 4.28 / 3.55 / 1.81
  Кф 1X2: 1.94 / 3.46 / 3.77
  Desktop: https://www.flashscore.ua/match/soccer/cavalier-UuOW3jq1/portmore-pfDrVtbe/?mid=4Sn5OC95
  Desktop: https://www.flashscore.ua/match/soccer/fc-dunbeholden-ULAHJbS6/racing-united-MHizSXtf/?mid=jqoDMjvI
  [stats] jqoDMjvI → both, 5 metrics
  Features: quality=0.23, primary=2, status=both
  Model v2: pGoal=0.428, pDry=0.572 sq=0.4761 state=dry | 60-70 → SKIP | Δ2H SOT=0 xG=— (Δ3′ матчу)
  ⚠ DOM ALERT [4Sn5OC95]: PAGE_ERROR — secondHalf: Navigation timeout of 20000 ms exceeded
  [stats] 4Sn5OC95 → overall_only, 5 metrics
  Features: quality=0.23, primary=2, status=overall_only
  Model v2: pGoal=0.362, pDry=0.638 sq=0.509 state=dry | 60-70 → SKIP

Done: 2 analyzed, 0 actionable, 0 TG sent

🔥 RUN #209: analyzed=2, signals=0
⏳ Next scan in 3m...
[01:00:13] Live scan
  Запуск live-скрапера (після ранкових Telegram, якщо були).
Opening: https://m.flashscore.ua/?s=2 (minute >= 60, 0:0 only)
Provider health [https://m.flashscore.ua/?s=2]: rows=10, 0:0 total=5, candidates=2
  ⏸ 0:0 ще рано (< 60'):
    1' АРГЕНТИНА: Ліга дублерів - Апертура Таблиця1'Сентраль Кордоба 2 - Дефенса і Хустісія 2 [АРГЕНТИНА: Ліга дублерів - Апертура]
    45' ГВАТЕМАЛА: Національна ліга - Клаусура ТаблицяПерерваФК Аврора - Маркенсе [ГВАТЕМАЛА: Національна ліга - Клаусура]
    30' МЕКСИКА: Ліга Прем'єр Серія А - Плей-оф30'Альконес - Тігрес Аліка [МЕКСИКА: Ліга Прем'єр Серія А - Плей-оф]
  ✔ 69' ЯМАЙКА: Прем'єр-ліга Таблиця69'Кевалір - Портмор [ЯМАЙКА: Прем'єр-ліга] id=4Sn5OC95
  ✔ 72' Расінг Юнайтед - Данбіхолден [ЯМАЙКА: Прем'єр-ліга] id=jqoDMjvI
  Found: 2 candidates, 2 new, 0 permanently skipped

→ ЯМАЙКА: Прем'єр-ліга Таблиця69'Кевалір - Портмор (69') [ЯМАЙКА: Прем'єр-ліга]

→ Расінг Юнайтед - Данбіхолден (72') [ЯМАЙКА: Прем'єр-ліга]
  Кф 1X2: 4.28 / 3.55 / 1.81
  Кф 1X2: 1.94 / 3.46 / 3.77
  Desktop: https://www.flashscore.ua/match/soccer/cavalier-UuOW3jq1/portmore-pfDrVtbe/?mid=4Sn5OC95
  Desktop: https://www.flashscore.ua/match/soccer/fc-dunbeholden-ULAHJbS6/racing-united-MHizSXtf/?mid=jqoDMjvI
  ⚠ DOM ALERT [4Sn5OC95]: PAGE_ERROR — secondHalf: Navigation timeout of 20000 ms exceeded
  [stats] 4Sn5OC95 → overall_only, 5 metrics
  ⚠ DOM ALERT [jqoDMjvI]: PAGE_ERROR — secondHalf: Navigation timeout of 20000 ms exceeded
  [stats] jqoDMjvI → overall_only, 5 metrics
  Features: quality=0.23, primary=2, status=overall_only
  Model v2: pGoal=0.362, pDry=0.638 sq=0.509 state=dry | 60-70 → SKIP
  Features: quality=0.23, primary=2, status=overall_only
  Model v2: pGoal=0.388, pDry=0.612 sq=0.509 state=dry | 70-80 → SKIP

Done: 2 analyzed, 0 actionable, 0 TG sent

🔥 RUN #210: analyzed=2, signals=0
⏳ Next scan in 3m...
[01:03:54] Live scan
  Запуск live-скрапера (після ранкових Telegram, якщо були).
Opening: https://m.flashscore.ua/?s=2 (minute >= 60, 0:0 only)
Provider health [https://m.flashscore.ua/?s=2]: rows=22, 0:0 total=17, candidates=2
  ⏸ 0:0 ще рано (< 60'):
    4' БРАЗИЛІЯ: Пауліста A2 - Другий етап Таблиця4'Агуа-Санта - Пірасікаба [БРАЗИЛІЯ: Пауліста A2 - Другий етап]
    4' Ітуано - Вотупорангенсе [БРАЗИЛІЯ: Пауліста A2 - Другий етап]
    4' Сан-Жозе - Сертанзінью [БРАЗИЛІЯ: Пауліста A2 - Другий етап]
    4' Ферровіарія - Жувентус-СП [БРАЗИЛІЯ: Пауліста A2 - Другий етап]
    4' БРАЗИЛІЯ: Copa Norte Таблиця4'Пайсанду - Індепенденсія [БРАЗИЛІЯ: Copa Norte]
    4' БРАЗИЛІЯ: Copa Sul-Sudeste Таблиця4'Операріу - Новорізонтіну [БРАЗИЛІЯ: Copa Sul-Sudeste]
    4' Сан-Бернанду - Сіанорті [БРАЗИЛІЯ: Copa Sul-Sudeste]
    4' БРАЗИЛІЯ: Кубок Північного Сходу Таблиця4'Флуміненсе-ПІ - КРБ [БРАЗИЛІЯ: Кубок Північного Сходу]
    45' ГВАТЕМАЛА: Національна ліга - Клаусура ТаблицяПерерваФК Аврора - Маркенсе [ГВАТЕМАЛА: Національна ліга - Клаусура]
    4' КОЛУМБІЯ: Ліга (Жінки) Таблиця4'Хуніор Ж - Інд. Медельїн Ж [КОЛУМБІЯ: Ліга (Жінки)]
    34' МЕКСИКА: Ліга Прем'єр Серія А - Плей-оф34'Альконес - Тігрес Аліка [МЕКСИКА: Ліга Прем'єр Серія А - Плей-оф]
    4' ПІВДЕННА АМЕРИКА: Кубок Лібертадорес - Груповий етап Таблиця4'Крузейру (Bra) - У. Католіка (Chi) [ПІВДЕННА АМЕРИКА: Кубок Лібертадорес - Груповий етап]
    4' Лібертад Асунсьйон (Par) - Росаріо Сентраль (Arg) [ПІВДЕННА АМЕРИКА: Кубок Лібертадорес - Груповий етап]
    4' ПІВДЕННА АМЕРИКА: Південноамериканський кубок - Груповий етап Таблиця4'Каракас (Ven) - Індепендьєнте (Bol) [ПІВДЕННА АМЕРИКА: Південноамериканський кубок - Груповий етап]
    4' Расінг (Arg) - Ботафогу (Bra) [ПІВДЕННА АМЕРИКА: Південноамериканський кубок - Груповий етап]
  ✔ 74' ЯМАЙКА: Прем'єр-ліга Таблиця74'Кевалір - Портмор [ЯМАЙКА: Прем'єр-ліга] id=4Sn5OC95
  ✔ 76' Расінг Юнайтед - Данбіхолден [ЯМАЙКА: Прем'єр-ліга] id=jqoDMjvI
  Found: 2 candidates, 2 new, 0 permanently skipped

→ ЯМАЙКА: Прем'єр-ліга Таблиця74'Кевалір - Портмор (74') [ЯМАЙКА: Прем'єр-ліга]

→ Расінг Юнайтед - Данбіхолден (76') [ЯМАЙКА: Прем'єр-ліга]
  Кф 1X2: 1.94 / 3.46 / 3.77
  Кф 1X2: 4.28 / 3.55 / 1.81
  Desktop: https://www.flashscore.ua/match/soccer/fc-dunbeholden-ULAHJbS6/racing-united-MHizSXtf/?mid=jqoDMjvI
  Desktop: https://www.flashscore.ua/match/soccer/cavalier-UuOW3jq1/portmore-pfDrVtbe/?mid=4Sn5OC95
  [stats] jqoDMjvI → both, 5 metrics
  Features: quality=0.23, primary=2, status=both
  Model v2: pGoal=0.388, pDry=0.612 sq=0.5247 state=dry | 70-80 → SKIP
  ⚠ DOM ALERT [4Sn5OC95]: PAGE_ERROR — secondHalf: Navigation timeout of 20000 ms exceeded
  [stats] 4Sn5OC95 → overall_only, 5 metrics
  Features: quality=0.23, primary=2, status=overall_only
  Model v2: pGoal=0.392, pDry=0.608 sq=0.509 state=dry | 70-80 → SKIP

Done: 2 analyzed, 0 actionable, 0 TG sent

🔥 RUN #211: analyzed=2, signals=0
⏳ Next scan in 3m...
[01:07:34] Live scan
  Запуск live-скрапера (після ранкових Telegram, якщо були).
Opening: https://m.flashscore.ua/?s=2 (minute >= 60, 0:0 only)
Provider health [https://m.flashscore.ua/?s=2]: rows=24, 0:0 total=17, candidates=2
  ⏸ 0:0 ще рано (< 60'):
    8' БРАЗИЛІЯ: Пауліста A2 - Другий етап Таблиця8'Агуа-Санта - Пірасікаба [БРАЗИЛІЯ: Пауліста A2 - Другий етап]
    8' Ітуано - Вотупорангенсе [БРАЗИЛІЯ: Пауліста A2 - Другий етап]
    8' Сан-Жозе - Сертанзінью [БРАЗИЛІЯ: Пауліста A2 - Другий етап]
    8' Ферровіарія - Жувентус-СП [БРАЗИЛІЯ: Пауліста A2 - Другий етап]
    8' БРАЗИЛІЯ: Copa Norte Таблиця8'Пайсанду - Індепенденсія [БРАЗИЛІЯ: Copa Norte]
    8' БРАЗИЛІЯ: Copa Sul-Sudeste Таблиця8'Операріу - Новорізонтіну [БРАЗИЛІЯ: Copa Sul-Sudeste]
    8' Сан-Бернанду - Сіанорті [БРАЗИЛІЯ: Copa Sul-Sudeste]
    8' БРАЗИЛІЯ: Кубок Північного Сходу Таблиця8'Флуміненсе-ПІ - КРБ [БРАЗИЛІЯ: Кубок Північного Сходу]
    45' ГВАТЕМАЛА: Національна ліга - Клаусура ТаблицяПерерваФК Аврора - Маркенсе [ГВАТЕМАЛА: Національна ліга - Клаусура]
    38' МЕКСИКА: Ліга Прем'єр Серія А - Плей-оф38'Альконес - Тігрес Аліка [МЕКСИКА: Ліга Прем'єр Серія А - Плей-оф]
    8' Трітонес Вальярта - Тапачула [МЕКСИКА: Ліга Прем'єр Серія А - Плей-оф]
    8' НІКАРАГУА: Прімера - Клаусура Таблиця8'УНАН-Манагуа - Ранчо Сантана [НІКАРАГУА: Прімера - Клаусура]
    8' ПІВДЕННА АМЕРИКА: Кубок Лібертадорес - Груповий етап Таблиця8'Крузейру (Bra) - У. Католіка (Chi) [ПІВДЕННА АМЕРИКА: Кубок Лібертадорес - Груповий етап]
    8' Лібертад Асунсьйон (Par) - Росаріо Сентраль (Arg) [ПІВДЕННА АМЕРИКА: Кубок Лібертадорес - Груповий етап]
    8' ПІВДЕННА АМЕРИКА: Південноамериканський кубок - Груповий етап Таблиця8'Каракас (Ven) - Індепендьєнте (Bol) [ПІВДЕННА АМЕРИКА: Південноамериканський кубок - Груповий етап]
  ✔ 77' ЯМАЙКА: Прем'єр-ліга Таблиця77'Кевалір - Портмор [ЯМАЙКА: Прем'єр-ліга] id=4Sn5OC95
  ✔ 80' Расінг Юнайтед - Данбіхолден [ЯМАЙКА: Прем'єр-ліга] id=jqoDMjvI
  Found: 2 candidates, 2 new, 0 permanently skipped

→ ЯМАЙКА: Прем'єр-ліга Таблиця77'Кевалір - Портмор (77') [ЯМАЙКА: Прем'єр-ліга]

→ Расінг Юнайтед - Данбіхолден (80') [ЯМАЙКА: Прем'єр-ліга]
  Кф 1X2: 1.94 / 3.46 / 3.77
  Кф 1X2: 4.28 / 3.55 / 1.81
  Desktop: https://www.flashscore.ua/match/soccer/cavalier-UuOW3jq1/portmore-pfDrVtbe/?mid=4Sn5OC95
  Desktop: https://www.flashscore.ua/match/soccer/fc-dunbeholden-ULAHJbS6/racing-united-MHizSXtf/?mid=jqoDMjvI
  [stats] jqoDMjvI → both, 5 metrics
  Features: quality=0.23, primary=2, status=both
  Model v2: pGoal=0.528, pDry=0.472 sq=0.4604 state=lateSurge | 80-90+ → SKIP | Δ2H SOT=0 xG=— (Δ4′ матчу)
  ⚠ DOM ALERT [4Sn5OC95]: PAGE_ERROR — secondHalf: Navigation timeout of 20000 ms exceeded
  [stats] 4Sn5OC95 → overall_only, 5 metrics
  Features: quality=0.23, primary=2, status=overall_only
  Model v2: pGoal=0.392, pDry=0.608 sq=0.509 state=dry | 70-80 → SKIP

Done: 2 analyzed, 0 actionable, 0 TG sent

🔥 RUN #212: analyzed=2, signals=0
⏳ Next scan in 3m...
[01:11:14] Live scan
  Запуск live-скрапера (після ранкових Telegram, якщо були).
Opening: https://m.flashscore.ua/?s=2 (minute >= 60, 0:0 only)
Provider health [https://m.flashscore.ua/?s=2]: rows=24, 0:0 total=17, candidates=2
  ⏸ 0:0 ще рано (< 60'):
    12' БРАЗИЛІЯ: Пауліста A2 - Другий етап Таблиця12'Агуа-Санта - Пірасікаба [БРАЗИЛІЯ: Пауліста A2 - Другий етап]
    12' Ітуано - Вотупорангенсе [БРАЗИЛІЯ: Пауліста A2 - Другий етап]
    12' Сан-Жозе - Сертанзінью [БРАЗИЛІЯ: Пауліста A2 - Другий етап]
    12' Ферровіарія - Жувентус-СП [БРАЗИЛІЯ: Пауліста A2 - Другий етап]
    12' БРАЗИЛІЯ: Copa Norte Таблиця12'Пайсанду - Індепенденсія [БРАЗИЛІЯ: Copa Norte]
    12' БРАЗИЛІЯ: Copa Sul-Sudeste Таблиця12'Операріу - Новорізонтіну [БРАЗИЛІЯ: Copa Sul-Sudeste]
    12' Сан-Бернанду - Сіанорті [БРАЗИЛІЯ: Copa Sul-Sudeste]
    12' БРАЗИЛІЯ: Кубок Північного Сходу Таблиця12'Флуміненсе-ПІ - КРБ [БРАЗИЛІЯ: Кубок Північного Сходу]
    45' ГВАТЕМАЛА: Національна ліга - Клаусура ТаблицяПерерваФК Аврора - Маркенсе [ГВАТЕМАЛА: Національна ліга - Клаусура]
    42' МЕКСИКА: Ліга Прем'єр Серія А - Плей-оф42'Альконес - Тігрес Аліка [МЕКСИКА: Ліга Прем'єр Серія А - Плей-оф]
    12' Трітонес Вальярта - Тапачула [МЕКСИКА: Ліга Прем'єр Серія А - Плей-оф]
    12' НІКАРАГУА: Прімера - Клаусура Таблиця12'УНАН-Манагуа - Ранчо Сантана [НІКАРАГУА: Прімера - Клаусура]
    12' ПІВДЕННА АМЕРИКА: Кубок Лібертадорес - Груповий етап Таблиця12'Крузейру (Bra) - У. Католіка (Chi) [ПІВДЕННА АМЕРИКА: Кубок Лібертадорес - Груповий етап]
    12' Лібертад Асунсьйон (Par) - Росаріо Сентраль (Arg) [ПІВДЕННА АМЕРИКА: Кубок Лібертадорес - Груповий етап]
    12' ПІВДЕННА АМЕРИКА: Південноамериканський кубок - Груповий етап Таблиця12'Каракас (Ven) - Індепендьєнте (Bol) [ПІВДЕННА АМЕРИКА: Південноамериканський кубок - Груповий етап]
  ✔ 81' ЯМАЙКА: Прем'єр-ліга Таблиця81'Кевалір - Портмор [ЯМАЙКА: Прем'єр-ліга] id=4Sn5OC95
  ✔ 84' Расінг Юнайтед - Данбіхолден [ЯМАЙКА: Прем'єр-ліга] id=jqoDMjvI
  Found: 2 candidates, 2 new, 0 permanently skipped

→ ЯМАЙКА: Прем'єр-ліга Таблиця81'Кевалір - Портмор (81') [ЯМАЙКА: Прем'єр-ліга]

→ Расінг Юнайтед - Данбіхолден (84') [ЯМАЙКА: Прем'єр-ліга]
  Кф 1X2: 1.94 / 3.46 / 3.77
  Кф 1X2: 4.28 / 3.55 / 1.81
  Desktop: https://www.flashscore.ua/match/soccer/fc-dunbeholden-ULAHJbS6/racing-united-MHizSXtf/?mid=jqoDMjvI
  Desktop: https://www.flashscore.ua/match/soccer/cavalier-UuOW3jq1/portmore-pfDrVtbe/?mid=4Sn5OC95
  [stats] jqoDMjvI → both, 5 metrics
  Features: quality=0.23, primary=2, status=both
  Model v2: pGoal=0.328, pDry=0.672 sq=0.5561 state=dry | 80-90+ → SKIP | Δ2H SOT=0 xG=— (Δ4′ матчу)
  ⚠ DOM ALERT [4Sn5OC95]: PAGE_ERROR — secondHalf: Navigation timeout of 20000 ms exceeded
  [stats] 4Sn5OC95 → overall_only, 5 metrics
  Features: quality=0.23, primary=2, status=overall_only
  Model v2: pGoal=0.392, pDry=0.608 sq=0.509 state=dry | 80-90+ → SKIP

Done: 2 analyzed, 0 actionable, 0 TG sent

🔥 RUN #213: analyzed=2, signals=0
⏳ Next scan in 3m...
[01:14:54] Live scan
  Запуск live-скрапера (після ранкових Telegram, якщо були).
Opening: https://m.flashscore.ua/?s=2 (minute >= 60, 0:0 only)
Provider health [https://m.flashscore.ua/?s=2]: rows=25, 0:0 total=17, candidates=2
  ⏸ 0:0 ще рано (< 60'):
    15' БРАЗИЛІЯ: Пауліста A2 - Другий етап Таблиця15'Агуа-Санта - Пірасікаба [БРАЗИЛІЯ: Пауліста A2 - Другий етап]
    15' Ітуано - Вотупорангенсе [БРАЗИЛІЯ: Пауліста A2 - Другий етап]
    15' Сан-Жозе - Сертанзінью [БРАЗИЛІЯ: Пауліста A2 - Другий етап]
    15' Ферровіарія - Жувентус-СП [БРАЗИЛІЯ: Пауліста A2 - Другий етап]
    15' БРАЗИЛІЯ: Copa Sul-Sudeste Таблиця15'Операріу - Новорізонтіну [БРАЗИЛІЯ: Copa Sul-Sudeste]
    15' Сан-Бернанду - Сіанорті [БРАЗИЛІЯ: Copa Sul-Sudeste]
    15' БРАЗИЛІЯ: Кубок Північного Сходу Таблиця15'Флуміненсе-ПІ - КРБ [БРАЗИЛІЯ: Кубок Північного Сходу]
    45' ГВАТЕМАЛА: Національна ліга - Клаусура ТаблицяПерерваФК Аврора - Маркенсе [ГВАТЕМАЛА: Національна ліга - Клаусура]
    45' МЕКСИКА: Ліга Прем'єр Серія А - Плей-оф45'Альконес - Тігрес Аліка [МЕКСИКА: Ліга Прем'єр Серія А - Плей-оф]
    15' Інтер Плая-дель-Кармен - Текос [МЕКСИКА: Ліга Прем'єр Серія А - Плей-оф]
    15' Трітонес Вальярта - Тапачула [МЕКСИКА: Ліга Прем'єр Серія А - Плей-оф]
    15' НІКАРАГУА: Прімера - Клаусура Таблиця15'УНАН-Манагуа - Ранчо Сантана [НІКАРАГУА: Прімера - Клаусура]
    15' ПІВДЕННА АМЕРИКА: Кубок Лібертадорес - Груповий етап Таблиця15'Крузейру (Bra) - У. Католіка (Chi) [ПІВДЕННА АМЕРИКА: Кубок Лібертадорес - Груповий етап]
    15' Лібертад Асунсьйон (Par) - Росаріо Сентраль (Arg) [ПІВДЕННА АМЕРИКА: Кубок Лібертадорес - Груповий етап]
    15' ПІВДЕННА АМЕРИКА: Південноамериканський кубок - Груповий етап Таблиця15'Каракас (Ven) - Індепендьєнте (Bol) [ПІВДЕННА АМЕРИКА: Південноамериканський кубок - Груповий етап]
  ✔ 85' ЯМАЙКА: Прем'єр-ліга Таблиця85'Кевалір - Портмор [ЯМАЙКА: Прем'єр-ліга] id=4Sn5OC95
  ✔ 87' Расінг Юнайтед - Данбіхолден [ЯМАЙКА: Прем'єр-ліга] id=jqoDMjvI
  Found: 2 candidates, 2 new, 0 permanently skipped

→ ЯМАЙКА: Прем'єр-ліга Таблиця85'Кевалір - Портмор (85') [ЯМАЙКА: Прем'єр-ліга]

→ Расінг Юнайтед - Данбіхолден (87') [ЯМАЙКА: Прем'єр-ліга]
  Кф 1X2: 4.28 / 3.55 / 1.81
  Кф 1X2: 1.94 / 3.46 / 3.77
  Desktop: https://www.flashscore.ua/match/soccer/cavalier-UuOW3jq1/portmore-pfDrVtbe/?mid=4Sn5OC95
  Desktop: https://www.flashscore.ua/match/soccer/fc-dunbeholden-ULAHJbS6/racing-united-MHizSXtf/?mid=jqoDMjvI
  [stats] jqoDMjvI → both, 5 metrics
  Features: quality=0.23, primary=2, status=both
  Model v2: pGoal=0.528, pDry=0.472 sq=0.4919 state=lateSurge | 80-90+ → SKIP | Δ2H SOT=1 xG=— (Δ3′ матчу)
  ⚠ DOM ALERT [4Sn5OC95]: PAGE_ERROR — secondHalf: Navigation timeout of 20000 ms exceeded
  [stats] 4Sn5OC95 → overall_only, 5 metrics
  Features: quality=0.23, primary=2, status=overall_only
  Model v2: pGoal=0.392, pDry=0.608 sq=0.509 state=dry | 80-90+ → SKIP

Done: 2 analyzed, 0 actionable, 0 TG sent

🔥 RUN #214: analyzed=2, signals=0
⏳ Next scan in 3m...
[01:18:35] Live scan
  Запуск live-скрапера (після ранкових Telegram, якщо були).
Opening: https://m.flashscore.ua/?s=2 (minute >= 60, 0:0 only)
Provider health [https://m.flashscore.ua/?s=2]: rows=25, 0:0 total=16, candidates=1
  ⏸ 0:0 ще рано (< 60'):
    19' БРАЗИЛІЯ: Пауліста A2 - Другий етап Таблиця19'Агуа-Санта - Пірасікаба [БРАЗИЛІЯ: Пауліста A2 - Другий етап]
    19' Ітуано - Вотупорангенсе [БРАЗИЛІЯ: Пауліста A2 - Другий етап]
    19' Ферровіарія - Жувентус-СП [БРАЗИЛІЯ: Пауліста A2 - Другий етап]
    19' БРАЗИЛІЯ: Copa Sul-Sudeste Таблиця19'Операріу - Новорізонтіну [БРАЗИЛІЯ: Copa Sul-Sudeste]
    19' Сан-Бернанду - Сіанорті [БРАЗИЛІЯ: Copa Sul-Sudeste]
    19' БРАЗИЛІЯ: Кубок Північного Сходу Таблиця19'Флуміненсе-ПІ - КРБ [БРАЗИЛІЯ: Кубок Північного Сходу]
    50' ГВАТЕМАЛА: Національна ліга - Клаусура Таблиця50'ФК Аврора - Маркенсе [ГВАТЕМАЛА: Національна ліга - Клаусура]
    19' Інтер Плая-дель-Кармен - Текос [МЕКСИКА: Ліга Прем'єр Серія А - Плей-оф]
    19' Трітонес Вальярта - Тапачула [МЕКСИКА: Ліга Прем'єр Серія А - Плей-оф]
    19' НІКАРАГУА: Прімера - Клаусура Таблиця19'УНАН-Манагуа - Ранчо Сантана [НІКАРАГУА: Прімера - Клаусура]
    19' ПІВДЕННА АМЕРИКА: Кубок Лібертадорес - Груповий етап Таблиця19'Крузейру (Bra) - У. Католіка (Chi) [ПІВДЕННА АМЕРИКА: Кубок Лібертадорес - Груповий етап]
    19' Лібертад Асунсьйон (Par) - Росаріо Сентраль (Arg) [ПІВДЕННА АМЕРИКА: Кубок Лібертадорес - Груповий етап]
    19' ПІВДЕННА АМЕРИКА: Південноамериканський кубок - Груповий етап Таблиця19'Каракас (Ven) - Індепендьєнте (Bol) [ПІВДЕННА АМЕРИКА: Південноамериканський кубок - Груповий етап]
  ✔ 88' ЯМАЙКА: Прем'єр-ліга Таблиця88'Кевалір - Портмор [ЯМАЙКА: Прем'єр-ліга] id=4Sn5OC95
  Found: 1 candidates, 1 new, 0 permanently skipped

→ ЯМАЙКА: Прем'єр-ліга Таблиця88'Кевалір - Портмор (88') [ЯМАЙКА: Прем'єр-ліга]
  Кф 1X2: 4.28 / 3.55 / 1.81
  Desktop: https://www.flashscore.ua/match/soccer/cavalier-UuOW3jq1/portmore-pfDrVtbe/?mid=4Sn5OC95
  [stats] 4Sn5OC95 → both, 5 metrics
  Features: quality=0.23, primary=2, status=both
  Model v2: pGoal=0.392, pDry=0.608 sq=0.5247 state=dry | 80-90+ → SKIP

Done: 1 analyzed, 0 actionable, 0 TG sent

🔥 RUN #215: analyzed=1, signals=0
⏳ Next scan in 3m...
[01:21:58] Live scan
  Запуск live-скрапера (після ранкових Telegram, якщо були).
Opening: https://m.flashscore.ua/?s=2 (minute >= 60, 0:0 only)
Provider health [https://m.flashscore.ua/?s=2]: rows=25, 0:0 total=16, candidates=0
  ⏸ 0:0 ще рано (< 60'):
    22' БРАЗИЛІЯ: Пауліста A2 - Другий етап Таблиця22'Агуа-Санта - Пірасікаба [БРАЗИЛІЯ: Пауліста A2 - Другий етап]
    22' Ітуано - Вотупорангенсе [БРАЗИЛІЯ: Пауліста A2 - Другий етап]
    22' Ферровіарія - Жувентус-СП [БРАЗИЛІЯ: Пауліста A2 - Другий етап]
    22' БРАЗИЛІЯ: Copa Sul-Sudeste Таблиця22'Операріу - Новорізонтіну [БРАЗИЛІЯ: Copa Sul-Sudeste]
    22' Сан-Бернанду - Сіанорті [БРАЗИЛІЯ: Copa Sul-Sudeste]
    22' БРАЗИЛІЯ: Кубок Північного Сходу Таблиця22'Флуміненсе-ПІ - КРБ [БРАЗИЛІЯ: Кубок Північного Сходу]
    53' ГВАТЕМАЛА: Національна ліга - Клаусура Таблиця53'ФК Аврора - Маркенсе [ГВАТЕМАЛА: Національна ліга - Клаусура]
    22' Інтер Плая-дель-Кармен - Текос [МЕКСИКА: Ліга Прем'єр Серія А - Плей-оф]
    22' Трітонес Вальярта - Тапачула [МЕКСИКА: Ліга Прем'єр Серія А - Плей-оф]
    22' НІКАРАГУА: Прімера - Клаусура Таблиця22'УНАН-Манагуа - Ранчо Сантана [НІКАРАГУА: Прімера - Клаусура]
    22' ПІВДЕННА АМЕРИКА: Кубок Лібертадорес - Груповий етап Таблиця22'Крузейру (Bra) - У. Католіка (Chi) [ПІВДЕННА АМЕРИКА: Кубок Лібертадорес - Груповий етап]
    22' Лібертад Асунсьйон (Par) - Росаріо Сентраль (Arg) [ПІВДЕННА АМЕРИКА: Кубок Лібертадорес - Груповий етап]
    22' ПІВДЕННА АМЕРИКА: Південноамериканський кубок - Груповий етап Таблиця22'Каракас (Ven) - Індепендьєнте (Bol) [ПІВДЕННА АМЕРИКА: Південноамериканський кубок - Груповий етап]
  Found: 0 candidates, 0 new, 0 permanently skipped

Done: 0 analyzed, 0 actionable, 0 TG sent

🔥 RUN #216: analyzed=0, signals=0
⏳ Next scan in 3m...
[01:25:08] Live scan
  Запуск live-скрапера (після ранкових Telegram, якщо були).
Opening: https://m.flashscore.ua/?s=2 (minute >= 60, 0:0 only)
Provider health [https://m.flashscore.ua/?s=2]: rows=24, 0:0 total=15, candidates=0
  ⏸ 0:0 ще рано (< 60'):
    26' БРАЗИЛІЯ: Пауліста A2 - Другий етап Таблиця26'Агуа-Санта - Пірасікаба [БРАЗИЛІЯ: Пауліста A2 - Другий етап]
    26' Ітуано - Вотупорангенсе [БРАЗИЛІЯ: Пауліста A2 - Другий етап]
    26' Ферровіарія - Жувентус-СП [БРАЗИЛІЯ: Пауліста A2 - Другий етап]
    26' БРАЗИЛІЯ: Copa Sul-Sudeste Таблиця26'Операріу - Новорізонтіну [БРАЗИЛІЯ: Copa Sul-Sudeste]
    26' Сан-Бернанду - Сіанорті [БРАЗИЛІЯ: Copa Sul-Sudeste]
    26' БРАЗИЛІЯ: Кубок Північного Сходу Таблиця26'Флуміненсе-ПІ - КРБ [БРАЗИЛІЯ: Кубок Північного Сходу]
    57' ГВАТЕМАЛА: Національна ліга - Клаусура Таблиця57'ФК Аврора - Маркенсе [ГВАТЕМАЛА: Національна ліга - Клаусура]
    26' Інтер Плая-дель-Кармен - Текос [МЕКСИКА: Ліга Прем'єр Серія А - Плей-оф]
    26' Трітонес Вальярта - Тапачула [МЕКСИКА: Ліга Прем'єр Серія А - Плей-оф]
    26' НІКАРАГУА: Прімера - Клаусура Таблиця26'УНАН-Манагуа - Ранчо Сантана [НІКАРАГУА: Прімера - Клаусура]
    26' ПІВДЕННА АМЕРИКА: Кубок Лібертадорес - Груповий етап Таблиця26'Крузейру (Bra) - У. Католіка (Chi) [ПІВДЕННА АМЕРИКА: Кубок Лібертадорес - Груповий етап]
    26' Лібертад Асунсьйон (Par) - Росаріо Сентраль (Arg) [ПІВДЕННА АМЕРИКА: Кубок Лібертадорес - Груповий етап]
    26' ПІВДЕННА АМЕРИКА: Південноамериканський кубок - Груповий етап Таблиця26'Каракас (Ven) - Індепендьєнте (Bol) [ПІВДЕННА АМЕРИКА: Південноамериканський кубок - Груповий етап]
  Found: 0 candidates, 0 new, 0 permanently skipped

Done: 0 analyzed, 0 actionable, 0 TG sent

🔥 RUN #217: analyzed=0, signals=0
⏳ Next scan in 3m...
[01:28:18] Live scan
  Запуск live-скрапера (після ранкових Telegram, якщо були).
Opening: https://m.flashscore.ua/?s=2 (minute >= 60, 0:0 only)
Provider health [https://m.flashscore.ua/?s=2]: rows=23, 0:0 total=12, candidates=1
  ⏸ 0:0 ще рано (< 60'):
    29' БРАЗИЛІЯ: Пауліста A2 - Другий етап Таблиця29'Агуа-Санта - Пірасікаба [БРАЗИЛІЯ: Пауліста A2 - Другий етап]
    29' Ітуано - Вотупорангенсе [БРАЗИЛІЯ: Пауліста A2 - Другий етап]
    29' Ферровіарія - Жувентус-СП [БРАЗИЛІЯ: Пауліста A2 - Другий етап]
    29' БРАЗИЛІЯ: Copa Sul-Sudeste Таблиця29'Операріу - Новорізонтіну [БРАЗИЛІЯ: Copa Sul-Sudeste]
    29' Сан-Бернанду - Сіанорті [БРАЗИЛІЯ: Copa Sul-Sudeste]
    29' БРАЗИЛІЯ: Кубок Північного Сходу Таблиця29'Флуміненсе-ПІ - КРБ [БРАЗИЛІЯ: Кубок Північного Сходу]
    45' МЕКСИКА: Ліга Прем'єр Серія А - Плей-офПерерваАльконес - Тігрес Аліка [МЕКСИКА: Ліга Прем'єр Серія А - Плей-оф]
    29' Трітонес Вальярта - Тапачула [МЕКСИКА: Ліга Прем'єр Серія А - Плей-оф]
    29' ПІВДЕННА АМЕРИКА: Кубок Лібертадорес - Груповий етап Таблиця29'Крузейру (Bra) - У. Католіка (Chi) [ПІВДЕННА АМЕРИКА: Кубок Лібертадорес - Груповий етап]
    29' Лібертад Асунсьйон (Par) - Росаріо Сентраль (Arg) [ПІВДЕННА АМЕРИКА: Кубок Лібертадорес - Груповий етап]
    29' ПІВДЕННА АМЕРИКА: Південноамериканський кубок - Груповий етап Таблиця29'Каракас (Ven) - Індепендьєнте (Bol) [ПІВДЕННА АМЕРИКА: Південноамериканський кубок - Груповий етап]
  ✔ 60' ГВАТЕМАЛА: Національна ліга - Клаусура Таблиця60'ФК Аврора - Маркенсе [ГВАТЕМАЛА: Національна ліга - Клаусура] id=htWkM1Gd
  Found: 1 candidates, 1 new, 0 permanently skipped

→ ГВАТЕМАЛА: Національна ліга - Клаусура Таблиця60'ФК Аврора - Маркенсе (60') [ГВАТЕМАЛА: Національна ліга - Клаусура]
  Кф 1X2: 2.03 / 2.86 / 4.38
  Desktop: https://www.flashscore.ua/match/soccer/aurora-f-c-GrR2Y1Qq/marquense-xfNyVZUc/?mid=htWkM1Gd
  [stats] htWkM1Gd → both, 6 metrics
  Features: quality=0.23, primary=2, status=both
  Model v2: pGoal=0.356, pDry=0.644 sq=0.5247 state=dry | 60-70 → SKIP

Done: 1 analyzed, 0 actionable, 0 TG sent

🔥 RUN #218: analyzed=1, signals=0
⏳ Next scan in 3m...
[01:31:41] Live scan
  Запуск live-скрапера (після ранкових Telegram, якщо були).
Opening: https://m.flashscore.ua/?s=2 (minute >= 60, 0:0 only)
Provider health [https://m.flashscore.ua/?s=2]: rows=23, 0:0 total=12, candidates=1
  ⏸ 0:0 ще рано (< 60'):
    32' БРАЗИЛІЯ: Пауліста A2 - Другий етап Таблиця32'Агуа-Санта - Пірасікаба [БРАЗИЛІЯ: Пауліста A2 - Другий етап]
    32' Ітуано - Вотупорангенсе [БРАЗИЛІЯ: Пауліста A2 - Другий етап]
    32' Ферровіарія - Жувентус-СП [БРАЗИЛІЯ: Пауліста A2 - Другий етап]
    32' БРАЗИЛІЯ: Copa Sul-Sudeste Таблиця32'Операріу - Новорізонтіну [БРАЗИЛІЯ: Copa Sul-Sudeste]
    32' Сан-Бернанду - Сіанорті [БРАЗИЛІЯ: Copa Sul-Sudeste]
    32' БРАЗИЛІЯ: Кубок Північного Сходу Таблиця32'Флуміненсе-ПІ - КРБ [БРАЗИЛІЯ: Кубок Північного Сходу]
    2' Соуза - Жуазейренсе [БРАЗИЛІЯ: Кубок Північного Сходу]
    45' МЕКСИКА: Ліга Прем'єр Серія А - Плей-офПерерваАльконес - Тігрес Аліка [МЕКСИКА: Ліга Прем'єр Серія А - Плей-оф]
    32' Трітонес Вальярта - Тапачула [МЕКСИКА: Ліга Прем'єр Серія А - Плей-оф]
    32' Лібертад Асунсьйон (Par) - Росаріо Сентраль (Arg) [ПІВДЕННА АМЕРИКА: Кубок Лібертадорес - Груповий етап]
    32' ПІВДЕННА АМЕРИКА: Південноамериканський кубок - Груповий етап Таблиця32'Каракас (Ven) - Індепендьєнте (Bol) [ПІВДЕННА АМЕРИКА: Південноамериканський кубок - Груповий етап]
  ✔ 63' Ферровіаріу - Ретро -:-ГВАТЕМАЛА: Національна ліга - Клаусура Таблиця63'ФК Аврора - Маркенсе [ГВАТЕМАЛА: Національна ліга - Клаусура] id=htWkM1Gd
  Found: 1 candidates, 1 new, 0 permanently skipped

→ Ферровіаріу - Ретро -:-ГВАТЕМАЛА: Національна ліга - Клаусура Таблиця63'ФК Аврора - Маркенсе (63') [ГВАТЕМАЛА: Національна ліга - Клаусура]
  Кф 1X2: 2.03 / 2.86 / 4.38
  Desktop: https://www.flashscore.ua/match/soccer/aurora-f-c-GrR2Y1Qq/marquense-xfNyVZUc/?mid=htWkM1Gd
  [stats] htWkM1Gd → both, 6 metrics
  Features: quality=0.23, primary=2, status=both
  Model v2: pGoal=0.296, pDry=0.704 sq=0.5404 state=dry | 60-70 → SKIP | Δ2H SOT=0 xG=— (Δ3′ матчу)

Done: 1 analyzed, 0 actionable, 0 TG sent

🔥 RUN #219: analyzed=1, signals=0
⏳ Next scan in 3m...
[01:35:04] Live scan
  Запуск live-скрапера (після ранкових Telegram, якщо були).
Opening: https://m.flashscore.ua/?s=2 (minute >= 60, 0:0 only)
Provider health [https://m.flashscore.ua/?s=2]: rows=27, 0:0 total=16, candidates=1
  ⏸ 0:0 ще рано (< 60'):
    36' БРАЗИЛІЯ: Пауліста A2 - Другий етап Таблиця36'Агуа-Санта - Пірасікаба [БРАЗИЛІЯ: Пауліста A2 - Другий етап]
    36' Ітуано - Вотупорангенсе [БРАЗИЛІЯ: Пауліста A2 - Другий етап]
    36' Ферровіарія - Жувентус-СП [БРАЗИЛІЯ: Пауліста A2 - Другий етап]
    6' БРАЗИЛІЯ: Copa Centro-Oeste Таблиця6'Гама - Анаполіс [БРАЗИЛІЯ: Copa Centro-Oeste]
    6' Ріу-Бранку ЕС - Арагуайна [БРАЗИЛІЯ: Copa Centro-Oeste]
    36' БРАЗИЛІЯ: Copa Sul-Sudeste Таблиця36'Операріу - Новорізонтіну [БРАЗИЛІЯ: Copa Sul-Sudeste]
    36' Сан-Бернанду - Сіанорті [БРАЗИЛІЯ: Copa Sul-Sudeste]
    36' БРАЗИЛІЯ: Кубок Північного Сходу Таблиця36'Флуміненсе-ПІ - КРБ [БРАЗИЛІЯ: Кубок Північного Сходу]
    6' АСА - Конфьянса [БРАЗИЛІЯ: Кубок Північного Сходу]
    6' Соуза - Жуазейренсе [БРАЗИЛІЯ: Кубок Північного Сходу]
    6' Ферровіаріу - Ретро [БРАЗИЛІЯ: Кубок Північного Сходу]
    45' МЕКСИКА: Ліга Прем'єр Серія А - Плей-офПерерваАльконес - Тігрес Аліка [МЕКСИКА: Ліга Прем'єр Серія А - Плей-оф]
    36' Трітонес Вальярта - Тапачула [МЕКСИКА: Ліга Прем'єр Серія А - Плей-оф]
    36' Лібертад Асунсьйон (Par) - Росаріо Сентраль (Arg) [ПІВДЕННА АМЕРИКА: Кубок Лібертадорес - Груповий етап]
    36' ПІВДЕННА АМЕРИКА: Південноамериканський кубок - Груповий етап Таблиця36'Каракас (Ven) - Індепендьєнте (Bol) [ПІВДЕННА АМЕРИКА: Південноамериканський кубок - Груповий етап]
  ✔ 66' ГВАТЕМАЛА: Національна ліга - Клаусура Таблиця66'ФК Аврора - Маркенсе [ГВАТЕМАЛА: Національна ліга - Клаусура] id=htWkM1Gd
  Found: 1 candidates, 1 new, 0 permanently skipped

→ ГВАТЕМАЛА: Національна ліга - Клаусура Таблиця66'ФК Аврора - Маркенсе (66') [ГВАТЕМАЛА: Національна ліга - Клаусура]
  Кф 1X2: 2.03 / 2.86 / 4.38
  Desktop: https://www.flashscore.ua/match/soccer/aurora-f-c-GrR2Y1Qq/marquense-xfNyVZUc/?mid=htWkM1Gd
  [stats] htWkM1Gd → both, 6 metrics
  Features: quality=0.23, primary=2, status=both
  Model v2: pGoal=0.426, pDry=0.574 sq=0.4761 state=dry | 60-70 → SKIP | Δ2H SOT=0 xG=— (Δ3′ матчу)

Done: 1 analyzed, 0 actionable, 0 TG sent

🔥 RUN #220: analyzed=1, signals=0
Message sent to Telegram
⏳ Next scan in 3m...
[01:38:27] Live scan
  Запуск live-скрапера (після ранкових Telegram, якщо були).
Opening: https://m.flashscore.ua/?s=2 (minute >= 60, 0:0 only)
Provider health [https://m.flashscore.ua/?s=2]: rows=27, 0:0 total=16, candidates=1
  ⏸ 0:0 ще рано (< 60'):
    39' БРАЗИЛІЯ: Пауліста A2 - Другий етап Таблиця39'Агуа-Санта - Пірасікаба [БРАЗИЛІЯ: Пауліста A2 - Другий етап]
    39' Ітуано - Вотупорангенсе [БРАЗИЛІЯ: Пауліста A2 - Другий етап]
    39' Ферровіарія - Жувентус-СП [БРАЗИЛІЯ: Пауліста A2 - Другий етап]
    9' БРАЗИЛІЯ: Copa Centro-Oeste Таблиця9'Гама - Анаполіс [БРАЗИЛІЯ: Copa Centro-Oeste]
    9' Ріу-Бранку ЕС - Арагуайна [БРАЗИЛІЯ: Copa Centro-Oeste]
    39' БРАЗИЛІЯ: Copa Sul-Sudeste Таблиця39'Операріу - Новорізонтіну [БРАЗИЛІЯ: Copa Sul-Sudeste]
    39' Сан-Бернанду - Сіанорті [БРАЗИЛІЯ: Copa Sul-Sudeste]
    39' БРАЗИЛІЯ: Кубок Північного Сходу Таблиця39'Флуміненсе-ПІ - КРБ [БРАЗИЛІЯ: Кубок Північного Сходу]
    9' АСА - Конфьянса [БРАЗИЛІЯ: Кубок Північного Сходу]
    9' Соуза - Жуазейренсе [БРАЗИЛІЯ: Кубок Північного Сходу]
    9' Ферровіаріу - Ретро [БРАЗИЛІЯ: Кубок Північного Сходу]
    45' МЕКСИКА: Ліга Прем'єр Серія А - Плей-офПерерваАльконес - Тігрес Аліка [МЕКСИКА: Ліга Прем'єр Серія А - Плей-оф]
    39' Трітонес Вальярта - Тапачула [МЕКСИКА: Ліга Прем'єр Серія А - Плей-оф]
    39' Лібертад Асунсьйон (Par) - Росаріо Сентраль (Arg) [ПІВДЕННА АМЕРИКА: Кубок Лібертадорес - Груповий етап]
    39' ПІВДЕННА АМЕРИКА: Південноамериканський кубок - Груповий етап Таблиця39'Каракас (Ven) - Індепендьєнте (Bol) [ПІВДЕННА АМЕРИКА: Південноамериканський кубок - Груповий етап]
  ✔ 70' ГВАТЕМАЛА: Національна ліга - Клаусура Таблиця70'ФК Аврора - Маркенсе [ГВАТЕМАЛА: Національна ліга - Клаусура] id=htWkM1Gd
  Found: 1 candidates, 1 new, 0 permanently skipped

→ ГВАТЕМАЛА: Національна ліга - Клаусура Таблиця70'ФК Аврора - Маркенсе (70') [ГВАТЕМАЛА: Національна ліга - Клаусура]
  Кф 1X2: 2.03 / 2.86 / 4.38
  Desktop: https://www.flashscore.ua/match/soccer/aurora-f-c-GrR2Y1Qq/marquense-xfNyVZUc/?mid=htWkM1Gd
  [stats] htWkM1Gd → both, 6 metrics
  Features: quality=0.23, primary=2, status=both
  Model v2: pGoal=0.456, pDry=0.544 sq=0.4919 state=dry | 70-80 → SKIP | Δ2H SOT=2 xG=— (Δ4′ матчу)

Done: 1 analyzed, 0 actionable, 0 TG sent

🔥 RUN #221: analyzed=1, signals=0
⏳ Next scan in 3m...
[01:41:50] Live scan
  Запуск live-скрапера (після ранкових Telegram, якщо були).
Opening: https://m.flashscore.ua/?s=2 (minute >= 60, 0:0 only)
Provider health [https://m.flashscore.ua/?s=2]: rows=26, 0:0 total=14, candidates=0
  ⏸ 0:0 ще рано (< 60'):
    42' БРАЗИЛІЯ: Пауліста A2 - Другий етап Таблиця42'Агуа-Санта - Пірасікаба [БРАЗИЛІЯ: Пауліста A2 - Другий етап]
    42' Ітуано - Вотупорангенсе [БРАЗИЛІЯ: Пауліста A2 - Другий етап]
    42' Ферровіарія - Жувентус-СП [БРАЗИЛІЯ: Пауліста A2 - Другий етап]
    12' БРАЗИЛІЯ: Copa Centro-Oeste Таблиця12'Гама - Анаполіс [БРАЗИЛІЯ: Copa Centro-Oeste]
    42' БРАЗИЛІЯ: Copa Sul-Sudeste Таблиця42'Операріу - Новорізонтіну [БРАЗИЛІЯ: Copa Sul-Sudeste]
    42' Сан-Бернанду - Сіанорті [БРАЗИЛІЯ: Copa Sul-Sudeste]
    42' БРАЗИЛІЯ: Кубок Північного Сходу Таблиця42'Флуміненсе-ПІ - КРБ [БРАЗИЛІЯ: Кубок Північного Сходу]
    12' АСА - Конфьянса [БРАЗИЛІЯ: Кубок Північного Сходу]
    12' Соуза - Жуазейренсе [БРАЗИЛІЯ: Кубок Північного Сходу]
    12' Ферровіаріу - Ретро [БРАЗИЛІЯ: Кубок Північного Сходу]
    45' МЕКСИКА: Ліга Прем'єр Серія А - Плей-офПерерваАльконес - Тігрес Аліка [МЕКСИКА: Ліга Прем'єр Серія А - Плей-оф]
    42' Трітонес Вальярта - Тапачула [МЕКСИКА: Ліга Прем'єр Серія А - Плей-оф]
    42' Лібертад Асунсьйон (Par) - Росаріо Сентраль (Arg) [ПІВДЕННА АМЕРИКА: Кубок Лібертадорес - Груповий етап]
    42' ПІВДЕННА АМЕРИКА: Південноамериканський кубок - Груповий етап Таблиця42'Каракас (Ven) - Індепендьєнте (Bol) [ПІВДЕННА АМЕРИКА: Південноамериканський кубок - Груповий етап]
  Found: 0 candidates, 0 new, 0 permanently skipped

Done: 0 analyzed, 0 actionable, 0 TG sent

🔥 RUN #222: analyzed=0, signals=0
⏳ Next scan in 3m...
[01:45:00] Live scan
  Запуск live-скрапера (після ранкових Telegram, якщо були).
Opening: https://m.flashscore.ua/?s=2 (minute >= 60, 0:0 only)
Provider health [https://m.flashscore.ua/?s=2]: rows=26, 0:0 total=14, candidates=0
  ⏸ 0:0 ще рано (< 60'):
    16' БРАЗИЛІЯ: Copa Centro-Oeste Таблиця16'Гама - Анаполіс [БРАЗИЛІЯ: Copa Centro-Oeste]
    16' АСА - Конфьянса [БРАЗИЛІЯ: Кубок Північного Сходу]
    16' Соуза - Жуазейренсе [БРАЗИЛІЯ: Кубок Північного Сходу]
    16' Ферровіаріу - Ретро [БРАЗИЛІЯ: Кубок Північного Сходу]
    46' МЕКСИКА: Ліга Прем'єр Серія А - Плей-оф46'Альконес - Тігрес Аліка [МЕКСИКА: Ліга Прем'єр Серія А - Плей-оф]
  Found: 0 candidates, 0 new, 0 permanently skipped

Done: 0 analyzed, 0 actionable, 0 TG sent

🔥 RUN #223: analyzed=0, signals=0
⏳ Next scan in 3m...
[01:48:09] Live scan
  Запуск live-скрапера (після ранкових Telegram, якщо були).
Opening: https://m.flashscore.ua/?s=2 (minute >= 60, 0:0 only)
Provider health [https://m.flashscore.ua/?s=2]: rows=26, 0:0 total=14, candidates=0
  ⏸ 0:0 ще рано (< 60'):
    19' БРАЗИЛІЯ: Copa Centro-Oeste Таблиця19'Гама - Анаполіс [БРАЗИЛІЯ: Copa Centro-Oeste]
    45' БРАЗИЛІЯ: Copa Sul-Sudeste ТаблицяПерерваОпераріу - Новорізонтіну [БРАЗИЛІЯ: Copa Sul-Sudeste]
    19' АСА - Конфьянса [БРАЗИЛІЯ: Кубок Північного Сходу]
    19' Соуза - Жуазейренсе [БРАЗИЛІЯ: Кубок Північного Сходу]
    19' Ферровіаріу - Ретро [БРАЗИЛІЯ: Кубок Північного Сходу]
    49' МЕКСИКА: Ліга Прем'єр Серія А - Плей-оф49'Альконес - Тігрес Аліка [МЕКСИКА: Ліга Прем'єр Серія А - Плей-оф]
  Found: 0 candidates, 0 new, 0 permanently skipped

Done: 0 analyzed, 0 actionable, 0 TG sent

🔥 RUN #224: analyzed=0, signals=0
⏳ Next scan in 3m...
[01:51:20] Live scan
  Запуск live-скрапера (після ранкових Telegram, якщо були).
Opening: https://m.flashscore.ua/?s=2 (minute >= 60, 0:0 only)
Provider health [https://m.flashscore.ua/?s=2]: rows=26, 0:0 total=13, candidates=0
  ⏸ 0:0 ще рано (< 60'):
    45' БРАЗИЛІЯ: Пауліста A2 - Другий етап ТаблицяПерерваАгуа-Санта - Пірасікаба [БРАЗИЛІЯ: Пауліста A2 - Другий етап]
    45' Ферровіарія - Жувентус-СП [БРАЗИЛІЯ: Пауліста A2 - Другий етап]
    22' БРАЗИЛІЯ: Copa Centro-Oeste Таблиця22'Гама - Анаполіс [БРАЗИЛІЯ: Copa Centro-Oeste]
    45' БРАЗИЛІЯ: Copa Sul-Sudeste ТаблицяПерерваОпераріу - Новорізонтіну [БРАЗИЛІЯ: Copa Sul-Sudeste]
    45' Сан-Бернанду - Сіанорті [БРАЗИЛІЯ: Copa Sul-Sudeste]
    45' БРАЗИЛІЯ: Кубок Північного Сходу ТаблицяПерерваФлуміненсе-ПІ - КРБ [БРАЗИЛІЯ: Кубок Північного Сходу]
    22' АСА - Конфьянса [БРАЗИЛІЯ: Кубок Північного Сходу]
    22' Соуза - Жуазейренсе [БРАЗИЛІЯ: Кубок Північного Сходу]
    22' Ферровіаріу - Ретро [БРАЗИЛІЯ: Кубок Північного Сходу]
    53' МЕКСИКА: Ліга Прем'єр Серія А - Плей-оф53'Альконес - Тігрес Аліка [МЕКСИКА: Ліга Прем'єр Серія А - Плей-оф]
    45' Лібертад Асунсьйон (Par) - Росаріо Сентраль (Arg) [ПІВДЕННА АМЕРИКА: Кубок Лібертадорес - Груповий етап]
    45' ПІВДЕННА АМЕРИКА: Південноамериканський кубок - Груповий етап ТаблицяПерерваКаракас (Ven) - Індепендьєнте (Bol) [ПІВДЕННА АМЕРИКА: Південноамериканський кубок - Груповий етап]
  Found: 0 candidates, 0 new, 0 permanently skipped

Done: 0 analyzed, 0 actionable, 0 TG sent

🔥 RUN #225: analyzed=0, signals=0
⏳ Next scan in 3m...
[01:54:30] Live scan
  Запуск live-скрапера (після ранкових Telegram, якщо були).
Opening: https://m.flashscore.ua/?s=2 (minute >= 60, 0:0 only)
Provider health [https://m.flashscore.ua/?s=2]: rows=26, 0:0 total=13, candidates=0
  ⏸ 0:0 ще рано (< 60'):
    45' БРАЗИЛІЯ: Пауліста A2 - Другий етап ТаблицяПерерваАгуа-Санта - Пірасікаба [БРАЗИЛІЯ: Пауліста A2 - Другий етап]
    45' Ферровіарія - Жувентус-СП [БРАЗИЛІЯ: Пауліста A2 - Другий етап]
    24' БРАЗИЛІЯ: Copa Centro-Oeste Таблиця24'Гама - Анаполіс [БРАЗИЛІЯ: Copa Centro-Oeste]
    45' БРАЗИЛІЯ: Copa Sul-Sudeste ТаблицяПерерваОпераріу - Новорізонтіну [БРАЗИЛІЯ: Copa Sul-Sudeste]
    45' Сан-Бернанду - Сіанорті [БРАЗИЛІЯ: Copa Sul-Sudeste]
    45' БРАЗИЛІЯ: Кубок Північного Сходу ТаблицяПерерваФлуміненсе-ПІ - КРБ [БРАЗИЛІЯ: Кубок Північного Сходу]
    24' АСА - Конфьянса [БРАЗИЛІЯ: Кубок Північного Сходу]
    24' Соуза - Жуазейренсе [БРАЗИЛІЯ: Кубок Північного Сходу]
    24' Ферровіаріу - Ретро [БРАЗИЛІЯ: Кубок Північного Сходу]
    55' МЕКСИКА: Ліга Прем'єр Серія А - Плей-оф55'Альконес - Тігрес Аліка [МЕКСИКА: Ліга Прем'єр Серія А - Плей-оф]
    45' Лібертад Асунсьйон (Par) - Росаріо Сентраль (Arg) [ПІВДЕННА АМЕРИКА: Кубок Лібертадорес - Груповий етап]
    45' ПІВДЕННА АМЕРИКА: Південноамериканський кубок - Груповий етап ТаблицяПерерваКаракас (Ven) - Індепендьєнте (Bol) [ПІВДЕННА АМЕРИКА: Південноамериканський кубок - Груповий етап]
  Found: 0 candidates, 0 new, 0 permanently skipped

Done: 0 analyzed, 0 actionable, 0 TG sent

🔥 RUN #226: analyzed=0, signals=0
⏳ Next scan in 3m...
[01:57:40] Live scan
  Запуск live-скрапера (після ранкових Telegram, якщо були).
Opening: https://m.flashscore.ua/?s=2 (minute >= 60, 0:0 only)
Provider health [https://m.flashscore.ua/?s=2]: rows=26, 0:0 total=10, candidates=0
  ⏸ 0:0 ще рано (< 60'):
    45' БРАЗИЛІЯ: Пауліста A2 - Другий етап ТаблицяПерерваАгуа-Санта - Пірасікаба [БРАЗИЛІЯ: Пауліста A2 - Другий етап]
    45' Ферровіарія - Жувентус-СП [БРАЗИЛІЯ: Пауліста A2 - Другий етап]
    27' БРАЗИЛІЯ: Copa Centro-Oeste Таблиця27'Гама - Анаполіс [БРАЗИЛІЯ: Copa Centro-Oeste]
    45' БРАЗИЛІЯ: Copa Sul-Sudeste ТаблицяПерерваОпераріу - Новорізонтіну [БРАЗИЛІЯ: Copa Sul-Sudeste]
    45' Сан-Бернанду - Сіанорті [БРАЗИЛІЯ: Copa Sul-Sudeste]
    45' БРАЗИЛІЯ: Кубок Північного Сходу ТаблицяПерерваФлуміненсе-ПІ - КРБ [БРАЗИЛІЯ: Кубок Північного Сходу]
    27' АСА - Конфьянса [БРАЗИЛІЯ: Кубок Північного Сходу]
    27' Ферровіаріу - Ретро [БРАЗИЛІЯ: Кубок Північного Сходу]
    45' Лібертад Асунсьйон (Par) - Росаріо Сентраль (Arg) [ПІВДЕННА АМЕРИКА: Кубок Лібертадорес - Груповий етап]
    45' ПІВДЕННА АМЕРИКА: Південноамериканський кубок - Груповий етап ТаблицяПерерваКаракас (Ven) - Індепендьєнте (Bol) [ПІВДЕННА АМЕРИКА: Південноамериканський кубок - Груповий етап]
  Found: 0 candidates, 0 new, 0 permanently skipped

Done: 0 analyzed, 0 actionable, 0 TG sent

🔥 RUN #227: analyzed=0, signals=0
⏳ Next scan in 3m...
[02:00:51] Live scan
  Запуск live-скрапера (після ранкових Telegram, якщо були).
Opening: https://m.flashscore.ua/?s=2 (minute >= 60, 0:0 only)
Provider health [https://m.flashscore.ua/?s=2]: rows=25, 0:0 total=10, candidates=0
  ⏸ 0:0 ще рано (< 60'):
    45' БРАЗИЛІЯ: Пауліста A2 - Другий етап ТаблицяПерерваАгуа-Санта - Пірасікаба [БРАЗИЛІЯ: Пауліста A2 - Другий етап]
    45' Ферровіарія - Жувентус-СП [БРАЗИЛІЯ: Пауліста A2 - Другий етап]
    30' БРАЗИЛІЯ: Copa Centro-Oeste Таблиця30'Гама - Анаполіс [БРАЗИЛІЯ: Copa Centro-Oeste]
    45' БРАЗИЛІЯ: Copa Sul-Sudeste ТаблицяПерерваОпераріу - Новорізонтіну [БРАЗИЛІЯ: Copa Sul-Sudeste]
    45' Сан-Бернанду - Сіанорті [БРАЗИЛІЯ: Copa Sul-Sudeste]
    45' БРАЗИЛІЯ: Кубок Північного Сходу ТаблицяПерерваФлуміненсе-ПІ - КРБ [БРАЗИЛІЯ: Кубок Північного Сходу]
    30' АСА - Конфьянса [БРАЗИЛІЯ: Кубок Північного Сходу]
    30' Ферровіаріу - Ретро [БРАЗИЛІЯ: Кубок Північного Сходу]
    45' Лібертад Асунсьйон (Par) - Росаріо Сентраль (Arg) [ПІВДЕННА АМЕРИКА: Кубок Лібертадорес - Груповий етап]
    45' ПІВДЕННА АМЕРИКА: Південноамериканський кубок - Груповий етап ТаблицяПерерваКаракас (Ven) - Індепендьєнте (Bol) [ПІВДЕННА АМЕРИКА: Південноамериканський кубок - Груповий етап]
  Found: 0 candidates, 0 new, 0 permanently skipped

Done: 0 analyzed, 0 actionable, 0 TG sent

🔥 RUN #228: analyzed=0, signals=0
⏳ Next scan in 3m...
[02:04:01] Live scan
  Запуск live-скрапера (після ранкових Telegram, якщо були).
Opening: https://m.flashscore.ua/?s=2 (minute >= 60, 0:0 only)
Provider health [https://m.flashscore.ua/?s=2]: rows=29, 0:0 total=14, candidates=0
  ⏸ 0:0 ще рано (< 60'):
    4' АРГЕНТИНА: Прімера В Таблиця4'Архентіно де Кільмес - Сан-Мартін Бурсако [АРГЕНТИНА: Прімера В]
    45' БРАЗИЛІЯ: Пауліста A2 - Другий етап ТаблицяПерерваАгуа-Санта - Пірасікаба [БРАЗИЛІЯ: Пауліста A2 - Другий етап]
    45' Ферровіарія - Жувентус-СП [БРАЗИЛІЯ: Пауліста A2 - Другий етап]
    34' БРАЗИЛІЯ: Copa Centro-Oeste Таблиця34'Гама - Анаполіс [БРАЗИЛІЯ: Copa Centro-Oeste]
    4' Куяба - Порту Віторія [БРАЗИЛІЯ: Copa Centro-Oeste]
    45' ГАС - Насьйонал АМ -:-БРАЗИЛІЯ: Copa Sul-Sudeste ТаблицяПерерваОпераріу - Новорізонтіну [БРАЗИЛІЯ: Copa Sul-Sudeste]
    45' Сан-Бернанду - Сіанорті [БРАЗИЛІЯ: Copa Sul-Sudeste]
    4' Америка МЖ - Сампаю Корреа ФЕ [БРАЗИЛІЯ: Copa Sul-Sudeste]
    4' Волта-Редонда - Томбенсе [БРАЗИЛІЯ: Copa Sul-Sudeste]
    45' БРАЗИЛІЯ: Кубок Північного Сходу ТаблицяПерерваФлуміненсе-ПІ - КРБ [БРАЗИЛІЯ: Кубок Північного Сходу]
    34' АСА - Конфьянса [БРАЗИЛІЯ: Кубок Північного Сходу]
    34' Ферровіаріу - Ретро [БРАЗИЛІЯ: Кубок Північного Сходу]
    45' Лібертад Асунсьйон (Par) - Росаріо Сентраль (Arg) [ПІВДЕННА АМЕРИКА: Кубок Лібертадорес - Груповий етап]
    45' ПІВДЕННА АМЕРИКА: Південноамериканський кубок - Груповий етап ТаблицяПерерваКаракас (Ven) - Індепендьєнте (Bol) [ПІВДЕННА АМЕРИКА: Південноамериканський кубок - Груповий етап]
  Found: 0 candidates, 0 new, 0 permanently skipped

Done: 0 analyzed, 0 actionable, 0 TG sent

🔥 RUN #229: analyzed=0, signals=0
⏳ Next scan in 3m...
[02:07:11] Live scan
  Запуск live-скрапера (після ранкових Telegram, якщо були).
Opening: https://m.flashscore.ua/?s=2 (minute >= 60, 0:0 only)
Provider health [https://m.flashscore.ua/?s=2]: rows=29, 0:0 total=14, candidates=0
  ⏸ 0:0 ще рано (< 60'):
    7' АРГЕНТИНА: Прімера В Таблиця7'Архентіно де Кільмес - Сан-Мартін Бурсако [АРГЕНТИНА: Прімера В]
    45' БРАЗИЛІЯ: Пауліста A2 - Другий етап ТаблицяПерерваАгуа-Санта - Пірасікаба [БРАЗИЛІЯ: Пауліста A2 - Другий етап]
    45' Ферровіарія - Жувентус-СП [БРАЗИЛІЯ: Пауліста A2 - Другий етап]
    37' БРАЗИЛІЯ: Copa Centro-Oeste Таблиця37'Гама - Анаполіс [БРАЗИЛІЯ: Copa Centro-Oeste]
    7' Куяба - Порту Віторія [БРАЗИЛІЯ: Copa Centro-Oeste]
    7' ГАС - Насьйонал АМ [БРАЗИЛІЯ: Copa Norte]
    48' БРАЗИЛІЯ: Copa Sul-Sudeste Таблиця48'Операріу - Новорізонтіну [БРАЗИЛІЯ: Copa Sul-Sudeste]
    48' Сан-Бернанду - Сіанорті [БРАЗИЛІЯ: Copa Sul-Sudeste]
    7' Америка МЖ - Сампаю Корреа ФЕ [БРАЗИЛІЯ: Copa Sul-Sudeste]
    45' БРАЗИЛІЯ: Кубок Північного Сходу ТаблицяПерерваФлуміненсе-ПІ - КРБ [БРАЗИЛІЯ: Кубок Північного Сходу]
    37' АСА - Конфьянса [БРАЗИЛІЯ: Кубок Північного Сходу]
    37' Ферровіаріу - Ретро [БРАЗИЛІЯ: Кубок Північного Сходу]
    45' Лібертад Асунсьйон (Par) - Росаріо Сентраль (Arg) [ПІВДЕННА АМЕРИКА: Кубок Лібертадорес - Груповий етап]
    45' ПІВДЕННА АМЕРИКА: Південноамериканський кубок - Груповий етап ТаблицяПерерваКаракас (Ven) - Індепендьєнте (Bol) [ПІВДЕННА АМЕРИКА: Південноамериканський кубок - Груповий етап]
  Found: 0 candidates, 0 new, 0 permanently skipped

Done: 0 analyzed, 0 actionable, 0 TG sent

🔥 RUN #230: analyzed=0, signals=0
⏳ Next scan in 3m...
[02:10:21] Live scan
  Запуск live-скрапера (після ранкових Telegram, якщо були).
Opening: https://m.flashscore.ua/?s=2 (minute >= 60, 0:0 only)
Provider health [https://m.flashscore.ua/?s=2]: rows=30, 0:0 total=14, candidates=0
  ⏸ 0:0 ще рано (< 60'):
    10' АРГЕНТИНА: Прімера В Таблиця10'Архентіно де Кільмес - Сан-Мартін Бурсако [АРГЕНТИНА: Прімера В]
    45' БРАЗИЛІЯ: Пауліста A2 - Другий етап ТаблицяПерерваАгуа-Санта - Пірасікаба [БРАЗИЛІЯ: Пауліста A2 - Другий етап]
    45' Ферровіарія - Жувентус-СП [БРАЗИЛІЯ: Пауліста A2 - Другий етап]
    40' БРАЗИЛІЯ: Copa Centro-Oeste Таблиця40'Гама - Анаполіс [БРАЗИЛІЯ: Copa Centro-Oeste]
    10' Куяба - Порту Віторія [БРАЗИЛІЯ: Copa Centro-Oeste]
    10' ГАС - Насьйонал АМ [БРАЗИЛІЯ: Copa Norte]
    52' БРАЗИЛІЯ: Copa Sul-Sudeste Таблиця52'Операріу - Новорізонтіну [БРАЗИЛІЯ: Copa Sul-Sudeste]
    52' Сан-Бернанду - Сіанорті [БРАЗИЛІЯ: Copa Sul-Sudeste]
    10' Америка МЖ - Сампаю Корреа ФЕ [БРАЗИЛІЯ: Copa Sul-Sudeste]
    51' БРАЗИЛІЯ: Кубок Північного Сходу Таблиця51'Флуміненсе-ПІ - КРБ [БРАЗИЛІЯ: Кубок Північного Сходу]
    40' Ферровіаріу - Ретро [БРАЗИЛІЯ: Кубок Північного Сходу]
    50' Лібертад Асунсьйон (Par) - Росаріо Сентраль (Arg) [ПІВДЕННА АМЕРИКА: Кубок Лібертадорес - Груповий етап]
    51' ПІВДЕННА АМЕРИКА: Південноамериканський кубок - Груповий етап Таблиця51'Каракас (Ven) - Індепендьєнте (Bol) [ПІВДЕННА АМЕРИКА: Південноамериканський кубок - Груповий етап]
    10' США: Відкритий кубок США10'Нейплс - Орландо Сіті [США: Відкритий кубок США]
  Found: 0 candidates, 0 new, 0 permanently skipped

Done: 0 analyzed, 0 actionable, 0 TG sent

🔥 RUN #231: analyzed=0, signals=0
⏳ Next scan in 3m...
[02:13:31] Live scan
  Запуск live-скрапера (після ранкових Telegram, якщо були).
Opening: https://m.flashscore.ua/?s=2 (minute >= 60, 0:0 only)
Provider health [https://m.flashscore.ua/?s=2]: rows=30, 0:0 total=13, candidates=0
  ⏸ 0:0 ще рано (< 60'):
    13' АРГЕНТИНА: Прімера В Таблиця13'Архентіно де Кільмес - Сан-Мартін Бурсако [АРГЕНТИНА: Прімера В]
    45' БРАЗИЛІЯ: Пауліста A2 - Другий етап ТаблицяПерерваАгуа-Санта - Пірасікаба [БРАЗИЛІЯ: Пауліста A2 - Другий етап]
    45' Ферровіарія - Жувентус-СП [БРАЗИЛІЯ: Пауліста A2 - Другий етап]
    43' БРАЗИЛІЯ: Copa Centro-Oeste Таблиця43'Гама - Анаполіс [БРАЗИЛІЯ: Copa Centro-Oeste]
    13' Куяба - Порту Віторія [БРАЗИЛІЯ: Copa Centro-Oeste]
    13' ГАС - Насьйонал АМ [БРАЗИЛІЯ: Copa Norte]
    55' БРАЗИЛІЯ: Copa Sul-Sudeste Таблиця55'Операріу - Новорізонтіну [БРАЗИЛІЯ: Copa Sul-Sudeste]
    55' Сан-Бернанду - Сіанорті [БРАЗИЛІЯ: Copa Sul-Sudeste]
    54' БРАЗИЛІЯ: Кубок Північного Сходу Таблиця54'Флуміненсе-ПІ - КРБ [БРАЗИЛІЯ: Кубок Північного Сходу]
    43' Ферровіаріу - Ретро [БРАЗИЛІЯ: Кубок Північного Сходу]
    53' Лібертад Асунсьйон (Par) - Росаріо Сентраль (Arg) [ПІВДЕННА АМЕРИКА: Кубок Лібертадорес - Груповий етап]
    54' ПІВДЕННА АМЕРИКА: Південноамериканський кубок - Груповий етап Таблиця54'Каракас (Ven) - Індепендьєнте (Bol) [ПІВДЕННА АМЕРИКА: Південноамериканський кубок - Груповий етап]
    13' США: Відкритий кубок США13'Нейплс - Орландо Сіті [США: Відкритий кубок США]
  Found: 0 candidates, 0 new, 0 permanently skipped

Done: 0 analyzed, 0 actionable, 0 TG sent

🔥 RUN #232: analyzed=0, signals=0
⏳ Next scan in 3m...
[02:16:41] Live scan
  Запуск live-скрапера (після ранкових Telegram, якщо були).
Opening: https://m.flashscore.ua/?s=2 (minute >= 60, 0:0 only)
Provider health [https://m.flashscore.ua/?s=2]: rows=30, 0:0 total=13, candidates=0
  ⏸ 0:0 ще рано (< 60'):
    17' АРГЕНТИНА: Прімера В Таблиця17'Архентіно де Кільмес - Сан-Мартін Бурсако [АРГЕНТИНА: Прімера В]
    50' БРАЗИЛІЯ: Пауліста A2 - Другий етап Таблиця50'Агуа-Санта - Пірасікаба [БРАЗИЛІЯ: Пауліста A2 - Другий етап]
    50' Ферровіарія - Жувентус-СП [БРАЗИЛІЯ: Пауліста A2 - Другий етап]
    17' Куяба - Порту Віторія [БРАЗИЛІЯ: Copa Centro-Oeste]
    17' ГАС - Насьйонал АМ [БРАЗИЛІЯ: Copa Norte]
    58' БРАЗИЛІЯ: Copa Sul-Sudeste Таблиця58'Операріу - Новорізонтіну [БРАЗИЛІЯ: Copa Sul-Sudeste]
    58' Сан-Бернанду - Сіанорті [БРАЗИЛІЯ: Copa Sul-Sudeste]
    57' БРАЗИЛІЯ: Кубок Північного Сходу Таблиця57'Флуміненсе-ПІ - КРБ [БРАЗИЛІЯ: Кубок Північного Сходу]
    56' Лібертад Асунсьйон (Par) - Росаріо Сентраль (Arg) [ПІВДЕННА АМЕРИКА: Кубок Лібертадорес - Груповий етап]
    57' ПІВДЕННА АМЕРИКА: Південноамериканський кубок - Груповий етап Таблиця57'Каракас (Ven) - Індепендьєнте (Bol) [ПІВДЕННА АМЕРИКА: Південноамериканський кубок - Груповий етап]
    17' США: Відкритий кубок США17'Нейплс - Орландо Сіті [США: Відкритий кубок США]
  Found: 0 candidates, 0 new, 0 permanently skipped

Done: 0 analyzed, 0 actionable, 0 TG sent

🔥 RUN #233: analyzed=0, signals=0
⏳ Next scan in 3m...
[02:19:51] Live scan
  Запуск live-скрапера (після ранкових Telegram, якщо були).
Opening: https://m.flashscore.ua/?s=2 (minute >= 60, 0:0 only)
Provider health [https://m.flashscore.ua/?s=2]: rows=30, 0:0 total=11, candidates=4
  ⏸ 0:0 ще рано (< 60'):
    20' АРГЕНТИНА: Прімера В Таблиця20'Архентіно де Кільмес - Сан-Мартін Бурсако [АРГЕНТИНА: Прімера В]
    53' БРАЗИЛІЯ: Пауліста A2 - Другий етап Таблиця53'Агуа-Санта - Пірасікаба [БРАЗИЛІЯ: Пауліста A2 - Другий етап]
    54' Ферровіарія - Жувентус-СП [БРАЗИЛІЯ: Пауліста A2 - Другий етап]
    20' Куяба - Порту Віторія [БРАЗИЛІЯ: Copa Centro-Oeste]
    20' ГАС - Насьйонал АМ [БРАЗИЛІЯ: Copa Norte]
    20' США: Відкритий кубок США20'Нейплс - Орландо Сіті [США: Відкритий кубок США]
  ✔ 61' БРАЗИЛІЯ: Copa Sul-Sudeste Таблиця61'Операріу - Новорізонтіну [БРАЗИЛІЯ: Copa Sul-Sudeste] id=ADqseF1B
  ✔ 61' Сан-Бернанду - Сіанорті [БРАЗИЛІЯ: Copa Sul-Sudeste] id=2mtZdyXb
  ✔ 61' БРАЗИЛІЯ: Кубок Північного Сходу Таблиця61'Флуміненсе-ПІ - КРБ [БРАЗИЛІЯ: Кубок Північного Сходу] id=6VgdAI8a
  ✔ 60' Лібертад Асунсьйон (Par) - Росаріо Сентраль (Arg) [ПІВДЕННА АМЕРИКА: Кубок Лібертадорес - Груповий етап] id=2c9Cr39r
  Found: 4 candidates, 4 new, 0 permanently skipped

→ БРАЗИЛІЯ: Copa Sul-Sudeste Таблиця61'Операріу - Новорізонтіну (61') [БРАЗИЛІЯ: Copa Sul-Sudeste]

→ Сан-Бернанду - Сіанорті (61') [БРАЗИЛІЯ: Copa Sul-Sudeste]
  Кф 1X2: 1.65 / 2.97 / 7.22
  Кф 1X2: 1.75 / 3.4 / 4.63
  Desktop: https://www.flashscore.ua/match/soccer/novorizontino-4lOgZPQl/operario-pr-CW8Nm1GL/?mid=ADqseF1B
  Desktop: https://www.flashscore.ua/match/soccer/cianorte-h2lQyfW7/sao-bernardo-Wp4nyhLR/?mid=2mtZdyXb
  [stats] 2mtZdyXb → both, 5 metrics
  Features: quality=0.23, primary=2, status=both
  Model v2: pGoal=0.364, pDry=0.636 sq=0.5247 state=dry | 60-70 → SKIP

→ БРАЗИЛІЯ: Кубок Північного Сходу Таблиця61'Флуміненсе-ПІ - КРБ (61') [БРАЗИЛІЯ: Кубок Північного Сходу]
  Кф 1X2: 2.19 / 3.37 / 3.16
  Desktop: https://www.flashscore.ua/match/soccer/crb-QHa3bLrj/fluminense-pi-Kpm6oILq/?mid=6VgdAI8a
  [stats] 6VgdAI8a overall: no data-testid (old=0, any=0, body=148256)
  ⚠ DOM ALERT [ADqseF1B]: PAGE_ERROR — secondHalf: Navigation timeout of 20000 ms exceeded
  [stats] ADqseF1B → overall_only, 6 metrics
  Features: quality=0.23, primary=2, status=overall_only
  Model v2: pGoal=0.368, pDry=0.632 sq=0.509 state=dry | 60-70 → SKIP

→ Лібертад Асунсьйон (Par) - Росаріо Сентраль (Arg) (60') [ПІВДЕННА АМЕРИКА: Кубок Лібертадорес - Груповий етап]
  Кф 1X2: 4.48 / 3.07 / 1.92
  Desktop: https://www.flashscore.ua/match/soccer/libertad-asuncion-bPwvqhd4/rosario-central-4QmJ2LNc/?mid=2c9Cr39r
  [stats] 6VgdAI8a secondHalf: no data-testid (old=0, any=0, body=148256)
  [stats] 6VgdAI8a → unavailable, 0 metrics
  Features: quality=0, primary=0, status=unavailable
  ✗ No stats at all → permanent skip
  ⚠ DOM ALERT [2c9Cr39r]: PAGE_ERROR — overall: Navigation timeout of 20000 ms exceeded
  [stats] 2c9Cr39r mobile fallback overall: 33 metrics
  [stats] 2c9Cr39r → both, 32 metrics
  Features: quality=1, primary=6, status=both
  Model v2: pGoal=0.419, pDry=0.581 sq=0.6157 state=neutral | 60-70 → SKIP

Done: 3 analyzed, 0 actionable, 0 TG sent

🔥 RUN #234: analyzed=3, signals=0
⏳ Next scan in 3m...
[02:24:02] Live scan
  Запуск live-скрапера (після ранкових Telegram, якщо були).
Opening: https://m.flashscore.ua/?s=2 (minute >= 60, 0:0 only)
Provider health [https://m.flashscore.ua/?s=2]: rows=30, 0:0 total=11, candidates=4
  ⏸ 0:0 ще рано (< 60'):
    24' АРГЕНТИНА: Прімера В Таблиця24'Архентіно де Кільмес - Сан-Мартін Бурсако [АРГЕНТИНА: Прімера В]
    58' БРАЗИЛІЯ: Пауліста A2 - Другий етап Таблиця58'Агуа-Санта - Пірасікаба [БРАЗИЛІЯ: Пауліста A2 - Другий етап]
    58' Ферровіарія - Жувентус-СП [БРАЗИЛІЯ: Пауліста A2 - Другий етап]
    24' Куяба - Порту Віторія [БРАЗИЛІЯ: Copa Centro-Oeste]
    24' ГАС - Насьйонал АМ [БРАЗИЛІЯ: Copa Norte]
    45' Ферровіаріу - Ретро [БРАЗИЛІЯ: Кубок Північного Сходу]
    24' США: Відкритий кубок США24'Нейплс - Орландо Сіті [США: Відкритий кубок США]
  ✔ 65' БРАЗИЛІЯ: Copa Sul-Sudeste Таблиця65'Операріу - Новорізонтіну [БРАЗИЛІЯ: Copa Sul-Sudeste] id=ADqseF1B
  ✔ 65' Сан-Бернанду - Сіанорті [БРАЗИЛІЯ: Copa Sul-Sudeste] id=2mtZdyXb
  ✔ 65' БРАЗИЛІЯ: Кубок Північного Сходу Таблиця65'Флуміненсе-ПІ - КРБ [БРАЗИЛІЯ: Кубок Північного Сходу] id=6VgdAI8a
  ✔ 64' Лібертад Асунсьйон (Par) - Росаріо Сентраль (Arg) [ПІВДЕННА АМЕРИКА: Кубок Лібертадорес - Груповий етап] id=2c9Cr39r
  Found: 4 candidates, 3 new, 1 permanently skipped

→ БРАЗИЛІЯ: Copa Sul-Sudeste Таблиця65'Операріу - Новорізонтіну (65') [БРАЗИЛІЯ: Copa Sul-Sudeste]

→ Сан-Бернанду - Сіанорті (65') [БРАЗИЛІЯ: Copa Sul-Sudeste]
  Кф 1X2: 1.65 / 2.97 / 7.22
  Кф 1X2: 1.75 / 3.4 / 4.63
  Desktop: https://www.flashscore.ua/match/soccer/cianorte-h2lQyfW7/sao-bernardo-Wp4nyhLR/?mid=2mtZdyXb
  Desktop: https://www.flashscore.ua/match/soccer/novorizontino-4lOgZPQl/operario-pr-CW8Nm1GL/?mid=ADqseF1B
  [stats] 2mtZdyXb → both, 5 metrics
  Features: quality=0.23, primary=2, status=both
  Model v2: pGoal=0.304, pDry=0.696 sq=0.5404 state=dry | 60-70 → SKIP | Δ2H SOT=0 xG=— (Δ4′ матчу)

→ Лібертад Асунсьйон (Par) - Росаріо Сентраль (Arg) (64') [ПІВДЕННА АМЕРИКА: Кубок Лібертадорес - Груповий етап]
  Кф 1X2: 4.48 / 3.07 / 1.92
  Desktop: https://www.flashscore.ua/match/soccer/libertad-asuncion-bPwvqhd4/rosario-central-4QmJ2LNc/?mid=2c9Cr39r
  ⚠ DOM ALERT [ADqseF1B]: PAGE_ERROR — secondHalf: Navigation timeout of 20000 ms exceeded
  [stats] ADqseF1B → overall_only, 6 metrics
  Features: quality=0.23, primary=2, status=overall_only
  Model v2: pGoal=0.368, pDry=0.632 sq=0.509 state=dry | 60-70 → SKIP
  ⚠ DOM ALERT [2c9Cr39r]: PAGE_ERROR — overall: Navigation timeout of 20000 ms exceeded
  [stats] 2c9Cr39r mobile fallback overall: 33 metrics
  [stats] 2c9Cr39r → both, 32 metrics
  Features: quality=1, primary=6, status=both
  Model v2: pGoal=0.359, pDry=0.641 sq=0.7114 state=falseDry | 60-70 → UNDER_0_5 | Δ2H SOT=0 xG=0.07 (Δ4′ матчу) [TG]
Message sent to Telegram
  ✓ Telegram sent

Done: 3 analyzed, 1 actionable, 1 TG sent
📌 Tracking 1 active prediction(s)

🔥 RUN #235: analyzed=3, signals=1
⏳ Next scan in 3m...
[02:27:55] Live scan
  Запуск live-скрапера (після ранкових Telegram, якщо були).
Opening: https://m.flashscore.ua/?s=2 (minute >= 60, 0:0 only)
Provider health [https://m.flashscore.ua/?s=2]: rows=29, 0:0 total=9, candidates=5
  ⏸ 0:0 ще рано (< 60'):
    27' АРГЕНТИНА: Прімера В Таблиця27'Архентіно де Кільмес - Сан-Мартін Бурсако [АРГЕНТИНА: Прімера В]
    27' Куяба - Порту Віторія [БРАЗИЛІЯ: Copa Centro-Oeste]
    27' ГАС - Насьйонал АМ [БРАЗИЛІЯ: Copa Norte]
    45' Ферровіаріу - Ретро [БРАЗИЛІЯ: Кубок Північного Сходу]
  ✔ 61' БРАЗИЛІЯ: Пауліста A2 - Другий етап Таблиця61'Агуа-Санта - Пірасікаба [БРАЗИЛІЯ: Пауліста A2 - Другий етап] id=nRlCIqWs
  ✔ 61' Ферровіарія - Жувентус-СП [БРАЗИЛІЯ: Пауліста A2 - Другий етап] id=S4jSE1V6
  ✔ 69' Сан-Бернанду - Сіанорті [БРАЗИЛІЯ: Copa Sul-Sudeste] id=2mtZdyXb
  ✔ 68' БРАЗИЛІЯ: Кубок Північного Сходу Таблиця68'Флуміненсе-ПІ - КРБ [БРАЗИЛІЯ: Кубок Північного Сходу] id=6VgdAI8a
  ✔ 67' Лібертад Асунсьйон (Par) - Росаріо Сентраль (Arg) [ПІВДЕННА АМЕРИКА: Кубок Лібертадорес - Груповий етап] id=2c9Cr39r
  Found: 5 candidates, 4 new, 1 permanently skipped

→ БРАЗИЛІЯ: Пауліста A2 - Другий етап Таблиця61'Агуа-Санта - Пірасікаба (61') [БРАЗИЛІЯ: Пауліста A2 - Другий етап]

→ Ферровіарія - Жувентус-СП (61') [БРАЗИЛІЯ: Пауліста A2 - Другий етап]
  Кф 1X2: 3.21 / 3.36 / 2.12
  Кф 1X2: 1.97 / 3.3 / 3.71
  Desktop: https://www.flashscore.ua/match/soccer/agua-santa-p8BbLd4m/piracicaba-SWqdMeSE/?mid=nRlCIqWs
  Desktop: https://www.flashscore.ua/match/soccer/ferroviaria-pAPVj72I/juventus-sp-b5EIzft1/?mid=S4jSE1V6
  [stats] S4jSE1V6 overall: no data-testid (old=0, any=0, body=148305)
  [stats] nRlCIqWs overall: no data-testid (old=0, any=0, body=148283)
  [stats] S4jSE1V6 secondHalf: no data-testid (old=0, any=0, body=148305)
  ⚠ DOM ALERT [nRlCIqWs]: PAGE_ERROR — secondHalf: Navigation timeout of 20000 ms exceeded
  [stats] S4jSE1V6 → unavailable, 0 metrics
  Features: quality=0, primary=0, status=unavailable
  ✗ No stats at all → permanent skip

→ Сан-Бернанду - Сіанорті (69') [БРАЗИЛІЯ: Copa Sul-Sudeste]
  Кф 1X2: 1.75 / 3.4 / 4.63
  Desktop: https://www.flashscore.ua/match/soccer/cianorte-h2lQyfW7/sao-bernardo-Wp4nyhLR/?mid=2mtZdyXb
  [stats] nRlCIqWs → unavailable, 0 metrics
  [stats] 2mtZdyXb → both, 5 metrics
  Features: quality=0, primary=0, status=unavailable
  ✗ No stats at all → permanent skip

→ Лібертад Асунсьйон (Par) - Росаріо Сентраль (Arg) (67') [ПІВДЕННА АМЕРИКА: Кубок Лібертадорес - Груповий етап]
  Features: quality=0.23, primary=2, status=both
  Model v2: pGoal=0.434, pDry=0.566 sq=0.4761 state=dry | 60-70 → SKIP | Δ2H SOT=0 xG=— (Δ4′ матчу)
  Кф 1X2: 4.48 / 3.07 / 1.92
  Desktop: https://www.flashscore.ua/match/soccer/libertad-asuncion-bPwvqhd4/rosario-central-4QmJ2LNc/?mid=2c9Cr39r
  [stats] 2c9Cr39r → both, 32 metrics
  Features: quality=1, primary=6, status=both
  Model v2: pGoal=0.359, pDry=0.641 sq=0.7271 state=falseDry | 60-70 → UNDER_0_5 | Δ2H SOT=0 xG=0.01 (Δ3′ матчу) [TG]
  ↻ Re-analysis done (no change)

Done: 2 analyzed, 1 actionable, 0 TG sent
📌 Tracking 1 active prediction(s)

🔥 RUN #236: analyzed=2, signals=0
⏳ Next scan in 3m...
[02:32:05] Live scan
  Запуск live-скрапера (після ранкових Telegram, якщо були).
Opening: https://m.flashscore.ua/?s=2 (minute >= 60, 0:0 only)
Provider health [https://m.flashscore.ua/?s=2]: rows=32, 0:0 total=12, candidates=5
  ⏸ 0:0 ще рано (< 60'):
    32' АРГЕНТИНА: Прімера В Таблиця32'Архентіно де Кільмес - Сан-Мартін Бурсако [АРГЕНТИНА: Прімера В]
    32' Куяба - Порту Віторія [БРАЗИЛІЯ: Copa Centro-Oeste]
    32' ГАС - Насьйонал АМ [БРАЗИЛІЯ: Copa Norte]
    2' Агуя Ді Мараба - Ремо [БРАЗИЛІЯ: Copa Norte]
    2' Амазонас - Порту Велью [БРАЗИЛІЯ: Copa Norte]
    2' Гуапоре - Трем [БРАЗИЛІЯ: Copa Norte]
    45' Ферровіаріу - Ретро [БРАЗИЛІЯ: Кубок Північного Сходу]
  ✔ 65' БРАЗИЛІЯ: Пауліста A2 - Другий етап Таблиця65'Агуа-Санта - Пірасікаба [БРАЗИЛІЯ: Пауліста A2 - Другий етап] id=nRlCIqWs
  ✔ 65' Ферровіарія - Жувентус-СП [БРАЗИЛІЯ: Пауліста A2 - Другий етап] id=S4jSE1V6
  ✔ 73' Сан-Бернанду - Сіанорті [БРАЗИЛІЯ: Copa Sul-Sudeste] id=2mtZdyXb
  ✔ 72' БРАЗИЛІЯ: Кубок Північного Сходу Таблиця72'Флуміненсе-ПІ - КРБ [БРАЗИЛІЯ: Кубок Північного Сходу] id=6VgdAI8a
  ✔ 71' Лібертад Асунсьйон (Par) - Росаріо Сентраль (Arg) [ПІВДЕННА АМЕРИКА: Кубок Лібертадорес - Груповий етап] id=2c9Cr39r
  Found: 5 candidates, 2 new, 3 permanently skipped

→ Сан-Бернанду - Сіанорті (73') [БРАЗИЛІЯ: Copa Sul-Sudeste]

→ Лібертад Асунсьйон (Par) - Росаріо Сентраль (Arg) (71') [ПІВДЕННА АМЕРИКА: Кубок Лібертадорес - Груповий етап]
  Кф 1X2: 1.75 / 3.4 / 4.63
  Кф 1X2: 4.48 / 3.07 / 1.92
  Desktop: https://www.flashscore.ua/match/soccer/libertad-asuncion-bPwvqhd4/rosario-central-4QmJ2LNc/?mid=2c9Cr39r
  Desktop: https://www.flashscore.ua/match/soccer/cianorte-h2lQyfW7/sao-bernardo-Wp4nyhLR/?mid=2mtZdyXb
  [stats] 2c9Cr39r → both, 32 metrics
  Features: quality=1, primary=6, status=both
  Model v2: pGoal=0.389, pDry=0.611 sq=0.7429 state=falseDry | 70-80 → UNDER_0_5 | Δ2H SOT=0 xG=0 (Δ4′ матчу) [TG]
  ↻ Re-analysis done (no change)
  ⚠ DOM ALERT [2mtZdyXb]: PAGE_ERROR — secondHalf: Navigation timeout of 20000 ms exceeded
  [stats] 2mtZdyXb → overall_only, 6 metrics
  Features: quality=0.23, primary=2, status=overall_only
  Model v2: pGoal=0.394, pDry=0.606 sq=0.509 state=dry | 70-80 → SKIP

Done: 2 analyzed, 1 actionable, 0 TG sent
📌 Tracking 1 active prediction(s)

🔥 RUN #237: analyzed=2, signals=0
⏳ Next scan in 3m...
[02:35:45] Live scan
  Запуск live-скрапера (після ранкових Telegram, якщо були).
Opening: https://m.flashscore.ua/?s=2 (minute >= 60, 0:0 only)
Provider health [https://m.flashscore.ua/?s=2]: rows=35, 0:0 total=15, candidates=5
  ⏸ 0:0 ще рано (< 60'):
    36' АРГЕНТИНА: Прімера В Таблиця36'Архентіно де Кільмес - Сан-Мартін Бурсако [АРГЕНТИНА: Прімера В]
    36' ГАС - Насьйонал АМ [БРАЗИЛІЯ: Copa Norte]
    6' Агуя Ді Мараба - Ремо [БРАЗИЛІЯ: Copa Norte]
    6' Амазонас - Порту Велью [БРАЗИЛІЯ: Copa Norte]
    6' Гуапоре - Трем [БРАЗИЛІЯ: Copa Norte]
    45' Ферровіаріу - Ретро [БРАЗИЛІЯ: Кубок Північного Сходу]
    6' Ді Сі Юнайтед - Ван Ноксвілл [США: Відкритий кубок США]
    6' Нью Йорк Ред Буллс - Піттсбург [США: Відкритий кубок США]
    6' Чаттануга - Атланта Юнайтед [США: Відкритий кубок США]
    6' Шарлотт - Шарлотт Індепенд. [США: Відкритий кубок США]
  ✔ 70' БРАЗИЛІЯ: Пауліста A2 - Другий етап Таблиця70'Агуа-Санта - Пірасікаба [БРАЗИЛІЯ: Пауліста A2 - Другий етап] id=nRlCIqWs
  ✔ 70' Ферровіарія - Жувентус-СП [БРАЗИЛІЯ: Пауліста A2 - Другий етап] id=S4jSE1V6
  ✔ 78' Сан-Бернанду - Сіанорті [БРАЗИЛІЯ: Copa Sul-Sudeste] id=2mtZdyXb
  ✔ 77' БРАЗИЛІЯ: Кубок Північного Сходу Таблиця77'Флуміненсе-ПІ - КРБ [БРАЗИЛІЯ: Кубок Північного Сходу] id=6VgdAI8a
  ✔ 76' Лібертад Асунсьйон (Par) - Росаріо Сентраль (Arg) [ПІВДЕННА АМЕРИКА: Кубок Лібертадорес - Груповий етап] id=2c9Cr39r
  Found: 5 candidates, 2 new, 3 permanently skipped

→ Сан-Бернанду - Сіанорті (78') [БРАЗИЛІЯ: Copa Sul-Sudeste]

→ Лібертад Асунсьйон (Par) - Росаріо Сентраль (Arg) (76') [ПІВДЕННА АМЕРИКА: Кубок Лібертадорес - Груповий етап]
  Кф 1X2: 1.75 / 3.4 / 4.63
  Кф 1X2: 4.48 / 3.07 / 1.92
  Desktop: https://www.flashscore.ua/match/soccer/libertad-asuncion-bPwvqhd4/rosario-central-4QmJ2LNc/?mid=2c9Cr39r
  Desktop: https://www.flashscore.ua/match/soccer/cianorte-h2lQyfW7/sao-bernardo-Wp4nyhLR/?mid=2mtZdyXb
  [stats] 2c9Cr39r → both, 32 metrics
  Features: quality=1, primary=6, status=both
  Model v2: pGoal=0.629, pDry=0.371 sq=0.8186 state=lateSurge | 70-80 → OVER_0_5 | Δ2H SOT=0 xG=0.09 (Δ5′ матчу) [TG]
Message sent to Telegram
  ✓ Telegram update sent (🔀 Фліп ТМ→ТБ (оновлення сценарію))
  ⚠ DOM ALERT [2mtZdyXb]: PAGE_ERROR — secondHalf: Navigation timeout of 20000 ms exceeded
  [stats] 2mtZdyXb → overall_only, 6 metrics
  Features: quality=0.23, primary=2, status=overall_only
  Model v2: pGoal=0.394, pDry=0.606 sq=0.509 state=dry | 70-80 → SKIP

Done: 2 analyzed, 1 actionable, 1 TG sent
📌 Tracking 1 active prediction(s)

🔥 RUN #238: analyzed=2, signals=1
Message sent to Telegram
⏳ Next scan in 3m...
[02:39:26] Live scan
  Запуск live-скрапера (після ранкових Telegram, якщо були).
Opening: https://m.flashscore.ua/?s=2 (minute >= 60, 0:0 only)
Provider health [https://m.flashscore.ua/?s=2]: rows=36, 0:0 total=15, candidates=5
  ⏸ 0:0 ще рано (< 60'):
    40' АРГЕНТИНА: Прімера В Таблиця40'Архентіно де Кільмес - Сан-Мартін Бурсако [АРГЕНТИНА: Прімера В]
    40' ГАС - Насьйонал АМ [БРАЗИЛІЯ: Copa Norte]
    10' Агуя Ді Мараба - Ремо [БРАЗИЛІЯ: Copa Norte]
    10' Гуапоре - Трем [БРАЗИЛІЯ: Copa Norte]
    48' Ферровіаріу - Ретро [БРАЗИЛІЯ: Кубок Північного Сходу]
    10' Ді Сі Юнайтед - Ван Ноксвілл [США: Відкритий кубок США]
    10' Нью Йорк Ред Буллс - Піттсбург [США: Відкритий кубок США]
    10' Річмонд Кікерс - Коламбус Крю [США: Відкритий кубок США]
    10' Чаттануга - Атланта Юнайтед [США: Відкритий кубок США]
    10' Шарлотт - Шарлотт Індепенд. [США: Відкритий кубок США]
  ✔ 74' БРАЗИЛІЯ: Пауліста A2 - Другий етап Таблиця74'Агуа-Санта - Пірасікаба [БРАЗИЛІЯ: Пауліста A2 - Другий етап] id=nRlCIqWs
  ✔ 74' Ферровіарія - Жувентус-СП [БРАЗИЛІЯ: Пауліста A2 - Другий етап] id=S4jSE1V6
  ✔ 81' Сан-Бернанду - Сіанорті [БРАЗИЛІЯ: Copa Sul-Sudeste] id=2mtZdyXb
  ✔ 81' БРАЗИЛІЯ: Кубок Північного Сходу Таблиця81'Флуміненсе-ПІ - КРБ [БРАЗИЛІЯ: Кубок Північного Сходу] id=6VgdAI8a
  ✔ 80' Лібертад Асунсьйон (Par) - Росаріо Сентраль (Arg) [ПІВДЕННА АМЕРИКА: Кубок Лібертадорес - Груповий етап] id=2c9Cr39r
  Found: 5 candidates, 2 new, 3 permanently skipped

→ Сан-Бернанду - Сіанорті (81') [БРАЗИЛІЯ: Copa Sul-Sudeste]

→ Лібертад Асунсьйон (Par) - Росаріо Сентраль (Arg) (80') [ПІВДЕННА АМЕРИКА: Кубок Лібертадорес - Груповий етап]
  Кф 1X2: 4.48 / 3.07 / 1.92
  Кф 1X2: 1.75 / 3.4 / 4.63
  Desktop: https://www.flashscore.ua/match/soccer/cianorte-h2lQyfW7/sao-bernardo-Wp4nyhLR/?mid=2mtZdyXb
  Desktop: https://www.flashscore.ua/match/soccer/libertad-asuncion-bPwvqhd4/rosario-central-4QmJ2LNc/?mid=2c9Cr39r
  ⚠ DOM ALERT [2mtZdyXb]: PAGE_ERROR — secondHalf: Navigation timeout of 20000 ms exceeded
  [stats] 2mtZdyXb → overall_only, 6 metrics
  ⚠ DOM ALERT [2c9Cr39r]: PAGE_ERROR — secondHalf: Navigation timeout of 20000 ms exceeded
  [stats] 2c9Cr39r → overall_only, 33 metrics
  Features: quality=0.23, primary=2, status=overall_only
  Model v2: pGoal=0.394, pDry=0.606 sq=0.509 state=dry | 80-90+ → SKIP
  Features: quality=1, primary=6, status=overall_only
  Model v2: pGoal=0.389, pDry=0.611 sq=0.74 state=dry | 80-90+ → SKIP

Done: 2 analyzed, 0 actionable, 0 TG sent
📌 Tracking 1 active prediction(s)

🔥 RUN #239: analyzed=2, signals=0
⏳ Next scan in 3m...
[02:43:06] Live scan
  Запуск live-скрапера (після ранкових Telegram, якщо були).
Opening: https://m.flashscore.ua/?s=2 (minute >= 60, 0:0 only)
Provider health [https://m.flashscore.ua/?s=2]: rows=36, 0:0 total=15, candidates=5
  ⏸ 0:0 ще рано (< 60'):
    43' АРГЕНТИНА: Прімера В Таблиця43'Архентіно де Кільмес - Сан-Мартін Бурсако [АРГЕНТИНА: Прімера В]
    43' ГАС - Насьйонал АМ [БРАЗИЛІЯ: Copa Norte]
    13' Агуя Ді Мараба - Ремо [БРАЗИЛІЯ: Copa Norte]
    13' Гуапоре - Трем [БРАЗИЛІЯ: Copa Norte]
    51' Ферровіаріу - Ретро [БРАЗИЛІЯ: Кубок Північного Сходу]
    13' Ді Сі Юнайтед - Ван Ноксвілл [США: Відкритий кубок США]
    13' Нью Йорк Ред Буллс - Піттсбург [США: Відкритий кубок США]
    13' Річмонд Кікерс - Коламбус Крю [США: Відкритий кубок США]
    13' Чаттануга - Атланта Юнайтед [США: Відкритий кубок США]
    13' Шарлотт - Шарлотт Індепенд. [США: Відкритий кубок США]
  ✔ 77' БРАЗИЛІЯ: Пауліста A2 - Другий етап Таблиця77'Агуа-Санта - Пірасікаба [БРАЗИЛІЯ: Пауліста A2 - Другий етап] id=nRlCIqWs
  ✔ 77' Ферровіарія - Жувентус-СП [БРАЗИЛІЯ: Пауліста A2 - Другий етап] id=S4jSE1V6
  ✔ 84' Сан-Бернанду - Сіанорті [БРАЗИЛІЯ: Copa Sul-Sudeste] id=2mtZdyXb
  ✔ 84' БРАЗИЛІЯ: Кубок Північного Сходу Таблиця84'Флуміненсе-ПІ - КРБ [БРАЗИЛІЯ: Кубок Північного Сходу] id=6VgdAI8a
  ✔ 83' Лібертад Асунсьйон (Par) - Росаріо Сентраль (Arg) [ПІВДЕННА АМЕРИКА: Кубок Лібертадорес - Груповий етап] id=2c9Cr39r
  Found: 5 candidates, 2 new, 3 permanently skipped

→ Сан-Бернанду - Сіанорті (84') [БРАЗИЛІЯ: Copa Sul-Sudeste]

→ Лібертад Асунсьйон (Par) - Росаріо Сентраль (Arg) (83') [ПІВДЕННА АМЕРИКА: Кубок Лібертадорес - Груповий етап]
  Кф 1X2: 1.75 / 3.4 / 4.63
  Кф 1X2: 4.48 / 3.07 / 1.92
  Desktop: https://www.flashscore.ua/match/soccer/libertad-asuncion-bPwvqhd4/rosario-central-4QmJ2LNc/?mid=2c9Cr39r
  Desktop: https://www.flashscore.ua/match/soccer/cianorte-h2lQyfW7/sao-bernardo-Wp4nyhLR/?mid=2mtZdyXb
  ⚠ DOM ALERT [2mtZdyXb]: PAGE_ERROR — secondHalf: Navigation timeout of 20000 ms exceeded
  [stats] 2mtZdyXb → overall_only, 6 metrics
  ⚠ DOM ALERT [2c9Cr39r]: PAGE_ERROR — secondHalf: Navigation timeout of 20000 ms exceeded
  [stats] 2c9Cr39r → overall_only, 33 metrics
  Features: quality=0.23, primary=2, status=overall_only
  Model v2: pGoal=0.394, pDry=0.606 sq=0.509 state=dry | 80-90+ → SKIP
  Features: quality=1, primary=6, status=overall_only
  Model v2: pGoal=0.389, pDry=0.611 sq=0.74 state=dry | 80-90+ → SKIP

Done: 2 analyzed, 0 actionable, 0 TG sent
📌 Tracking 1 active prediction(s)

🔥 RUN #240: analyzed=2, signals=0
⏳ Next scan in 3m...
[02:46:47] Live scan
  Запуск live-скрапера (після ранкових Telegram, якщо були).
Opening: https://m.flashscore.ua/?s=2 (minute >= 60, 0:0 only)
Provider health [https://m.flashscore.ua/?s=2]: rows=36, 0:0 total=11, candidates=3
  ⏸ 0:0 ще рано (< 60'):
    17' Агуя Ді Мараба - Ремо [БРАЗИЛІЯ: Copa Norte]
    17' Гуапоре - Трем [БРАЗИЛІЯ: Copa Norte]
    55' Ферровіаріу - Ретро [БРАЗИЛІЯ: Кубок Північного Сходу]
    17' Ді Сі Юнайтед - Ван Ноксвілл [США: Відкритий кубок США]
    17' Нью Йорк Ред Буллс - Піттсбург [США: Відкритий кубок США]
    17' Річмонд Кікерс - Коламбус Крю [США: Відкритий кубок США]
    17' Шарлотт - Шарлотт Індепенд. [США: Відкритий кубок США]
  ✔ 81' БРАЗИЛІЯ: Пауліста A2 - Другий етап Таблиця81'Агуа-Санта - Пірасікаба [БРАЗИЛІЯ: Пауліста A2 - Другий етап] id=nRlCIqWs
  ✔ 81' Ферровіарія - Жувентус-СП [БРАЗИЛІЯ: Пауліста A2 - Другий етап] id=S4jSE1V6
  ✔ 88' БРАЗИЛІЯ: Кубок Північного Сходу Таблиця88'Флуміненсе-ПІ - КРБ [БРАЗИЛІЯ: Кубок Північного Сходу] id=6VgdAI8a
  Found: 3 candidates, 0 new, 3 permanently skipped

Done: 0 analyzed, 0 actionable, 0 TG sent

🔍 Checking 1 possibly finished match(es)...
  ⚽ Лібертад Асунсьйон (Par) - Росаріо Сентраль (Arg): 0:1 [GOAL→resolved] → ТМ:❌ ТБ:✅
Message sent to Telegram
  ✓ Telegram result sent (0:1 (ще триває, гол вирішив))

🔥 RUN #241: analyzed=0, signals=0
⏳ Next scan in 3m...
[02:49:59] Live scan
  Запуск live-скрапера (після ранкових Telegram, якщо були).
Opening: https://m.flashscore.ua/?s=2 (minute >= 60, 0:0 only)
Provider health [https://m.flashscore.ua/?s=2]: rows=36, 0:0 total=9, candidates=1
  ⏸ 0:0 ще рано (< 60'):
    21' Агуя Ді Мараба - Ремо [БРАЗИЛІЯ: Copa Norte]
    59' Ферровіаріу - Ретро [БРАЗИЛІЯ: Кубок Північного Сходу]
    21' Ді Сі Юнайтед - Ван Ноксвілл [США: Відкритий кубок США]
    21' Нью Йорк Ред Буллс - Піттсбург [США: Відкритий кубок США]
    21' Річмонд Кікерс - Коламбус Крю [США: Відкритий кубок США]
    21' Шарлотт - Шарлотт Індепенд. [США: Відкритий кубок США]
  ✔ 84' БРАЗИЛІЯ: Пауліста A2 - Другий етап Таблиця84'Агуа-Санта - Пірасікаба [БРАЗИЛІЯ: Пауліста A2 - Другий етап] id=nRlCIqWs
  Found: 1 candidates, 0 new, 3 permanently skipped

Done: 0 analyzed, 0 actionable, 0 TG sent

🔥 RUN #242: analyzed=0, signals=0
⏳ Next scan in 3m...
[02:53:10] Live scan
  Запуск live-скрапера (після ранкових Telegram, якщо були).
Opening: https://m.flashscore.ua/?s=2 (minute >= 60, 0:0 only)
Provider health [https://m.flashscore.ua/?s=2]: rows=36, 0:0 total=8, candidates=2
  ⏸ 0:0 ще рано (< 60'):
    45' ГАС - Насьйонал АМ [БРАЗИЛІЯ: Copa Norte]
    24' Ді Сі Юнайтед - Ван Ноксвілл [США: Відкритий кубок США]
    24' Нью Йорк Ред Буллс - Піттсбург [США: Відкритий кубок США]
    24' Річмонд Кікерс - Коламбус Крю [США: Відкритий кубок США]
    24' Шарлотт - Шарлотт Індепенд. [США: Відкритий кубок США]
  ✔ 87' БРАЗИЛІЯ: Пауліста A2 - Другий етап Таблиця87'Агуа-Санта - Пірасікаба [БРАЗИЛІЯ: Пауліста A2 - Другий етап] id=nRlCIqWs
  ✔ 62' Ферровіаріу - Ретро [БРАЗИЛІЯ: Кубок Північного Сходу] id=d2XyNeh5
  Found: 2 candidates, 1 new, 3 permanently skipped

→ Ферровіаріу - Ретро (62') [БРАЗИЛІЯ: Кубок Північного Сходу]
  Кф 1X2: 2.18 / 3.33 / 3.22
  Desktop: https://www.flashscore.ua/match/soccer/ferroviario-0UkwhBW8/retro-nyt8uSz4/?mid=d2XyNeh5
  [stats] d2XyNeh5 overall: no data-testid (old=0, any=0, body=148329)
  [stats] d2XyNeh5 secondHalf: no data-testid (old=0, any=0, body=148329)
  [stats] d2XyNeh5 → unavailable, 0 metrics
  Features: quality=0, primary=0, status=unavailable
  ✗ No stats at all → permanent skip

Done: 0 analyzed, 0 actionable, 0 TG sent

🔥 RUN #243: analyzed=0, signals=0
⏳ Next scan in 3m...
[02:57:00] Live scan
  Запуск live-скрапера (після ранкових Telegram, якщо були).
Opening: https://m.flashscore.ua/?s=2 (minute >= 60, 0:0 only)
Provider health [https://m.flashscore.ua/?s=2]: rows=29, 0:0 total=6, candidates=1
  ⏸ 0:0 ще рано (< 60'):
    45' ГАС - Насьйонал АМ [БРАЗИЛІЯ: Copa Norte]
    28' Ді Сі Юнайтед - Ван Ноксвілл [США: Відкритий кубок США]
    28' Нью Йорк Ред Буллс - Піттсбург [США: Відкритий кубок США]
    28' Річмонд Кікерс - Коламбус Крю [США: Відкритий кубок США]
    28' Шарлотт - Шарлотт Індепенд. [США: Відкритий кубок США]
  ✔ 66' Ферровіаріу - Ретро [БРАЗИЛІЯ: Кубок Північного Сходу] id=d2XyNeh5
  Found: 1 candidates, 0 new, 4 permanently skipped

Done: 0 analyzed, 0 actionable, 0 TG sent

🔥 RUN #244: analyzed=0, signals=0
⏳ Next scan in 3m...
[03:00:10] Live scan
  Запуск live-скрапера (після ранкових Telegram, якщо були).
Opening: https://m.flashscore.ua/?s=2 (minute >= 60, 0:0 only)
Provider health [https://m.flashscore.ua/?s=2]: rows=27, 0:0 total=6, candidates=1
  ⏸ 0:0 ще рано (< 60'):
    45' ГАС - Насьйонал АМ [БРАЗИЛІЯ: Copa Norte]
    31' Ді Сі Юнайтед - Ван Ноксвілл [США: Відкритий кубок США]
    31' Нью Йорк Ред Буллс - Піттсбург [США: Відкритий кубок США]
    31' Річмонд Кікерс - Коламбус Крю [США: Відкритий кубок США]
    31' Шарлотт - Шарлотт Індепенд. [США: Відкритий кубок США]
  ✔ 69' Ферровіаріу - Ретро [БРАЗИЛІЯ: Кубок Північного Сходу] id=d2XyNeh5
  Found: 1 candidates, 0 new, 4 permanently skipped

Done: 0 analyzed, 0 actionable, 0 TG sent

🔥 RUN #245: analyzed=0, signals=0
⏳ Next scan in 3m...
[03:03:20] Live scan
  Запуск live-скрапера (після ранкових Telegram, якщо були).
Opening: https://m.flashscore.ua/?s=2 (minute >= 60, 0:0 only)
Provider health [https://m.flashscore.ua/?s=2]: rows=28, 0:0 total=10, candidates=1
  ⏸ 0:0 ще рано (< 60'):
    45' БРАЗИЛІЯ: Copa Norte ТаблицяПерерваГАС - Насьйонал АМ [БРАЗИЛІЯ: Copa Norte]
    4' ЕКВАДОР: Серія В Таблиця4'Сан-Антоніо ФК - Куенка Хуніорс [ЕКВАДОР: Серія В]
    4' ПІВДЕННА АМЕРИКА: Південноамериканський кубок - Груповий етап Таблиця4'Олімпія Асунсьйон (Par) - Барракас Сентраль (Arg) [ПІВДЕННА АМЕРИКА: Південноамериканський кубок - Груповий етап]
    34' Ді Сі Юнайтед - Ван Ноксвілл [США: Відкритий кубок США]
    34' Річмонд Кікерс - Коламбус Крю [США: Відкритий кубок США]
    34' Шарлотт - Шарлотт Індепенд. [США: Відкритий кубок США]
    4' ЯМАЙКА: Прем'єр-ліга Таблиця4'Арнетт Гарденс - Монтего Бей [ЯМАЙКА: Прем'єр-ліга]
    4' Вотерхаус - Тіволі [ЯМАЙКА: Прем'єр-ліга]
    4' Харбор В'ю - Маунт Плезант [ЯМАЙКА: Прем'єр-ліга]
  ✔ 72' Ферровіаріу - Ретро [БРАЗИЛІЯ: Кубок Північного Сходу] id=d2XyNeh5
  Found: 1 candidates, 0 new, 4 permanently skipped

Done: 0 analyzed, 0 actionable, 0 TG sent

🔥 RUN #246: analyzed=0, signals=0
⏳ Next scan in 3m...
[03:06:31] Live scan
  Запуск live-скрапера (після ранкових Telegram, якщо були).
Opening: https://m.flashscore.ua/?s=2 (minute >= 60, 0:0 only)
Provider health [https://m.flashscore.ua/?s=2]: rows=28, 0:0 total=12, candidates=1
  ⏸ 0:0 ще рано (< 60'):
    45' БРАЗИЛІЯ: Copa Norte ТаблицяПерерваГАС - Насьйонал АМ [БРАЗИЛІЯ: Copa Norte]
    7' ЕКВАДОР: Серія В Таблиця7'Сан-Антоніо ФК - Куенка Хуніорс [ЕКВАДОР: Серія В]
    7' НІКАРАГУА: Прімера - Клаусура Таблиця7'Матагальпа - Манагуа ФК [НІКАРАГУА: Прімера - Клаусура]
    7' ПІВДЕННА АМЕРИКА: Південноамериканський кубок - Груповий етап Таблиця7'Олімпія Асунсьйон (Par) - Барракас Сентраль (Arg) [ПІВДЕННА АМЕРИКА: Південноамериканський кубок - Груповий етап]
    37' Ді Сі Юнайтед - Ван Ноксвілл [США: Відкритий кубок США]
    37' Річмонд Кікерс - Коламбус Крю [США: Відкритий кубок США]
    37' Шарлотт - Шарлотт Індепенд. [США: Відкритий кубок США]
    7' Сент-Луїс Сіті - Талса [США: Відкритий кубок США]
    7' Х'юстон Динамо - Ель-Пасо [США: Відкритий кубок США]
    7' Вотерхаус - Тіволі [ЯМАЙКА: Прем'єр-ліга]
    7' Харбор В'ю - Маунт Плезант [ЯМАЙКА: Прем'єр-ліга]
  ✔ 75' Ферровіаріу - Ретро [БРАЗИЛІЯ: Кубок Північного Сходу] id=d2XyNeh5
  Found: 1 candidates, 0 new, 4 permanently skipped

Done: 0 analyzed, 0 actionable, 0 TG sent

🔥 RUN #247: analyzed=0, signals=0
⏳ Next scan in 3m...
[03:09:40] Live scan
  Запуск live-скрапера (після ранкових Telegram, якщо були).
Opening: https://m.flashscore.ua/?s=2 (minute >= 60, 0:0 only)
Provider health [https://m.flashscore.ua/?s=2]: rows=27, 0:0 total=11, candidates=1
  ⏸ 0:0 ще рано (< 60'):
    45' БРАЗИЛІЯ: Copa Norte ТаблицяПерерваГАС - Насьйонал АМ [БРАЗИЛІЯ: Copa Norte]
    10' ЕКВАДОР: Серія В Таблиця10'Сан-Антоніо ФК - Куенка Хуніорс [ЕКВАДОР: Серія В]
    10' НІКАРАГУА: Прімера - Клаусура Таблиця10'Матагальпа - Манагуа ФК [НІКАРАГУА: Прімера - Клаусура]
    10' ПІВДЕННА АМЕРИКА: Південноамериканський кубок - Груповий етап Таблиця10'Олімпія Асунсьйон (Par) - Барракас Сентраль (Arg) [ПІВДЕННА АМЕРИКА: Південноамериканський кубок - Груповий етап]
    40' Ді Сі Юнайтед - Ван Ноксвілл [США: Відкритий кубок США]
    40' Річмонд Кікерс - Коламбус Крю [США: Відкритий кубок США]
    40' Шарлотт - Шарлотт Індепенд. [США: Відкритий кубок США]
    10' Сент-Луїс Сіті - Талса [США: Відкритий кубок США]
    10' Вотерхаус - Тіволі [ЯМАЙКА: Прем'єр-ліга]
    10' Харбор В'ю - Маунт Плезант [ЯМАЙКА: Прем'єр-ліга]
  ✔ 78' Ферровіаріу - Ретро [БРАЗИЛІЯ: Кубок Північного Сходу] id=d2XyNeh5
  Found: 1 candidates, 0 new, 4 permanently skipped

Done: 0 analyzed, 0 actionable, 0 TG sent

🔥 RUN #248: analyzed=0, signals=0
⏳ Next scan in 3m...
[03:12:50] Live scan
  Запуск live-скрапера (після ранкових Telegram, якщо були).
Opening: https://m.flashscore.ua/?s=2 (minute >= 60, 0:0 only)
Provider health [https://m.flashscore.ua/?s=2]: rows=27, 0:0 total=11, candidates=1
  ⏸ 0:0 ще рано (< 60'):
    49' БРАЗИЛІЯ: Copa Norte Таблиця49'ГАС - Насьйонал АМ [БРАЗИЛІЯ: Copa Norte]
    13' ЕКВАДОР: Серія В Таблиця13'Сан-Антоніо ФК - Куенка Хуніорс [ЕКВАДОР: Серія В]
    13' НІКАРАГУА: Прімера - Клаусура Таблиця13'Матагальпа - Манагуа ФК [НІКАРАГУА: Прімера - Клаусура]
    13' ПІВДЕННА АМЕРИКА: Південноамериканський кубок - Груповий етап Таблиця13'Олімпія Асунсьйон (Par) - Барракас Сентраль (Arg) [ПІВДЕННА АМЕРИКА: Південноамериканський кубок - Груповий етап]
    43' Ді Сі Юнайтед - Ван Ноксвілл [США: Відкритий кубок США]
    43' Річмонд Кікерс - Коламбус Крю [США: Відкритий кубок США]
    43' Шарлотт - Шарлотт Індепенд. [США: Відкритий кубок США]
    13' Сент-Луїс Сіті - Талса [США: Відкритий кубок США]
    13' Вотерхаус - Тіволі [ЯМАЙКА: Прем'єр-ліга]
    13' Харбор В'ю - Маунт Плезант [ЯМАЙКА: Прем'єр-ліга]
  ✔ 81' Ферровіаріу - Ретро [БРАЗИЛІЯ: Кубок Північного Сходу] id=d2XyNeh5
  Found: 1 candidates, 0 new, 4 permanently skipped

Done: 0 analyzed, 0 actionable, 0 TG sent

🔥 RUN #249: analyzed=0, signals=0
⏳ Next scan in 3m...
[03:16:00] Live scan
  Запуск live-скрапера (після ранкових Telegram, якщо були).
Opening: https://m.flashscore.ua/?s=2 (minute >= 60, 0:0 only)
Provider health [https://m.flashscore.ua/?s=2]: rows=27, 0:0 total=9, candidates=0
  ⏸ 0:0 ще рано (< 60'):
    17' ЕКВАДОР: Серія В Таблиця17'Сан-Антоніо ФК - Куенка Хуніорс [ЕКВАДОР: Серія В]
    17' НІКАРАГУА: Прімера - Клаусура Таблиця17'Матагальпа - Манагуа ФК [НІКАРАГУА: Прімера - Клаусура]
    17' ПІВДЕННА АМЕРИКА: Південноамериканський кубок - Груповий етап Таблиця17'Олімпія Асунсьйон (Par) - Барракас Сентраль (Arg) [ПІВДЕННА АМЕРИКА: Південноамериканський кубок - Груповий етап]
    17' Сент-Луїс Сіті - Талса [США: Відкритий кубок США]
    17' Вотерхаус - Тіволі [ЯМАЙКА: Прем'єр-ліга]
    17' Харбор В'ю - Маунт Плезант [ЯМАЙКА: Прем'єр-ліга]
  Found: 0 candidates, 0 new, 4 permanently skipped

Done: 0 analyzed, 0 actionable, 0 TG sent

🔥 RUN #250: analyzed=0, signals=0
⏳ Next scan in 3m...
[03:19:10] Live scan
  Запуск live-скрапера (після ранкових Telegram, якщо були).
Opening: https://m.flashscore.ua/?s=2 (minute >= 60, 0:0 only)
Provider health [https://m.flashscore.ua/?s=2]: rows=28, 0:0 total=9, candidates=0
  ⏸ 0:0 ще рано (< 60'):
    5' Жувентуде - Шапекоенсе СК [БРАЗИЛІЯ: Copa Sul-Sudeste]
    20' ЕКВАДОР: Серія В Таблиця20'Сан-Антоніо ФК - Куенка Хуніорс [ЕКВАДОР: Серія В]
    20' НІКАРАГУА: Прімера - Клаусура Таблиця20'Матагальпа - Манагуа ФК [НІКАРАГУА: Прімера - Клаусура]
    20' ПІВДЕННА АМЕРИКА: Південноамериканський кубок - Груповий етап Таблиця20'Олімпія Асунсьйон (Par) - Барракас Сентраль (Arg) [ПІВДЕННА АМЕРИКА: Південноамериканський кубок - Груповий етап]
    20' Сент-Луїс Сіті - Талса [США: Відкритий кубок США]
    20' Вотерхаус - Тіволі [ЯМАЙКА: Прем'єр-ліга]
    20' Харбор В'ю - Маунт Плезант [ЯМАЙКА: Прем'єр-ліга]
  Found: 0 candidates, 0 new, 4 permanently skipped

Done: 0 analyzed, 0 actionable, 0 TG sent

🔥 RUN #251: analyzed=0, signals=0
⏳ Next scan in 3m...
[03:22:21] Live scan
  Запуск live-скрапера (після ранкових Telegram, якщо були).
Opening: https://m.flashscore.ua/?s=2 (minute >= 60, 0:0 only)
Provider health [https://m.flashscore.ua/?s=2]: rows=28, 0:0 total=8, candidates=0
  ⏸ 0:0 ще рано (< 60'):
    8' Жувентуде - Шапекоенсе СК [БРАЗИЛІЯ: Copa Sul-Sudeste]
    23' ЕКВАДОР: Серія В Таблиця23'Сан-Антоніо ФК - Куенка Хуніорс [ЕКВАДОР: Серія В]
    23' НІКАРАГУА: Прімера - Клаусура Таблиця23'Матагальпа - Манагуа ФК [НІКАРАГУА: Прімера - Клаусура]
    23' ПІВДЕННА АМЕРИКА: Південноамериканський кубок - Груповий етап Таблиця23'Олімпія Асунсьйон (Par) - Барракас Сентраль (Arg) [ПІВДЕННА АМЕРИКА: Південноамериканський кубок - Груповий етап]
    23' Сент-Луїс Сіті - Талса [США: Відкритий кубок США]
    23' Вотерхаус - Тіволі [ЯМАЙКА: Прем'єр-ліга]
    23' Харбор В'ю - Маунт Плезант [ЯМАЙКА: Прем'єр-ліга]
  Found: 0 candidates, 0 new, 4 permanently skipped

Done: 0 analyzed, 0 actionable, 0 TG sent

🔥 RUN #252: analyzed=0, signals=0
⏳ Next scan in 3m...
[03:25:31] Live scan
  Запуск live-скрапера (після ранкових Telegram, якщо були).
Opening: https://m.flashscore.ua/?s=2 (minute >= 60, 0:0 only)
Provider health [https://m.flashscore.ua/?s=2]: rows=28, 0:0 total=8, candidates=0
  ⏸ 0:0 ще рано (< 60'):
    11' Жувентуде - Шапекоенсе СК [БРАЗИЛІЯ: Copa Sul-Sudeste]
    26' ЕКВАДОР: Серія В Таблиця26'Сан-Антоніо ФК - Куенка Хуніорс [ЕКВАДОР: Серія В]
    26' НІКАРАГУА: Прімера - Клаусура Таблиця26'Матагальпа - Манагуа ФК [НІКАРАГУА: Прімера - Клаусура]
    26' ПІВДЕННА АМЕРИКА: Південноамериканський кубок - Груповий етап Таблиця26'Олімпія Асунсьйон (Par) - Барракас Сентраль (Arg) [ПІВДЕННА АМЕРИКА: Південноамериканський кубок - Груповий етап]
    45' Ді Сі Юнайтед - Ван Ноксвілл [США: Відкритий кубок США]
    26' Сент-Луїс Сіті - Талса [США: Відкритий кубок США]
    26' Вотерхаус - Тіволі [ЯМАЙКА: Прем'єр-ліга]
    26' Харбор В'ю - Маунт Плезант [ЯМАЙКА: Прем'єр-ліга]
  Found: 0 candidates, 0 new, 4 permanently skipped

Done: 0 analyzed, 0 actionable, 0 TG sent

🔥 RUN #253: analyzed=0, signals=0
⏳ Next scan in 3m...
[03:28:40] Live scan
  Запуск live-скрапера (після ранкових Telegram, якщо були).
Opening: https://m.flashscore.ua/?s=2 (minute >= 60, 0:0 only)
Provider health [https://m.flashscore.ua/?s=2]: rows=27, 0:0 total=5, candidates=0
  ⏸ 0:0 ще рано (< 60'):
    14' Жувентуде - Шапекоенсе СК [БРАЗИЛІЯ: Copa Sul-Sudeste]
    29' НІКАРАГУА: Прімера - Клаусура Таблиця29'Матагальпа - Манагуа ФК [НІКАРАГУА: Прімера - Клаусура]
    29' ПІВДЕННА АМЕРИКА: Південноамериканський кубок - Груповий етап Таблиця29'Олімпія Асунсьйон (Par) - Барракас Сентраль (Arg) [ПІВДЕННА АМЕРИКА: Південноамериканський кубок - Груповий етап]
    45' Ді Сі Юнайтед - Ван Ноксвілл [США: Відкритий кубок США]
    29' Вотерхаус - Тіволі [ЯМАЙКА: Прем'єр-ліга]
  Found: 0 candidates, 0 new, 4 permanently skipped

Done: 0 analyzed, 0 actionable, 0 TG sent

🔥 RUN #254: analyzed=0, signals=0
⏳ Next scan in 3m...
[03:31:50] Live scan
  Запуск live-скрапера (після ранкових Telegram, якщо були).
Opening: https://m.flashscore.ua/?s=2 (minute >= 60, 0:0 only)
Provider health [https://m.flashscore.ua/?s=2]: rows=32, 0:0 total=9, candidates=0
  ⏸ 0:0 ще рано (< 60'):
    2' Віла-Нова - Капітал [БРАЗИЛІЯ: Copa Centro-Oeste]
    17' Жувентуде - Шапекоенсе СК [БРАЗИЛІЯ: Copa Sul-Sudeste]
    2' Аваї - СЕР Кашіас [БРАЗИЛІЯ: Copa Sul-Sudeste]
    2' Спорт Ресіфі - Мараньян [БРАЗИЛІЯ: Кубок Північного Сходу]
    32' НІКАРАГУА: Прімера - Клаусура Таблиця32'Матагальпа - Манагуа ФК [НІКАРАГУА: Прімера - Клаусура]
    2' ПІВДЕННА АМЕРИКА: Кубок Лібертадорес - Груповий етап Таблиця2'Корінтіанс (Bra) - Санта-Фе (Col) -:-2'Флуміненсе (Bra) - Індепендьєнте Рівадавія (Arg) [ПІВДЕННА АМЕРИКА: Кубок Лібертадорес - Груповий етап]
    32' ПІВДЕННА АМЕРИКА: Південноамериканський кубок - Груповий етап Таблиця32'Олімпія Асунсьйон (Par) - Барракас Сентраль (Arg) [ПІВДЕННА АМЕРИКА: Південноамериканський кубок - Груповий етап]
    2' Рівер Плейт (Arg) - Карабобо (Ven) [ПІВДЕННА АМЕРИКА: Південноамериканський кубок - Груповий етап]
    45' Ді Сі Юнайтед - Ван Ноксвілл [США: Відкритий кубок США]
  Found: 0 candidates, 0 new, 4 permanently skipped

Done: 0 analyzed, 0 actionable, 0 TG sent

🔥 RUN #255: analyzed=0, signals=0
⏳ Next scan in 3m...
[03:35:00] Live scan
  Запуск live-скрапера (після ранкових Telegram, якщо були).
Opening: https://m.flashscore.ua/?s=2 (minute >= 60, 0:0 only)
Provider health [https://m.flashscore.ua/?s=2]: rows=32, 0:0 total=11, candidates=0
  ⏸ 0:0 ще рано (< 60'):
    6' Віла-Нова - Капітал [БРАЗИЛІЯ: Copa Centro-Oeste]
    21' Жувентуде - Шапекоенсе СК [БРАЗИЛІЯ: Copa Sul-Sudeste]
    6' Аваї - СЕР Кашіас [БРАЗИЛІЯ: Copa Sul-Sudeste]
    6' Віторія - Піауї [БРАЗИЛІЯ: Кубок Північного Сходу]
    6' Спорт Ресіфі - Мараньян [БРАЗИЛІЯ: Кубок Північного Сходу]
    36' НІКАРАГУА: Прімера - Клаусура Таблиця36'Матагальпа - Манагуа ФК [НІКАРАГУА: Прімера - Клаусура]
    6' ПІВДЕННА АМЕРИКА: Кубок Лібертадорес - Груповий етап Таблиця6'Корінтіанс (Bra) - Санта-Фе (Col) [ПІВДЕННА АМЕРИКА: Кубок Лібертадорес - Груповий етап]
    6' Флуміненсе (Bra) - Індепендьєнте Рівадавія (Arg) [ПІВДЕННА АМЕРИКА: Кубок Лібертадорес - Груповий етап]
    36' ПІВДЕННА АМЕРИКА: Південноамериканський кубок - Груповий етап Таблиця36'Олімпія Асунсьйон (Par) - Барракас Сентраль (Arg) [ПІВДЕННА АМЕРИКА: Південноамериканський кубок - Груповий етап]
    6' Рівер Плейт (Arg) - Карабобо (Ven) [ПІВДЕННА АМЕРИКА: Південноамериканський кубок - Груповий етап]
    45' Ді Сі Юнайтед - Ван Ноксвілл [США: Відкритий кубок США]
  Found: 0 candidates, 0 new, 4 permanently skipped

Done: 0 analyzed, 0 actionable, 0 TG sent

🔥 RUN #256: analyzed=0, signals=0
⏳ Next scan in 3m...
[03:38:10] Live scan
  Запуск live-скрапера (після ранкових Telegram, якщо були).
Opening: https://m.flashscore.ua/?s=2 (minute >= 60, 0:0 only)
Provider health [https://m.flashscore.ua/?s=2]: rows=30, 0:0 total=11, candidates=0
  ⏸ 0:0 ще рано (< 60'):
    9' Віла-Нова - Капітал [БРАЗИЛІЯ: Copa Centro-Oeste]
    24' Жувентуде - Шапекоенсе СК [БРАЗИЛІЯ: Copa Sul-Sudeste]
    9' Аваї - СЕР Кашіас [БРАЗИЛІЯ: Copa Sul-Sudeste]
    9' БРАЗИЛІЯ: Кубок Північного Сходу Таблиця9'Віторія - Піауї [БРАЗИЛІЯ: Кубок Північного Сходу]
    9' Спорт Ресіфі - Мараньян [БРАЗИЛІЯ: Кубок Північного Сходу]
    39' НІКАРАГУА: Прімера - Клаусура Таблиця39'Матагальпа - Манагуа ФК [НІКАРАГУА: Прімера - Клаусура]
    9' ПІВДЕННА АМЕРИКА: Кубок Лібертадорес - Груповий етап Таблиця9'Корінтіанс (Bra) - Санта-Фе (Col) [ПІВДЕННА АМЕРИКА: Кубок Лібертадорес - Груповий етап]
    9' Флуміненсе (Bra) - Індепендьєнте Рівадавія (Arg) [ПІВДЕННА АМЕРИКА: Кубок Лібертадорес - Груповий етап]
    39' ПІВДЕННА АМЕРИКА: Південноамериканський кубок - Груповий етап Таблиця39'Олімпія Асунсьйон (Par) - Барракас Сентраль (Arg) [ПІВДЕННА АМЕРИКА: Південноамериканський кубок - Груповий етап]
    9' Рівер Плейт (Arg) - Карабобо (Ven) [ПІВДЕННА АМЕРИКА: Південноамериканський кубок - Груповий етап]
    45' Ді Сі Юнайтед - Ван Ноксвілл [США: Відкритий кубок США]
  Found: 0 candidates, 0 new, 4 permanently skipped

Done: 0 analyzed, 0 actionable, 0 TG sent

🔥 RUN #257: analyzed=0, signals=0
Message sent to Telegram
⏳ Next scan in 3m...
[03:41:21] Live scan
  Запуск live-скрапера (після ранкових Telegram, якщо були).
Opening: https://m.flashscore.ua/?s=2 (minute >= 60, 0:0 only)
Provider health [https://m.flashscore.ua/?s=2]: rows=30, 0:0 total=10, candidates=0
  ⏸ 0:0 ще рано (< 60'):
    12' Віла-Нова - Капітал [БРАЗИЛІЯ: Copa Centro-Oeste]
    27' Жувентуде - Шапекоенсе СК [БРАЗИЛІЯ: Copa Sul-Sudeste]
    12' Аваї - СЕР Кашіас [БРАЗИЛІЯ: Copa Sul-Sudeste]
    12' БРАЗИЛІЯ: Кубок Північного Сходу Таблиця12'Віторія - Піауї [БРАЗИЛІЯ: Кубок Північного Сходу]
    12' Спорт Ресіфі - Мараньян [БРАЗИЛІЯ: Кубок Північного Сходу]
    42' НІКАРАГУА: Прімера - Клаусура Таблиця42'Матагальпа - Манагуа ФК [НІКАРАГУА: Прімера - Клаусура]
    12' ПІВДЕННА АМЕРИКА: Кубок Лібертадорес - Груповий етап Таблиця12'Корінтіанс (Bra) - Санта-Фе (Col) [ПІВДЕННА АМЕРИКА: Кубок Лібертадорес - Груповий етап]
    42' ПІВДЕННА АМЕРИКА: Південноамериканський кубок - Груповий етап Таблиця42'Олімпія Асунсьйон (Par) - Барракас Сентраль (Arg) [ПІВДЕННА АМЕРИКА: Південноамериканський кубок - Груповий етап]
    12' Рівер Плейт (Arg) - Карабобо (Ven) [ПІВДЕННА АМЕРИКА: Південноамериканський кубок - Груповий етап]
    47' Ді Сі Юнайтед - Ван Ноксвілл [США: Відкритий кубок США]
  Found: 0 candidates, 0 new, 4 permanently skipped

Done: 0 analyzed, 0 actionable, 0 TG sent

🔥 RUN #258: analyzed=0, signals=0
⏳ Next scan in 3m...
[03:44:31] Live scan
  Запуск live-скрапера (після ранкових Telegram, якщо були).
Opening: https://m.flashscore.ua/?s=2 (minute >= 60, 0:0 only)
Provider health [https://m.flashscore.ua/?s=2]: rows=30, 0:0 total=10, candidates=0
  ⏸ 0:0 ще рано (< 60'):
    15' Віла-Нова - Капітал [БРАЗИЛІЯ: Copa Centro-Oeste]
    30' Жувентуде - Шапекоенсе СК [БРАЗИЛІЯ: Copa Sul-Sudeste]
    15' Аваї - СЕР Кашіас [БРАЗИЛІЯ: Copa Sul-Sudeste]
    15' БРАЗИЛІЯ: Кубок Північного Сходу Таблиця15'Віторія - Піауї [БРАЗИЛІЯ: Кубок Північного Сходу]
    15' Спорт Ресіфі - Мараньян [БРАЗИЛІЯ: Кубок Північного Сходу]
    45' НІКАРАГУА: Прімера - Клаусура Таблиця45'Матагальпа - Манагуа ФК [НІКАРАГУА: Прімера - Клаусура]
    15' ПІВДЕННА АМЕРИКА: Кубок Лібертадорес - Груповий етап Таблиця15'Корінтіанс (Bra) - Санта-Фе (Col) [ПІВДЕННА АМЕРИКА: Кубок Лібертадорес - Груповий етап]
    45' ПІВДЕННА АМЕРИКА: Південноамериканський кубок - Груповий етап Таблиця45'Олімпія Асунсьйон (Par) - Барракас Сентраль (Arg) [ПІВДЕННА АМЕРИКА: Південноамериканський кубок - Груповий етап]
    15' Рівер Плейт (Arg) - Карабобо (Ven) [ПІВДЕННА АМЕРИКА: Південноамериканський кубок - Груповий етап]
    51' Ді Сі Юнайтед - Ван Ноксвілл [США: Відкритий кубок США]
  Found: 0 candidates, 0 new, 4 permanently skipped

Done: 0 analyzed, 0 actionable, 0 TG sent

🔥 RUN #259: analyzed=0, signals=0
⏳ Next scan in 3m...
[03:47:42] Live scan
  Запуск live-скрапера (після ранкових Telegram, якщо були).
Opening: https://m.flashscore.ua/?s=2 (minute >= 60, 0:0 only)
Provider health [https://m.flashscore.ua/?s=2]: rows=30, 0:0 total=10, candidates=0
  ⏸ 0:0 ще рано (< 60'):
    18' Віла-Нова - Капітал [БРАЗИЛІЯ: Copa Centro-Oeste]
    33' Жувентуде - Шапекоенсе СК [БРАЗИЛІЯ: Copa Sul-Sudeste]
    18' Аваї - СЕР Кашіас [БРАЗИЛІЯ: Copa Sul-Sudeste]
    18' БРАЗИЛІЯ: Кубок Північного Сходу Таблиця18'Віторія - Піауї [БРАЗИЛІЯ: Кубок Північного Сходу]
    18' Спорт Ресіфі - Мараньян [БРАЗИЛІЯ: Кубок Північного Сходу]
    18' ПІВДЕННА АМЕРИКА: Кубок Лібертадорес - Груповий етап Таблиця18'Корінтіанс (Bra) - Санта-Фе (Col) [ПІВДЕННА АМЕРИКА: Кубок Лібертадорес - Груповий етап]
    18' Рівер Плейт (Arg) - Карабобо (Ven) [ПІВДЕННА АМЕРИКА: Південноамериканський кубок - Груповий етап]
    54' Ді Сі Юнайтед - Ван Ноксвілл [США: Відкритий кубок США]
  Found: 0 candidates, 0 new, 4 permanently skipped

Done: 0 analyzed, 0 actionable, 0 TG sent

🔥 RUN #260: analyzed=0, signals=0
⏳ Next scan in 3m...
[03:50:53] Live scan
  Запуск live-скрапера (після ранкових Telegram, якщо були).
Opening: https://m.flashscore.ua/?s=2 (minute >= 60, 0:0 only)
Provider health [https://m.flashscore.ua/?s=2]: rows=30, 0:0 total=10, candidates=0
  ⏸ 0:0 ще рано (< 60'):
    21' Віла-Нова - Капітал [БРАЗИЛІЯ: Copa Centro-Oeste]
    36' Жувентуде - Шапекоенсе СК [БРАЗИЛІЯ: Copa Sul-Sudeste]
    21' Аваї - СЕР Кашіас [БРАЗИЛІЯ: Copa Sul-Sudeste]
    21' БРАЗИЛІЯ: Кубок Північного Сходу Таблиця21'Віторія - Піауї [БРАЗИЛІЯ: Кубок Північного Сходу]
    21' Спорт Ресіфі - Мараньян [БРАЗИЛІЯ: Кубок Північного Сходу]
    21' ПІВДЕННА АМЕРИКА: Кубок Лібертадорес - Груповий етап Таблиця21'Корінтіанс (Bra) - Санта-Фе (Col) [ПІВДЕННА АМЕРИКА: Кубок Лібертадорес - Груповий етап]
    45' ПІВДЕННА АМЕРИКА: Південноамериканський кубок - Груповий етап ТаблицяПерерваОлімпія Асунсьйон (Par) - Барракас Сентраль (Arg) [ПІВДЕННА АМЕРИКА: Південноамериканський кубок - Груповий етап]
    21' Рівер Плейт (Arg) - Карабобо (Ven) [ПІВДЕННА АМЕРИКА: Південноамериканський кубок - Груповий етап]
    57' Ді Сі Юнайтед - Ван Ноксвілл [США: Відкритий кубок США]
  Found: 0 candidates, 0 new, 4 permanently skipped

Done: 0 analyzed, 0 actionable, 0 TG sent

🔥 RUN #261: analyzed=0, signals=0
⏳ Next scan in 3m...
[03:54:04] Live scan
  Запуск live-скрапера (після ранкових Telegram, якщо були).
Opening: https://m.flashscore.ua/?s=2 (minute >= 60, 0:0 only)
Provider health [https://m.flashscore.ua/?s=2]: rows=28, 0:0 total=10, candidates=1
  ⏸ 0:0 ще рано (< 60'):
    25' Віла-Нова - Капітал [БРАЗИЛІЯ: Copa Centro-Oeste]
    40' Жувентуде - Шапекоенсе СК [БРАЗИЛІЯ: Copa Sul-Sudeste]
    25' Аваї - СЕР Кашіас [БРАЗИЛІЯ: Copa Sul-Sudeste]
    25' БРАЗИЛІЯ: Кубок Північного Сходу Таблиця25'Віторія - Піауї [БРАЗИЛІЯ: Кубок Північного Сходу]
    25' Спорт Ресіфі - Мараньян [БРАЗИЛІЯ: Кубок Північного Сходу]
    45' НІКАРАГУА: Прімера - Клаусура ТаблицяПерерваМатагальпа - Манагуа ФК [НІКАРАГУА: Прімера - Клаусура]
    25' ПІВДЕННА АМЕРИКА: Кубок Лібертадорес - Груповий етап Таблиця25'Корінтіанс (Bra) - Санта-Фе (Col) [ПІВДЕННА АМЕРИКА: Кубок Лібертадорес - Груповий етап]
    45' ПІВДЕННА АМЕРИКА: Південноамериканський кубок - Груповий етап ТаблицяПерерваОлімпія Асунсьйон (Par) - Барракас Сентраль (Arg) [ПІВДЕННА АМЕРИКА: Південноамериканський кубок - Груповий етап]
    25' Рівер Плейт (Arg) - Карабобо (Ven) [ПІВДЕННА АМЕРИКА: Південноамериканський кубок - Груповий етап]
  ✔ 60' Ді Сі Юнайтед - Ван Ноксвілл [США: Відкритий кубок США] id=rJNDiZCL
  Found: 1 candidates, 1 new, 4 permanently skipped

→ Ді Сі Юнайтед - Ван Ноксвілл (60') [США: Відкритий кубок США]
  Кф 1X2: 1.37 / 5.24 / 6.81
  Desktop: https://www.flashscore.ua/match/soccer/dc-united-O6hjfSXE/one-knoxville-ri2JvQgO/?mid=rJNDiZCL
  [stats] rJNDiZCL → both, 31 metrics
  Features: quality=1, primary=6, status=both
  Model v2: pGoal=0.497, pDry=0.503 sq=0.6157 state=neutral | 60-70 → SKIP

Done: 1 analyzed, 0 actionable, 0 TG sent

🔥 RUN #262: analyzed=1, signals=0
⏳ Next scan in 3m...
[03:57:28] Live scan
  Запуск live-скрапера (після ранкових Telegram, якщо були).
Opening: https://m.flashscore.ua/?s=2 (minute >= 60, 0:0 only)
Provider health [https://m.flashscore.ua/?s=2]: rows=26, 0:0 total=8, candidates=0
  ⏸ 0:0 ще рано (< 60'):
    28' БРАЗИЛІЯ: Copa Centro-Oeste Таблиця28'Віла-Нова - Капітал [БРАЗИЛІЯ: Copa Centro-Oeste]
    43' БРАЗИЛІЯ: Copa Sul-Sudeste Таблиця43'Жувентуде - Шапекоенсе СК [БРАЗИЛІЯ: Copa Sul-Sudeste]
    28' Аваї - СЕР Кашіас [БРАЗИЛІЯ: Copa Sul-Sudeste]
    28' БРАЗИЛІЯ: Кубок Північного Сходу Таблиця28'Віторія - Піауї [БРАЗИЛІЯ: Кубок Північного Сходу]
    45' НІКАРАГУА: Прімера - Клаусура ТаблицяПерерваМатагальпа - Манагуа ФК [НІКАРАГУА: Прімера - Клаусура]
    28' ПІВДЕННА АМЕРИКА: Кубок Лібертадорес - Груповий етап Таблиця28'Корінтіанс (Bra) - Санта-Фе (Col) [ПІВДЕННА АМЕРИКА: Кубок Лібертадорес - Груповий етап]
    45' ПІВДЕННА АМЕРИКА: Південноамериканський кубок - Груповий етап ТаблицяПерерваОлімпія Асунсьйон (Par) - Барракас Сентраль (Arg) [ПІВДЕННА АМЕРИКА: Південноамериканський кубок - Груповий етап]
    28' Рівер Плейт (Arg) - Карабобо (Ven) [ПІВДЕННА АМЕРИКА: Південноамериканський кубок - Груповий етап]
  Found: 0 candidates, 0 new, 4 permanently skipped

Done: 0 analyzed, 0 actionable, 0 TG sent

🔥 RUN #263: analyzed=0, signals=0
⏳ Next scan in 3m...
[04:00:39] Live scan
  Запуск live-скрапера (після ранкових Telegram, якщо були).
Opening: https://m.flashscore.ua/?s=2 (minute >= 60, 0:0 only)
Provider health [https://m.flashscore.ua/?s=2]: rows=26, 0:0 total=8, candidates=0
  ⏸ 0:0 ще рано (< 60'):
    30' БРАЗИЛІЯ: Copa Centro-Oeste Таблиця30'Віла-Нова - Капітал [БРАЗИЛІЯ: Copa Centro-Oeste]
    45' БРАЗИЛІЯ: Copa Sul-Sudeste Таблиця45'Жувентуде - Шапекоенсе СК [БРАЗИЛІЯ: Copa Sul-Sudeste]
    30' Аваї - СЕР Кашіас [БРАЗИЛІЯ: Copa Sul-Sudeste]
    30' БРАЗИЛІЯ: Кубок Північного Сходу Таблиця30'Віторія - Піауї [БРАЗИЛІЯ: Кубок Північного Сходу]
    45' НІКАРАГУА: Прімера - Клаусура ТаблицяПерерваМатагальпа - Манагуа ФК [НІКАРАГУА: Прімера - Клаусура]
    30' ПІВДЕННА АМЕРИКА: Кубок Лібертадорес - Груповий етап Таблиця30'Корінтіанс (Bra) - Санта-Фе (Col) [ПІВДЕННА АМЕРИКА: Кубок Лібертадорес - Груповий етап]
    45' ПІВДЕННА АМЕРИКА: Південноамериканський кубок - Груповий етап ТаблицяПерерваОлімпія Асунсьйон (Par) - Барракас Сентраль (Arg) [ПІВДЕННА АМЕРИКА: Південноамериканський кубок - Груповий етап]
    30' Рівер Плейт (Arg) - Карабобо (Ven) [ПІВДЕННА АМЕРИКА: Південноамериканський кубок - Груповий етап]
  Found: 0 candidates, 0 new, 4 permanently skipped

Done: 0 analyzed, 0 actionable, 0 TG sent

🔥 RUN #264: analyzed=0, signals=0
⏳ Next scan in 3m...
[04:03:50] Live scan
  Запуск live-скрапера (після ранкових Telegram, якщо були).
Opening: https://m.flashscore.ua/?s=2 (minute >= 60, 0:0 only)
Provider health [https://m.flashscore.ua/?s=2]: rows=26, 0:0 total=8, candidates=0
  ⏸ 0:0 ще рано (< 60'):
    33' БРАЗИЛІЯ: Copa Centro-Oeste Таблиця33'Віла-Нова - Капітал [БРАЗИЛІЯ: Copa Centro-Oeste]
    33' Аваї - СЕР Кашіас [БРАЗИЛІЯ: Copa Sul-Sudeste]
    3' ГОНДУРАС: Національна ліга - Клаусура Таблиця3'Хутікальпа - Платенсе [ГОНДУРАС: Національна ліга - Клаусура]
    45' НІКАРАГУА: Прімера - Клаусура ТаблицяПерерваМатагальпа - Манагуа ФК [НІКАРАГУА: Прімера - Клаусура]
    33' ПІВДЕННА АМЕРИКА: Кубок Лібертадорес - Груповий етап Таблиця33'Корінтіанс (Bra) - Санта-Фе (Col) [ПІВДЕННА АМЕРИКА: Кубок Лібертадорес - Груповий етап]
    45' ПІВДЕННА АМЕРИКА: Південноамериканський кубок - Груповий етап ТаблицяПерерваОлімпія Асунсьйон (Par) - Барракас Сентраль (Arg) [ПІВДЕННА АМЕРИКА: Південноамериканський кубок - Груповий етап]
    33' Рівер Плейт (Arg) - Карабобо (Ven) [ПІВДЕННА АМЕРИКА: Південноамериканський кубок - Груповий етап]
  Found: 0 candidates, 0 new, 4 permanently skipped

Done: 0 analyzed, 0 actionable, 0 TG sent

🔥 RUN #265: analyzed=0, signals=0
⏳ Next scan in 3m...
[04:07:01] Live scan
  Запуск live-скрапера (після ранкових Telegram, якщо були).
Opening: https://m.flashscore.ua/?s=2 (minute >= 60, 0:0 only)
Provider health [https://m.flashscore.ua/?s=2]: rows=29, 0:0 total=11, candidates=0
  ⏸ 0:0 ще рано (< 60'):
    37' БРАЗИЛІЯ: Copa Centro-Oeste Таблиця37'Віла-Нова - Капітал [БРАЗИЛІЯ: Copa Centro-Oeste]
    45' БРАЗИЛІЯ: Copa Sul-Sudeste ТаблицяПерерваЖувентуде - Шапекоенсе СК [БРАЗИЛІЯ: Copa Sul-Sudeste]
    37' Аваї - СЕР Кашіас [БРАЗИЛІЯ: Copa Sul-Sudeste]
    7' ГОНДУРАС: Національна ліга - Клаусура Таблиця7'Хутікальпа - Платенсе [ГОНДУРАС: Національна ліга - Клаусура]
    7' КОСТА-РИКА: Кубок Коста-Рики7'Спортінг ФК - Сапрісса [КОСТА-РИКА: Кубок Коста-Рики]
    45' НІКАРАГУА: Прімера - Клаусура ТаблицяПерерваМатагальпа - Манагуа ФК [НІКАРАГУА: Прімера - Клаусура]
    37' ПІВДЕННА АМЕРИКА: Кубок Лібертадорес - Груповий етап Таблиця37'Корінтіанс (Bra) - Санта-Фе (Col) [ПІВДЕННА АМЕРИКА: Кубок Лібертадорес - Груповий етап]
    45' ПІВДЕННА АМЕРИКА: Південноамериканський кубок - Груповий етап ТаблицяПерерваОлімпія Асунсьйон (Par) - Барракас Сентраль (Arg) [ПІВДЕННА АМЕРИКА: Південноамериканський кубок - Груповий етап]
    37' Рівер Плейт (Arg) - Карабобо (Ven) [ПІВДЕННА АМЕРИКА: Південноамериканський кубок - Груповий етап]
    7' САЛЬВАДОР: Прімера - Клаусура Таблиця7'Zacatecoluca - Мунісіпаль Ліменьйо [САЛЬВАДОР: Прімера - Клаусура]
    7' Луїс Анхель Фірпо - Метапан [САЛЬВАДОР: Прімера - Клаусура]
  Found: 0 candidates, 0 new, 4 permanently skipped

Done: 0 analyzed, 0 actionable, 0 TG sent

🔥 RUN #266: analyzed=0, signals=0
⏳ Next scan in 3m...
[04:10:11] Live scan
  Запуск live-скрапера (після ранкових Telegram, якщо були).
Opening: https://m.flashscore.ua/?s=2 (minute >= 60, 0:0 only)
Provider health [https://m.flashscore.ua/?s=2]: rows=31, 0:0 total=12, candidates=0
  ⏸ 0:0 ще рано (< 60'):
    40' БРАЗИЛІЯ: Copa Centro-Oeste Таблиця40'Віла-Нова - Капітал [БРАЗИЛІЯ: Copa Centro-Oeste]
    45' БРАЗИЛІЯ: Copa Sul-Sudeste ТаблицяПерерваЖувентуде - Шапекоенсе СК [БРАЗИЛІЯ: Copa Sul-Sudeste]
    40' Аваї - СЕР Кашіас [БРАЗИЛІЯ: Copa Sul-Sudeste]
    10' ГОНДУРАС: Національна ліга - Клаусура Таблиця10'Хутікальпа - Платенсе [ГОНДУРАС: Національна ліга - Клаусура]
    10' КОСТА-РИКА: Кубок Коста-Рики10'Спортінг ФК - Сапрісса [КОСТА-РИКА: Кубок Коста-Рики]
    10' МЕКСИКА: Ліга Прем'єр Серія А - Reserves - Play Offs10'Селая - Леонес Негрос 2 [МЕКСИКА: Ліга Прем'єр Серія А - Reserves - Play Offs]
    51' НІКАРАГУА: Прімера - Клаусура Таблиця51'Матагальпа - Манагуа ФК [НІКАРАГУА: Прімера - Клаусура]
    40' ПІВДЕННА АМЕРИКА: Кубок Лібертадорес - Груповий етап Таблиця40'Корінтіанс (Bra) - Санта-Фе (Col) [ПІВДЕННА АМЕРИКА: Кубок Лібертадорес - Груповий етап]
    50' ПІВДЕННА АМЕРИКА: Південноамериканський кубок - Груповий етап Таблиця50'Олімпія Асунсьйон (Par) - Барракас Сентраль (Arg) [ПІВДЕННА АМЕРИКА: Південноамериканський кубок - Груповий етап]
    40' Рівер Плейт (Arg) - Карабобо (Ven) [ПІВДЕННА АМЕРИКА: Південноамериканський кубок - Груповий етап]
    10' ПІВНІЧНА ТА ЦЕНТРАЛЬНА АМЕРИКА: Кубок чемпіонів КОНКАКАФ10'Лос-Анджелес Гелаксі - Толука [ПІВНІЧНА ТА ЦЕНТРАЛЬНА АМЕРИКА: Кубок чемпіонів КОНКАКАФ]
    10' Луїс Анхель Фірпо - Метапан [САЛЬВАДОР: Прімера - Клаусура]
  Found: 0 candidates, 0 new, 4 permanently skipped

Done: 0 analyzed, 0 actionable, 0 TG sent

🔥 RUN #267: analyzed=0, signals=0
⏳ Next scan in 3m...
[04:13:21] Live scan
  Запуск live-скрапера (після ранкових Telegram, якщо були).
Opening: https://m.flashscore.ua/?s=2 (minute >= 60, 0:0 only)
Provider health [https://m.flashscore.ua/?s=2]: rows=31, 0:0 total=10, candidates=0
  ⏸ 0:0 ще рано (< 60'):
    43' БРАЗИЛІЯ: Copa Centro-Oeste Таблиця43'Віла-Нова - Капітал [БРАЗИЛІЯ: Copa Centro-Oeste]
    45' БРАЗИЛІЯ: Copa Sul-Sudeste ТаблицяПерерваЖувентуде - Шапекоенсе СК [БРАЗИЛІЯ: Copa Sul-Sudeste]
    43' Аваї - СЕР Кашіас [БРАЗИЛІЯ: Copa Sul-Sudeste]
    13' ГОНДУРАС: Національна ліга - Клаусура Таблиця13'Хутікальпа - Платенсе [ГОНДУРАС: Національна ліга - Клаусура]
    13' КОСТА-РИКА: Кубок Коста-Рики13'Спортінг ФК - Сапрісса [КОСТА-РИКА: Кубок Коста-Рики]
    43' ПІВДЕННА АМЕРИКА: Кубок Лібертадорес - Груповий етап Таблиця43'Корінтіанс (Bra) - Санта-Фе (Col) [ПІВДЕННА АМЕРИКА: Кубок Лібертадорес - Груповий етап]
    53' ПІВДЕННА АМЕРИКА: Південноамериканський кубок - Груповий етап Таблиця53'Олімпія Асунсьйон (Par) - Барракас Сентраль (Arg) [ПІВДЕННА АМЕРИКА: Південноамериканський кубок - Груповий етап]
    43' Рівер Плейт (Arg) - Карабобо (Ven) [ПІВДЕННА АМЕРИКА: Південноамериканський кубок - Груповий етап]
    13' ПІВНІЧНА ТА ЦЕНТРАЛЬНА АМЕРИКА: Кубок чемпіонів КОНКАКАФ13'Лос-Анджелес Гелаксі - Толука [ПІВНІЧНА ТА ЦЕНТРАЛЬНА АМЕРИКА: Кубок чемпіонів КОНКАКАФ]
    13' Луїс Анхель Фірпо - Метапан [САЛЬВАДОР: Прімера - Клаусура]
  Found: 0 candidates, 0 new, 4 permanently skipped

Done: 0 analyzed, 0 actionable, 0 TG sent

🔥 RUN #268: analyzed=0, signals=0
⏳ Next scan in 3m...
[04:16:31] Live scan
  Запуск live-скрапера (після ранкових Telegram, якщо були).
Opening: https://m.flashscore.ua/?s=2 (minute >= 60, 0:0 only)
Provider health [https://m.flashscore.ua/?s=2]: rows=31, 0:0 total=10, candidates=0
  ⏸ 0:0 ще рано (< 60'):
    45' БРАЗИЛІЯ: Copa Sul-Sudeste ТаблицяПерерваЖувентуде - Шапекоенсе СК [БРАЗИЛІЯ: Copa Sul-Sudeste]
    16' ГОНДУРАС: Національна ліга - Клаусура Таблиця16'Хутікальпа - Платенсе [ГОНДУРАС: Національна ліга - Клаусура]
    16' КОСТА-РИКА: Кубок Коста-Рики16'Спортінг ФК - Сапрісса [КОСТА-РИКА: Кубок Коста-Рики]
    56' ПІВДЕННА АМЕРИКА: Південноамериканський кубок - Груповий етап Таблиця56'Олімпія Асунсьйон (Par) - Барракас Сентраль (Arg) [ПІВДЕННА АМЕРИКА: Південноамериканський кубок - Груповий етап]
    16' ПІВНІЧНА ТА ЦЕНТРАЛЬНА АМЕРИКА: Кубок чемпіонів КОНКАКАФ16'Лос-Анджелес Гелаксі - Толука [ПІВНІЧНА ТА ЦЕНТРАЛЬНА АМЕРИКА: Кубок чемпіонів КОНКАКАФ]
    16' Луїс Анхель Фірпо - Метапан [САЛЬВАДОР: Прімера - Клаусура]
  Found: 0 candidates, 0 new, 4 permanently skipped

Done: 0 analyzed, 0 actionable, 0 TG sent

🔥 RUN #269: analyzed=0, signals=0
⏳ Next scan in 3m...
[04:19:41] Live scan
  Запуск live-скрапера (після ранкових Telegram, якщо були).
Opening: https://m.flashscore.ua/?s=2 (minute >= 60, 0:0 only)
Provider health [https://m.flashscore.ua/?s=2]: rows=31, 0:0 total=9, candidates=0
  ⏸ 0:0 ще рано (< 60'):
    45' БРАЗИЛІЯ: Copa Sul-Sudeste ТаблицяПерерваЖувентуде - Шапекоенсе СК [БРАЗИЛІЯ: Copa Sul-Sudeste]
    20' ГОНДУРАС: Національна ліга - Клаусура Таблиця20'Хутікальпа - Платенсе [ГОНДУРАС: Національна ліга - Клаусура]
    20' КОСТА-РИКА: Кубок Коста-Рики20'Спортінг ФК - Сапрісса [КОСТА-РИКА: Кубок Коста-Рики]
    59' ПІВДЕННА АМЕРИКА: Південноамериканський кубок - Груповий етап Таблиця59'Олімпія Асунсьйон (Par) - Барракас Сентраль (Arg) [ПІВДЕННА АМЕРИКА: Південноамериканський кубок - Груповий етап]
    20' Луїс Анхель Фірпо - Метапан [САЛЬВАДОР: Прімера - Клаусура]
  Found: 0 candidates, 0 new, 4 permanently skipped

Done: 0 analyzed, 0 actionable, 0 TG sent

🔥 RUN #270: analyzed=0, signals=0
⏳ Next scan in 3m...
[04:22:51] Live scan
  Запуск live-скрапера (після ранкових Telegram, якщо були).
Opening: https://m.flashscore.ua/?s=2 (minute >= 60, 0:0 only)
Provider health [https://m.flashscore.ua/?s=2]: rows=31, 0:0 total=8, candidates=1
  ⏸ 0:0 ще рано (< 60'):
    45' БРАЗИЛІЯ: Copa Centro-Oeste ТаблицяПерерваВіла-Нова - Капітал [БРАЗИЛІЯ: Copa Centro-Oeste]
    48' БРАЗИЛІЯ: Copa Sul-Sudeste Таблиця48'Жувентуде - Шапекоенсе СК [БРАЗИЛІЯ: Copa Sul-Sudeste]
    45' Аваї - СЕР Кашіас [БРАЗИЛІЯ: Copa Sul-Sudeste]
    23' ГОНДУРАС: Національна ліга - Клаусура Таблиця23'Хутікальпа - Платенсе [ГОНДУРАС: Національна ліга - Клаусура]
    23' КОСТА-РИКА: Кубок Коста-Рики23'Спортінг ФК - Сапрісса [КОСТА-РИКА: Кубок Коста-Рики]
    45' ПІВДЕННА АМЕРИКА: Кубок Лібертадорес - Груповий етап ТаблицяПерерваКорінтіанс (Bra) - Санта-Фе (Col) [ПІВДЕННА АМЕРИКА: Кубок Лібертадорес - Груповий етап]
    45' Рівер Плейт (Arg) - Карабобо (Ven) [ПІВДЕННА АМЕРИКА: Південноамериканський кубок - Груповий етап]
  ✔ 63' ПІВДЕННА АМЕРИКА: Південноамериканський кубок - Груповий етап Таблиця63'Олімпія Асунсьйон (Par) - Барракас Сентраль (Arg) [ПІВДЕННА АМЕРИКА: Південноамериканський кубок - Груповий етап] id=lSlJCyxq
  Found: 1 candidates, 1 new, 4 permanently skipped

→ ПІВДЕННА АМЕРИКА: Південноамериканський кубок - Груповий етап Таблиця63'Олімпія Асунсьйон (Par) - Барракас Сентраль (Arg) (63') [ПІВДЕННА АМЕРИКА: Південноамериканський кубок - Груповий етап]
  Кф 1X2: 1.69 / 3.61 / 6.15
  Desktop: https://www.flashscore.ua/match/soccer/barracas-central-hW08cP6J/olimpia-asuncion-b9eesWQG/?mid=lSlJCyxq
  [stats] lSlJCyxq → both, 33 metrics
  Features: quality=1, primary=6, status=both
  Model v2: pGoal=0.369, pDry=0.631 sq=0.7557 state=dry | 60-70 → SKIP

Done: 1 analyzed, 0 actionable, 0 TG sent

🔥 RUN #271: analyzed=1, signals=0
⏳ Next scan in 3m...
[04:26:13] Live scan
  Запуск live-скрапера (після ранкових Telegram, якщо були).
Opening: https://m.flashscore.ua/?s=2 (minute >= 60, 0:0 only)
Provider health [https://m.flashscore.ua/?s=2]: rows=31, 0:0 total=8, candidates=1
  ⏸ 0:0 ще рано (< 60'):
    45' БРАЗИЛІЯ: Copa Centro-Oeste ТаблицяПерерваВіла-Нова - Капітал [БРАЗИЛІЯ: Copa Centro-Oeste]
    51' БРАЗИЛІЯ: Copa Sul-Sudeste Таблиця51'Жувентуде - Шапекоенсе СК [БРАЗИЛІЯ: Copa Sul-Sudeste]
    45' Аваї - СЕР Кашіас [БРАЗИЛІЯ: Copa Sul-Sudeste]
    26' ГОНДУРАС: Національна ліга - Клаусура Таблиця26'Хутікальпа - Платенсе [ГОНДУРАС: Національна ліга - Клаусура]
    26' КОСТА-РИКА: Кубок Коста-Рики26'Спортінг ФК - Сапрісса [КОСТА-РИКА: Кубок Коста-Рики]
    45' ПІВДЕННА АМЕРИКА: Кубок Лібертадорес - Груповий етап ТаблицяПерерваКорінтіанс (Bra) - Санта-Фе (Col) [ПІВДЕННА АМЕРИКА: Кубок Лібертадорес - Груповий етап]
    45' Рівер Плейт (Arg) - Карабобо (Ven) [ПІВДЕННА АМЕРИКА: Південноамериканський кубок - Груповий етап]
  ✔ 66' ПІВДЕННА АМЕРИКА: Південноамериканський кубок - Груповий етап Таблиця66'Олімпія Асунсьйон (Par) - Барракас Сентраль (Arg) [ПІВДЕННА АМЕРИКА: Південноамериканський кубок - Груповий етап] id=lSlJCyxq
  Found: 1 candidates, 1 new, 4 permanently skipped

→ ПІВДЕННА АМЕРИКА: Південноамериканський кубок - Груповий етап Таблиця66'Олімпія Асунсьйон (Par) - Барракас Сентраль (Arg) (66') [ПІВДЕННА АМЕРИКА: Південноамериканський кубок - Груповий етап]
  Кф 1X2: 1.69 / 3.61 / 6.15
  Desktop: https://www.flashscore.ua/match/soccer/barracas-central-hW08cP6J/olimpia-asuncion-b9eesWQG/?mid=lSlJCyxq
  [stats] lSlJCyxq → both, 33 metrics
  Features: quality=1, primary=6, status=both
  Model v2: pGoal=0.439, pDry=0.561 sq=0.6914 state=dry | 60-70 → UNDER_0_5 | Δ2H SOT=0 xG=0 (Δ3′ матчу) [TG]
Message sent to Telegram
  ✓ Telegram sent

Done: 1 analyzed, 1 actionable, 1 TG sent
📌 Tracking 1 active prediction(s)

🔥 RUN #272: analyzed=1, signals=1
⏳ Next scan in 3m...
[04:29:36] Live scan
  Запуск live-скрапера (після ранкових Telegram, якщо були).
Opening: https://m.flashscore.ua/?s=2 (minute >= 60, 0:0 only)
Provider health [https://m.flashscore.ua/?s=2]: rows=28, 0:0 total=10, candidates=1
  ⏸ 0:0 ще рано (< 60'):
    45' БРАЗИЛІЯ: Copa Centro-Oeste ТаблицяПерерваВіла-Нова - Капітал [БРАЗИЛІЯ: Copa Centro-Oeste]
    54' БРАЗИЛІЯ: Copa Sul-Sudeste Таблиця54'Жувентуде - Шапекоенсе СК [БРАЗИЛІЯ: Copa Sul-Sudeste]
    45' Аваї - СЕР Кашіас [БРАЗИЛІЯ: Copa Sul-Sudeste]
    30' ГОНДУРАС: Національна ліга - Клаусура Таблиця30'Хутікальпа - Платенсе [ГОНДУРАС: Національна ліга - Клаусура]
    30' КОСТА-РИКА: Кубок Коста-Рики30'Спортінг ФК - Сапрісса [КОСТА-РИКА: Кубок Коста-Рики]
    45' ПІВДЕННА АМЕРИКА: Кубок Лібертадорес - Груповий етап ТаблицяПерерваКорінтіанс (Bra) - Санта-Фе (Col) [ПІВДЕННА АМЕРИКА: Кубок Лібертадорес - Груповий етап]
    45' Рівер Плейт (Arg) - Карабобо (Ven) [ПІВДЕННА АМЕРИКА: Південноамериканський кубок - Груповий етап]
    1' Inter F.A - ФАС [САЛЬВАДОР: Прімера - Клаусура]
    1' ФК Альянса - Агіла [САЛЬВАДОР: Прімера - Клаусура]
  ✔ 69' ПІВДЕННА АМЕРИКА: Південноамериканський кубок - Груповий етап Таблиця69'Олімпія Асунсьйон (Par) - Барракас Сентраль (Arg) [ПІВДЕННА АМЕРИКА: Південноамериканський кубок - Груповий етап] id=lSlJCyxq
  Found: 1 candidates, 1 new, 4 permanently skipped

→ ПІВДЕННА АМЕРИКА: Південноамериканський кубок - Груповий етап Таблиця69'Олімпія Асунсьйон (Par) - Барракас Сентраль (Arg) (69') [ПІВДЕННА АМЕРИКА: Південноамериканський кубок - Груповий етап]
  Кф 1X2: 1.69 / 3.61 / 6.15
  Desktop: https://www.flashscore.ua/match/soccer/barracas-central-hW08cP6J/olimpia-asuncion-b9eesWQG/?mid=lSlJCyxq
  [stats] lSlJCyxq → both, 33 metrics
  Features: quality=1, primary=6, status=both
  Model v2: pGoal=0.439, pDry=0.561 sq=0.7071 state=dry | 60-70 → UNDER_0_5 | Δ2H SOT=0 xG=0 (Δ3′ матчу) [TG]
  ↻ Re-analysis done (no change)

Done: 1 analyzed, 1 actionable, 0 TG sent
📌 Tracking 1 active prediction(s)

🔥 RUN #273: analyzed=1, signals=0
⏳ Next scan in 3m...
[04:32:59] Live scan
  Запуск live-скрапера (після ранкових Telegram, якщо були).
Opening: https://m.flashscore.ua/?s=2 (minute >= 60, 0:0 only)
Provider health [https://m.flashscore.ua/?s=2]: rows=27, 0:0 total=10, candidates=1
  ⏸ 0:0 ще рано (< 60'):
    45' БРАЗИЛІЯ: Copa Centro-Oeste ТаблицяПерерваВіла-Нова - Капітал [БРАЗИЛІЯ: Copa Centro-Oeste]
    58' БРАЗИЛІЯ: Copa Sul-Sudeste Таблиця58'Жувентуде - Шапекоенсе СК [БРАЗИЛІЯ: Copa Sul-Sudeste]
    45' Аваї - СЕР Кашіас [БРАЗИЛІЯ: Copa Sul-Sudeste]
    33' ГОНДУРАС: Національна ліга - Клаусура Таблиця33'Хутікальпа - Платенсе [ГОНДУРАС: Національна ліга - Клаусура]
    33' КОСТА-РИКА: Кубок Коста-Рики33'Спортінг ФК - Сапрісса [КОСТА-РИКА: Кубок Коста-Рики]
    45' ПІВДЕННА АМЕРИКА: Кубок Лібертадорес - Груповий етап ТаблицяПерерваКорінтіанс (Bra) - Санта-Фе (Col) [ПІВДЕННА АМЕРИКА: Кубок Лібертадорес - Груповий етап]
    45' Рівер Плейт (Arg) - Карабобо (Ven) [ПІВДЕННА АМЕРИКА: Південноамериканський кубок - Груповий етап]
    3' Inter F.A - ФАС [САЛЬВАДОР: Прімера - Клаусура]
    3' ФК Альянса - Агіла [САЛЬВАДОР: Прімера - Клаусура]
  ✔ 73' ПІВДЕННА АМЕРИКА: Південноамериканський кубок - Груповий етап Таблиця73'Олімпія Асунсьйон (Par) - Барракас Сентраль (Arg) [ПІВДЕННА АМЕРИКА: Південноамериканський кубок - Груповий етап] id=lSlJCyxq
  Found: 1 candidates, 1 new, 4 permanently skipped

→ ПІВДЕННА АМЕРИКА: Південноамериканський кубок - Груповий етап Таблиця73'Олімпія Асунсьйон (Par) - Барракас Сентраль (Arg) (73') [ПІВДЕННА АМЕРИКА: Південноамериканський кубок - Груповий етап]
  Кф 1X2: 1.69 / 3.61 / 6.15
  Desktop: https://www.flashscore.ua/match/soccer/barracas-central-hW08cP6J/olimpia-asuncion-b9eesWQG/?mid=lSlJCyxq
  [stats] lSlJCyxq → both, 33 metrics
  Features: quality=1, primary=6, status=both
  Model v2: pGoal=0.399, pDry=0.601 sq=0.8029 state=dry | 70-80 → UNDER_0_5 | Δ2H SOT=0 xG=0 (Δ4′ матчу) [TG]
  ↻ Re-analysis done (no change)

Done: 1 analyzed, 1 actionable, 0 TG sent
📌 Tracking 1 active prediction(s)

🔥 RUN #274: analyzed=1, signals=0
⏳ Next scan in 3m...
[04:36:21] Live scan
  Запуск live-скрапера (після ранкових Telegram, якщо були).
Opening: https://m.flashscore.ua/?s=2 (minute >= 60, 0:0 only)
Provider health [https://m.flashscore.ua/?s=2]: rows=27, 0:0 total=10, candidates=2
  ⏸ 0:0 ще рано (< 60'):
    47' БРАЗИЛІЯ: Copa Centro-Oeste Таблиця47'Віла-Нова - Капітал [БРАЗИЛІЯ: Copa Centro-Oeste]
    47' Аваї - СЕР Кашіас [БРАЗИЛІЯ: Copa Sul-Sudeste]
    37' ГОНДУРАС: Національна ліга - Клаусура Таблиця37'Хутікальпа - Платенсе [ГОНДУРАС: Національна ліга - Клаусура]
    37' КОСТА-РИКА: Кубок Коста-Рики37'Спортінг ФК - Сапрісса [КОСТА-РИКА: Кубок Коста-Рики]
    47' ПІВДЕННА АМЕРИКА: Кубок Лібертадорес - Груповий етап Таблиця47'Корінтіанс (Bra) - Санта-Фе (Col) [ПІВДЕННА АМЕРИКА: Кубок Лібертадорес - Груповий етап]
    45' Рівер Плейт (Arg) - Карабобо (Ven) [ПІВДЕННА АМЕРИКА: Південноамериканський кубок - Груповий етап]
    7' Inter F.A - ФАС [САЛЬВАДОР: Прімера - Клаусура]
    7' ФК Альянса - Агіла [САЛЬВАДОР: Прімера - Клаусура]
  ✔ 61' БРАЗИЛІЯ: Copa Sul-Sudeste Таблиця61'Жувентуде - Шапекоенсе СК [БРАЗИЛІЯ: Copa Sul-Sudeste] id=E9YKmXgo
  ✔ 76' ПІВДЕННА АМЕРИКА: Південноамериканський кубок - Груповий етап Таблиця76'Олімпія Асунсьйон (Par) - Барракас Сентраль (Arg) [ПІВДЕННА АМЕРИКА: Південноамериканський кубок - Груповий етап] id=lSlJCyxq
  Found: 2 candidates, 2 new, 4 permanently skipped

→ БРАЗИЛІЯ: Copa Sul-Sudeste Таблиця61'Жувентуде - Шапекоенсе СК (61') [БРАЗИЛІЯ: Copa Sul-Sudeste]

→ ПІВДЕННА АМЕРИКА: Південноамериканський кубок - Груповий етап Таблиця76'Олімпія Асунсьйон (Par) - Барракас Сентраль (Arg) (76') [ПІВДЕННА АМЕРИКА: Південноамериканський кубок - Груповий етап]
  Кф 1X2: 2.34 / 3.16 / 2.96
  Кф 1X2: 1.69 / 3.61 / 6.15
  Desktop: https://www.flashscore.ua/match/soccer/chapecoense-sc-jcQV3XP6/ec-juventude-GS36K259/?mid=E9YKmXgo
  Desktop: https://www.flashscore.ua/match/soccer/barracas-central-hW08cP6J/olimpia-asuncion-b9eesWQG/?mid=lSlJCyxq
  [stats] lSlJCyxq → both, 33 metrics
  Features: quality=1, primary=6, status=both
  Model v2: pGoal=0.469, pDry=0.531 sq=0.7386 state=dry | 70-80 → SKIP | Δ2H SOT=0 xG=0 (Δ3′ матчу)
  ⚠ DOM ALERT [E9YKmXgo]: PAGE_ERROR — secondHalf: Navigation timeout of 20000 ms exceeded
  [stats] E9YKmXgo → overall_only, 6 metrics
  Features: quality=0.23, primary=2, status=overall_only
  Model v2: pGoal=0.348, pDry=0.652 sq=0.509 state=dry | 60-70 → SKIP

Done: 2 analyzed, 0 actionable, 0 TG sent
📌 Tracking 1 active prediction(s)

🔥 RUN #275: analyzed=2, signals=0
⏳ Next scan in 3m...
[04:40:01] Live scan
  Запуск live-скрапера (після ранкових Telegram, якщо були).
Opening: https://m.flashscore.ua/?s=2 (minute >= 60, 0:0 only)
Provider health [https://m.flashscore.ua/?s=2]: rows=27, 0:0 total=9, candidates=2
  ⏸ 0:0 ще рано (< 60'):
    51' БРАЗИЛІЯ: Copa Centro-Oeste Таблиця51'Віла-Нова - Капітал [БРАЗИЛІЯ: Copa Centro-Oeste]
    50' Аваї - СЕР Кашіас [БРАЗИЛІЯ: Copa Sul-Sudeste]
    40' КОСТА-РИКА: Кубок Коста-Рики40'Спортінг ФК - Сапрісса [КОСТА-РИКА: Кубок Коста-Рики]
    51' ПІВДЕННА АМЕРИКА: Кубок Лібертадорес - Груповий етап Таблиця51'Корінтіанс (Bra) - Санта-Фе (Col) [ПІВДЕННА АМЕРИКА: Кубок Лібертадорес - Груповий етап]
    49' Рівер Плейт (Arg) - Карабобо (Ven) [ПІВДЕННА АМЕРИКА: Південноамериканський кубок - Груповий етап]
    10' Inter F.A - ФАС [САЛЬВАДОР: Прімера - Клаусура]
    10' ФК Альянса - Агіла [САЛЬВАДОР: Прімера - Клаусура]
  ✔ 65' БРАЗИЛІЯ: Copa Sul-Sudeste Таблиця65'Жувентуде - Шапекоенсе СК [БРАЗИЛІЯ: Copa Sul-Sudeste] id=E9YKmXgo
  ✔ 80' ПІВДЕННА АМЕРИКА: Південноамериканський кубок - Груповий етап Таблиця80'Олімпія Асунсьйон (Par) - Барракас Сентраль (Arg) [ПІВДЕННА АМЕРИКА: Південноамериканський кубок - Груповий етап] id=lSlJCyxq
  Found: 2 candidates, 2 new, 4 permanently skipped

→ БРАЗИЛІЯ: Copa Sul-Sudeste Таблиця65'Жувентуде - Шапекоенсе СК (65') [БРАЗИЛІЯ: Copa Sul-Sudeste]

→ ПІВДЕННА АМЕРИКА: Південноамериканський кубок - Груповий етап Таблиця80'Олімпія Асунсьйон (Par) - Барракас Сентраль (Arg) (80') [ПІВДЕННА АМЕРИКА: Південноамериканський кубок - Груповий етап]
  Кф 1X2: 2.34 / 3.16 / 2.96
  Кф 1X2: 1.69 / 3.61 / 6.15
  Desktop: https://www.flashscore.ua/match/soccer/chapecoense-sc-jcQV3XP6/ec-juventude-GS36K259/?mid=E9YKmXgo
  Desktop: https://www.flashscore.ua/match/soccer/barracas-central-hW08cP6J/olimpia-asuncion-b9eesWQG/?mid=lSlJCyxq
  [stats] lSlJCyxq → both, 33 metrics
  Features: quality=1, primary=6, status=both
  Model v2: pGoal=0.399, pDry=0.601 sq=0.8343 state=dry | 80-90+ → SKIP | Δ2H SOT=0 xG=0 (Δ4′ матчу)
  ⚠ DOM ALERT [E9YKmXgo]: PAGE_ERROR — secondHalf: Navigation timeout of 20000 ms exceeded
  [stats] E9YKmXgo → overall_only, 6 metrics
  Features: quality=0.23, primary=2, status=overall_only
  Model v2: pGoal=0.348, pDry=0.652 sq=0.509 state=dry | 60-70 → SKIP

Done: 2 analyzed, 0 actionable, 0 TG sent
📌 Tracking 1 active prediction(s)

🔥 RUN #276: analyzed=2, signals=0
Message sent to Telegram
⏳ Next scan in 3m...
[04:43:42] Live scan
  Запуск live-скрапера (після ранкових Telegram, якщо були).
Opening: https://m.flashscore.ua/?s=2 (minute >= 60, 0:0 only)
Provider health [https://m.flashscore.ua/?s=2]: rows=27, 0:0 total=7, candidates=2
  ⏸ 0:0 ще рано (< 60'):
    54' БРАЗИЛІЯ: Copa Centro-Oeste Таблиця54'Віла-Нова - Капітал [БРАЗИЛІЯ: Copa Centro-Oeste]
    44' КОСТА-РИКА: Кубок Коста-Рики44'Спортінг ФК - Сапрісса [КОСТА-РИКА: Кубок Коста-Рики]
    53' Рівер Плейт (Arg) - Карабобо (Ven) [ПІВДЕННА АМЕРИКА: Південноамериканський кубок - Груповий етап]
    14' Inter F.A - ФАС [САЛЬВАДОР: Прімера - Клаусура]
    14' ФК Альянса - Агіла [САЛЬВАДОР: Прімера - Клаусура]
  ✔ 68' БРАЗИЛІЯ: Copa Sul-Sudeste Таблиця68'Жувентуде - Шапекоенсе СК [БРАЗИЛІЯ: Copa Sul-Sudeste] id=E9YKmXgo
  ✔ 83' ПІВДЕННА АМЕРИКА: Південноамериканський кубок - Груповий етап Таблиця83'Олімпія Асунсьйон (Par) - Барракас Сентраль (Arg) [ПІВДЕННА АМЕРИКА: Південноамериканський кубок - Груповий етап] id=lSlJCyxq
  Found: 2 candidates, 2 new, 4 permanently skipped

→ БРАЗИЛІЯ: Copa Sul-Sudeste Таблиця68'Жувентуде - Шапекоенсе СК (68') [БРАЗИЛІЯ: Copa Sul-Sudeste]

→ ПІВДЕННА АМЕРИКА: Південноамериканський кубок - Груповий етап Таблиця83'Олімпія Асунсьйон (Par) - Барракас Сентраль (Arg) (83') [ПІВДЕННА АМЕРИКА: Південноамериканський кубок - Груповий етап]
  Кф 1X2: 2.34 / 3.16 / 2.96
  Кф 1X2: 1.69 / 3.61 / 6.15
  Desktop: https://www.flashscore.ua/match/soccer/barracas-central-hW08cP6J/olimpia-asuncion-b9eesWQG/?mid=lSlJCyxq
  Desktop: https://www.flashscore.ua/match/soccer/chapecoense-sc-jcQV3XP6/ec-juventude-GS36K259/?mid=E9YKmXgo
  ⚠ DOM ALERT [E9YKmXgo]: PAGE_ERROR — secondHalf: Navigation timeout of 20000 ms exceeded
  [stats] E9YKmXgo → overall_only, 6 metrics
  ⚠ DOM ALERT [lSlJCyxq]: PAGE_ERROR — secondHalf: Navigation timeout of 20000 ms exceeded
  [stats] lSlJCyxq → overall_only, 33 metrics
  Features: quality=0.23, primary=2, status=overall_only
  Model v2: pGoal=0.348, pDry=0.652 sq=0.509 state=dry | 60-70 → SKIP
  Features: quality=1, primary=6, status=overall_only
  Model v2: pGoal=0.399, pDry=0.601 sq=0.74 state=dry | 80-90+ → SKIP

Done: 2 analyzed, 0 actionable, 0 TG sent
📌 Tracking 1 active prediction(s)

🔥 RUN #277: analyzed=2, signals=0
⏳ Next scan in 3m...
[04:47:24] Live scan
  Запуск live-скрапера (після ранкових Telegram, якщо були).
Opening: https://m.flashscore.ua/?s=2 (minute >= 60, 0:0 only)
Provider health [https://m.flashscore.ua/?s=2]: rows=27, 0:0 total=6, candidates=2
  ⏸ 0:0 ще рано (< 60'):
    58' БРАЗИЛІЯ: Copa Centro-Oeste Таблиця58'Віла-Нова - Капітал [БРАЗИЛІЯ: Copa Centro-Oeste]
    56' Рівер Плейт (Arg) - Карабобо (Ven) [ПІВДЕННА АМЕРИКА: Південноамериканський кубок - Груповий етап]
    17' Inter F.A - ФАС [САЛЬВАДОР: Прімера - Клаусура]
    17' ФК Альянса - Агіла [САЛЬВАДОР: Прімера - Клаусура]
  ✔ 72' БРАЗИЛІЯ: Copa Sul-Sudeste Таблиця72'Жувентуде - Шапекоенсе СК [БРАЗИЛІЯ: Copa Sul-Sudeste] id=E9YKmXgo
  ✔ 87' ПІВДЕННА АМЕРИКА: Південноамериканський кубок - Груповий етап Таблиця87'Олімпія Асунсьйон (Par) - Барракас Сентраль (Arg) [ПІВДЕННА АМЕРИКА: Південноамериканський кубок - Груповий етап] id=lSlJCyxq
  Found: 2 candidates, 2 new, 4 permanently skipped

→ БРАЗИЛІЯ: Copa Sul-Sudeste Таблиця72'Жувентуде - Шапекоенсе СК (72') [БРАЗИЛІЯ: Copa Sul-Sudeste]

→ ПІВДЕННА АМЕРИКА: Південноамериканський кубок - Груповий етап Таблиця87'Олімпія Асунсьйон (Par) - Барракас Сентраль (Arg) (87') [ПІВДЕННА АМЕРИКА: Південноамериканський кубок - Груповий етап]
  Кф 1X2: 2.34 / 3.16 / 2.96
  Кф 1X2: 1.69 / 3.61 / 6.15
  Desktop: https://www.flashscore.ua/match/soccer/chapecoense-sc-jcQV3XP6/ec-juventude-GS36K259/?mid=E9YKmXgo
  Desktop: https://www.flashscore.ua/match/soccer/barracas-central-hW08cP6J/olimpia-asuncion-b9eesWQG/?mid=lSlJCyxq
  [stats] lSlJCyxq → both, 33 metrics
  Features: quality=1, primary=6, status=both
  Model v2: pGoal=0.399, pDry=0.601 sq=0.7557 state=dry | 80-90+ → SKIP
  ⚠ DOM ALERT [E9YKmXgo]: PAGE_ERROR — secondHalf: Navigation timeout of 20000 ms exceeded
  [stats] E9YKmXgo → overall_only, 6 metrics
  Features: quality=0.23, primary=2, status=overall_only
  Model v2: pGoal=0.348, pDry=0.652 sq=0.509 state=dry | 70-80 → SKIP

Done: 2 analyzed, 0 actionable, 0 TG sent
📌 Tracking 1 active prediction(s)

🔥 RUN #278: analyzed=2, signals=0
⏳ Next scan in 3m...
[04:51:04] Live scan
  Запуск live-скрапера (після ранкових Telegram, якщо були).
Opening: https://m.flashscore.ua/?s=2 (minute >= 60, 0:0 only)
Provider health [https://m.flashscore.ua/?s=2]: rows=27, 0:0 total=6, candidates=3
  ⏸ 0:0 ще рано (< 60'):
    22' Inter F.A - ФАС [САЛЬВАДОР: Прімера - Клаусура]
    22' ФК Альянса - Агіла [САЛЬВАДОР: Прімера - Клаусура]
  ✔ 62' БРАЗИЛІЯ: Copa Centro-Oeste Таблиця62'Віла-Нова - Капітал [БРАЗИЛІЯ: Copa Centro-Oeste] id=CfutFP97
  ✔ 76' БРАЗИЛІЯ: Copa Sul-Sudeste Таблиця76'Жувентуде - Шапекоенсе СК [БРАЗИЛІЯ: Copa Sul-Sudeste] id=E9YKmXgo
  ✔ 61' Рівер Плейт (Arg) - Карабобо (Ven) [ПІВДЕННА АМЕРИКА: Південноамериканський кубок - Груповий етап] id=U5jZ8gy8
  Found: 3 candidates, 3 new, 4 permanently skipped

→ БРАЗИЛІЯ: Copa Centro-Oeste Таблиця62'Віла-Нова - Капітал (62') [БРАЗИЛІЯ: Copa Centro-Oeste]

→ БРАЗИЛІЯ: Copa Sul-Sudeste Таблиця76'Жувентуде - Шапекоенсе СК (76') [БРАЗИЛІЯ: Copa Sul-Sudeste]
  Кф 1X2: 1.7 / 3.77 / 4.41
  Кф 1X2: 2.34 / 3.16 / 2.96
  Desktop: https://www.flashscore.ua/match/soccer/chapecoense-sc-jcQV3XP6/ec-juventude-GS36K259/?mid=E9YKmXgo
  Desktop: https://www.flashscore.ua/match/soccer/capital-2VIUvo58/vila-nova-fc-Y3E1Lrj3/?mid=CfutFP97
  [stats] E9YKmXgo → both, 6 metrics
  Features: quality=0.23, primary=2, status=both
  Model v2: pGoal=0.348, pDry=0.652 sq=0.5247 state=dry | 70-80 → SKIP

→ Рівер Плейт (Arg) - Карабобо (Ven) (61') [ПІВДЕННА АМЕРИКА: Південноамериканський кубок - Груповий етап]
  Кф 1X2: 1.33 / 5.47 / 10.8
  Desktop: https://www.flashscore.ua/match/soccer/carabobo-6cmntinM/river-plate-EVqSBe2f/?mid=U5jZ8gy8
  ⚠ DOM ALERT [CfutFP97]: PAGE_ERROR — secondHalf: Navigation timeout of 20000 ms exceeded
  [stats] CfutFP97 → overall_only, 5 metrics
  Features: quality=0.23, primary=2, status=overall_only
  Model v2: pGoal=0.421, pDry=0.579 sq=0.429 state=dry | 60-70 → SKIP
  ⚠ DOM ALERT [U5jZ8gy8]: PAGE_ERROR — overall: Navigation timeout of 20000 ms exceeded
  [stats] U5jZ8gy8 mobile fallback overall: 33 metrics
  [stats] U5jZ8gy8 → both, 32 metrics
  Features: quality=1, primary=6, status=both
  Model v2: pGoal=0.443, pDry=0.557 sq=0.6757 state=dry | 60-70 → SKIP

Done: 3 analyzed, 0 actionable, 0 TG sent

🔍 Checking 1 possibly finished match(es)...
  ⏳ ПІВДЕННА АМЕРИКА: Південноамериканський кубок - Груповий етап Таблиця73'Олімпія Асунсьйон (Par) - Барракас Сентраль (Arg): still live 0:0
📌 Tracking 1 active prediction(s)

🔥 RUN #279: analyzed=3, signals=0
⏳ Next scan in 3m...
[04:55:00] Live scan
  Запуск live-скрапера (після ранкових Telegram, якщо були).
Opening: https://m.flashscore.ua/?s=2 (minute >= 60, 0:0 only)
Provider health [https://m.flashscore.ua/?s=2]: rows=26, 0:0 total=6, candidates=3
  ⏸ 0:0 ще рано (< 60'):
    25' Inter F.A - ФАС [САЛЬВАДОР: Прімера - Клаусура]
    25' ФК Альянса - Агіла [САЛЬВАДОР: Прімера - Клаусура]
  ✔ 66' БРАЗИЛІЯ: Copa Centro-Oeste Таблиця66'Віла-Нова - Капітал [БРАЗИЛІЯ: Copa Centro-Oeste] id=CfutFP97
  ✔ 80' БРАЗИЛІЯ: Copa Sul-Sudeste Таблиця80'Жувентуде - Шапекоенсе СК [БРАЗИЛІЯ: Copa Sul-Sudeste] id=E9YKmXgo
  ✔ 64' Рівер Плейт (Arg) - Карабобо (Ven) [ПІВДЕННА АМЕРИКА: Південноамериканський кубок - Груповий етап] id=U5jZ8gy8
  Found: 3 candidates, 3 new, 4 permanently skipped

→ БРАЗИЛІЯ: Copa Centro-Oeste Таблиця66'Віла-Нова - Капітал (66') [БРАЗИЛІЯ: Copa Centro-Oeste]

→ БРАЗИЛІЯ: Copa Sul-Sudeste Таблиця80'Жувентуде - Шапекоенсе СК (80') [БРАЗИЛІЯ: Copa Sul-Sudeste]
  Кф 1X2: 2.34 / 3.16 / 2.96
  Кф 1X2: 1.7 / 3.77 / 4.41
  Desktop: https://www.flashscore.ua/match/soccer/chapecoense-sc-jcQV3XP6/ec-juventude-GS36K259/?mid=E9YKmXgo
  Desktop: https://www.flashscore.ua/match/soccer/capital-2VIUvo58/vila-nova-fc-Y3E1Lrj3/?mid=CfutFP97
  ⚠ DOM ALERT [E9YKmXgo]: PAGE_ERROR — secondHalf: Navigation timeout of 20000 ms exceeded
  [stats] E9YKmXgo → overall_only, 6 metrics
  ⚠ DOM ALERT [CfutFP97]: PAGE_ERROR — secondHalf: Navigation timeout of 20000 ms exceeded
  [stats] CfutFP97 → overall_only, 5 metrics
  Features: quality=0.23, primary=2, status=overall_only
  Model v2: pGoal=0.421, pDry=0.579 sq=0.429 state=dry | 60-70 → SKIP

→ Рівер Плейт (Arg) - Карабобо (Ven) (64') [ПІВДЕННА АМЕРИКА: Південноамериканський кубок - Груповий етап]
  Features: quality=0.23, primary=2, status=overall_only
  Model v2: pGoal=0.348, pDry=0.652 sq=0.509 state=dry | 80-90+ → SKIP
  Кф 1X2: 1.33 / 5.47 / 10.8
  Desktop: https://www.flashscore.ua/match/soccer/carabobo-6cmntinM/river-plate-EVqSBe2f/?mid=U5jZ8gy8
  [stats] U5jZ8gy8 → both, 32 metrics
  Features: quality=1, primary=6, status=both
  Model v2: pGoal=0.513, pDry=0.487 sq=0.6914 state=dry | 60-70 → SKIP | Δ2H SOT=0 xG=0.03 (Δ3′ матчу)

Done: 3 analyzed, 0 actionable, 0 TG sent

🔍 Checking 1 possibly finished match(es)...
  ⏳ ПІВДЕННА АМЕРИКА: Південноамериканський кубок - Груповий етап Таблиця73'Олімпія Асунсьйон (Par) - Барракас Сентраль (Arg): still live 0:0
📌 Tracking 1 active prediction(s)

🔥 RUN #280: analyzed=3, signals=0
⏳ Next scan in 3m...
[04:58:54] Live scan
  Запуск live-скрапера (після ранкових Telegram, якщо були).
Opening: https://m.flashscore.ua/?s=2 (minute >= 60, 0:0 only)
Provider health [https://m.flashscore.ua/?s=2]: rows=21, 0:0 total=3, candidates=2
  ⏸ 0:0 ще рано (< 60'):
    29' ФК Альянса - Агіла [САЛЬВАДОР: Прімера - Клаусура]
  ✔ 70' БРАЗИЛІЯ: Copa Centro-Oeste Таблиця70'Віла-Нова - Капітал [БРАЗИЛІЯ: Copa Centro-Oeste] id=CfutFP97
  ✔ 84' БРАЗИЛІЯ: Copa Sul-Sudeste Таблиця84'Жувентуде - Шапекоенсе СК [БРАЗИЛІЯ: Copa Sul-Sudeste] id=E9YKmXgo
  Found: 2 candidates, 2 new, 4 permanently skipped

→ БРАЗИЛІЯ: Copa Centro-Oeste Таблиця70'Віла-Нова - Капітал (70') [БРАЗИЛІЯ: Copa Centro-Oeste]

→ БРАЗИЛІЯ: Copa Sul-Sudeste Таблиця84'Жувентуде - Шапекоенсе СК (84') [БРАЗИЛІЯ: Copa Sul-Sudeste]
  Кф 1X2: 1.7 / 3.77 / 4.41
  Кф 1X2: 2.34 / 3.16 / 2.96
  Desktop: https://www.flashscore.ua/match/soccer/chapecoense-sc-jcQV3XP6/ec-juventude-GS36K259/?mid=E9YKmXgo
  Desktop: https://www.flashscore.ua/match/soccer/capital-2VIUvo58/vila-nova-fc-Y3E1Lrj3/?mid=CfutFP97
  [stats] E9YKmXgo → both, 6 metrics
  Features: quality=0.23, primary=2, status=both
  Model v2: pGoal=0.348, pDry=0.652 sq=0.5247 state=dry | 80-90+ → SKIP
  ⚠ DOM ALERT [CfutFP97]: PAGE_ERROR — secondHalf: Navigation timeout of 20000 ms exceeded
  [stats] CfutFP97 → overall_only, 5 metrics
  Features: quality=0.23, primary=2, status=overall_only
  Model v2: pGoal=0.451, pDry=0.549 sq=0.429 state=dry | 70-80 → SKIP

Done: 2 analyzed, 0 actionable, 0 TG sent

🔍 Checking 1 possibly finished match(es)...
  ⚽ ПІВДЕННА АМЕРИКА: Південноамериканський кубок - Груповий етап Таблиця73'Олімпія Асунсьйон (Par) - Барракас Сентраль (Arg): 0:0 [FT] → ТМ:✅
Message sent to Telegram
  ✓ Telegram result sent (FT)

🔥 RUN #281: analyzed=2, signals=0
⏳ Next scan in 3m...
[05:02:37] Live scan
  Запуск live-скрапера (після ранкових Telegram, якщо були).
Opening: https://m.flashscore.ua/?s=2 (minute >= 60, 0:0 only)
Provider health [https://m.flashscore.ua/?s=2]: rows=22, 0:0 total=6, candidates=2
  ⏸ 0:0 ще рано (< 60'):
    3' Індепендьєнте дель Вальє (Ecu) - Універсідад Сентраль (Ven) [ПІВДЕННА АМЕРИКА: Кубок Лібертадорес - Груповий етап]
    3' Америка де Калі (Col) - Альянса Атлетіко (Per) [ПІВДЕННА АМЕРИКА: Південноамериканський кубок - Груповий етап]
    3' Мільйонаріос (Col) - Бостон Рівер (Uru) [ПІВДЕННА АМЕРИКА: Південноамериканський кубок - Груповий етап]
    33' ФК Альянса - Агіла [САЛЬВАДОР: Прімера - Клаусура]
  ✔ 74' БРАЗИЛІЯ: Copa Centro-Oeste Таблиця74'Віла-Нова - Капітал [БРАЗИЛІЯ: Copa Centro-Oeste] id=CfutFP97
  ✔ 88' БРАЗИЛІЯ: Copa Sul-Sudeste Таблиця88'Жувентуде - Шапекоенсе СК [БРАЗИЛІЯ: Copa Sul-Sudeste] id=E9YKmXgo
  Found: 2 candidates, 2 new, 4 permanently skipped

→ БРАЗИЛІЯ: Copa Centro-Oeste Таблиця74'Віла-Нова - Капітал (74') [БРАЗИЛІЯ: Copa Centro-Oeste]

→ БРАЗИЛІЯ: Copa Sul-Sudeste Таблиця88'Жувентуде - Шапекоенсе СК (88') [БРАЗИЛІЯ: Copa Sul-Sudeste]
  Кф 1X2: 1.7 / 3.77 / 4.41
  Кф 1X2: 2.34 / 3.16 / 2.96
  Desktop: https://www.flashscore.ua/match/soccer/capital-2VIUvo58/vila-nova-fc-Y3E1Lrj3/?mid=CfutFP97
  Desktop: https://www.flashscore.ua/match/soccer/chapecoense-sc-jcQV3XP6/ec-juventude-GS36K259/?mid=E9YKmXgo
  ⚠ DOM ALERT [CfutFP97]: PAGE_ERROR — secondHalf: Navigation timeout of 20000 ms exceeded
  [stats] CfutFP97 → overall_only, 5 metrics
  ⚠ DOM ALERT [E9YKmXgo]: PAGE_ERROR — secondHalf: Navigation timeout of 20000 ms exceeded
  [stats] E9YKmXgo → overall_only, 6 metrics
  Features: quality=0.23, primary=2, status=overall_only
  Model v2: pGoal=0.451, pDry=0.549 sq=0.429 state=dry | 70-80 → SKIP
  Features: quality=0.23, primary=2, status=overall_only
  Model v2: pGoal=0.348, pDry=0.652 sq=0.509 state=dry | 80-90+ → SKIP

Done: 2 analyzed, 0 actionable, 0 TG sent

🔥 RUN #282: analyzed=2, signals=0
⏳ Next scan in 3m...
[05:06:17] Live scan
  Запуск live-скрапера (після ранкових Telegram, якщо були).
Opening: https://m.flashscore.ua/?s=2 (minute >= 60, 0:0 only)
Provider health [https://m.flashscore.ua/?s=2]: rows=24, 0:0 total=9, candidates=1
  ⏸ 0:0 ще рано (< 60'):
    7' ГВАТЕМАЛА: Національна ліга - Клаусура Таблиця7'Мунісіпаль - Комунікасьйонес [ГВАТЕМАЛА: Національна ліга - Клаусура]
    7' Індепендьєнте дель Вальє (Ecu) - Універсідад Сентраль (Ven) [ПІВДЕННА АМЕРИКА: Кубок Лібертадорес - Груповий етап]
    7' Америка де Калі (Col) - Альянса Атлетіко (Per) [ПІВДЕННА АМЕРИКА: Південноамериканський кубок - Груповий етап]
    7' Мільйонаріос (Col) - Бостон Рівер (Uru) [ПІВДЕННА АМЕРИКА: Південноамериканський кубок - Груповий етап]
    37' ФК Альянса - Агіла [САЛЬВАДОР: Прімера - Клаусура]
    7' США: МЛС Next Pro Таблиця7'ФК Лос-Анджелес 2 - Портленд Тімберс 2 [США: МЛС Next Pro]
    7' Сан-Хосе Ертквейкс - Фінікс Райзінг [США: Відкритий кубок США]
  ✔ 78' БРАЗИЛІЯ: Copa Centro-Oeste Таблиця78'Віла-Нова - Капітал [БРАЗИЛІЯ: Copa Centro-Oeste] id=CfutFP97
  Found: 1 candidates, 1 new, 4 permanently skipped

→ БРАЗИЛІЯ: Copa Centro-Oeste Таблиця78'Віла-Нова - Капітал (78') [БРАЗИЛІЯ: Copa Centro-Oeste]
  Кф 1X2: 1.7 / 3.77 / 4.41
  Desktop: https://www.flashscore.ua/match/soccer/capital-2VIUvo58/vila-nova-fc-Y3E1Lrj3/?mid=CfutFP97
  [stats] CfutFP97 → both, 5 metrics
  Features: quality=0.23, primary=2, status=both
  Model v2: pGoal=0.451, pDry=0.549 sq=0.4447 state=dry | 70-80 → SKIP

Done: 1 analyzed, 0 actionable, 0 TG sent

🔥 RUN #283: analyzed=1, signals=0
⏳ Next scan in 3m...
[05:09:39] Live scan
  Запуск live-скрапера (після ранкових Telegram, якщо були).
Opening: https://m.flashscore.ua/?s=2 (minute >= 60, 0:0 only)
Provider health [https://m.flashscore.ua/?s=2]: rows=23, 0:0 total=7, candidates=1
  ⏸ 0:0 ще рано (< 60'):
    10' ГВАТЕМАЛА: Національна ліга - Клаусура Таблиця10'Мунісіпаль - Комунікасьйонес [ГВАТЕМАЛА: Національна ліга - Клаусура]
    10' Індепендьєнте дель Вальє (Ecu) - Універсідад Сентраль (Ven) [ПІВДЕННА АМЕРИКА: Кубок Лібертадорес - Груповий етап]
    10' Америка де Калі (Col) - Альянса Атлетіко (Per) [ПІВДЕННА АМЕРИКА: Південноамериканський кубок - Груповий етап]
    10' Мільйонаріос (Col) - Бостон Рівер (Uru) [ПІВДЕННА АМЕРИКА: Південноамериканський кубок - Груповий етап]
    40' ФК Альянса - Агіла [САЛЬВАДОР: Прімера - Клаусура]
    10' США: МЛС Next Pro Таблиця10'ФК Лос-Анджелес 2 - Портленд Тімберс 2 [США: МЛС Next Pro]
  ✔ 81' БРАЗИЛІЯ: Copa Centro-Oeste Таблиця81'Віла-Нова - Капітал [БРАЗИЛІЯ: Copa Centro-Oeste] id=CfutFP97
  Found: 1 candidates, 1 new, 4 permanently skipped

→ БРАЗИЛІЯ: Copa Centro-Oeste Таблиця81'Віла-Нова - Капітал (81') [БРАЗИЛІЯ: Copa Centro-Oeste]
  Кф 1X2: 1.7 / 3.77 / 4.41
  Desktop: https://www.flashscore.ua/match/soccer/capital-2VIUvo58/vila-nova-fc-Y3E1Lrj3/?mid=CfutFP97
  [stats] CfutFP97 → both, 5 metrics
  Features: quality=0.23, primary=2, status=both
  Model v2: pGoal=0.591, pDry=0.409 sq=0.4604 state=lateSurge | 80-90+ → SKIP | Δ2H SOT=1 xG=— (Δ3′ матчу)

Done: 1 analyzed, 0 actionable, 0 TG sent

🔥 RUN #284: analyzed=1, signals=0
⏳ Next scan in 3m...
[05:13:02] Live scan
  Запуск live-скрапера (після ранкових Telegram, якщо були).
Opening: https://m.flashscore.ua/?s=2 (minute >= 60, 0:0 only)
Provider health [https://m.flashscore.ua/?s=2]: rows=23, 0:0 total=7, candidates=1
  ⏸ 0:0 ще рано (< 60'):
    14' ГВАТЕМАЛА: Національна ліга - Клаусура Таблиця14'Мунісіпаль - Комунікасьйонес [ГВАТЕМАЛА: Національна ліга - Клаусура]
    14' Індепендьєнте дель Вальє (Ecu) - Універсідад Сентраль (Ven) [ПІВДЕННА АМЕРИКА: Кубок Лібертадорес - Груповий етап]
    14' Америка де Калі (Col) - Альянса Атлетіко (Per) [ПІВДЕННА АМЕРИКА: Південноамериканський кубок - Груповий етап]
    14' Мільйонаріос (Col) - Бостон Рівер (Uru) [ПІВДЕННА АМЕРИКА: Південноамериканський кубок - Груповий етап]
    44' ФК Альянса - Агіла [САЛЬВАДОР: Прімера - Клаусура]
    14' США: МЛС Next Pro Таблиця14'ФК Лос-Анджелес 2 - Портленд Тімберс 2 [США: МЛС Next Pro]
  ✔ 84' БРАЗИЛІЯ: Copa Centro-Oeste Таблиця84'Віла-Нова - Капітал [БРАЗИЛІЯ: Copa Centro-Oeste] id=CfutFP97
  Found: 1 candidates, 1 new, 4 permanently skipped

→ БРАЗИЛІЯ: Copa Centro-Oeste Таблиця84'Віла-Нова - Капітал (84') [БРАЗИЛІЯ: Copa Centro-Oeste]
  Кф 1X2: 1.7 / 3.77 / 4.41
  Desktop: https://www.flashscore.ua/match/soccer/capital-2VIUvo58/vila-nova-fc-Y3E1Lrj3/?mid=CfutFP97
  [stats] CfutFP97 → both, 5 metrics
  Features: quality=0.23, primary=2, status=both
  Model v2: pGoal=0.641, pDry=0.359 sq=0.5561 state=lateSurge | 80-90+ → SKIP | Δ2H SOT=1 xG=— (Δ3′ матчу)

Done: 1 analyzed, 0 actionable, 0 TG sent

🔥 RUN #285: analyzed=1, signals=0
⏳ Next scan in 3m...
[05:16:25] Live scan
  Запуск live-скрапера (після ранкових Telegram, якщо були).
Opening: https://m.flashscore.ua/?s=2 (minute >= 60, 0:0 only)
Provider health [https://m.flashscore.ua/?s=2]: rows=23, 0:0 total=7, candidates=1
  ⏸ 0:0 ще рано (< 60'):
    17' ГВАТЕМАЛА: Національна ліга - Клаусура Таблиця17'Мунісіпаль - Комунікасьйонес [ГВАТЕМАЛА: Національна ліга - Клаусура]
    17' Індепендьєнте дель Вальє (Ecu) - Універсідад Сентраль (Ven) [ПІВДЕННА АМЕРИКА: Кубок Лібертадорес - Груповий етап]
    17' Америка де Калі (Col) - Альянса Атлетіко (Per) [ПІВДЕННА АМЕРИКА: Південноамериканський кубок - Груповий етап]
    17' Мільйонаріос (Col) - Бостон Рівер (Uru) [ПІВДЕННА АМЕРИКА: Південноамериканський кубок - Груповий етап]
    17' США: МЛС Next Pro Таблиця17'ФК Лос-Анджелес 2 - Портленд Тімберс 2 [США: МЛС Next Pro]
  ✔ 88' БРАЗИЛІЯ: Copa Centro-Oeste Таблиця88'Віла-Нова - Капітал [БРАЗИЛІЯ: Copa Centro-Oeste] id=CfutFP97
  Found: 1 candidates, 1 new, 4 permanently skipped

→ БРАЗИЛІЯ: Copa Centro-Oeste Таблиця88'Віла-Нова - Капітал (88') [БРАЗИЛІЯ: Copa Centro-Oeste]
  Кф 1X2: 1.7 / 3.77 / 4.41
  Desktop: https://www.flashscore.ua/match/soccer/capital-2VIUvo58/vila-nova-fc-Y3E1Lrj3/?mid=CfutFP97
  [stats] CfutFP97 → both, 5 metrics
  Features: quality=0.23, primary=2, status=both
  Model v2: pGoal=0.441, pDry=0.559 sq=0.4919 state=dry | 80-90+ → SKIP | Δ2H SOT=0 xG=— (Δ4′ матчу)

Done: 1 analyzed, 0 actionable, 0 TG sent

🔥 RUN #286: analyzed=1, signals=0
⏳ Next scan in 3m...
[05:19:48] Live scan
  Запуск live-скрапера (після ранкових Telegram, якщо були).
Opening: https://m.flashscore.ua/?s=2 (minute >= 60, 0:0 only)
Provider health [https://m.flashscore.ua/?s=2]: rows=23, 0:0 total=6, candidates=0
  ⏸ 0:0 ще рано (< 60'):
    20' ГВАТЕМАЛА: Національна ліга - Клаусура Таблиця20'Мунісіпаль - Комунікасьйонес [ГВАТЕМАЛА: Національна ліга - Клаусура]
    20' Індепендьєнте дель Вальє (Ecu) - Універсідад Сентраль (Ven) [ПІВДЕННА АМЕРИКА: Кубок Лібертадорес - Груповий етап]
    20' Америка де Калі (Col) - Альянса Атлетіко (Per) [ПІВДЕННА АМЕРИКА: Південноамериканський кубок - Груповий етап]
    20' Мільйонаріос (Col) - Бостон Рівер (Uru) [ПІВДЕННА АМЕРИКА: Південноамериканський кубок - Груповий етап]
    20' США: МЛС Next Pro Таблиця20'ФК Лос-Анджелес 2 - Портленд Тімберс 2 [США: МЛС Next Pro]
  Found: 0 candidates, 0 new, 4 permanently skipped

Done: 0 analyzed, 0 actionable, 0 TG sent

🔥 RUN #287: analyzed=0, signals=0
⏳ Next scan in 3m...
[05:22:58] Live scan
  Запуск live-скрапера (після ранкових Telegram, якщо були).
Opening: https://m.flashscore.ua/?s=2 (minute >= 60, 0:0 only)
Provider health [https://m.flashscore.ua/?s=2]: rows=23, 0:0 total=5, candidates=0
  ⏸ 0:0 ще рано (< 60'):
    23' ГВАТЕМАЛА: Національна ліга - Клаусура Таблиця23'Мунісіпаль - Комунікасьйонес [ГВАТЕМАЛА: Національна ліга - Клаусура]
    23' Америка де Калі (Col) - Альянса Атлетіко (Per) [ПІВДЕННА АМЕРИКА: Південноамериканський кубок - Груповий етап]
    23' Мільйонаріос (Col) - Бостон Рівер (Uru) [ПІВДЕННА АМЕРИКА: Південноамериканський кубок - Груповий етап]
    23' США: МЛС Next Pro Таблиця23'ФК Лос-Анджелес 2 - Портленд Тімберс 2 [США: МЛС Next Pro]
  Found: 0 candidates, 0 new, 4 permanently skipped

Done: 0 analyzed, 0 actionable, 0 TG sent

🔥 RUN #288: analyzed=0, signals=0
⏳ Next scan in 3m...
[05:26:08] Live scan
  Запуск live-скрапера (після ранкових Telegram, якщо були).
Opening: https://m.flashscore.ua/?s=2 (minute >= 60, 0:0 only)
Provider health [https://m.flashscore.ua/?s=2]: rows=16, 0:0 total=4, candidates=0
  ⏸ 0:0 ще рано (< 60'):
    27' ГВАТЕМАЛА: Національна ліга - Клаусура Таблиця27'Мунісіпаль - Комунікасьйонес [ГВАТЕМАЛА: Національна ліга - Клаусура]
    27' Америка де Калі (Col) - Альянса Атлетіко (Per) [ПІВДЕННА АМЕРИКА: Південноамериканський кубок - Груповий етап]
    27' Мільйонаріос (Col) - Бостон Рівер (Uru) [ПІВДЕННА АМЕРИКА: Південноамериканський кубок - Груповий етап]
    27' США: МЛС Next Pro Таблиця27'ФК Лос-Анджелес 2 - Портленд Тімберс 2 [США: МЛС Next Pro]
  Found: 0 candidates, 0 new, 4 permanently skipped

Done: 0 analyzed, 0 actionable, 0 TG sent

🔥 RUN #289: analyzed=0, signals=0
⏳ Next scan in 3m...
[05:29:18] Live scan
  Запуск live-скрапера (після ранкових Telegram, якщо були).
Opening: https://m.flashscore.ua/?s=2 (minute >= 60, 0:0 only)
Provider health [https://m.flashscore.ua/?s=2]: rows=15, 0:0 total=4, candidates=0
  ⏸ 0:0 ще рано (< 60'):
    29' ГВАТЕМАЛА: Національна ліга - Клаусура Таблиця29'Мунісіпаль - Комунікасьйонес [ГВАТЕМАЛА: Національна ліга - Клаусура]
    29' ПІВДЕННА АМЕРИКА: Південноамериканський кубок - Груповий етап Таблиця29'Америка де Калі (Col) - Альянса Атлетіко (Per) [ПІВДЕННА АМЕРИКА: Південноамериканський кубок - Груповий етап]
    29' Мільйонаріос (Col) - Бостон Рівер (Uru) [ПІВДЕННА АМЕРИКА: Південноамериканський кубок - Груповий етап]
    29' США: МЛС Next Pro Таблиця29'ФК Лос-Анджелес 2 - Портленд Тімберс 2 [США: МЛС Next Pro]
  Found: 0 candidates, 0 new, 4 permanently skipped

Done: 0 analyzed, 0 actionable, 0 TG sent

🔥 RUN #290: analyzed=0, signals=0
⏳ Next scan in 3m...
[05:32:28] Live scan
  Запуск live-скрапера (після ранкових Telegram, якщо були).
Opening: https://m.flashscore.ua/?s=2 (minute >= 60, 0:0 only)
Provider health [https://m.flashscore.ua/?s=2]: rows=15, 0:0 total=3, candidates=0
  ⏸ 0:0 ще рано (< 60'):
    32' ГВАТЕМАЛА: Національна ліга - Клаусура Таблиця32'Мунісіпаль - Комунікасьйонес [ГВАТЕМАЛА: Національна ліга - Клаусура]
    32' Мільйонаріос (Col) - Бостон Рівер (Uru) [ПІВДЕННА АМЕРИКА: Південноамериканський кубок - Груповий етап]
    32' США: МЛС Next Pro Таблиця32'ФК Лос-Анджелес 2 - Портленд Тімберс 2 [США: МЛС Next Pro]
  Found: 0 candidates, 0 new, 4 permanently skipped

Done: 0 analyzed, 0 actionable, 0 TG sent

🔥 RUN #291: analyzed=0, signals=0
⏳ Next scan in 3m...
[05:35:38] Live scan
  Запуск live-скрапера (після ранкових Telegram, якщо були).
Opening: https://m.flashscore.ua/?s=2 (minute >= 60, 0:0 only)
Provider health [https://m.flashscore.ua/?s=2]: rows=15, 0:0 total=2, candidates=0
  ⏸ 0:0 ще рано (< 60'):
    35' ГВАТЕМАЛА: Національна ліга - Клаусура Таблиця35'Мунісіпаль - Комунікасьйонес [ГВАТЕМАЛА: Національна ліга - Клаусура]
    35' Мільйонаріос (Col) - Бостон Рівер (Uru) [ПІВДЕННА АМЕРИКА: Південноамериканський кубок - Груповий етап]
  Found: 0 candidates, 0 new, 4 permanently skipped

Done: 0 analyzed, 0 actionable, 0 TG sent

🔥 RUN #292: analyzed=0, signals=0
⏳ Next scan in 3m...
[05:38:48] Live scan
  Запуск live-скрапера (після ранкових Telegram, якщо були).
Opening: https://m.flashscore.ua/?s=2 (minute >= 60, 0:0 only)
Provider health [https://m.flashscore.ua/?s=2]: rows=15, 0:0 total=2, candidates=0
  ⏸ 0:0 ще рано (< 60'):
    39' ГВАТЕМАЛА: Національна ліга - Клаусура Таблиця39'Мунісіпаль - Комунікасьйонес [ГВАТЕМАЛА: Національна ліга - Клаусура]
    39' Мільйонаріос (Col) - Бостон Рівер (Uru) [ПІВДЕННА АМЕРИКА: Південноамериканський кубок - Груповий етап]
  Found: 0 candidates, 0 new, 4 permanently skipped

Done: 0 analyzed, 0 actionable, 0 TG sent

🔥 RUN #293: analyzed=0, signals=0
⏳ Next scan in 3m...
[05:41:59] Live scan
  Запуск live-скрапера (після ранкових Telegram, якщо були).
Opening: https://m.flashscore.ua/?s=2 (minute >= 60, 0:0 only)
Provider health [https://m.flashscore.ua/?s=2]: rows=15, 0:0 total=2, candidates=0
  ⏸ 0:0 ще рано (< 60'):
    42' ГВАТЕМАЛА: Національна ліга - Клаусура Таблиця42'Мунісіпаль - Комунікасьйонес [ГВАТЕМАЛА: Національна ліга - Клаусура]
    42' Мільйонаріос (Col) - Бостон Рівер (Uru) [ПІВДЕННА АМЕРИКА: Південноамериканський кубок - Груповий етап]
  Found: 0 candidates, 0 new, 4 permanently skipped

Done: 0 analyzed, 0 actionable, 0 TG sent

🔥 RUN #294: analyzed=0, signals=0
Message sent to Telegram
⏳ Next scan in 3m...
[05:45:10] Live scan
  Запуск live-скрапера (після ранкових Telegram, якщо були).
Opening: https://m.flashscore.ua/?s=2 (minute >= 60, 0:0 only)
Provider health [https://m.flashscore.ua/?s=2]: rows=15, 0:0 total=2, candidates=0
  ⏸ 0:0 ще рано (< 60'):
    45' ГВАТЕМАЛА: Національна ліга - Клаусура Таблиця45'Мунісіпаль - Комунікасьйонес [ГВАТЕМАЛА: Національна ліга - Клаусура]
    45' Мільйонаріос (Col) - Бостон Рівер (Uru) [ПІВДЕННА АМЕРИКА: Південноамериканський кубок - Груповий етап]
  Found: 0 candidates, 0 new, 4 permanently skipped

Done: 0 analyzed, 0 actionable, 0 TG sent

🔥 RUN #295: analyzed=0, signals=0
⏳ Next scan in 3m...
[05:48:20] Live scan
  Запуск live-скрапера (після ранкових Telegram, якщо були).
Opening: https://m.flashscore.ua/?s=2 (minute >= 60, 0:0 only)
Provider health [https://m.flashscore.ua/?s=2]: rows=15, 0:0 total=2, candidates=0
  Found: 0 candidates, 0 new, 4 permanently skipped

Done: 0 analyzed, 0 actionable, 0 TG sent

🔥 RUN #296: analyzed=0, signals=0
⏳ Next scan in 3m...
[05:51:30] Live scan
  Запуск live-скрапера (після ранкових Telegram, якщо були).
Opening: https://m.flashscore.ua/?s=2 (minute >= 60, 0:0 only)
Provider health [https://m.flashscore.ua/?s=2]: rows=15, 0:0 total=2, candidates=0
  ⏸ 0:0 ще рано (< 60'):
    45' ГВАТЕМАЛА: Національна ліга - Клаусура ТаблицяПерерваМунісіпаль - Комунікасьйонес [ГВАТЕМАЛА: Національна ліга - Клаусура]
  Found: 0 candidates, 0 new, 4 permanently skipped

Done: 0 analyzed, 0 actionable, 0 TG sent

🔥 RUN #297: analyzed=0, signals=0
⏳ Next scan in 3m...
[05:54:41] Live scan
  Запуск live-скрапера (після ранкових Telegram, якщо були).
Opening: https://m.flashscore.ua/?s=2 (minute >= 60, 0:0 only)
Provider health [https://m.flashscore.ua/?s=2]: rows=14, 0:0 total=2, candidates=0
  ⏸ 0:0 ще рано (< 60'):
    45' ГВАТЕМАЛА: Національна ліга - Клаусура ТаблицяПерерваМунісіпаль - Комунікасьйонес [ГВАТЕМАЛА: Національна ліга - Клаусура]
    45' Мільйонаріос (Col) - Бостон Рівер (Uru) [ПІВДЕННА АМЕРИКА: Південноамериканський кубок - Груповий етап]
  Found: 0 candidates, 0 new, 4 permanently skipped

Done: 0 analyzed, 0 actionable, 0 TG sent

🔥 RUN #298: analyzed=0, signals=0
⏳ Next scan in 3m...
[05:57:51] Live scan
  Запуск live-скрапера (після ранкових Telegram, якщо були).
Opening: https://m.flashscore.ua/?s=2 (minute >= 60, 0:0 only)
Provider health [https://m.flashscore.ua/?s=2]: rows=10, 0:0 total=2, candidates=0
  ⏸ 0:0 ще рано (< 60'):
    45' ГВАТЕМАЛА: Національна ліга - Клаусура ТаблицяПерерваМунісіпаль - Комунікасьйонес [ГВАТЕМАЛА: Національна ліга - Клаусура]
    45' Мільйонаріос (Col) - Бостон Рівер (Uru) [ПІВДЕННА АМЕРИКА: Південноамериканський кубок - Груповий етап]
  Found: 0 candidates, 0 new, 4 permanently skipped

Done: 0 analyzed, 0 actionable, 0 TG sent

🔥 RUN #299: analyzed=0, signals=0
⏳ Next scan in 3m...
[06:01:01] Live scan
  Запуск live-скрапера (після ранкових Telegram, якщо були).
Opening: https://m.flashscore.ua/?s=2 (minute >= 60, 0:0 only)
Provider health [https://m.flashscore.ua/?s=2]: rows=10, 0:0 total=2, candidates=0
  ⏸ 0:0 ще рано (< 60'):
    45' ГВАТЕМАЛА: Національна ліга - Клаусура ТаблицяПерерваМунісіпаль - Комунікасьйонес [ГВАТЕМАЛА: Національна ліга - Клаусура]
    45' Мільйонаріос (Col) - Бостон Рівер (Uru) [ПІВДЕННА АМЕРИКА: Південноамериканський кубок - Груповий етап]
  Found: 0 candidates, 0 new, 4 permanently skipped

Done: 0 analyzed, 0 actionable, 0 TG sent

🔥 RUN #300: analyzed=0, signals=0
⏳ Next scan in 3m...
[06:04:11] Live scan
  Запуск live-скрапера (після ранкових Telegram, якщо були).
Opening: https://m.flashscore.ua/?s=2 (minute >= 60, 0:0 only)
Provider health [https://m.flashscore.ua/?s=2]: rows=9, 0:0 total=2, candidates=0
  ⏸ 0:0 ще рано (< 60'):
    45' ГВАТЕМАЛА: Національна ліга - Клаусура ТаблицяПерерваМунісіпаль - Комунікасьйонес [ГВАТЕМАЛА: Національна ліга - Клаусура]
    45' Мільйонаріос (Col) - Бостон Рівер (Uru) [ПІВДЕННА АМЕРИКА: Південноамериканський кубок - Груповий етап]
  Found: 0 candidates, 0 new, 4 permanently skipped

Done: 0 analyzed, 0 actionable, 0 TG sent

🔥 RUN #301: analyzed=0, signals=0
⏳ Next scan in 3m...
[06:07:22] Live scan
  Запуск live-скрапера (після ранкових Telegram, якщо були).
Opening: https://m.flashscore.ua/?s=2 (minute >= 60, 0:0 only)
Provider health [https://m.flashscore.ua/?s=2]: rows=9, 0:0 total=2, candidates=0
  ⏸ 0:0 ще рано (< 60'):
    47' ГВАТЕМАЛА: Національна ліга - Клаусура Таблиця47'Мунісіпаль - Комунікасьйонес [ГВАТЕМАЛА: Національна ліга - Клаусура]
    47' Мільйонаріос (Col) - Бостон Рівер (Uru) [ПІВДЕННА АМЕРИКА: Південноамериканський кубок - Груповий етап]
  Found: 0 candidates, 0 new, 4 permanently skipped

Done: 0 analyzed, 0 actionable, 0 TG sent

🔥 RUN #302: analyzed=0, signals=0
⏳ Next scan in 3m...
[06:10:32] Live scan
  Запуск live-скрапера (після ранкових Telegram, якщо були).
Opening: https://m.flashscore.ua/?s=2 (minute >= 60, 0:0 only)
Provider health [https://m.flashscore.ua/?s=2]: rows=9, 0:0 total=2, candidates=0
  ⏸ 0:0 ще рано (< 60'):
    51' ГВАТЕМАЛА: Національна ліга - Клаусура Таблиця51'Мунісіпаль - Комунікасьйонес [ГВАТЕМАЛА: Національна ліга - Клаусура]
    50' Мільйонаріос (Col) - Бостон Рівер (Uru) [ПІВДЕННА АМЕРИКА: Південноамериканський кубок - Груповий етап]
  Found: 0 candidates, 0 new, 4 permanently skipped

Done: 0 analyzed, 0 actionable, 0 TG sent

🔥 RUN #303: analyzed=0, signals=0
⏳ Next scan in 3m...
[06:13:43] Live scan
  Запуск live-скрапера (після ранкових Telegram, якщо були).
Opening: https://m.flashscore.ua/?s=2 (minute >= 60, 0:0 only)
Provider health [https://m.flashscore.ua/?s=2]: rows=9, 0:0 total=2, candidates=0
  ⏸ 0:0 ще рано (< 60'):
    54' ГВАТЕМАЛА: Національна ліга - Клаусура Таблиця54'Мунісіпаль - Комунікасьйонес [ГВАТЕМАЛА: Національна ліга - Клаусура]
    53' Мільйонаріос (Col) - Бостон Рівер (Uru) [ПІВДЕННА АМЕРИКА: Південноамериканський кубок - Груповий етап]
  Found: 0 candidates, 0 new, 4 permanently skipped

Done: 0 analyzed, 0 actionable, 0 TG sent

🔥 RUN #304: analyzed=0, signals=0
⏳ Next scan in 3m...
[06:16:53] Live scan
  Запуск live-скрапера (після ранкових Telegram, якщо були).
Opening: https://m.flashscore.ua/?s=2 (minute >= 60, 0:0 only)
Provider health [https://m.flashscore.ua/?s=2]: rows=8, 0:0 total=2, candidates=0
  ⏸ 0:0 ще рано (< 60'):
    57' ГВАТЕМАЛА: Національна ліга - Клаусура Таблиця57'Мунісіпаль - Комунікасьйонес [ГВАТЕМАЛА: Національна ліга - Клаусура]
    57' Мільйонаріос (Col) - Бостон Рівер (Uru) [ПІВДЕННА АМЕРИКА: Південноамериканський кубок - Груповий етап]
  Found: 0 candidates, 0 new, 4 permanently skipped

Done: 0 analyzed, 0 actionable, 0 TG sent

🔥 RUN #305: analyzed=0, signals=0
⏳ Next scan in 3m...
[06:20:03] Live scan
  Запуск live-скрапера (після ранкових Telegram, якщо були).
Opening: https://m.flashscore.ua/?s=2 (minute >= 60, 0:0 only)
Provider health [https://m.flashscore.ua/?s=2]: rows=8, 0:0 total=2, candidates=2
  ✔ 60' ГВАТЕМАЛА: Національна ліга - Клаусура Таблиця60'Мунісіпаль - Комунікасьйонес [ГВАТЕМАЛА: Національна ліга - Клаусура] id=KEh99OWj
  ✔ 60' Мільйонаріос (Col) - Бостон Рівер (Uru) [ПІВДЕННА АМЕРИКА: Південноамериканський кубок - Груповий етап] id=ImnH4pqT
  Found: 2 candidates, 2 new, 4 permanently skipped

→ ГВАТЕМАЛА: Національна ліга - Клаусура Таблиця60'Мунісіпаль - Комунікасьйонес (60') [ГВАТЕМАЛА: Національна ліга - Клаусура]

→ Мільйонаріос (Col) - Бостон Рівер (Uru) (60') [ПІВДЕННА АМЕРИКА: Південноамериканський кубок - Груповий етап]
  Кф 1X2: 1.69 / 3.65 / 4.95
  Кф 1X2: 1.19 / 7.35 / 19
  Desktop: https://www.flashscore.ua/match/soccer/boston-river-U1MuWpN3/millonarios-OWsQjdID/?mid=ImnH4pqT
  Desktop: https://www.flashscore.ua/match/soccer/comunicaciones-QPbJRBqT/municipal-r5ooNVip/?mid=KEh99OWj
  [stats] ImnH4pqT → both, 32 metrics
  Features: quality=1, primary=6, status=both
  Model v2: pGoal=0.445, pDry=0.555 sq=0.6757 state=dry | 60-70 → SKIP
  ⚠ DOM ALERT [KEh99OWj]: PAGE_ERROR — secondHalf: Navigation timeout of 20000 ms exceeded
  [stats] KEh99OWj → overall_only, 6 metrics
  Features: quality=0.23, primary=2, status=overall_only
  Model v2: pGoal=0.422, pDry=0.578 sq=0.429 state=dry | 60-70 → SKIP

Done: 2 analyzed, 0 actionable, 0 TG sent

🔥 RUN #306: analyzed=2, signals=0
⏳ Next scan in 3m...
[06:23:42] Live scan
  Запуск live-скрапера (після ранкових Telegram, якщо були).
Opening: https://m.flashscore.ua/?s=2 (minute >= 60, 0:0 only)
Provider health [https://m.flashscore.ua/?s=2]: rows=7, 0:0 total=1, candidates=1
  ✔ 63' Мільйонаріос (Col) - Бостон Рівер (Uru) [ПІВДЕННА АМЕРИКА: Південноамериканський кубок - Груповий етап] id=ImnH4pqT
  Found: 1 candidates, 1 new, 4 permanently skipped

→ Мільйонаріос (Col) - Бостон Рівер (Uru) (63') [ПІВДЕННА АМЕРИКА: Південноамериканський кубок - Груповий етап]
  Кф 1X2: 1.19 / 7.35 / 19
  Desktop: https://www.flashscore.ua/match/soccer/boston-river-U1MuWpN3/millonarios-OWsQjdID/?mid=ImnH4pqT
  [stats] ImnH4pqT → both, 32 metrics
  Features: quality=1, primary=6, status=both
  Model v2: pGoal=0.385, pDry=0.615 sq=0.7714 state=dry | 60-70 → UNDER_0_5 | Δ2H SOT=0 xG=0.07 (Δ3′ матчу) [TG]
Message sent to Telegram
  ✓ Telegram sent

Done: 1 analyzed, 1 actionable, 1 TG sent
📌 Tracking 1 active prediction(s)

🔥 RUN #307: analyzed=1, signals=1
⏳ Next scan in 3m...
[06:27:06] Live scan
  Запуск live-скрапера (після ранкових Telegram, якщо були).
Opening: https://m.flashscore.ua/?s=2 (minute >= 60, 0:0 only)
Provider health [https://m.flashscore.ua/?s=2]: rows=6, 0:0 total=1, candidates=1
  ✔ 67' Мільйонаріос (Col) - Бостон Рівер (Uru) [ПІВДЕННА АМЕРИКА: Південноамериканський кубок - Груповий етап] id=ImnH4pqT
  Found: 1 candidates, 1 new, 4 permanently skipped

→ Мільйонаріос (Col) - Бостон Рівер (Uru) (67') [ПІВДЕННА АМЕРИКА: Південноамериканський кубок - Груповий етап]
  Кф 1X2: 1.19 / 7.35 / 19
  Desktop: https://www.flashscore.ua/match/soccer/boston-river-U1MuWpN3/millonarios-OWsQjdID/?mid=ImnH4pqT
  [stats] ImnH4pqT → both, 32 metrics
  Features: quality=1, primary=6, status=both
  Model v2: pGoal=0.385, pDry=0.615 sq=0.7871 state=dry | 60-70 → UNDER_0_5 | Δ2H SOT=0 xG=0.05 (Δ4′ матчу) [TG]
  ↻ Re-analysis done (no change)

Done: 1 analyzed, 1 actionable, 0 TG sent
📌 Tracking 1 active prediction(s)

🔥 RUN #308: analyzed=1, signals=0
⏳ Next scan in 3m...
[06:30:30] Live scan
  Запуск live-скрапера (після ранкових Telegram, якщо були).
Opening: https://m.flashscore.ua/?s=2 (minute >= 60, 0:0 only)
Provider health [https://m.flashscore.ua/?s=2]: rows=6, 0:0 total=1, candidates=1
  ✔ 70' Мільйонаріос (Col) - Бостон Рівер (Uru) [ПІВДЕННА АМЕРИКА: Південноамериканський кубок - Груповий етап] id=ImnH4pqT
  Found: 1 candidates, 1 new, 4 permanently skipped

→ Мільйонаріос (Col) - Бостон Рівер (Uru) (70') [ПІВДЕННА АМЕРИКА: Південноамериканський кубок - Груповий етап]
  Кф 1X2: 1.19 / 7.35 / 19
  Desktop: https://www.flashscore.ua/match/soccer/boston-river-U1MuWpN3/millonarios-OWsQjdID/?mid=ImnH4pqT
  [stats] ImnH4pqT → both, 32 metrics
  Features: quality=1, primary=6, status=both
  Model v2: pGoal=0.415, pDry=0.585 sq=0.7229 state=dry | 70-80 → UNDER_0_5 | Δ2H SOT=0 xG=0 (Δ3′ матчу) [TG]
  ↻ Re-analysis done (no change)

Done: 1 analyzed, 1 actionable, 0 TG sent
📌 Tracking 1 active prediction(s)

🔥 RUN #309: analyzed=1, signals=0
⏳ Next scan in 3m...
[06:33:53] Live scan
  Запуск live-скрапера (після ранкових Telegram, якщо були).
Opening: https://m.flashscore.ua/?s=2 (minute >= 60, 0:0 only)
Provider health [https://m.flashscore.ua/?s=2]: rows=7, 0:0 total=2, candidates=1
  ⏸ 0:0 ще рано (< 60'):
    4' ПІВНІЧНА ТА ЦЕНТРАЛЬНА АМЕРИКА: Кубок чемпіонів КОНКАКАФ4'Сіетл Саундерс - УАНЛ Тігрес [ПІВНІЧНА ТА ЦЕНТРАЛЬНА АМЕРИКА: Кубок чемпіонів КОНКАКАФ]
  ✔ 73' Мільйонаріос (Col) - Бостон Рівер (Uru) [ПІВДЕННА АМЕРИКА: Південноамериканський кубок - Груповий етап] id=ImnH4pqT
  Found: 1 candidates, 1 new, 4 permanently skipped

→ Мільйонаріос (Col) - Бостон Рівер (Uru) (73') [ПІВДЕННА АМЕРИКА: Південноамериканський кубок - Груповий етап]
  Кф 1X2: 1.19 / 7.35 / 19
  Desktop: https://www.flashscore.ua/match/soccer/boston-river-U1MuWpN3/millonarios-OWsQjdID/?mid=ImnH4pqT
  ⚠ DOM ALERT [ImnH4pqT]: PAGE_ERROR — secondHalf: Navigation timeout of 20000 ms exceeded
  [stats] ImnH4pqT → overall_only, 33 metrics
  Features: quality=1, primary=6, status=overall_only
  Model v2: pGoal=0.475, pDry=0.525 sq=0.66 state=dry | 70-80 → SKIP

Done: 1 analyzed, 0 actionable, 0 TG sent
📌 Tracking 1 active prediction(s)

🔥 RUN #310: analyzed=1, signals=0
⏳ Next scan in 3m...
[06:37:32] Live scan
  Запуск live-скрапера (після ранкових Telegram, якщо були).
Opening: https://m.flashscore.ua/?s=2 (minute >= 60, 0:0 only)
Provider health [https://m.flashscore.ua/?s=2]: rows=7, 0:0 total=2, candidates=1
  ⏸ 0:0 ще рано (< 60'):
    7' ПІВНІЧНА ТА ЦЕНТРАЛЬНА АМЕРИКА: Кубок чемпіонів КОНКАКАФ7'Сіетл Саундерс - УАНЛ Тігрес [ПІВНІЧНА ТА ЦЕНТРАЛЬНА АМЕРИКА: Кубок чемпіонів КОНКАКАФ]
  ✔ 77' Мільйонаріос (Col) - Бостон Рівер (Uru) [ПІВДЕННА АМЕРИКА: Південноамериканський кубок - Груповий етап] id=ImnH4pqT
  Found: 1 candidates, 1 new, 4 permanently skipped

→ Мільйонаріос (Col) - Бостон Рівер (Uru) (77') [ПІВДЕННА АМЕРИКА: Південноамериканський кубок - Груповий етап]
  Кф 1X2: 1.19 / 7.35 / 19
  Desktop: https://www.flashscore.ua/match/soccer/boston-river-U1MuWpN3/millonarios-OWsQjdID/?mid=ImnH4pqT
  [stats] ImnH4pqT → both, 33 metrics
  Features: quality=1, primary=6, status=both
  Model v2: pGoal=0.475, pDry=0.525 sq=0.6757 state=dry | 70-80 → SKIP

Done: 1 analyzed, 0 actionable, 0 TG sent
📌 Tracking 1 active prediction(s)

🔥 RUN #311: analyzed=1, signals=0
⏳ Next scan in 3m...
[06:40:55] Live scan
  Запуск live-скрапера (після ранкових Telegram, якщо були).
Opening: https://m.flashscore.ua/?s=2 (minute >= 60, 0:0 only)
Provider health [https://m.flashscore.ua/?s=2]: rows=7, 0:0 total=2, candidates=1
  ⏸ 0:0 ще рано (< 60'):
    11' ПІВНІЧНА ТА ЦЕНТРАЛЬНА АМЕРИКА: Кубок чемпіонів КОНКАКАФ11'Сіетл Саундерс - УАНЛ Тігрес [ПІВНІЧНА ТА ЦЕНТРАЛЬНА АМЕРИКА: Кубок чемпіонів КОНКАКАФ]
  ✔ 81' Мільйонаріос (Col) - Бостон Рівер (Uru) [ПІВДЕННА АМЕРИКА: Південноамериканський кубок - Груповий етап] id=ImnH4pqT
  Found: 1 candidates, 1 new, 4 permanently skipped

→ Мільйонаріос (Col) - Бостон Рівер (Uru) (81') [ПІВДЕННА АМЕРИКА: Південноамериканський кубок - Груповий етап]
  Кф 1X2: 1.19 / 7.35 / 19
  Desktop: https://www.flashscore.ua/match/soccer/boston-river-U1MuWpN3/millonarios-OWsQjdID/?mid=ImnH4pqT
  [stats] ImnH4pqT → both, 33 metrics
  Features: quality=1, primary=6, status=both
  Model v2: pGoal=0.675, pDry=0.325 sq=0.7714 state=lateSurge | 80-90+ → OVER_0_5 | Δ2H SOT=0 xG=0.05 (Δ4′ матчу) [TG]
Message sent to Telegram
  ✓ Telegram update sent (🔀 Фліп ТМ→ТБ (оновлення сценарію))

Done: 1 analyzed, 1 actionable, 1 TG sent
📌 Tracking 1 active prediction(s)

🔥 RUN #312: analyzed=1, signals=1
⏳ Next scan in 3m...
[06:44:18] Live scan
  Запуск live-скрапера (після ранкових Telegram, якщо були).
Opening: https://m.flashscore.ua/?s=2 (minute >= 60, 0:0 only)
Provider health [https://m.flashscore.ua/?s=2]: rows=7, 0:0 total=2, candidates=1
  ⏸ 0:0 ще рано (< 60'):
    15' ПІВНІЧНА ТА ЦЕНТРАЛЬНА АМЕРИКА: Кубок чемпіонів КОНКАКАФ15'Сіетл Саундерс - УАНЛ Тігрес [ПІВНІЧНА ТА ЦЕНТРАЛЬНА АМЕРИКА: Кубок чемпіонів КОНКАКАФ]
  ✔ 84' Мільйонаріос (Col) - Бостон Рівер (Uru) [ПІВДЕННА АМЕРИКА: Південноамериканський кубок - Груповий етап] id=ImnH4pqT
  Found: 1 candidates, 1 new, 4 permanently skipped

→ Мільйонаріос (Col) - Бостон Рівер (Uru) (84') [ПІВДЕННА АМЕРИКА: Південноамериканський кубок - Груповий етап]
  Кф 1X2: 1.19 / 7.35 / 19
  Desktop: https://www.flashscore.ua/match/soccer/boston-river-U1MuWpN3/millonarios-OWsQjdID/?mid=ImnH4pqT
  ⚠ DOM ALERT [ImnH4pqT]: PAGE_ERROR — secondHalf: Navigation timeout of 20000 ms exceeded
  [stats] ImnH4pqT → overall_only, 33 metrics
  Features: quality=1, primary=6, status=overall_only
  Model v2: pGoal=0.475, pDry=0.525 sq=0.66 state=dry | 80-90+ → SKIP

Done: 1 analyzed, 0 actionable, 0 TG sent
📌 Tracking 1 active prediction(s)

🔥 RUN #313: analyzed=1, signals=0
Message sent to Telegram
⏳ Next scan in 3m...
[06:47:59] Live scan
  Запуск live-скрапера (після ранкових Telegram, якщо були).
Opening: https://m.flashscore.ua/?s=2 (minute >= 60, 0:0 only)
Provider health [https://m.flashscore.ua/?s=2]: rows=7, 0:0 total=0, candidates=0
  Found: 0 candidates, 0 new, 4 permanently skipped

Done: 0 analyzed, 0 actionable, 0 TG sent

🔍 Checking 1 possibly finished match(es)...
  ⚽ Мільйонаріос (Col) - Бостон Рівер (Uru): 1:0 [GOAL→resolved] → ТМ:❌ ТБ:✅
Message sent to Telegram
  ✓ Telegram result sent (1:0 (ще триває, гол вирішив))

🔥 RUN #314: analyzed=0, signals=0
⏳ Next scan in 3m...
[06:51:11] Live scan
  Запуск live-скрапера (після ранкових Telegram, якщо були).
Opening: https://m.flashscore.ua/?s=2 (minute >= 60, 0:0 only)
Provider health [https://m.flashscore.ua/?s=2]: rows=7, 0:0 total=0, candidates=0
  Found: 0 candidates, 0 new, 4 permanently skipped

Done: 0 analyzed, 0 actionable, 0 TG sent

🔥 RUN #315: analyzed=0, signals=0
⏳ Next scan in 3m...
[06:54:22] Live scan
  Запуск live-скрапера (після ранкових Telegram, якщо були).
Opening: https://m.flashscore.ua/?s=2 (minute >= 60, 0:0 only)
Provider health [https://m.flashscore.ua/?s=2]: rows=7, 0:0 total=0, candidates=0
  Found: 0 candidates, 0 new, 4 permanently skipped

Done: 0 analyzed, 0 actionable, 0 TG sent

🔥 RUN #316: analyzed=0, signals=0
⏳ Next scan in 3m...
[06:57:32] Live scan
  Запуск live-скрапера (після ранкових Telegram, якщо були).
Opening: https://m.flashscore.ua/?s=2 (minute >= 60, 0:0 only)
Provider health [https://m.flashscore.ua/?s=2]: rows=3, 0:0 total=0, candidates=0
  Found: 0 candidates, 0 new, 4 permanently skipped

Done: 0 analyzed, 0 actionable, 0 TG sent

🔥 RUN #317: analyzed=0, signals=0
⏳ Next scan in 3m...
[07:00:42] Live scan
  Запуск live-скрапера (після ранкових Telegram, якщо були).
Opening: https://m.flashscore.ua/?s=2 (minute >= 60, 0:0 only)
Provider health [https://m.flashscore.ua/?s=2]: rows=2, 0:0 total=0, candidates=0
  Found: 0 candidates, 0 new, 4 permanently skipped

Done: 0 analyzed, 0 actionable, 0 TG sent

🔥 RUN #318: analyzed=0, signals=0
⏳ Next scan in 3m...
[07:03:52] Live scan
  Запуск live-скрапера (після ранкових Telegram, якщо були).
Opening: https://m.flashscore.ua/?s=2 (minute >= 60, 0:0 only)
Provider health [https://m.flashscore.ua/?s=2]: rows=1, 0:0 total=0, candidates=0
  Found: 0 candidates, 0 new, 4 permanently skipped

Done: 0 analyzed, 0 actionable, 0 TG sent

🔥 RUN #319: analyzed=0, signals=0
⏳ Next scan in 3m...
[07:07:02] Live scan
  Запуск live-скрапера (після ранкових Telegram, якщо були).
Opening: https://m.flashscore.ua/?s=2 (minute >= 60, 0:0 only)
Provider health [https://m.flashscore.ua/?s=2]: rows=1, 0:0 total=0, candidates=0
  Found: 0 candidates, 0 new, 4 permanently skipped

Done: 0 analyzed, 0 actionable, 0 TG sent

🔥 RUN #320: analyzed=0, signals=0
⏳ Next scan in 3m...
[07:10:12] Live scan
  Запуск live-скрапера (після ранкових Telegram, якщо були).
Opening: https://m.flashscore.ua/?s=2 (minute >= 60, 0:0 only)
Provider health [https://m.flashscore.ua/?s=2]: rows=1, 0:0 total=0, candidates=0
  Found: 0 candidates, 0 new, 4 permanently skipped

Done: 0 analyzed, 0 actionable, 0 TG sent

🔥 RUN #321: analyzed=0, signals=0
⏳ Next scan in 3m...
[07:13:22] Live scan
  Запуск live-скрапера (після ранкових Telegram, якщо були).
Opening: https://m.flashscore.ua/?s=2 (minute >= 60, 0:0 only)
Provider health [https://m.flashscore.ua/?s=2]: rows=1, 0:0 total=0, candidates=0
  Found: 0 candidates, 0 new, 4 permanently skipped

Done: 0 analyzed, 0 actionable, 0 TG sent

🔥 RUN #322: analyzed=0, signals=0
⏳ Next scan in 3m...
[07:16:32] Live scan
  Запуск live-скрапера (після ранкових Telegram, якщо були).
Opening: https://m.flashscore.ua/?s=2 (minute >= 60, 0:0 only)
Provider health [https://m.flashscore.ua/?s=2]: rows=1, 0:0 total=0, candidates=0
  Found: 0 candidates, 0 new, 4 permanently skipped

Done: 0 analyzed, 0 actionable, 0 TG sent

🔥 RUN #323: analyzed=0, signals=0
⏳ Next scan in 3m...
[07:19:43] Live scan
  Запуск live-скрапера (після ранкових Telegram, якщо були).
Opening: https://m.flashscore.ua/?s=2 (minute >= 60, 0:0 only)
Provider health [https://m.flashscore.ua/?s=2]: rows=1, 0:0 total=0, candidates=0
  Found: 0 candidates, 0 new, 4 permanently skipped

Done: 0 analyzed, 0 actionable, 0 TG sent

🔥 RUN #324: analyzed=0, signals=0
⏳ Next scan in 3m...
[07:22:53] Live scan
  Запуск live-скрапера (після ранкових Telegram, якщо були).
Opening: https://m.flashscore.ua/?s=2 (minute >= 60, 0:0 only)
Provider health [https://m.flashscore.ua/?s=2]: rows=1, 0:0 total=0, candidates=0
  Found: 0 candidates, 0 new, 4 permanently skipped

Done: 0 analyzed, 0 actionable, 0 TG sent

🔥 RUN #325: analyzed=0, signals=0
⏳ Next scan in 3m...
[07:26:03] Live scan
  Запуск live-скрапера (після ранкових Telegram, якщо були).
Opening: https://m.flashscore.ua/?s=2 (minute >= 60, 0:0 only)
Provider health [https://m.flashscore.ua/?s=2]: rows=1, 0:0 total=0, candidates=0
  Found: 0 candidates, 0 new, 4 permanently skipped

Done: 0 analyzed, 0 actionable, 0 TG sent

🔥 RUN #326: analyzed=0, signals=0
⏳ Next scan in 3m...
[07:29:14] Live scan
  Запуск live-скрапера (після ранкових Telegram, якщо були).
Opening: https://m.flashscore.ua/?s=2 (minute >= 60, 0:0 only)
Provider health [https://m.flashscore.ua/?s=2]: rows=1, 0:0 total=0, candidates=0
  Found: 0 candidates, 0 new, 4 permanently skipped

Done: 0 analyzed, 0 actionable, 0 TG sent

🔥 RUN #327: analyzed=0, signals=0
⏳ Next scan in 3m...
[07:32:24] Live scan
  Запуск live-скрапера (після ранкових Telegram, якщо були).
Opening: https://m.flashscore.ua/?s=2 (minute >= 60, 0:0 only)
Provider health [https://m.flashscore.ua/?s=2]: rows=1, 0:0 total=0, candidates=0
  Found: 0 candidates, 0 new, 4 permanently skipped

Done: 0 analyzed, 0 actionable, 0 TG sent

🔥 RUN #328: analyzed=0, signals=0
⏳ Next scan in 3m...
[07:35:34] Live scan
  Запуск live-скрапера (після ранкових Telegram, якщо були).
Opening: https://m.flashscore.ua/?s=2 (minute >= 60, 0:0 only)
Provider health [https://m.flashscore.ua/?s=2]: rows=1, 0:0 total=0, candidates=0
  Found: 0 candidates, 0 new, 4 permanently skipped

Done: 0 analyzed, 0 actionable, 0 TG sent

🔥 RUN #329: analyzed=0, signals=0
⏳ Next scan in 3m...
[07:38:45] Live scan
  Запуск live-скрапера (після ранкових Telegram, якщо були).
Opening: https://m.flashscore.ua/?s=2 (minute >= 60, 0:0 only)
Provider health [https://m.flashscore.ua/?s=2]: rows=1, 0:0 total=0, candidates=0
  Found: 0 candidates, 0 new, 4 permanently skipped

Done: 0 analyzed, 0 actionable, 0 TG sent

🔥 RUN #330: analyzed=0, signals=0
⏳ Next scan in 3m...
[07:41:55] Live scan
  Запуск live-скрапера (після ранкових Telegram, якщо були).
Opening: https://m.flashscore.ua/?s=2 (minute >= 60, 0:0 only)
Provider health [https://m.flashscore.ua/?s=2]: rows=1, 0:0 total=0, candidates=0
  Found: 0 candidates, 0 new, 4 permanently skipped

Done: 0 analyzed, 0 actionable, 0 TG sent

🔥 RUN #331: analyzed=0, signals=0
⏳ Next scan in 3m...
[07:45:05] Live scan
  Запуск live-скрапера (після ранкових Telegram, якщо були).
Opening: https://m.flashscore.ua/?s=2 (minute >= 60, 0:0 only)
Provider health [https://m.flashscore.ua/?s=2]: rows=1, 0:0 total=0, candidates=0
  Found: 0 candidates, 0 new, 4 permanently skipped

Done: 0 analyzed, 0 actionable, 0 TG sent

🔥 RUN #332: analyzed=0, signals=0
Message sent to Telegram
⏳ Next scan in 3m...
[07:48:15] Live scan
  Запуск live-скрапера (після ранкових Telegram, якщо були).
Opening: https://m.flashscore.ua/?s=2 (minute >= 60, 0:0 only)
Provider health [https://m.flashscore.ua/?s=2]: rows=1, 0:0 total=0, candidates=0
  Found: 0 candidates, 0 new, 4 permanently skipped

Done: 0 analyzed, 0 actionable, 0 TG sent

🔥 RUN #333: analyzed=0, signals=0
⏳ Next scan in 3m...
[07:51:26] Live scan
  Запуск live-скрапера (після ранкових Telegram, якщо були).
Opening: https://m.flashscore.ua/?s=2 (minute >= 60, 0:0 only)
Provider health [https://m.flashscore.ua/?s=2]: rows=1, 0:0 total=0, candidates=0
  Found: 0 candidates, 0 new, 4 permanently skipped

Done: 0 analyzed, 0 actionable, 0 TG sent

🔥 RUN #334: analyzed=0, signals=0
⏳ Next scan in 3m...
[07:54:36] Live scan
  Запуск live-скрапера (після ранкових Telegram, якщо були).
Opening: https://m.flashscore.ua/?s=2 (minute >= 60, 0:0 only)
Provider health [https://m.flashscore.ua/?s=2]: rows=1, 0:0 total=0, candidates=0
  Found: 0 candidates, 0 new, 4 permanently skipped

Done: 0 analyzed, 0 actionable, 0 TG sent

🔥 RUN #335: analyzed=0, signals=0
⏳ Next scan in 3m...
[07:57:46] Live scan
  Запуск live-скрапера (після ранкових Telegram, якщо були).
Opening: https://m.flashscore.ua/?s=2 (minute >= 60, 0:0 only)
Provider health [https://m.flashscore.ua/?s=2]: rows=1, 0:0 total=0, candidates=0
  Found: 0 candidates, 0 new, 4 permanently skipped

Done: 0 analyzed, 0 actionable, 0 TG sent

🔥 RUN #336: analyzed=0, signals=0
⏳ Next scan in 3m...
[08:00:57] Live scan
  Запуск live-скрапера (після ранкових Telegram, якщо були).
Opening: https://m.flashscore.ua/?s=2 (minute >= 60, 0:0 only)
Provider health [https://m.flashscore.ua/?s=2]: rows=1, 0:0 total=0, candidates=0
  Found: 0 candidates, 0 new, 4 permanently skipped

Done: 0 analyzed, 0 actionable, 0 TG sent

🔥 RUN #337: analyzed=0, signals=0
⏳ Next scan in 3m...
[08:04:07] Live scan
  Запуск live-скрапера (після ранкових Telegram, якщо були).
Opening: https://m.flashscore.ua/?s=2 (minute >= 60, 0:0 only)
Provider health [https://m.flashscore.ua/?s=2]: rows=1, 0:0 total=0, candidates=0
  Found: 0 candidates, 0 new, 4 permanently skipped

Done: 0 analyzed, 0 actionable, 0 TG sent

🔥 RUN #338: analyzed=0, signals=0
⏳ Next scan in 3m...
[08:07:17] Live scan
  Запуск live-скрапера (після ранкових Telegram, якщо були).
Opening: https://m.flashscore.ua/?s=2 (minute >= 60, 0:0 only)
Provider health [https://m.flashscore.ua/?s=2]: rows=1, 0:0 total=0, candidates=0
  Found: 0 candidates, 0 new, 4 permanently skipped

Done: 0 analyzed, 0 actionable, 0 TG sent

🔥 RUN #339: analyzed=0, signals=0
⏳ Next scan in 3m...
[08:10:28] Live scan
  Запуск live-скрапера (після ранкових Telegram, якщо були).
Opening: https://m.flashscore.ua/?s=2 (minute >= 60, 0:0 only)
Provider health [https://m.flashscore.ua/?s=2]: rows=1, 0:0 total=0, candidates=0
  Found: 0 candidates, 0 new, 4 permanently skipped

Done: 0 analyzed, 0 actionable, 0 TG sent

🔥 RUN #340: analyzed=0, signals=0
⏳ Next scan in 3m...
[08:13:38] Live scan
  Запуск live-скрапера (після ранкових Telegram, якщо були).
Opening: https://m.flashscore.ua/?s=2 (minute >= 60, 0:0 only)
Provider health [https://m.flashscore.ua/?s=2]: rows=1, 0:0 total=0, candidates=0
  Found: 0 candidates, 0 new, 4 permanently skipped

Done: 0 analyzed, 0 actionable, 0 TG sent

🔥 RUN #341: analyzed=0, signals=0
⏳ Next scan in 3m...
[08:16:49] Live scan
  Запуск live-скрапера (після ранкових Telegram, якщо були).
Opening: https://m.flashscore.ua/?s=2 (minute >= 60, 0:0 only)
Provider health [https://m.flashscore.ua/?s=2]: rows=1, 0:0 total=0, candidates=0
  Found: 0 candidates, 0 new, 4 permanently skipped

Done: 0 analyzed, 0 actionable, 0 TG sent

🔥 RUN #342: analyzed=0, signals=0
⏳ Next scan in 3m...
[08:19:59] Live scan
  Запуск live-скрапера (після ранкових Telegram, якщо були).
Opening: https://m.flashscore.ua/?s=2 (minute >= 60, 0:0 only)
Provider health [https://m.flashscore.ua/?s=2]: rows=1, 0:0 total=0, candidates=0
  Found: 0 candidates, 0 new, 4 permanently skipped

Done: 0 analyzed, 0 actionable, 0 TG sent

🔥 RUN #343: analyzed=0, signals=0
⏳ Next scan in 3m...
[08:23:09] Live scan
  Запуск live-скрапера (після ранкових Telegram, якщо були).
Opening: https://m.flashscore.ua/?s=2 (minute >= 60, 0:0 only)
Provider health [https://m.flashscore.ua/?s=2]: rows=1, 0:0 total=0, candidates=0
  Found: 0 candidates, 0 new, 4 permanently skipped

Done: 0 analyzed, 0 actionable, 0 TG sent

🔥 RUN #344: analyzed=0, signals=0
⏳ Next scan in 3m...
[08:26:19] Live scan
  Запуск live-скрапера (після ранкових Telegram, якщо були).
Opening: https://m.flashscore.ua/?s=2 (minute >= 60, 0:0 only)
Provider health [https://m.flashscore.ua/?s=2]: rows=1, 0:0 total=0, candidates=0
  Found: 0 candidates, 0 new, 4 permanently skipped

Done: 0 analyzed, 0 actionable, 0 TG sent

🔥 RUN #345: analyzed=0, signals=0
⏳ Next scan in 3m...
[08:29:29] Live scan
  Запуск live-скрапера (після ранкових Telegram, якщо були).
Opening: https://m.flashscore.ua/?s=2 (minute >= 60, 0:0 only)
Provider health [https://m.flashscore.ua/?s=2]: rows=0, 0:0 total=0, candidates=0
  Found: 0 candidates, 0 new, 4 permanently skipped

Done: 0 analyzed, 0 actionable, 0 TG sent

🔥 RUN #346: analyzed=0, signals=0
⏳ Next scan in 3m...
[08:32:39] Live scan
  Запуск live-скрапера (після ранкових Telegram, якщо були).
Opening: https://m.flashscore.ua/?s=2 (minute >= 60, 0:0 only)
Provider health [https://m.flashscore.ua/?s=2]: rows=0, 0:0 total=0, candidates=0
  Found: 0 candidates, 0 new, 4 permanently skipped

Done: 0 analyzed, 0 actionable, 0 TG sent

🔥 RUN #347: analyzed=0, signals=0
⏳ Next scan in 3m...
[08:35:50] Live scan
  Запуск live-скрапера (після ранкових Telegram, якщо були).
Opening: https://m.flashscore.ua/?s=2 (minute >= 60, 0:0 only)
Provider health [https://m.flashscore.ua/?s=2]: rows=0, 0:0 total=0, candidates=0
  Found: 0 candidates, 0 new, 4 permanently skipped

Done: 0 analyzed, 0 actionable, 0 TG sent

🔥 RUN #348: analyzed=0, signals=0
⏳ Next scan in 3m...
[08:39:00] Live scan
  Запуск live-скрапера (після ранкових Telegram, якщо були).
Opening: https://m.flashscore.ua/?s=2 (minute >= 60, 0:0 only)
Provider health [https://m.flashscore.ua/?s=2]: rows=0, 0:0 total=0, candidates=0
  Found: 0 candidates, 0 new, 4 permanently skipped

Done: 0 analyzed, 0 actionable, 0 TG sent

🔥 RUN #349: analyzed=0, signals=0
⏳ Next scan in 3m...
[08:42:10] Live scan
  Запуск live-скрапера (після ранкових Telegram, якщо були).
Opening: https://m.flashscore.ua/?s=2 (minute >= 60, 0:0 only)
Provider health [https://m.flashscore.ua/?s=2]: rows=0, 0:0 total=0, candidates=0
  Found: 0 candidates, 0 new, 4 permanently skipped

Done: 0 analyzed, 0 actionable, 0 TG sent

🔥 RUN #350: analyzed=0, signals=0
⏳ Next scan in 3m...
[08:45:20] Live scan
  Запуск live-скрапера (після ранкових Telegram, якщо були).
Opening: https://m.flashscore.ua/?s=2 (minute >= 60, 0:0 only)
Provider health [https://m.flashscore.ua/?s=2]: rows=0, 0:0 total=0, candidates=0
  Found: 0 candidates, 0 new, 4 permanently skipped

Done: 0 analyzed, 0 actionable, 0 TG sent

🔥 RUN #351: analyzed=0, signals=0
Message sent to Telegram
⏳ Next scan in 3m...
[08:48:31] Live scan
  Запуск live-скрапера (після ранкових Telegram, якщо були).
Opening: https://m.flashscore.ua/?s=2 (minute >= 60, 0:0 only)
Provider health [https://m.flashscore.ua/?s=2]: rows=0, 0:0 total=0, candidates=0
  Found: 0 candidates, 0 new, 4 permanently skipped

Done: 0 analyzed, 0 actionable, 0 TG sent

🔥 RUN #352: analyzed=0, signals=0
⏳ Next scan in 3m...
[08:51:42] Live scan
  Запуск live-скрапера (після ранкових Telegram, якщо були).
Opening: https://m.flashscore.ua/?s=2 (minute >= 60, 0:0 only)
Provider health [https://m.flashscore.ua/?s=2]: rows=0, 0:0 total=0, candidates=0
  Found: 0 candidates, 0 new, 4 permanently skipped

Done: 0 analyzed, 0 actionable, 0 TG sent

🔥 RUN #353: analyzed=0, signals=0
⏳ Next scan in 3m...
[08:54:52] Live scan
  Запуск live-скрапера (після ранкових Telegram, якщо були).
Opening: https://m.flashscore.ua/?s=2 (minute >= 60, 0:0 only)
Provider health [https://m.flashscore.ua/?s=2]: rows=0, 0:0 total=0, candidates=0
  Found: 0 candidates, 0 new, 4 permanently skipped

Done: 0 analyzed, 0 actionable, 0 TG sent

🔥 RUN #354: analyzed=0, signals=0
⏳ Next scan in 3m...
[08:58:06] Live scan
  Запуск live-скрапера (після ранкових Telegram, якщо були).
Opening: https://m.flashscore.ua/?s=2 (minute >= 60, 0:0 only)
Provider health [https://m.flashscore.ua/?s=2]: rows=0, 0:0 total=0, candidates=0
  Found: 0 candidates, 0 new, 4 permanently skipped

Done: 0 analyzed, 0 actionable, 0 TG sent

🔥 RUN #355: analyzed=0, signals=0
⏳ Next scan in 3m...
[09:01:16] Live scan
  Запуск live-скрапера (після ранкових Telegram, якщо були).
Opening: https://m.flashscore.ua/?s=2 (minute >= 60, 0:0 only)
Provider health [https://m.flashscore.ua/?s=2]: rows=0, 0:0 total=0, candidates=0
  Found: 0 candidates, 0 new, 4 permanently skipped

Done: 0 analyzed, 0 actionable, 0 TG sent

🔥 RUN #356: analyzed=0, signals=0
⏳ Next scan in 3m...
[09:04:28] Live scan
  Запуск live-скрапера (після ранкових Telegram, якщо були).
Opening: https://m.flashscore.ua/?s=2 (minute >= 60, 0:0 only)
Provider health [https://m.flashscore.ua/?s=2]: rows=0, 0:0 total=0, candidates=0
  Found: 0 candidates, 0 new, 4 permanently skipped

Done: 0 analyzed, 0 actionable, 0 TG sent

🔥 RUN #357: analyzed=0, signals=0
⏳ Next scan in 3m...
[09:07:38] Live scan
  Запуск live-скрапера (після ранкових Telegram, якщо були).
Opening: https://m.flashscore.ua/?s=2 (minute >= 60, 0:0 only)
Provider health [https://m.flashscore.ua/?s=2]: rows=0, 0:0 total=0, candidates=0
  Found: 0 candidates, 0 new, 4 permanently skipped

Done: 0 analyzed, 0 actionable, 0 TG sent

🔥 RUN #358: analyzed=0, signals=0
⏳ Next scan in 3m...
[09:10:48] Live scan
  Запуск live-скрапера (після ранкових Telegram, якщо були).
Opening: https://m.flashscore.ua/?s=2 (minute >= 60, 0:0 only)
Provider health [https://m.flashscore.ua/?s=2]: rows=0, 0:0 total=0, candidates=0
  Found: 0 candidates, 0 new, 4 permanently skipped

Done: 0 analyzed, 0 actionable, 0 TG sent

🔥 RUN #359: analyzed=0, signals=0
⏳ Next scan in 3m...
[09:13:58] Live scan
  Запуск live-скрапера (після ранкових Telegram, якщо були).
Opening: https://m.flashscore.ua/?s=2 (minute >= 60, 0:0 only)
Provider health [https://m.flashscore.ua/?s=2]: rows=0, 0:0 total=0, candidates=0
  Found: 0 candidates, 0 new, 4 permanently skipped

Done: 0 analyzed, 0 actionable, 0 TG sent

🔥 RUN #360: analyzed=0, signals=0
⏳ Next scan in 3m...
[09:17:08] Live scan
  Запуск live-скрапера (після ранкових Telegram, якщо були).
Opening: https://m.flashscore.ua/?s=2 (minute >= 60, 0:0 only)
Provider health [https://m.flashscore.ua/?s=2]: rows=0, 0:0 total=0, candidates=0
  Found: 0 candidates, 0 new, 4 permanently skipped

Done: 0 analyzed, 0 actionable, 0 TG sent

🔥 RUN #361: analyzed=0, signals=0
⏳ Next scan in 3m...
[09:20:19] Live scan
  Запуск live-скрапера (після ранкових Telegram, якщо були).
Opening: https://m.flashscore.ua/?s=2 (minute >= 60, 0:0 only)
Provider health [https://m.flashscore.ua/?s=2]: rows=0, 0:0 total=0, candidates=0
  Found: 0 candidates, 0 new, 4 permanently skipped

Done: 0 analyzed, 0 actionable, 0 TG sent

🔥 RUN #362: analyzed=0, signals=0
⏳ Next scan in 3m...
[09:23:29] Live scan
  Запуск live-скрапера (після ранкових Telegram, якщо були).
Opening: https://m.flashscore.ua/?s=2 (minute >= 60, 0:0 only)
Provider health [https://m.flashscore.ua/?s=2]: rows=0, 0:0 total=0, candidates=0
  Found: 0 candidates, 0 new, 4 permanently skipped

Done: 0 analyzed, 0 actionable, 0 TG sent

🔥 RUN #363: analyzed=0, signals=0
⏳ Next scan in 3m...
[09:26:39] Live scan
  Запуск live-скрапера (після ранкових Telegram, якщо були).
Opening: https://m.flashscore.ua/?s=2 (minute >= 60, 0:0 only)
Provider health [https://m.flashscore.ua/?s=2]: rows=0, 0:0 total=0, candidates=0
  Found: 0 candidates, 0 new, 4 permanently skipped

Done: 0 analyzed, 0 actionable, 0 TG sent

🔥 RUN #364: analyzed=0, signals=0
⏳ Next scan in 3m...
[09:29:49] Live scan
  Запуск live-скрапера (після ранкових Telegram, якщо були).
Opening: https://m.flashscore.ua/?s=2 (minute >= 60, 0:0 only)
Provider health [https://m.flashscore.ua/?s=2]: rows=0, 0:0 total=0, candidates=0
  Found: 0 candidates, 0 new, 4 permanently skipped

Done: 0 analyzed, 0 actionable, 0 TG sent

🔥 RUN #365: analyzed=0, signals=0
⏳ Next scan in 3m...
[09:33:00] Live scan
  Запуск live-скрапера (після ранкових Telegram, якщо були).
Opening: https://m.flashscore.ua/?s=2 (minute >= 60, 0:0 only)
Provider health [https://m.flashscore.ua/?s=2]: rows=0, 0:0 total=0, candidates=0
  Found: 0 candidates, 0 new, 4 permanently skipped

Done: 0 analyzed, 0 actionable, 0 TG sent

🔥 RUN #366: analyzed=0, signals=0
⏳ Next scan in 3m...
[09:36:10] Live scan
  Запуск live-скрапера (після ранкових Telegram, якщо були).
Opening: https://m.flashscore.ua/?s=2 (minute >= 60, 0:0 only)
Provider health [https://m.flashscore.ua/?s=2]: rows=0, 0:0 total=0, candidates=0
  Found: 0 candidates, 0 new, 4 permanently skipped

Done: 0 analyzed, 0 actionable, 0 TG sent

🔥 RUN #367: analyzed=0, signals=0
⏳ Next scan in 3m...
[09:39:21] Live scan
  Запуск live-скрапера (після ранкових Telegram, якщо були).
Opening: https://m.flashscore.ua/?s=2 (minute >= 60, 0:0 only)
Provider health [https://m.flashscore.ua/?s=2]: rows=0, 0:0 total=0, candidates=0
  Found: 0 candidates, 0 new, 4 permanently skipped

Done: 0 analyzed, 0 actionable, 0 TG sent

🔥 RUN #368: analyzed=0, signals=0
⏳ Next scan in 3m...
[09:42:30] Live scan
  Запуск live-скрапера (після ранкових Telegram, якщо були).
Opening: https://m.flashscore.ua/?s=2 (minute >= 60, 0:0 only)
Provider health [https://m.flashscore.ua/?s=2]: rows=0, 0:0 total=0, candidates=0
  Found: 0 candidates, 0 new, 4 permanently skipped

Done: 0 analyzed, 0 actionable, 0 TG sent

🔥 RUN #369: analyzed=0, signals=0
⏳ Next scan in 3m...
[09:45:42] Live scan
  Запуск live-скрапера (після ранкових Telegram, якщо були).
Opening: https://m.flashscore.ua/?s=2 (minute >= 60, 0:0 only)
Provider health [https://m.flashscore.ua/?s=2]: rows=0, 0:0 total=0, candidates=0
  Found: 0 candidates, 0 new, 4 permanently skipped

Done: 0 analyzed, 0 actionable, 0 TG sent

🔥 RUN #370: analyzed=0, signals=0
Message sent to Telegram
⏳ Next scan in 3m...
[09:48:51] Live scan
  Запуск live-скрапера (після ранкових Telegram, якщо були).
Opening: https://m.flashscore.ua/?s=2 (minute >= 60, 0:0 only)
Provider health [https://m.flashscore.ua/?s=2]: rows=0, 0:0 total=0, candidates=0
  Found: 0 candidates, 0 new, 4 permanently skipped

Done: 0 analyzed, 0 actionable, 0 TG sent

🔥 RUN #371: analyzed=0, signals=0
⏳ Next scan in 3m...
[09:52:02] Live scan
  Запуск live-скрапера (після ранкових Telegram, якщо були).
Opening: https://m.flashscore.ua/?s=2 (minute >= 60, 0:0 only)
Provider health [https://m.flashscore.ua/?s=2]: rows=0, 0:0 total=0, candidates=0
  Found: 0 candidates, 0 new, 4 permanently skipped

Done: 0 analyzed, 0 actionable, 0 TG sent

🔥 RUN #372: analyzed=0, signals=0
⏳ Next scan in 3m...
[09:55:11] Live scan
  Запуск live-скрапера (після ранкових Telegram, якщо були).
Opening: https://m.flashscore.ua/?s=2 (minute >= 60, 0:0 only)
Provider health [https://m.flashscore.ua/?s=2]: rows=0, 0:0 total=0, candidates=0
  Found: 0 candidates, 0 new, 4 permanently skipped

Done: 0 analyzed, 0 actionable, 0 TG sent

🔥 RUN #373: analyzed=0, signals=0
⏳ Next scan in 3m...
[09:58:21] Live scan
  Запуск live-скрапера (після ранкових Telegram, якщо були).
Opening: https://m.flashscore.ua/?s=2 (minute >= 60, 0:0 only)
Provider health [https://m.flashscore.ua/?s=2]: rows=0, 0:0 total=0, candidates=0
  Found: 0 candidates, 0 new, 4 permanently skipped

Done: 0 analyzed, 0 actionable, 0 TG sent

🔥 RUN #374: analyzed=0, signals=0
⏳ Next scan in 3m...
[10:01:32] Live scan
  10:00 — checking yesterday results
  [result] No unchecked predictions for 2026-04-15
  Yesterday: 2/5 hits (5 з прогнозом)
  Daily summary Telegram disabled (date=2026-04-15)
  Запуск live-скрапера (після ранкових Telegram, якщо були).
Opening: https://m.flashscore.ua/?s=2 (minute >= 60, 0:0 only)
Provider health [https://m.flashscore.ua/?s=2]: rows=0, 0:0 total=0, candidates=0
  Found: 0 candidates, 0 new, 4 permanently skipped

Done: 0 analyzed, 0 actionable, 0 TG sent

🔥 RUN #375: analyzed=0, signals=0
⏳ Next scan in 3m...
[10:04:45] Live scan
  Запуск live-скрапера (після ранкових Telegram, якщо були).
Opening: https://m.flashscore.ua/?s=2 (minute >= 60, 0:0 only)
Provider health [https://m.flashscore.ua/?s=2]: rows=0, 0:0 total=0, candidates=0
  Found: 0 candidates, 0 new, 4 permanently skipped

Done: 0 analyzed, 0 actionable, 0 TG sent

🔥 RUN #376: analyzed=0, signals=0
⏳ Next scan in 3m...
[10:07:55] Live scan
  Запуск live-скрапера (після ранкових Telegram, якщо були).
Opening: https://m.flashscore.ua/?s=2 (minute >= 60, 0:0 only)
Provider health [https://m.flashscore.ua/?s=2]: rows=0, 0:0 total=0, candidates=0
  Found: 0 candidates, 0 new, 4 permanently skipped

Done: 0 analyzed, 0 actionable, 0 TG sent

🔥 RUN #377: analyzed=0, signals=0
⏳ Next scan in 3m...
[10:11:05] Live scan
  Запуск live-скрапера (після ранкових Telegram, якщо були).
Opening: https://m.flashscore.ua/?s=2 (minute >= 60, 0:0 only)
Provider health [https://m.flashscore.ua/?s=2]: rows=0, 0:0 total=0, candidates=0
  Found: 0 candidates, 0 new, 4 permanently skipped

Done: 0 analyzed, 0 actionable, 0 TG sent

🔥 RUN #378: analyzed=0, signals=0
⏳ Next scan in 3m...
[10:14:16] Live scan
  Запуск live-скрапера (після ранкових Telegram, якщо були).
Opening: https://m.flashscore.ua/?s=2 (minute >= 60, 0:0 only)
Provider health [https://m.flashscore.ua/?s=2]: rows=0, 0:0 total=0, candidates=0
  Found: 0 candidates, 0 new, 4 permanently skipped

Done: 0 analyzed, 0 actionable, 0 TG sent

🔥 RUN #379: analyzed=0, signals=0
⏳ Next scan in 3m...
[10:17:26] Live scan
  Запуск live-скрапера (після ранкових Telegram, якщо були).
Opening: https://m.flashscore.ua/?s=2 (minute >= 60, 0:0 only)
Provider health [https://m.flashscore.ua/?s=2]: rows=0, 0:0 total=0, candidates=0
  Found: 0 candidates, 0 new, 4 permanently skipped

Done: 0 analyzed, 0 actionable, 0 TG sent

🔥 RUN #380: analyzed=0, signals=0
⏳ Next scan in 3m...
[10:20:37] Live scan
  Запуск live-скрапера (після ранкових Telegram, якщо були).
Opening: https://m.flashscore.ua/?s=2 (minute >= 60, 0:0 only)
Provider health [https://m.flashscore.ua/?s=2]: rows=0, 0:0 total=0, candidates=0
  Found: 0 candidates, 0 new, 4 permanently skipped

Done: 0 analyzed, 0 actionable, 0 TG sent

🔥 RUN #381: analyzed=0, signals=0
⏳ Next scan in 3m...
[10:23:47] Live scan
  Запуск live-скрапера (після ранкових Telegram, якщо були).
Opening: https://m.flashscore.ua/?s=2 (minute >= 60, 0:0 only)
Provider health [https://m.flashscore.ua/?s=2]: rows=0, 0:0 total=0, candidates=0
  Found: 0 candidates, 0 new, 4 permanently skipped

Done: 0 analyzed, 0 actionable, 0 TG sent

🔥 RUN #382: analyzed=0, signals=0
⏳ Next scan in 3m...
[10:26:58] Live scan
  Запуск live-скрапера (після ранкових Telegram, якщо були).
Opening: https://m.flashscore.ua/?s=2 (minute >= 60, 0:0 only)
Provider health [https://m.flashscore.ua/?s=2]: rows=0, 0:0 total=0, candidates=0
  Found: 0 candidates, 0 new, 4 permanently skipped

Done: 0 analyzed, 0 actionable, 0 TG sent

🔥 RUN #383: analyzed=0, signals=0
⏳ Next scan in 3m...
[10:30:07] Live scan
  Запуск live-скрапера (після ранкових Telegram, якщо були).
Opening: https://m.flashscore.ua/?s=2 (minute >= 60, 0:0 only)
Provider health [https://m.flashscore.ua/?s=2]: rows=0, 0:0 total=0, candidates=0
  Found: 0 candidates, 0 new, 4 permanently skipped

Done: 0 analyzed, 0 actionable, 0 TG sent

🔥 RUN #384: analyzed=0, signals=0
⏳ Next scan in 3m...
[10:33:18] Live scan
  Запуск live-скрапера (після ранкових Telegram, якщо були).
Opening: https://m.flashscore.ua/?s=2 (minute >= 60, 0:0 only)
Provider health [https://m.flashscore.ua/?s=2]: rows=0, 0:0 total=0, candidates=0
  Found: 0 candidates, 0 new, 4 permanently skipped

Done: 0 analyzed, 0 actionable, 0 TG sent

🔥 RUN #385: analyzed=0, signals=0
⏳ Next scan in 3m...
[10:36:30] Live scan
  Запуск live-скрапера (після ранкових Telegram, якщо були).
Opening: https://m.flashscore.ua/?s=2 (minute >= 60, 0:0 only)
Provider health [https://m.flashscore.ua/?s=2]: rows=0, 0:0 total=0, candidates=0
  Found: 0 candidates, 0 new, 4 permanently skipped

Done: 0 analyzed, 0 actionable, 0 TG sent

🔥 RUN #386: analyzed=0, signals=0
⏳ Next scan in 3m...
[10:39:40] Live scan
  Запуск live-скрапера (після ранкових Telegram, якщо були).
Opening: https://m.flashscore.ua/?s=2 (minute >= 60, 0:0 only)
Provider health [https://m.flashscore.ua/?s=2]: rows=0, 0:0 total=0, candidates=0
  Found: 0 candidates, 0 new, 4 permanently skipped

Done: 0 analyzed, 0 actionable, 0 TG sent

🔥 RUN #387: analyzed=0, signals=0
⏳ Next scan in 3m...
[10:42:50] Live scan
  Запуск live-скрапера (після ранкових Telegram, якщо були).
Opening: https://m.flashscore.ua/?s=2 (minute >= 60, 0:0 only)
Provider health [https://m.flashscore.ua/?s=2]: rows=0, 0:0 total=0, candidates=0
  Found: 0 candidates, 0 new, 4 permanently skipped

Done: 0 analyzed, 0 actionable, 0 TG sent

🔥 RUN #388: analyzed=0, signals=0
⏳ Next scan in 3m...
[10:46:12] Live scan
  Запуск live-скрапера (після ранкових Telegram, якщо були).
Opening: https://m.flashscore.ua/?s=2 (minute >= 60, 0:0 only)
Provider health [https://m.flashscore.ua/?s=2]: rows=0, 0:0 total=0, candidates=0
  Found: 0 candidates, 0 new, 4 permanently skipped

Done: 0 analyzed, 0 actionable, 0 TG sent

🔥 RUN #389: analyzed=0, signals=0
Message sent to Telegram
⏳ Next scan in 3m...
[10:49:23] Live scan
  Запуск live-скрапера (після ранкових Telegram, якщо були).
Opening: https://m.flashscore.ua/?s=2 (minute >= 60, 0:0 only)
Provider health [https://m.flashscore.ua/?s=2]: rows=0, 0:0 total=0, candidates=0
  Found: 0 candidates, 0 new, 4 permanently skipped

Done: 0 analyzed, 0 actionable, 0 TG sent

🔥 RUN #390: analyzed=0, signals=0
⏳ Next scan in 3m...
🚀 Starting live scraping (watch mode)...
  [restore] Відновлено з лога: 4 оброблених, 3 надісланих TG, 0 активних ставок
[10:49:40] Live scan
  First run — checking yesterday results
  [result] No unchecked predictions for 2026-04-15
  Yesterday: 2/5 hits (5 з прогнозом)
  Daily summary Telegram disabled (date=2026-04-15)
  Запуск live-скрапера (після ранкових Telegram, якщо були).
Opening: https://m.flashscore.ua/?s=2 (minute >= 60, 0:0 only)
Provider health [https://m.flashscore.ua/?s=2]: rows=0, 0:0 total=0, candidates=0
  Found: 0 candidates, 0 new, 4 permanently skipped

Done: 0 analyzed, 0 actionable, 0 TG sent

🔥 RUN #1: analyzed=0, signals=0
⏳ Next scan in 3m...
[10:52:52] Live scan
  Запуск live-скрапера (після ранкових Telegram, якщо були).
Opening: https://m.flashscore.ua/?s=2 (minute >= 60, 0:0 only)
Provider health [https://m.flashscore.ua/?s=2]: rows=0, 0:0 total=0, candidates=0
  Found: 0 candidates, 0 new, 4 permanently skipped

Done: 0 analyzed, 0 actionable, 0 TG sent

🔥 RUN #2: analyzed=0, signals=0
⏳ Next scan in 3m...
[10:56:01] Live scan
  Запуск live-скрапера (після ранкових Telegram, якщо були).
Opening: https://m.flashscore.ua/?s=2 (minute >= 60, 0:0 only)
Provider health [https://m.flashscore.ua/?s=2]: rows=0, 0:0 total=0, candidates=0
  Found: 0 candidates, 0 new, 4 permanently skipped

Done: 0 analyzed, 0 actionable, 0 TG sent

🔥 RUN #3: analyzed=0, signals=0
⏳ Next scan in 3m...
🚀 Starting live scraping (watch mode)...
[10:59:22] Live scan
  First run — checking yesterday results
  [result] Checking 1 prediction(s) (163 унік. матчів у логу)...
  [result] УГОРЩИНА: NB I. Таблиця68'Дьор - Ференцварош: 1:0 → ❌ остання нога | ТМ:❌
  Yesterday: 5/11 hits (11 з прогнозом)
  Daily summary Telegram disabled (date=2026-04-19)
  Запуск live-скрапера (після ранкових Telegram, якщо були).
Opening: https://m.flashscore.ua/?s=2 (minute >= 60, 0:0 only)
Provider health [https://m.flashscore.ua/?s=2]: rows=1, 0:0 total=0, candidates=0
  Found: 0 candidates, 0 new, 0 permanently skipped

Done: 0 analyzed, 0 actionable, 0 TG sent

🔥 RUN #1: analyzed=0, signals=0
⏳ Next scan in 3m...
[11:02:58] Live scan
  Запуск live-скрапера (після ранкових Telegram, якщо були).
Opening: https://m.flashscore.ua/?s=2 (minute >= 60, 0:0 only)
Provider health [https://m.flashscore.ua/?s=2]: rows=1, 0:0 total=0, candidates=0
  Found: 0 candidates, 0 new, 0 permanently skipped

Done: 0 analyzed, 0 actionable, 0 TG sent

🔥 RUN #2: analyzed=0, signals=0
⏳ Next scan in 3m...
[11:06:12] Live scan
  Запуск live-скрапера (після ранкових Telegram, якщо були).
Opening: https://m.flashscore.ua/?s=2 (minute >= 60, 0:0 only)
Provider health [https://m.flashscore.ua/?s=2]: rows=1, 0:0 total=0, candidates=0
  Found: 0 candidates, 0 new, 0 permanently skipped

Done: 0 analyzed, 0 actionable, 0 TG sent

🔥 RUN #3: analyzed=0, signals=0
⏳ Next scan in 3m...
[11:09:24] Live scan
  Запуск live-скрапера (після ранкових Telegram, якщо були).
Opening: https://m.flashscore.ua/?s=2 (minute >= 60, 0:0 only)
Provider health [https://m.flashscore.ua/?s=2]: rows=1, 0:0 total=0, candidates=0
  Found: 0 candidates, 0 new, 0 permanently skipped

Done: 0 analyzed, 0 actionable, 0 TG sent

🔥 RUN #4: analyzed=0, signals=0
⏳ Next scan in 3m...
[11:12:36] Live scan
  Запуск live-скрапера (після ранкових Telegram, якщо були).
Opening: https://m.flashscore.ua/?s=2 (minute >= 60, 0:0 only)
Provider health [https://m.flashscore.ua/?s=2]: rows=1, 0:0 total=0, candidates=0
  Found: 0 candidates, 0 new, 0 permanently skipped

Done: 0 analyzed, 0 actionable, 0 TG sent

🔥 RUN #5: analyzed=0, signals=0
⏳ Next scan in 3m...
[11:15:49] Live scan
  Запуск live-скрапера (після ранкових Telegram, якщо були).
Opening: https://m.flashscore.ua/?s=2 (minute >= 60, 0:0 only)
Provider health [https://m.flashscore.ua/?s=2]: rows=1, 0:0 total=0, candidates=0
  Found: 0 candidates, 0 new, 0 permanently skipped

Done: 0 analyzed, 0 actionable, 0 TG sent

🔥 RUN #6: analyzed=0, signals=0
⏳ Next scan in 3m...
[11:19:04] Live scan
  Запуск live-скрапера (після ранкових Telegram, якщо були).
Opening: https://m.flashscore.ua/?s=2 (minute >= 60, 0:0 only)
Provider health [https://m.flashscore.ua/?s=2]: rows=1, 0:0 total=0, candidates=0
  Found: 0 candidates, 0 new, 0 permanently skipped

Done: 0 analyzed, 0 actionable, 0 TG sent

🔥 RUN #7: analyzed=0, signals=0
⏳ Next scan in 3m...
[11:22:19] Live scan
  Запуск live-скрапера (після ранкових Telegram, якщо були).
Opening: https://m.flashscore.ua/?s=2 (minute >= 60, 0:0 only)
Provider health [https://m.flashscore.ua/?s=2]: rows=1, 0:0 total=0, candidates=0
  Found: 0 candidates, 0 new, 0 permanently skipped

Done: 0 analyzed, 0 actionable, 0 TG sent

🔥 RUN #8: analyzed=0, signals=0
⏳ Next scan in 3m...
[11:25:30] Live scan
  Запуск live-скрапера (після ранкових Telegram, якщо були).
Opening: https://m.flashscore.ua/?s=2 (minute >= 60, 0:0 only)
Provider health [https://m.flashscore.ua/?s=2]: rows=1, 0:0 total=0, candidates=0
  Found: 0 candidates, 0 new, 0 permanently skipped

Done: 0 analyzed, 0 actionable, 0 TG sent

🔥 RUN #9: analyzed=0, signals=0
⏳ Next scan in 3m...
[11:28:40] Live scan
  Запуск live-скрапера (після ранкових Telegram, якщо були).
Opening: https://m.flashscore.ua/?s=2 (minute >= 60, 0:0 only)
Provider health [https://m.flashscore.ua/?s=2]: rows=1, 0:0 total=0, candidates=0
  Found: 0 candidates, 0 new, 0 permanently skipped

Done: 0 analyzed, 0 actionable, 0 TG sent

🔥 RUN #10: analyzed=0, signals=0
⏳ Next scan in 3m...
[11:31:50] Live scan
  Запуск live-скрапера (після ранкових Telegram, якщо були).
Opening: https://m.flashscore.ua/?s=2 (minute >= 60, 0:0 only)
Provider health [https://m.flashscore.ua/?s=2]: rows=1, 0:0 total=0, candidates=0
  Found: 0 candidates, 0 new, 0 permanently skipped

Done: 0 analyzed, 0 actionable, 0 TG sent

🔥 RUN #11: analyzed=0, signals=0
⏳ Next scan in 3m...
[11:35:01] Live scan
  Запуск live-скрапера (після ранкових Telegram, якщо були).
Opening: https://m.flashscore.ua/?s=2 (minute >= 60, 0:0 only)
Provider health [https://m.flashscore.ua/?s=2]: rows=2, 0:0 total=1, candidates=0
  ⏸ 0:0 ще рано (< 60'):
    6' ІНДОНЕЗІЯ: Суперліга Таблиця6'Семен Паданг - Персіяп Джепара [ІНДОНЕЗІЯ: Суперліга]
  Found: 0 candidates, 0 new, 0 permanently skipped

Done: 0 analyzed, 0 actionable, 0 TG sent

🔥 RUN #12: analyzed=0, signals=0
⏳ Next scan in 3m...
[11:38:12] Live scan
  Запуск live-скрапера (після ранкових Telegram, якщо були).
Opening: https://m.flashscore.ua/?s=2 (minute >= 60, 0:0 only)
Provider health [https://m.flashscore.ua/?s=2]: rows=2, 0:0 total=1, candidates=0
  ⏸ 0:0 ще рано (< 60'):
    8' ІНДОНЕЗІЯ: Суперліга Таблиця8'Семен Паданг - Персіяп Джепара [ІНДОНЕЗІЯ: Суперліга]
  Found: 0 candidates, 0 new, 0 permanently skipped

Done: 0 analyzed, 0 actionable, 0 TG sent

🔥 RUN #13: analyzed=0, signals=0
⏳ Next scan in 3m...
[11:41:24] Live scan
  Запуск live-скрапера (після ранкових Telegram, якщо були).
Opening: https://m.flashscore.ua/?s=2 (minute >= 60, 0:0 only)
Provider health [https://m.flashscore.ua/?s=2]: rows=2, 0:0 total=1, candidates=0
  ⏸ 0:0 ще рано (< 60'):
    12' ІНДОНЕЗІЯ: Суперліга Таблиця12'Семен Паданг - Персіяп Джепара [ІНДОНЕЗІЯ: Суперліга]
  Found: 0 candidates, 0 new, 0 permanently skipped

Done: 0 analyzed, 0 actionable, 0 TG sent

🔥 RUN #14: analyzed=0, signals=0
⏳ Next scan in 3m...
[11:44:35] Live scan
  Запуск live-скрапера (після ранкових Telegram, якщо були).
Opening: https://m.flashscore.ua/?s=2 (minute >= 60, 0:0 only)
Provider health [https://m.flashscore.ua/?s=2]: rows=2, 0:0 total=1, candidates=0
  ⏸ 0:0 ще рано (< 60'):
    15' ІНДОНЕЗІЯ: Суперліга Таблиця15'Семен Паданг - Персіяп Джепара [ІНДОНЕЗІЯ: Суперліга]
  Found: 0 candidates, 0 new, 0 permanently skipped

Done: 0 analyzed, 0 actionable, 0 TG sent

🔥 RUN #15: analyzed=0, signals=0
⏳ Next scan in 3m...
[11:47:45] Live scan
  Запуск live-скрапера (після ранкових Telegram, якщо були).
Opening: https://m.flashscore.ua/?s=2 (minute >= 60, 0:0 only)
Provider health [https://m.flashscore.ua/?s=2]: rows=2, 0:0 total=1, candidates=0
  ⏸ 0:0 ще рано (< 60'):
    18' ІНДОНЕЗІЯ: Суперліга Таблиця18'Семен Паданг - Персіяп Джепара [ІНДОНЕЗІЯ: Суперліга]
  Found: 0 candidates, 0 new, 0 permanently skipped

Done: 0 analyzed, 0 actionable, 0 TG sent

🔥 RUN #16: analyzed=0, signals=0
⏳ Next scan in 3m...
[11:50:57] Live scan
  Запуск live-скрапера (після ранкових Telegram, якщо були).
Opening: https://m.flashscore.ua/?s=2 (minute >= 60, 0:0 only)
Provider health [https://m.flashscore.ua/?s=2]: rows=2, 0:0 total=1, candidates=0
  ⏸ 0:0 ще рано (< 60'):
    21' ІНДОНЕЗІЯ: Суперліга Таблиця21'Семен Паданг - Персіяп Джепара [ІНДОНЕЗІЯ: Суперліга]
  Found: 0 candidates, 0 new, 0 permanently skipped

Done: 0 analyzed, 0 actionable, 0 TG sent

🔥 RUN #17: analyzed=0, signals=0
⏳ Next scan in 3m...
🚀 Starting live scraping (watch mode)...
[10:19:02] Live scan
  First run — checking yesterday results
  [result] No unchecked predictions for 2026-04-22
  Yesterday: 6/8 hits (8 з прогнозом)
  Daily summary Telegram disabled (date=2026-04-22)
  Запуск live-скрапера (після ранкових Telegram, якщо були).
Opening: https://m.flashscore.ua/?s=2 (minute >= 60, 0:0 only)
Provider health [https://m.flashscore.ua/?s=2]: rows=0, 0:0 total=0, candidates=0
  Found: 0 candidates, 0 new, 0 permanently skipped

Done: 0 analyzed, 0 actionable, 0 TG sent

🔥 RUN #1: analyzed=0, signals=0
⏳ Next scan in 3m...
[10:22:21] Live scan
  Запуск live-скрапера (після ранкових Telegram, якщо були).
Opening: https://m.flashscore.ua/?s=2 (minute >= 60, 0:0 only)
Provider health [https://m.flashscore.ua/?s=2]: rows=0, 0:0 total=0, candidates=0
  Found: 0 candidates, 0 new, 0 permanently skipped

Done: 0 analyzed, 0 actionable, 0 TG sent

🔥 RUN #2: analyzed=0, signals=0
⏳ Next scan in 3m...
[10:25:36] Live scan
  Запуск live-скрапера (після ранкових Telegram, якщо були).
Opening: https://m.flashscore.ua/?s=2 (minute >= 60, 0:0 only)
Provider health [https://m.flashscore.ua/?s=2]: rows=0, 0:0 total=0, candidates=0
  Found: 0 candidates, 0 new, 0 permanently skipped

Done: 0 analyzed, 0 actionable, 0 TG sent

🔥 RUN #3: analyzed=0, signals=0
⏳ Next scan in 3m...
[10:28:48] Live scan
  Запуск live-скрапера (після ранкових Telegram, якщо були).
Opening: https://m.flashscore.ua/?s=2 (minute >= 60, 0:0 only)
Provider health [https://m.flashscore.ua/?s=2]: rows=0, 0:0 total=0, candidates=0
  Found: 0 candidates, 0 new, 0 permanently skipped

Done: 0 analyzed, 0 actionable, 0 TG sent

🔥 RUN #4: analyzed=0, signals=0
⏳ Next scan in 3m...
[10:31:59] Live scan
  Запуск live-скрапера (після ранкових Telegram, якщо були).
Opening: https://m.flashscore.ua/?s=2 (minute >= 60, 0:0 only)
Provider health [https://m.flashscore.ua/?s=2]: rows=0, 0:0 total=0, candidates=0
  Found: 0 candidates, 0 new, 0 permanently skipped

Done: 0 analyzed, 0 actionable, 0 TG sent

🔥 RUN #5: analyzed=0, signals=0
⏳ Next scan in 3m...
[10:35:10] Live scan
  Запуск live-скрапера (після ранкових Telegram, якщо були).
Opening: https://m.flashscore.ua/?s=2 (minute >= 60, 0:0 only)
Provider health [https://m.flashscore.ua/?s=2]: rows=0, 0:0 total=0, candidates=0
  Found: 0 candidates, 0 new, 0 permanently skipped

Done: 0 analyzed, 0 actionable, 0 TG sent

🔥 RUN #6: analyzed=0, signals=0
⏳ Next scan in 3m...
[10:38:21] Live scan
  Запуск live-скрапера (після ранкових Telegram, якщо були).
Opening: https://m.flashscore.ua/?s=2 (minute >= 60, 0:0 only)
Provider health [https://m.flashscore.ua/?s=2]: rows=0, 0:0 total=0, candidates=0
  Found: 0 candidates, 0 new, 0 permanently skipped

Done: 0 analyzed, 0 actionable, 0 TG sent

🔥 RUN #7: analyzed=0, signals=0
⏳ Next scan in 3m...
[10:41:33] Live scan
  Запуск live-скрапера (після ранкових Telegram, якщо були).
Opening: https://m.flashscore.ua/?s=2 (minute >= 60, 0:0 only)
Provider health [https://m.flashscore.ua/?s=2]: rows=0, 0:0 total=0, candidates=0
  Found: 0 candidates, 0 new, 0 permanently skipped

Done: 0 analyzed, 0 actionable, 0 TG sent

🔥 RUN #8: analyzed=0, signals=0
⏳ Next scan in 3m...
[10:44:45] Live scan
  Запуск live-скрапера (після ранкових Telegram, якщо були).
Opening: https://m.flashscore.ua/?s=2 (minute >= 60, 0:0 only)
Provider health [https://m.flashscore.ua/?s=2]: rows=0, 0:0 total=0, candidates=0
  Found: 0 candidates, 0 new, 0 permanently skipped

Done: 0 analyzed, 0 actionable, 0 TG sent

🔥 RUN #9: analyzed=0, signals=0
⏳ Next scan in 3m...
[10:47:56] Live scan
  Запуск live-скрапера (після ранкових Telegram, якщо були).
Opening: https://m.flashscore.ua/?s=2 (minute >= 60, 0:0 only)
Provider health [https://m.flashscore.ua/?s=2]: rows=0, 0:0 total=0, candidates=0
  Found: 0 candidates, 0 new, 0 permanently skipped

Done: 0 analyzed, 0 actionable, 0 TG sent

🔥 RUN #10: analyzed=0, signals=0
⏳ Next scan in 3m...
[10:51:07] Live scan
  Запуск live-скрапера (після ранкових Telegram, якщо були).
Opening: https://m.flashscore.ua/?s=2 (minute >= 60, 0:0 only)
Provider health [https://m.flashscore.ua/?s=2]: rows=0, 0:0 total=0, candidates=0
  Found: 0 candidates, 0 new, 0 permanently skipped

Done: 0 analyzed, 0 actionable, 0 TG sent

🔥 RUN #11: analyzed=0, signals=0
⏳ Next scan in 3m...
[11:46:26] Live scan
  Запуск live-скрапера (після ранкових Telegram, якщо були).
Opening: https://m.flashscore.ua/?s=2 (minute >= 60, 0:0 only)
LIVE MATCHES ERROR: net::ERR_INTERNET_DISCONNECTED at https://m.flashscore.ua/?s=2
  Found: 0 candidates, 0 new, 0 permanently skipped

Done: 0 analyzed, 0 actionable, 0 TG sent

🔥 RUN #12: analyzed=0, signals=0
⏳ Next scan in 3m...
[12:02:05] Live scan
  Запуск live-скрапера (після ранкових Telegram, якщо були).
Opening: https://m.flashscore.ua/?s=2 (minute >= 60, 0:0 only)
LIVE MATCHES ERROR: net::ERR_INTERNET_DISCONNECTED at https://m.flashscore.ua/?s=2
  Found: 0 candidates, 0 new, 0 permanently skipped

Done: 0 analyzed, 0 actionable, 0 TG sent

🔥 RUN #13: analyzed=0, signals=0
⏳ Next scan in 3m...
[14:26:47] Live scan
  Запуск live-скрапера (після ранкових Telegram, якщо були).
Opening: https://m.flashscore.ua/?s=2 (minute >= 60, 0:0 only)
LIVE MATCHES ERROR: net::ERR_INTERNET_DISCONNECTED at https://m.flashscore.ua/?s=2
  Found: 0 candidates, 0 new, 0 permanently skipped

Done: 0 analyzed, 0 actionable, 0 TG sent

🔥 RUN #14: analyzed=0, signals=0
⏳ Next scan in 3m...
[14:50:52] Live scan
  Запуск live-скрапера (після ранкових Telegram, якщо були).
Opening: https://m.flashscore.ua/?s=2 (minute >= 60, 0:0 only)
LIVE MATCHES ERROR: net::ERR_INTERNET_DISCONNECTED at https://m.flashscore.ua/?s=2
  Found: 0 candidates, 0 new, 0 permanently skipped

Done: 0 analyzed, 0 actionable, 0 TG sent

🔥 RUN #15: analyzed=0, signals=0
⏳ Next scan in 3m...
[15:32:20] Live scan
  Запуск live-скрапера (після ранкових Telegram, якщо були).
Opening: https://m.flashscore.ua/?s=2 (minute >= 60, 0:0 only)
Provider health [https://m.flashscore.ua/?s=2]: rows=9, 0:0 total=5, candidates=0
  ⏸ 0:0 ще рано (< 60'):
    33' ЕФІОПІЯ: Ethiopia Cup33'Мечал - Велвало Адіграт [ЕФІОПІЯ: Ethiopia Cup]
    33' ІНДОНЕЗІЯ: Суперліга Таблиця33'Малут Юнайтед - Персебая [ІНДОНЕЗІЯ: Суперліга]
    18' МАЛАЙЗІЯ: Суперліга Таблиця18'Мелака ФК - Сабах [МАЛАЙЗІЯ: Суперліга]
    33' ТУРЕЧЧИНА: Третя ліга - Плей-оф33'Етімесгут - Кючюкчекмедже [ТУРЕЧЧИНА: Третя ліга - Плей-оф]
    33' Мазідагі - Таласгюджю [ТУРЕЧЧИНА: Третя ліга - Плей-оф]
  Found: 0 candidates, 0 new, 0 permanently skipped

Done: 0 analyzed, 0 actionable, 0 TG sent

🔥 RUN #16: analyzed=0, signals=0
⏳ Next scan in 3m...
[16:03:02] Live scan
  Запуск live-скрапера (після ранкових Telegram, якщо були).
Opening: https://m.flashscore.ua/?s=2 (minute >= 60, 0:0 only)
Provider health [https://m.flashscore.ua/?s=2]: rows=15, 0:0 total=9, candidates=0
  ⏸ 0:0 ще рано (< 60'):
    45' ЕФІОПІЯ: Ethiopia CupПерерваМечал - Велвало Адіграт [ЕФІОПІЯ: Ethiopia Cup]
    4' ЄГИПЕТ: Дивізіон 2 А Таблиця4'Терсана - Асьют Петролеум [ЄГИПЕТ: Дивізіон 2 А]
    45' ІНДОНЕЗІЯ: Суперліга ТаблицяПерерваМалут Юнайтед - Персебая [ІНДОНЕЗІЯ: Суперліга]
    4' ІСЛАНДІЯ: Беста-дейлд карла Таблиця4'Вестманнаейяр - КР Рейк'явік [ІСЛАНДІЯ: Беста-дейлд карла]
    34' Нгокетунджія - Атлантік [КАМЕРУН: Еліт 2]
    4' СИРІЯ: Прем'єр-ліга Таблиця4'Тішрін - Хоттін [СИРІЯ: Прем'єр-ліга]
    45' ТУРЕЧЧИНА: Третя ліга - Плей-офПерерваЕтімесгут - Кючюкчекмедже [ТУРЕЧЧИНА: Третя ліга - Плей-оф]
    45' Мазідагі - Таласгюджю [ТУРЕЧЧИНА: Третя ліга - Плей-оф]
  Found: 0 candidates, 0 new, 0 permanently skipped

Done: 0 analyzed, 0 actionable, 0 TG sent

🔥 RUN #17: analyzed=0, signals=0
Message sent to Telegram
⏳ Next scan in 3m...
[16:06:14] Live scan
  Запуск live-скрапера (після ранкових Telegram, якщо були).
Opening: https://m.flashscore.ua/?s=2 (minute >= 60, 0:0 only)
Provider health [https://m.flashscore.ua/?s=2]: rows=19, 0:0 total=12, candidates=0
  ⏸ 0:0 ще рано (< 60'):
    47' ЕФІОПІЯ: Ethiopia Cup47'Мечал - Велвало Адіграт [ЕФІОПІЯ: Ethiopia Cup]
    7' ЄГИПЕТ: Дивізіон 2 А Таблиця7'Ель-Дахлея - Баладіят Ель-Махалла [ЄГИПЕТ: Дивізіон 2 А]
    7' СК Асуан - Масар [ЄГИПЕТ: Дивізіон 2 А]
    7' Терсана - Асьют Петролеум [ЄГИПЕТ: Дивізіон 2 А]
    45' ІНДОНЕЗІЯ: Суперліга ТаблицяПерерваМалут Юнайтед - Персебая [ІНДОНЕЗІЯ: Суперліга]
    37' Нгокетунджія - Атлантік [КАМЕРУН: Еліт 2]
    45' МАЛАЙЗІЯ: Суперліга ТаблицяПерерваМелака ФК - Сабах [МАЛАЙЗІЯ: Суперліга]
    7' СИРІЯ: Прем'єр-ліга Таблиця7'Аль-Шорта - Джаблех [СИРІЯ: Прем'єр-ліга]
    7' Дамаск Аль-Ахлі - Khan Shaykhun [СИРІЯ: Прем'єр-ліга]
    7' Тішрін - Хоттін [СИРІЯ: Прем'єр-ліга]
    47' ТУРЕЧЧИНА: Третя ліга - Плей-оф47'Етімесгут - Кючюкчекмедже [ТУРЕЧЧИНА: Третя ліга - Плей-оф]
    47' Мазідагі - Таласгюджю [ТУРЕЧЧИНА: Третя ліга - Плей-оф]
  Found: 0 candidates, 0 new, 0 permanently skipped

Done: 0 analyzed, 0 actionable, 0 TG sent

🔥 RUN #18: analyzed=0, signals=0
⏳ Next scan in 3m...
[16:09:24] Live scan
  Запуск live-скрапера (після ранкових Telegram, якщо були).
Opening: https://m.flashscore.ua/?s=2 (minute >= 60, 0:0 only)
Provider health [https://m.flashscore.ua/?s=2]: rows=21, 0:0 total=10, candidates=0
  ⏸ 0:0 ще рано (< 60'):
    50' ЕФІОПІЯ: Ethiopia Cup50'Мечал - Велвало Адіграт [ЕФІОПІЯ: Ethiopia Cup]
    10' ЄГИПЕТ: Дивізіон 2 А Таблиця10'Ель-Дахлея - Баладіят Ель-Махалла [ЄГИПЕТ: Дивізіон 2 А]
    10' Рая - Ель-Мансура [ЄГИПЕТ: Дивізіон 2 А]
    10' СК Асуан - Масар [ЄГИПЕТ: Дивізіон 2 А]
    48' ІНДОНЕЗІЯ: Суперліга Таблиця48'Малут Юнайтед - Персебая [ІНДОНЕЗІЯ: Суперліга]
    45' МАЛАЙЗІЯ: Суперліга ТаблицяПерерваМелака ФК - Сабах [МАЛАЙЗІЯ: Суперліга]
    10' СИРІЯ: Прем'єр-ліга Таблиця10'Аль-Шорта - Джаблех [СИРІЯ: Прем'єр-ліга]
    10' Тішрін - Хоттін [СИРІЯ: Прем'єр-ліга]
    50' ТУРЕЧЧИНА: Третя ліга - Плей-оф50'Етімесгут - Кючюкчекмедже [ТУРЕЧЧИНА: Третя ліга - Плей-оф]
    50' Мазідагі - Таласгюджю [ТУРЕЧЧИНА: Третя ліга - Плей-оф]
  Found: 0 candidates, 0 new, 0 permanently skipped

Done: 0 analyzed, 0 actionable, 0 TG sent

🔥 RUN #19: analyzed=0, signals=0
⏳ Next scan in 3m...
[16:12:37] Live scan
  Запуск live-скрапера (після ранкових Telegram, якщо були).
Opening: https://m.flashscore.ua/?s=2 (minute >= 60, 0:0 only)
Provider health [https://m.flashscore.ua/?s=2]: rows=22, 0:0 total=9, candidates=0
  ⏸ 0:0 ще рано (< 60'):
    53' ЕФІОПІЯ: Ethiopia Cup53'Мечал - Велвало Адіграт [ЕФІОПІЯ: Ethiopia Cup]
    13' ЄГИПЕТ: Дивізіон 2 А Таблиця13'Ель-Дахлея - Баладіят Ель-Махалла [ЄГИПЕТ: Дивізіон 2 А]
    13' Малеят Кафр Ель-Заят - Аль-Канах [ЄГИПЕТ: Дивізіон 2 А]
    13' Рая - Ель-Мансура [ЄГИПЕТ: Дивізіон 2 А]
    13' СК Асуан - Масар [ЄГИПЕТ: Дивізіон 2 А]
    51' ІНДОНЕЗІЯ: Суперліга Таблиця51'Малут Юнайтед - Персебая [ІНДОНЕЗІЯ: Суперліга]
    45' МАЛАЙЗІЯ: Суперліга ТаблицяПерерваМелака ФК - Сабах [МАЛАЙЗІЯ: Суперліга]
    13' Тішрін - Хоттін [СИРІЯ: Прем'єр-ліга]
    53' Мазідагі - Таласгюджю [ТУРЕЧЧИНА: Третя ліга - Плей-оф]
  Found: 0 candidates, 0 new, 0 permanently skipped

Done: 0 analyzed, 0 actionable, 0 TG sent

🔥 RUN #20: analyzed=0, signals=0
⏳ Next scan in 3m...
[16:15:47] Live scan
  Запуск live-скрапера (після ранкових Telegram, якщо були).
Opening: https://m.flashscore.ua/?s=2 (minute >= 60, 0:0 only)
Provider health [https://m.flashscore.ua/?s=2]: rows=22, 0:0 total=8, candidates=0
  ⏸ 0:0 ще рано (< 60'):
    56' ЕФІОПІЯ: Ethiopia Cup56'Мечал - Велвало Адіграт [ЕФІОПІЯ: Ethiopia Cup]
    16' ЄГИПЕТ: Дивізіон 2 А Таблиця16'Ель-Дахлея - Баладіят Ель-Махалла [ЄГИПЕТ: Дивізіон 2 А]
    16' Малеят Кафр Ель-Заят - Аль-Канах [ЄГИПЕТ: Дивізіон 2 А]
    16' Рая - Ель-Мансура [ЄГИПЕТ: Дивізіон 2 А]
    16' СК Асуан - Масар [ЄГИПЕТ: Дивізіон 2 А]
    54' ІНДОНЕЗІЯ: Суперліга Таблиця54'Малут Юнайтед - Персебая [ІНДОНЕЗІЯ: Суперліга]
    45' МАЛАЙЗІЯ: Суперліга ТаблицяПерерваМелака ФК - Сабах [МАЛАЙЗІЯ: Суперліга]
    16' Тішрін - Хоттін [СИРІЯ: Прем'єр-ліга]
  Found: 0 candidates, 0 new, 0 permanently skipped

Done: 0 analyzed, 0 actionable, 0 TG sent

🔥 RUN #21: analyzed=0, signals=0
⏳ Next scan in 3m...
[16:19:02] Live scan
  Запуск live-скрапера (після ранкових Telegram, якщо були).
Opening: https://m.flashscore.ua/?s=2 (minute >= 60, 0:0 only)
Provider health [https://m.flashscore.ua/?s=2]: rows=22, 0:0 total=8, candidates=0
  ⏸ 0:0 ще рано (< 60'):
    59' ЕФІОПІЯ: Ethiopia Cup59'Мечал - Велвало Адіграт [ЕФІОПІЯ: Ethiopia Cup]
    19' ЄГИПЕТ: Дивізіон 2 А Таблиця19'Ель-Дахлея - Баладіят Ель-Махалла [ЄГИПЕТ: Дивізіон 2 А]
    19' Малеят Кафр Ель-Заят - Аль-Канах [ЄГИПЕТ: Дивізіон 2 А]
    19' Рая - Ель-Мансура [ЄГИПЕТ: Дивізіон 2 А]
    19' СК Асуан - Масар [ЄГИПЕТ: Дивізіон 2 А]
    57' ІНДОНЕЗІЯ: Суперліга Таблиця57'Малут Юнайтед - Персебая [ІНДОНЕЗІЯ: Суперліга]
    45' МАЛАЙЗІЯ: Суперліга ТаблицяПерерваМелака ФК - Сабах [МАЛАЙЗІЯ: Суперліга]
    19' Тішрін - Хоттін [СИРІЯ: Прем'єр-ліга]
  Found: 0 candidates, 0 new, 0 permanently skipped

Done: 0 analyzed, 0 actionable, 0 TG sent

🔥 RUN #22: analyzed=0, signals=0
⏳ Next scan in 3m...
[16:22:17] Live scan
  Запуск live-скрапера (після ранкових Telegram, якщо були).
Opening: https://m.flashscore.ua/?s=2 (minute >= 60, 0:0 only)
Provider health [https://m.flashscore.ua/?s=2]: rows=22, 0:0 total=8, candidates=2
  ⏸ 0:0 ще рано (< 60'):
    22' ЄГИПЕТ: Дивізіон 2 А Таблиця22'Ель-Дахлея - Баладіят Ель-Махалла [ЄГИПЕТ: Дивізіон 2 А]
    22' Малеят Кафр Ель-Заят - Аль-Канах [ЄГИПЕТ: Дивізіон 2 А]
    22' Рая - Ель-Мансура [ЄГИПЕТ: Дивізіон 2 А]
    22' СК Асуан - Масар [ЄГИПЕТ: Дивізіон 2 А]
    46' МАЛАЙЗІЯ: Суперліга Таблиця46'Мелака ФК - Сабах [МАЛАЙЗІЯ: Суперліга]
    22' Тішрін - Хоттін [СИРІЯ: Прем'єр-ліга]
  ✔ 62' ЕФІОПІЯ: Ethiopia Cup62'Мечал - Велвало Адіграт [ЕФІОПІЯ: Ethiopia Cup] id=hU6UZJDO
  ✔ 60' ІНДОНЕЗІЯ: Суперліга Таблиця60'Малут Юнайтед - Персебая [ІНДОНЕЗІЯ: Суперліга] id=EPiZhkRE
  Found: 2 candidates, 2 new, 0 permanently skipped

→ ЕФІОПІЯ: Ethiopia Cup62'Мечал - Велвало Адіграт (62') [ЕФІОПІЯ: Ethiopia Cup]

→ ІНДОНЕЗІЯ: Суперліга Таблиця60'Малут Юнайтед - Персебая (60') [ІНДОНЕЗІЯ: Суперліга]
  Кф 1X2: 1.67 / 3.05 / 5.64
  Кф 1X2: 1.89 / 3.66 / 3.77
  Desktop: https://www.flashscore.ua/match/soccer/malut-united-KUGXCpwa/persebaya-CMfxYmUA/?mid=EPiZhkRE
  Desktop: https://www.flashscore.ua/match/soccer/mechal-sc-fF7FZEzp/welwalo-adigrat-EPlozI1G/?mid=hU6UZJDO
  [stats] EPiZhkRE → both, 10 metrics
  [stats] hU6UZJDO → both, 5 metrics
  Features: quality=0.23, primary=2, status=both
  Model v2: pGoal=0.415, pDry=0.585 sq=0.4447 state=dry | 60-70 → SKIP
  Features: quality=0.23, primary=2, status=both
  Model v2: pGoal=0.365, pDry=0.635 sq=0.5247 state=dry | 60-70 → SKIP

Done: 2 analyzed, 0 actionable, 0 TG sent

🔥 RUN #23: analyzed=2, signals=0
⏳ Next scan in 3m...
[16:25:42] Live scan
  Запуск live-скрапера (після ранкових Telegram, якщо були).
Opening: https://m.flashscore.ua/?s=2 (minute >= 60, 0:0 only)
Provider health [https://m.flashscore.ua/?s=2]: rows=21, 0:0 total=8, candidates=2
  ⏸ 0:0 ще рано (< 60'):
    26' ЄГИПЕТ: Дивізіон 2 А Таблиця26'Ель-Дахлея - Баладіят Ель-Махалла [ЄГИПЕТ: Дивізіон 2 А]
    26' Малеят Кафр Ель-Заят - Аль-Канах [ЄГИПЕТ: Дивізіон 2 А]
    26' Рая - Ель-Мансура [ЄГИПЕТ: Дивізіон 2 А]
    26' СК Асуан - Масар [ЄГИПЕТ: Дивізіон 2 А]
    50' МАЛАЙЗІЯ: Суперліга Таблиця50'Мелака ФК - Сабах [МАЛАЙЗІЯ: Суперліга]
    26' Тішрін - Хоттін [СИРІЯ: Прем'єр-ліга]
  ✔ 66' ЕФІОПІЯ: Ethiopia Cup66'Мечал - Велвало Адіграт [ЕФІОПІЯ: Ethiopia Cup] id=hU6UZJDO
  ✔ 64' ІНДОНЕЗІЯ: Суперліга Таблиця64'Малут Юнайтед - Персебая [ІНДОНЕЗІЯ: Суперліга] id=EPiZhkRE
  Found: 2 candidates, 2 new, 0 permanently skipped

→ ЕФІОПІЯ: Ethiopia Cup66'Мечал - Велвало Адіграт (66') [ЕФІОПІЯ: Ethiopia Cup]

→ ІНДОНЕЗІЯ: Суперліга Таблиця64'Малут Юнайтед - Персебая (64') [ІНДОНЕЗІЯ: Суперліга]
  Кф 1X2: 1.67 / 3.05 / 5.64
  Кф 1X2: 1.89 / 3.66 / 3.77
  Desktop: https://www.flashscore.ua/match/soccer/malut-united-KUGXCpwa/persebaya-CMfxYmUA/?mid=EPiZhkRE
  Desktop: https://www.flashscore.ua/match/soccer/mechal-sc-fF7FZEzp/welwalo-adigrat-EPlozI1G/?mid=hU6UZJDO
  [stats] hU6UZJDO → both, 5 metrics
  [stats] EPiZhkRE → both, 10 metrics
  Features: quality=0.23, primary=2, status=both
  Model v2: pGoal=0.305, pDry=0.695 sq=0.5404 state=dry | 60-70 → SKIP | Δ2H SOT=0 xG=— (Δ4′ матчу)
  🔔 dryAlert встановлено (стан dry@66')
  Features: quality=0.23, primary=2, status=both
  Model v2: pGoal=0.355, pDry=0.645 sq=0.5404 state=dry | 60-70 → SKIP | Δ2H SOT=0 xG=— (Δ4′ матчу)
  🔔 dryAlert встановлено (стан dry@64')

Done: 2 analyzed, 0 actionable, 0 TG sent
📌 Tracking 2 active prediction(s)

🔥 RUN #24: analyzed=2, signals=0
⏳ Next scan in 3m...
[16:29:11] Live scan
  Запуск live-скрапера (після ранкових Telegram, якщо були).
Opening: https://m.flashscore.ua/?s=2 (minute >= 60, 0:0 only)
Provider health [https://m.flashscore.ua/?s=2]: rows=21, 0:0 total=7, candidates=2
  ⏸ 0:0 ще рано (< 60'):
    30' ЄГИПЕТ: Дивізіон 2 А Таблиця30'Ель-Дахлея - Баладіят Ель-Махалла [ЄГИПЕТ: Дивізіон 2 А]
    30' Рая - Ель-Мансура [ЄГИПЕТ: Дивізіон 2 А]
    30' СК Асуан - Масар [ЄГИПЕТ: Дивізіон 2 А]
    53' МАЛАЙЗІЯ: Суперліга Таблиця53'Мелака ФК - Сабах [МАЛАЙЗІЯ: Суперліга]
    30' Тішрін - Хоттін [СИРІЯ: Прем'єр-ліга]
  ✔ 70' ЕФІОПІЯ: Ethiopia Cup70'Мечал - Велвало Адіграт [ЕФІОПІЯ: Ethiopia Cup] id=hU6UZJDO
  ✔ 68' ІНДОНЕЗІЯ: Суперліга Таблиця68'Малут Юнайтед - Персебая [ІНДОНЕЗІЯ: Суперліга] id=EPiZhkRE
  Found: 2 candidates, 2 new, 0 permanently skipped

→ ЕФІОПІЯ: Ethiopia Cup70'Мечал - Велвало Адіграт (70') [ЕФІОПІЯ: Ethiopia Cup]

→ ІНДОНЕЗІЯ: Суперліга Таблиця68'Малут Юнайтед - Персебая (68') [ІНДОНЕЗІЯ: Суперліга]
  Кф 1X2: 1.67 / 3.05 / 5.64
  Кф 1X2: 1.89 / 3.66 / 3.77
  Desktop: https://www.flashscore.ua/match/soccer/malut-united-KUGXCpwa/persebaya-CMfxYmUA/?mid=EPiZhkRE
  Desktop: https://www.flashscore.ua/match/soccer/mechal-sc-fF7FZEzp/welwalo-adigrat-EPlozI1G/?mid=hU6UZJDO
  [stats] hU6UZJDO → both, 5 metrics
  [stats] EPiZhkRE → both, 10 metrics
  Features: quality=0.23, primary=2, status=both
  Model v2: pGoal=0.335, pDry=0.665 sq=0.5561 state=dry | 70-80 → SKIP | Δ2H SOT=0 xG=— (Δ4′ матчу)
  Features: quality=0.23, primary=2, status=both
  Model v2: pGoal=0.355, pDry=0.645 sq=0.5561 state=dry | 60-70 → SKIP | Δ2H SOT=0 xG=— (Δ4′ матчу)
  🔔 dryAlert встановлено (стан dry@68')

Done: 2 analyzed, 0 actionable, 0 TG sent
📌 Tracking 2 active prediction(s)

🔥 RUN #25: analyzed=2, signals=0
⏳ Next scan in 3m...
[16:32:39] Live scan
  Запуск live-скрапера (після ранкових Telegram, якщо були).
Opening: https://m.flashscore.ua/?s=2 (minute >= 60, 0:0 only)
Provider health [https://m.flashscore.ua/?s=2]: rows=21, 0:0 total=7, candidates=2
  ⏸ 0:0 ще рано (< 60'):
    33' ЄГИПЕТ: Дивізіон 2 А Таблиця33'Ель-Дахлея - Баладіят Ель-Махалла [ЄГИПЕТ: Дивізіон 2 А]
    33' Рая - Ель-Мансура [ЄГИПЕТ: Дивізіон 2 А]
    33' СК Асуан - Масар [ЄГИПЕТ: Дивізіон 2 А]
    57' МАЛАЙЗІЯ: Суперліга Таблиця57'Мелака ФК - Сабах [МАЛАЙЗІЯ: Суперліга]
    33' Тішрін - Хоттін [СИРІЯ: Прем'єр-ліга]
  ✔ 73' ЕФІОПІЯ: Ethiopia Cup73'Мечал - Велвало Адіграт [ЕФІОПІЯ: Ethiopia Cup] id=hU6UZJDO
  ✔ 71' ІНДОНЕЗІЯ: Суперліга Таблиця71'Малут Юнайтед - Персебая [ІНДОНЕЗІЯ: Суперліга] id=EPiZhkRE
  Found: 2 candidates, 2 new, 0 permanently skipped

→ ЕФІОПІЯ: Ethiopia Cup73'Мечал - Велвало Адіграт (73') [ЕФІОПІЯ: Ethiopia Cup]

→ ІНДОНЕЗІЯ: Суперліга Таблиця71'Малут Юнайтед - Персебая (71') [ІНДОНЕЗІЯ: Суперліга]
  Кф 1X2: 1.67 / 3.05 / 5.64
  Кф 1X2: 1.89 / 3.66 / 3.77
  Desktop: https://www.flashscore.ua/match/soccer/malut-united-KUGXCpwa/persebaya-CMfxYmUA/?mid=EPiZhkRE
  Desktop: https://www.flashscore.ua/match/soccer/mechal-sc-fF7FZEzp/welwalo-adigrat-EPlozI1G/?mid=hU6UZJDO
  [stats] hU6UZJDO → both, 5 metrics
  [stats] EPiZhkRE → both, 10 metrics
  Features: quality=0.23, primary=2, status=both
  Model v2: pGoal=0.335, pDry=0.665 sq=0.5719 state=dry | 70-80 → SKIP | Δ2H SOT=0 xG=— (Δ3′ матчу)
  Features: quality=0.23, primary=2, status=both
  Model v2: pGoal=0.385, pDry=0.615 sq=0.5719 state=dry | 70-80 → SKIP | Δ2H SOT=0 xG=— (Δ3′ матчу)

Done: 2 analyzed, 0 actionable, 0 TG sent
📌 Tracking 2 active prediction(s)

🔥 RUN #26: analyzed=2, signals=0
⏳ Next scan in 3m...
[16:36:10] Live scan
  Запуск live-скрапера (після ранкових Telegram, якщо були).
Opening: https://m.flashscore.ua/?s=2 (minute >= 60, 0:0 only)
Provider health [https://m.flashscore.ua/?s=2]: rows=21, 0:0 total=4, candidates=2
  ⏸ 0:0 ще рано (< 60'):
    37' ЄГИПЕТ: Дивізіон 2 А Таблиця37'Ель-Дахлея - Баладіят Ель-Махалла [ЄГИПЕТ: Дивізіон 2 А]
    37' Тішрін - Хоттін [СИРІЯ: Прем'єр-ліга]
  ✔ 77' ЕФІОПІЯ: Ethiopia Cup77'Мечал - Велвало Адіграт [ЕФІОПІЯ: Ethiopia Cup] id=hU6UZJDO
  ✔ 60' МАЛАЙЗІЯ: Суперліга Таблиця60'Мелака ФК - Сабах [МАЛАЙЗІЯ: Суперліга] id=vkdLZHae
  Found: 2 candidates, 2 new, 0 permanently skipped

→ ЕФІОПІЯ: Ethiopia Cup77'Мечал - Велвало Адіграт (77') [ЕФІОПІЯ: Ethiopia Cup]

→ МАЛАЙЗІЯ: Суперліга Таблиця60'Мелака ФК - Сабах (60') [МАЛАЙЗІЯ: Суперліга]
  Кф 1X2: 1.67 / 3.05 / 5.64
  Кф 1X2: 3.03 / 3.4 / 2.25
  Desktop: https://www.flashscore.ua/match/soccer/mechal-sc-fF7FZEzp/welwalo-adigrat-EPlozI1G/?mid=hU6UZJDO
  Desktop: https://www.flashscore.ua/match/soccer/melaka-fc-d4mW0ZS6/sabah-WUPN62XK/?mid=vkdLZHae
  [stats] hU6UZJDO → both, 5 metrics
  [stats] vkdLZHae → both, 7 metrics
  Features: quality=0.23, primary=2, status=both
  Model v2: pGoal=0.395, pDry=0.605 sq=0.5876 state=dry | 70-80 → SKIP | Δ2H SOT=0 xG=— (Δ4′ матчу)
  Features: quality=0.23, primary=2, status=both
  Model v2: pGoal=0.35, pDry=0.65 sq=0.5247 state=dry | 60-70 → SKIP

Done: 2 analyzed, 0 actionable, 0 TG sent

🔍 Checking 1 possibly finished match(es)...
  ⚽ undefined - undefined: 0:1 [GOAL→resolved] → 
📌 Tracking 1 active prediction(s)

🔥 RUN #27: analyzed=2, signals=0
⏳ Next scan in 3m...
[16:39:39] Live scan
  Запуск live-скрапера (після ранкових Telegram, якщо були).
Opening: https://m.flashscore.ua/?s=2 (minute >= 60, 0:0 only)
Provider health [https://m.flashscore.ua/?s=2]: rows=21, 0:0 total=4, candidates=2
  ⏸ 0:0 ще рано (< 60'):
    40' ЄГИПЕТ: Дивізіон 2 А Таблиця40'Ель-Дахлея - Баладіят Ель-Махалла [ЄГИПЕТ: Дивізіон 2 А]
    40' Тішрін - Хоттін [СИРІЯ: Прем'єр-ліга]
  ✔ 80' ЕФІОПІЯ: Ethiopia Cup80'Мечал - Велвало Адіграт [ЕФІОПІЯ: Ethiopia Cup] id=hU6UZJDO
  ✔ 64' МАЛАЙЗІЯ: Суперліга Таблиця64'Мелака ФК - Сабах [МАЛАЙЗІЯ: Суперліга] id=vkdLZHae
  Found: 2 candidates, 2 new, 0 permanently skipped

→ ЕФІОПІЯ: Ethiopia Cup80'Мечал - Велвало Адіграт (80') [ЕФІОПІЯ: Ethiopia Cup]

→ МАЛАЙЗІЯ: Суперліга Таблиця64'Мелака ФК - Сабах (64') [МАЛАЙЗІЯ: Суперліга]
  Кф 1X2: 1.67 / 3.05 / 5.64
  Кф 1X2: 3.03 / 3.4 / 2.25
  Desktop: https://www.flashscore.ua/match/soccer/melaka-fc-d4mW0ZS6/sabah-WUPN62XK/?mid=vkdLZHae
  Desktop: https://www.flashscore.ua/match/soccer/mechal-sc-fF7FZEzp/welwalo-adigrat-EPlozI1G/?mid=hU6UZJDO
  [stats] hU6UZJDO → both, 5 metrics
  [stats] vkdLZHae → both, 7 metrics
  Features: quality=0.23, primary=2, status=both
  Model v2: pGoal=0.535, pDry=0.465 sq=0.5233 state=lateSurge | 80-90+ → SKIP | Δ2H SOT=0 xG=— (Δ3′ матчу)
  Features: quality=0.23, primary=2, status=both
  Model v2: pGoal=0.42, pDry=0.58 sq=0.4604 state=dry | 60-70 → SKIP | Δ2H SOT=1 xG=— (Δ4′ матчу)
  🔔 dryAlert встановлено (стан dry@64')

Done: 2 analyzed, 0 actionable, 0 TG sent
📌 Tracking 2 active prediction(s)

🔥 RUN #28: analyzed=2, signals=0
⏳ Next scan in 3m...
[16:43:04] Live scan
  Запуск live-скрапера (після ранкових Telegram, якщо були).
Opening: https://m.flashscore.ua/?s=2 (minute >= 60, 0:0 only)
Provider health [https://m.flashscore.ua/?s=2]: rows=21, 0:0 total=3, candidates=2
  ⏸ 0:0 ще рано (< 60'):
    44' Тішрін - Хоттін [СИРІЯ: Прем'єр-ліга]
  ✔ 84' ЕФІОПІЯ: Ethiopia Cup84'Мечал - Велвало Адіграт [ЕФІОПІЯ: Ethiopia Cup] id=hU6UZJDO
  ✔ 67' МАЛАЙЗІЯ: Суперліга Таблиця67'Мелака ФК - Сабах [МАЛАЙЗІЯ: Суперліга] id=vkdLZHae
  Found: 2 candidates, 2 new, 0 permanently skipped

→ ЕФІОПІЯ: Ethiopia Cup84'Мечал - Велвало Адіграт (84') [ЕФІОПІЯ: Ethiopia Cup]

→ МАЛАЙЗІЯ: Суперліга Таблиця67'Мелака ФК - Сабах (67') [МАЛАЙЗІЯ: Суперліга]
  Кф 1X2: 3.03 / 3.4 / 2.25
  Кф 1X2: 1.67 / 3.05 / 5.64
  Desktop: https://www.flashscore.ua/match/soccer/melaka-fc-d4mW0ZS6/sabah-WUPN62XK/?mid=vkdLZHae
  Desktop: https://www.flashscore.ua/match/soccer/mechal-sc-fF7FZEzp/welwalo-adigrat-EPlozI1G/?mid=hU6UZJDO
  [stats] vkdLZHae → both, 7 metrics
  [stats] hU6UZJDO → both, 5 metrics
  Features: quality=0.23, primary=2, status=both
  Model v2: pGoal=0.42, pDry=0.58 sq=0.4761 state=dry | 60-70 → SKIP | Δ2H SOT=0 xG=— (Δ3′ матчу)
  🔔 dryAlert встановлено (стан dry@67')
  Features: quality=0.23, primary=2, status=both
  Model v2: pGoal=0.335, pDry=0.665 sq=0.619 state=dry | 80-90+ → SKIP | Δ2H SOT=0 xG=— (Δ4′ матчу)

Done: 2 analyzed, 0 actionable, 0 TG sent
📌 Tracking 2 active prediction(s)

🔥 RUN #29: analyzed=2, signals=0
⏳ Next scan in 3m...
[16:46:38] Live scan
  Запуск live-скрапера (після ранкових Telegram, якщо були).
Opening: https://m.flashscore.ua/?s=2 (minute >= 60, 0:0 only)
Provider health [https://m.flashscore.ua/?s=2]: rows=21, 0:0 total=2, candidates=1
  ✔ 87' ЕФІОПІЯ: Ethiopia Cup87'Мечал - Велвало Адіграт [ЕФІОПІЯ: Ethiopia Cup] id=hU6UZJDO
  Found: 1 candidates, 1 new, 0 permanently skipped

→ ЕФІОПІЯ: Ethiopia Cup87'Мечал - Велвало Адіграт (87') [ЕФІОПІЯ: Ethiopia Cup]
  Кф 1X2: 1.67 / 3.05 / 5.64
  Desktop: https://www.flashscore.ua/match/soccer/mechal-sc-fF7FZEzp/welwalo-adigrat-EPlozI1G/?mid=hU6UZJDO
  [stats] hU6UZJDO → both, 5 metrics
  Features: quality=0.23, primary=2, status=both
  Model v2: pGoal=0.535, pDry=0.465 sq=0.5547 state=lateSurge | 80-90+ → SKIP | Δ2H SOT=1 xG=— (Δ3′ матчу)

Done: 1 analyzed, 0 actionable, 0 TG sent

🔍 Checking 1 possibly finished match(es)...
  ⚽ undefined - undefined: 1:0 [GOAL→resolved] → 
📌 Tracking 1 active prediction(s)

🔥 RUN #30: analyzed=1, signals=0
⏳ Next scan in 3m...
[16:50:06] Live scan
  Запуск live-скрапера (після ранкових Telegram, якщо були).
Opening: https://m.flashscore.ua/?s=2 (minute >= 60, 0:0 only)
Provider health [https://m.flashscore.ua/?s=2]: rows=20, 0:0 total=2, candidates=0
  Found: 0 candidates, 0 new, 0 permanently skipped

Done: 0 analyzed, 0 actionable, 0 TG sent

🔍 Checking 1 possibly finished match(es)...
  ⏳ undefined - undefined: still live 0:0
📌 Tracking 1 active prediction(s)

🔥 RUN #31: analyzed=0, signals=0
⏳ Next scan in 3m...
[16:53:21] Live scan
  Запуск live-скрапера (після ранкових Telegram, якщо були).
Opening: https://m.flashscore.ua/?s=2 (minute >= 60, 0:0 only)
Provider health [https://m.flashscore.ua/?s=2]: rows=19, 0:0 total=2, candidates=0
  Found: 0 candidates, 0 new, 0 permanently skipped

Done: 0 analyzed, 0 actionable, 0 TG sent

🔍 Checking 1 possibly finished match(es)...
  ⏳ undefined - undefined: still live 0:0
📌 Tracking 1 active prediction(s)

🔥 RUN #32: analyzed=0, signals=0
⏳ Next scan in 3m...
[16:56:36] Live scan
  Запуск live-скрапера (після ранкових Telegram, якщо були).
Opening: https://m.flashscore.ua/?s=2 (minute >= 60, 0:0 only)
Provider health [https://m.flashscore.ua/?s=2]: rows=16, 0:0 total=2, candidates=0
  ⏸ 0:0 ще рано (< 60'):
    45' Тішрін - Хоттін [СИРІЯ: Прем'єр-ліга]
  Found: 0 candidates, 0 new, 0 permanently skipped

Done: 0 analyzed, 0 actionable, 0 TG sent

🔍 Checking 1 possibly finished match(es)...
  ⏳ undefined - undefined: still live 0:0
📌 Tracking 1 active prediction(s)

🔥 RUN #33: analyzed=0, signals=0
⏳ Next scan in 3m...
[16:59:51] Live scan
  Запуск live-скрапера (після ранкових Telegram, якщо були).
Opening: https://m.flashscore.ua/?s=2 (minute >= 60, 0:0 only)
Provider health [https://m.flashscore.ua/?s=2]: rows=15, 0:0 total=3, candidates=0
  ⏸ 0:0 ще рано (< 60'):
    1' ІРАК: Ліга зірок Таблиця1'Духок - Al Gharraf [ІРАК: Ліга зірок]
    45' Тішрін - Хоттін [СИРІЯ: Прем'єр-ліга]
  Found: 0 candidates, 0 new, 0 permanently skipped

Done: 0 analyzed, 0 actionable, 0 TG sent

🔍 Checking 1 possibly finished match(es)...
  ⏳ undefined - undefined: still live 0:0
📌 Tracking 1 active prediction(s)

🔥 RUN #34: analyzed=0, signals=0
⏳ Next scan in 3m...
[17:03:06] Live scan
  Запуск live-скрапера (після ранкових Telegram, якщо були).
Opening: https://m.flashscore.ua/?s=2 (minute >= 60, 0:0 only)
Provider health [https://m.flashscore.ua/?s=2]: rows=15, 0:0 total=3, candidates=0
  ⏸ 0:0 ще рано (< 60'):
    3' ІРАК: Ліга зірок Таблиця3'Духок - Al Gharraf [ІРАК: Ліга зірок]
    45' Тішрін - Хоттін [СИРІЯ: Прем'єр-ліга]
  Found: 0 candidates, 0 new, 0 permanently skipped

Done: 0 analyzed, 0 actionable, 0 TG sent

🔍 Checking 1 possibly finished match(es)...
  ⏳ undefined - undefined: still live 0:0
📌 Tracking 1 active prediction(s)

🔥 RUN #35: analyzed=0, signals=0
Message sent to Telegram
⏳ Next scan in 3m...
[17:06:22] Live scan
  Запуск live-скрапера (після ранкових Telegram, якщо були).
Opening: https://m.flashscore.ua/?s=2 (minute >= 60, 0:0 only)
Provider health [https://m.flashscore.ua/?s=2]: rows=24, 0:0 total=12, candidates=0
  ⏸ 0:0 ще рано (< 60'):
    6' ВІРМЕНІЯ: Прем'єр-ліга Таблиця6'Пюнік Єреван - Урарту [ВІРМЕНІЯ: Прем'єр-ліга]
    6' ІНДІЯ: ІСЛ Таблиця6'Керала Бластерс - Одіша [ІНДІЯ: ІСЛ]
    6' ІРАК: Ліга зірок Таблиця6'Духок - Al Gharraf [ІРАК: Ліга зірок]
    6' ОБ’ЄДНАНІ АРАБСЬКІ ЕМІРАТИ: Ліга ОАЕ Таблиця6'Аль-Шарджа - Аль-Вахда [ОБ’ЄДНАНІ АРАБСЬКІ ЕМІРАТИ: Ліга ОАЕ]
    6' Іттіхад Кальба - Бані Яс [ОБ’ЄДНАНІ АРАБСЬКІ ЕМІРАТИ: Ліга ОАЕ]
    6' СЕРБІЯ: Суперліга - Група вибування Таблиця6'Раднічки Ниш - Явор [СЕРБІЯ: Суперліга - Група вибування]
    45' Тішрін - Хоттін [СИРІЯ: Прем'єр-ліга]
    6' ТУНІС: Професійна ліга 1 Таблиця6'Есперанс Туніс - Зарзіс [ТУНІС: Професійна ліга 1]
    6' ТУРЕЧЧИНА: Третя ліга - Плей-оф6'Бурса Їлдірімспор - Чорлуспор [ТУРЕЧЧИНА: Третя ліга - Плей-оф]
    6' УЗБЕКИСТАН: Суперліга Таблиця6'Навбахор Наманган - Согдіана [УЗБЕКИСТАН: Суперліга]
    6' Насаф Карші - Локомотив Ташкент [УЗБЕКИСТАН: Суперліга]
  Found: 0 candidates, 0 new, 0 permanently skipped

Done: 0 analyzed, 0 actionable, 0 TG sent

🔍 Checking 1 possibly finished match(es)...
  ⏳ undefined - undefined: still live 0:0
📌 Tracking 1 active prediction(s)

🔥 RUN #36: analyzed=0, signals=0
⏳ Next scan in 3m...
[17:09:37] Live scan
  Запуск live-скрапера (після ранкових Telegram, якщо були).
Opening: https://m.flashscore.ua/?s=2 (minute >= 60, 0:0 only)
Provider health [https://m.flashscore.ua/?s=2]: rows=24, 0:0 total=10, candidates=0
  ⏸ 0:0 ще рано (< 60'):
    10' ІНДІЯ: ІСЛ Таблиця10'Керала Бластерс - Одіша [ІНДІЯ: ІСЛ]
    10' ІРАК: Ліга зірок Таблиця10'Духок - Al Gharraf [ІРАК: Ліга зірок]
    10' ОБ’ЄДНАНІ АРАБСЬКІ ЕМІРАТИ: Ліга ОАЕ Таблиця10'Аль-Шарджа - Аль-Вахда [ОБ’ЄДНАНІ АРАБСЬКІ ЕМІРАТИ: Ліга ОАЕ]
    10' Іттіхад Кальба - Бані Яс [ОБ’ЄДНАНІ АРАБСЬКІ ЕМІРАТИ: Ліга ОАЕ]
    10' СЕРБІЯ: Суперліга - Група вибування Таблиця10'Раднічки Ниш - Явор [СЕРБІЯ: Суперліга - Група вибування]
    47' Тішрін - Хоттін [СИРІЯ: Прем'єр-ліга]
    10' ТУРЕЧЧИНА: Третя ліга - Плей-оф10'Бурса Їлдірімспор - Чорлуспор [ТУРЕЧЧИНА: Третя ліга - Плей-оф]
    10' УЗБЕКИСТАН: Суперліга Таблиця10'Навбахор Наманган - Согдіана [УЗБЕКИСТАН: Суперліга]
    10' Насаф Карші - Локомотив Ташкент [УЗБЕКИСТАН: Суперліга]
  Found: 0 candidates, 0 new, 0 permanently skipped

Done: 0 analyzed, 0 actionable, 0 TG sent

🔍 Checking 1 possibly finished match(es)...
  ⏳ undefined - undefined: still live 0:0
📌 Tracking 1 active prediction(s)

🔥 RUN #37: analyzed=0, signals=0
⏳ Next scan in 3m...
[17:12:52] Live scan
  Запуск live-скрапера (після ранкових Telegram, якщо були).
Opening: https://m.flashscore.ua/?s=2 (minute >= 60, 0:0 only)
Provider health [https://m.flashscore.ua/?s=2]: rows=23, 0:0 total=10, candidates=0
  ⏸ 0:0 ще рано (< 60'):
    12' ІНДІЯ: ІСЛ Таблиця12'Керала Бластерс - Одіша [ІНДІЯ: ІСЛ]
    12' ІРАК: Ліга зірок Таблиця12'Духок - Al Gharraf [ІРАК: Ліга зірок]
    12' ОБ’ЄДНАНІ АРАБСЬКІ ЕМІРАТИ: Ліга ОАЕ Таблиця12'Аль-Шарджа - Аль-Вахда [ОБ’ЄДНАНІ АРАБСЬКІ ЕМІРАТИ: Ліга ОАЕ]
    12' Іттіхад Кальба - Бані Яс [ОБ’ЄДНАНІ АРАБСЬКІ ЕМІРАТИ: Ліга ОАЕ]
    12' СЕРБІЯ: Суперліга - Група вибування Таблиця12'Раднічки Ниш - Явор [СЕРБІЯ: Суперліга - Група вибування]
    49' Тішрін - Хоттін [СИРІЯ: Прем'єр-ліга]
    12' ТУРЕЧЧИНА: Третя ліга - Плей-оф12'Бурса Їлдірімспор - Чорлуспор [ТУРЕЧЧИНА: Третя ліга - Плей-оф]
    12' УЗБЕКИСТАН: Суперліга Таблиця12'Навбахор Наманган - Согдіана [УЗБЕКИСТАН: Суперліга]
    12' Насаф Карші - Локомотив Ташкент [УЗБЕКИСТАН: Суперліга]
  Found: 0 candidates, 0 new, 0 permanently skipped

Done: 0 analyzed, 0 actionable, 0 TG sent

🔍 Checking 1 possibly finished match(es)...
  ⏳ undefined - undefined: still live 0:0
📌 Tracking 1 active prediction(s)

🔥 RUN #38: analyzed=0, signals=0
⏳ Next scan in 3m...
[17:16:07] Live scan
  Запуск live-скрапера (після ранкових Telegram, якщо були).
Opening: https://m.flashscore.ua/?s=2 (minute >= 60, 0:0 only)
Provider health [https://m.flashscore.ua/?s=2]: rows=22, 0:0 total=8, candidates=0
  ⏸ 0:0 ще рано (< 60'):
    17' ІРАК: Ліга зірок Таблиця17'Духок - Al Gharraf [ІРАК: Ліга зірок]
    17' ОБ’ЄДНАНІ АРАБСЬКІ ЕМІРАТИ: Ліга ОАЕ Таблиця17'Аль-Шарджа - Аль-Вахда [ОБ’ЄДНАНІ АРАБСЬКІ ЕМІРАТИ: Ліга ОАЕ]
    17' Іттіхад Кальба - Бані Яс [ОБ’ЄДНАНІ АРАБСЬКІ ЕМІРАТИ: Ліга ОАЕ]
    17' СЕРБІЯ: Суперліга - Група вибування Таблиця17'Раднічки Ниш - Явор [СЕРБІЯ: Суперліга - Група вибування]
    53' Тішрін - Хоттін [СИРІЯ: Прем'єр-ліга]
    17' ТУРЕЧЧИНА: Третя ліга - Плей-оф17'Бурса Їлдірімспор - Чорлуспор [ТУРЕЧЧИНА: Третя ліга - Плей-оф]
    17' УЗБЕКИСТАН: Суперліга Таблиця17'Навбахор Наманган - Согдіана [УЗБЕКИСТАН: Суперліга]
    17' Насаф Карші - Локомотив Ташкент [УЗБЕКИСТАН: Суперліга]
  Found: 0 candidates, 0 new, 0 permanently skipped

Done: 0 analyzed, 0 actionable, 0 TG sent

🔍 Checking 1 possibly finished match(es)...
  ⚽ undefined - undefined: 0:1 [GOAL→resolved] → 

🔥 RUN #39: analyzed=0, signals=0
⏳ Next scan in 3m...
[17:19:23] Live scan
  Запуск live-скрапера (після ранкових Telegram, якщо були).
Opening: https://m.flashscore.ua/?s=2 (minute >= 60, 0:0 only)
Provider health [https://m.flashscore.ua/?s=2]: rows=23, 0:0 total=7, candidates=0
  ⏸ 0:0 ще рано (< 60'):
    20' Іттіхад Кальба - Бані Яс [ОБ’ЄДНАНІ АРАБСЬКІ ЕМІРАТИ: Ліга ОАЕ]
    5' РУМУНІЯ: Ліга 2 - Чемпіонська група Таблиця5'ФК Біхор - Шепші [РУМУНІЯ: Ліга 2 - Чемпіонська група]
    20' СЕРБІЯ: Суперліга - Група вибування Таблиця20'Раднічки Ниш - Явор [СЕРБІЯ: Суперліга - Група вибування]
    56' Тішрін - Хоттін [СИРІЯ: Прем'єр-ліга]
    20' ТУРЕЧЧИНА: Третя ліга - Плей-оф20'Бурса Їлдірімспор - Чорлуспор [ТУРЕЧЧИНА: Третя ліга - Плей-оф]
    20' УЗБЕКИСТАН: Суперліга Таблиця20'Навбахор Наманган - Согдіана [УЗБЕКИСТАН: Суперліга]
    20' Насаф Карші - Локомотив Ташкент [УЗБЕКИСТАН: Суперліга]
  Found: 0 candidates, 0 new, 0 permanently skipped

Done: 0 analyzed, 0 actionable, 0 TG sent

🔥 RUN #40: analyzed=0, signals=0
⏳ Next scan in 3m...
[17:22:36] Live scan
  Запуск live-скрапера (після ранкових Telegram, якщо були).
Opening: https://m.flashscore.ua/?s=2 (minute >= 60, 0:0 only)
Provider health [https://m.flashscore.ua/?s=2]: rows=23, 0:0 total=7, candidates=0
  ⏸ 0:0 ще рано (< 60'):
    23' Іттіхад Кальба - Бані Яс [ОБ’ЄДНАНІ АРАБСЬКІ ЕМІРАТИ: Ліга ОАЕ]
    8' РУМУНІЯ: Ліга 2 - Чемпіонська група Таблиця8'ФК Біхор - Шепші [РУМУНІЯ: Ліга 2 - Чемпіонська група]
    23' СЕРБІЯ: Суперліга - Група вибування Таблиця23'Раднічки Ниш - Явор [СЕРБІЯ: Суперліга - Група вибування]
    59' Тішрін - Хоттін [СИРІЯ: Прем'єр-ліга]
    23' ТУРЕЧЧИНА: Третя ліга - Плей-оф23'Бурса Їлдірімспор - Чорлуспор [ТУРЕЧЧИНА: Третя ліга - Плей-оф]
    23' УЗБЕКИСТАН: Суперліга Таблиця23'Навбахор Наманган - Согдіана [УЗБЕКИСТАН: Суперліга]
    23' Насаф Карші - Локомотив Ташкент [УЗБЕКИСТАН: Суперліга]
  Found: 0 candidates, 0 new, 0 permanently skipped

Done: 0 analyzed, 0 actionable, 0 TG sent

🔥 RUN #41: analyzed=0, signals=0
⏳ Next scan in 3m...
[17:25:49] Live scan
  Запуск live-скрапера (після ранкових Telegram, якщо були).
Opening: https://m.flashscore.ua/?s=2 (minute >= 60, 0:0 only)
Provider health [https://m.flashscore.ua/?s=2]: rows=23, 0:0 total=6, candidates=1
  ⏸ 0:0 ще рано (< 60'):
    26' Іттіхад Кальба - Бані Яс [ОБ’ЄДНАНІ АРАБСЬКІ ЕМІРАТИ: Ліга ОАЕ]
    11' РУМУНІЯ: Ліга 2 - Чемпіонська група Таблиця11'ФК Біхор - Шепші [РУМУНІЯ: Ліга 2 - Чемпіонська група]
    26' СЕРБІЯ: Суперліга - Група вибування Таблиця26'Раднічки Ниш - Явор [СЕРБІЯ: Суперліга - Група вибування]
    26' ТУРЕЧЧИНА: Третя ліга - Плей-оф26'Бурса Їлдірімспор - Чорлуспор [ТУРЕЧЧИНА: Третя ліга - Плей-оф]
    26' УЗБЕКИСТАН: Суперліга Таблиця26'Навбахор Наманган - Согдіана [УЗБЕКИСТАН: Суперліга]
  ✔ 62' Тішрін - Хоттін [СИРІЯ: Прем'єр-ліга] id=OOmcGmU9
  Found: 1 candidates, 1 new, 0 permanently skipped

→ Тішрін - Хоттін (62') [СИРІЯ: Прем'єр-ліга]
  Кф 1X2: немає на сторінці огляду
  Desktop: https://www.flashscore.ua/match/soccer/hottin-WpAeGtLQ/tishreen-QPlgAeDl/?mid=OOmcGmU9
  [stats] OOmcGmU9 overall: no data-testid (old=0, any=0, body=151927)
  [stats] OOmcGmU9 secondHalf: no data-testid (old=0, any=0, body=151927)
  [stats] OOmcGmU9 → unavailable, 0 metrics
  Features: quality=0, primary=0, status=unavailable
  ✗ No stats at all → permanent skip

Done: 0 analyzed, 0 actionable, 0 TG sent

🔥 RUN #42: analyzed=0, signals=0
⏳ Next scan in 3m...
[17:29:42] Live scan
  Запуск live-скрапера (після ранкових Telegram, якщо були).
Opening: https://m.flashscore.ua/?s=2 (minute >= 60, 0:0 only)
Provider health [https://m.flashscore.ua/?s=2]: rows=22, 0:0 total=5, candidates=1
  ⏸ 0:0 ще рано (< 60'):
    15' РУМУНІЯ: Ліга 2 - Чемпіонська група Таблиця15'ФК Біхор - Шепші [РУМУНІЯ: Ліга 2 - Чемпіонська група]
    30' СЕРБІЯ: Суперліга - Група вибування Таблиця30'Раднічки Ниш - Явор [СЕРБІЯ: Суперліга - Група вибування]
    30' ТУРЕЧЧИНА: Третя ліга - Плей-оф30'Бурса Їлдірімспор - Чорлуспор [ТУРЕЧЧИНА: Третя ліга - Плей-оф]
    30' УЗБЕКИСТАН: Суперліга Таблиця30'Навбахор Наманган - Согдіана [УЗБЕКИСТАН: Суперліга]
  ✔ 66' Тішрін - Хоттін [СИРІЯ: Прем'єр-ліга] id=OOmcGmU9
  Found: 1 candidates, 0 new, 1 permanently skipped

Done: 0 analyzed, 0 actionable, 0 TG sent

🔥 RUN #43: analyzed=0, signals=0
⏳ Next scan in 3m...
[17:32:54] Live scan
  Запуск live-скрапера (після ранкових Telegram, якщо були).
Opening: https://m.flashscore.ua/?s=2 (minute >= 60, 0:0 only)
Provider health [https://m.flashscore.ua/?s=2]: rows=22, 0:0 total=4, candidates=0
  ⏸ 0:0 ще рано (< 60'):
    18' РУМУНІЯ: Ліга 2 - Чемпіонська група Таблиця18'ФК Біхор - Шепші [РУМУНІЯ: Ліга 2 - Чемпіонська група]
    33' СЕРБІЯ: Суперліга - Група вибування Таблиця33'Раднічки Ниш - Явор [СЕРБІЯ: Суперліга - Група вибування]
    33' ТУРЕЧЧИНА: Третя ліга - Плей-оф33'Бурса Їлдірімспор - Чорлуспор [ТУРЕЧЧИНА: Третя ліга - Плей-оф]
    33' УЗБЕКИСТАН: Суперліга Таблиця33'Навбахор Наманган - Согдіана [УЗБЕКИСТАН: Суперліга]
  Found: 0 candidates, 0 new, 1 permanently skipped

Done: 0 analyzed, 0 actionable, 0 TG sent

🔥 RUN #44: analyzed=0, signals=0
⏳ Next scan in 3m...
[17:36:06] Live scan
  Запуск live-скрапера (після ранкових Telegram, якщо були).
Opening: https://m.flashscore.ua/?s=2 (minute >= 60, 0:0 only)
Provider health [https://m.flashscore.ua/?s=2]: rows=23, 0:0 total=5, candidates=0
  ⏸ 0:0 ще рано (< 60'):
    6' КАМЕРУН: Елітний дивізіон Таблиця6'Стад Ренар - Баменда [КАМЕРУН: Елітний дивізіон]
    6' РОСІЯ: Прем'єр-ліга Таблиця6'Акрон Тольятті - Динамо Махачкала [РОСІЯ: Прем'єр-ліга]
    36' СЕРБІЯ: Суперліга - Група вибування Таблиця36'Раднічки Ниш - Явор [СЕРБІЯ: Суперліга - Група вибування]
    36' ТУРЕЧЧИНА: Третя ліга - Плей-оф36'Бурса Їлдірімспор - Чорлуспор [ТУРЕЧЧИНА: Третя ліга - Плей-оф]
    36' УЗБЕКИСТАН: Суперліга Таблиця36'Навбахор Наманган - Согдіана [УЗБЕКИСТАН: Суперліга]
  Found: 0 candidates, 0 new, 1 permanently skipped

Done: 0 analyzed, 0 actionable, 0 TG sent

🔥 RUN #45: analyzed=0, signals=0
⏳ Next scan in 3m...
[17:39:19] Live scan
  Запуск live-скрапера (після ранкових Telegram, якщо були).
Opening: https://m.flashscore.ua/?s=2 (minute >= 60, 0:0 only)
Provider health [https://m.flashscore.ua/?s=2]: rows=25, 0:0 total=6, candidates=0
  ⏸ 0:0 ще рано (< 60'):
    9' КАМЕРУН: Елітний дивізіон Таблиця9'Вікторія Лімбе - Динамо Дуала [КАМЕРУН: Елітний дивізіон]
    9' КАМЕРУН: Еліт 2 Таблиця9'Бафменг Юнайтед - Бафуссам [КАМЕРУН: Еліт 2]
    9' РОСІЯ: Прем'єр-ліга Таблиця9'Акрон Тольятті - Динамо Махачкала [РОСІЯ: Прем'єр-ліга]
    39' СЕРБІЯ: Суперліга - Група вибування Таблиця39'Раднічки Ниш - Явор [СЕРБІЯ: Суперліга - Група вибування]
    39' ТУРЕЧЧИНА: Третя ліга - Плей-оф39'Бурса Їлдірімспор - Чорлуспор [ТУРЕЧЧИНА: Третя ліга - Плей-оф]
    39' УЗБЕКИСТАН: Суперліга Таблиця39'Навбахор Наманган - Согдіана [УЗБЕКИСТАН: Суперліга]
  Found: 0 candidates, 0 new, 1 permanently skipped

Done: 0 analyzed, 0 actionable, 0 TG sent

🔥 RUN #46: analyzed=0, signals=0
⏳ Next scan in 3m...
[17:42:31] Live scan
  Запуск live-скрапера (після ранкових Telegram, якщо були).
Opening: https://m.flashscore.ua/?s=2 (minute >= 60, 0:0 only)
Provider health [https://m.flashscore.ua/?s=2]: rows=25, 0:0 total=5, candidates=0
  ⏸ 0:0 ще рано (< 60'):
    12' КАМЕРУН: Елітний дивізіон Таблиця12'Вікторія Лімбе - Динамо Дуала [КАМЕРУН: Елітний дивізіон]
    12' КАМЕРУН: Еліт 2 Таблиця12'Бафменг Юнайтед - Бафуссам [КАМЕРУН: Еліт 2]
    12' РОСІЯ: Прем'єр-ліга Таблиця12'Акрон Тольятті - Динамо Махачкала [РОСІЯ: Прем'єр-ліга]
    42' СЕРБІЯ: Суперліга - Група вибування Таблиця42'Раднічки Ниш - Явор [СЕРБІЯ: Суперліга - Група вибування]
    42' УЗБЕКИСТАН: Суперліга Таблиця42'Навбахор Наманган - Согдіана [УЗБЕКИСТАН: Суперліга]
  Found: 0 candidates, 0 new, 1 permanently skipped

Done: 0 analyzed, 0 actionable, 0 TG sent

🔥 RUN #47: analyzed=0, signals=0
⏳ Next scan in 3m...
[17:45:43] Live scan
  Запуск live-скрапера (після ранкових Telegram, якщо були).
Opening: https://m.flashscore.ua/?s=2 (minute >= 60, 0:0 only)
Provider health [https://m.flashscore.ua/?s=2]: rows=25, 0:0 total=3, candidates=0
  ⏸ 0:0 ще рано (< 60'):
    15' КАМЕРУН: Елітний дивізіон Таблиця15'Вікторія Лімбе - Динамо Дуала [КАМЕРУН: Елітний дивізіон]
    15' КАМЕРУН: Еліт 2 Таблиця15'Бафменг Юнайтед - Бафуссам [КАМЕРУН: Еліт 2]
    45' УЗБЕКИСТАН: Суперліга Таблиця45'Навбахор Наманган - Согдіана [УЗБЕКИСТАН: Суперліга]
  Found: 0 candidates, 0 new, 1 permanently skipped

Done: 0 analyzed, 0 actionable, 0 TG sent

🔥 RUN #48: analyzed=0, signals=0
⏳ Next scan in 3m...
[17:48:56] Live scan
  Запуск live-скрапера (після ранкових Telegram, якщо були).
Opening: https://m.flashscore.ua/?s=2 (minute >= 60, 0:0 only)
Provider health [https://m.flashscore.ua/?s=2]: rows=25, 0:0 total=2, candidates=0
  ⏸ 0:0 ще рано (< 60'):
    19' КАМЕРУН: Елітний дивізіон Таблиця19'Вікторія Лімбе - Динамо Дуала [КАМЕРУН: Елітний дивізіон]
  Found: 0 candidates, 0 new, 1 permanently skipped

Done: 0 analyzed, 0 actionable, 0 TG sent

🔥 RUN #49: analyzed=0, signals=0
⏳ Next scan in 3m...
[17:52:07] Live scan
  Запуск live-скрапера (після ранкових Telegram, якщо були).
Opening: https://m.flashscore.ua/?s=2 (minute >= 60, 0:0 only)
Provider health [https://m.flashscore.ua/?s=2]: rows=25, 0:0 total=2, candidates=0
  ⏸ 0:0 ще рано (< 60'):
    22' КАМЕРУН: Елітний дивізіон Таблиця22'Вікторія Лімбе - Динамо Дуала [КАМЕРУН: Елітний дивізіон]
    45' УЗБЕКИСТАН: Суперліга ТаблицяПерерваНавбахор Наманган - Согдіана [УЗБЕКИСТАН: Суперліга]
  Found: 0 candidates, 0 new, 1 permanently skipped

Done: 0 analyzed, 0 actionable, 0 TG sent

🔥 RUN #50: analyzed=0, signals=0
⏳ Next scan in 3m...
[17:55:18] Live scan
  Запуск live-скрапера (після ранкових Telegram, якщо були).
Opening: https://m.flashscore.ua/?s=2 (minute >= 60, 0:0 only)
Provider health [https://m.flashscore.ua/?s=2]: rows=24, 0:0 total=2, candidates=0
  ⏸ 0:0 ще рано (< 60'):
    25' КАМЕРУН: Елітний дивізіон Таблиця25'Вікторія Лімбе - Динамо Дуала [КАМЕРУН: Елітний дивізіон]
    45' УЗБЕКИСТАН: Суперліга ТаблицяПерерваНавбахор Наманган - Согдіана [УЗБЕКИСТАН: Суперліга]
  Found: 0 candidates, 0 new, 1 permanently skipped

Done: 0 analyzed, 0 actionable, 0 TG sent

🔥 RUN #51: analyzed=0, signals=0
⏳ Next scan in 3m...
[17:58:29] Live scan
  Запуск live-скрапера (після ранкових Telegram, якщо були).
Opening: https://m.flashscore.ua/?s=2 (minute >= 60, 0:0 only)
Provider health [https://m.flashscore.ua/?s=2]: rows=24, 0:0 total=2, candidates=0
  ⏸ 0:0 ще рано (< 60'):
    28' КАМЕРУН: Елітний дивізіон Таблиця28'Вікторія Лімбе - Динамо Дуала [КАМЕРУН: Елітний дивізіон]
    45' УЗБЕКИСТАН: Суперліга ТаблицяПерерваНавбахор Наманган - Согдіана [УЗБЕКИСТАН: Суперліга]
  Found: 0 candidates, 0 new, 1 permanently skipped

Done: 0 analyzed, 0 actionable, 0 TG sent

🔥 RUN #52: analyzed=0, signals=0
⏳ Next scan in 3m...
[18:01:41] Live scan
  Запуск live-скрапера (після ранкових Telegram, якщо були).
Opening: https://m.flashscore.ua/?s=2 (minute >= 60, 0:0 only)
Provider health [https://m.flashscore.ua/?s=2]: rows=23, 0:0 total=2, candidates=0
  ⏸ 0:0 ще рано (< 60'):
    32' КАМЕРУН: Елітний дивізіон Таблиця32'Вікторія Лімбе - Динамо Дуала [КАМЕРУН: Елітний дивізіон]
    45' УЗБЕКИСТАН: Суперліга ТаблицяПерерваНавбахор Наманган - Согдіана [УЗБЕКИСТАН: Суперліга]
  Found: 0 candidates, 0 new, 1 permanently skipped

Done: 0 analyzed, 0 actionable, 0 TG sent

🔥 RUN #53: analyzed=0, signals=0
⏳ Next scan in 3m...
[18:04:53] Live scan
  Запуск live-скрапера (після ранкових Telegram, якщо були).
Opening: https://m.flashscore.ua/?s=2 (minute >= 60, 0:0 only)
Provider health [https://m.flashscore.ua/?s=2]: rows=26, 0:0 total=7, candidates=0
  ⏸ 0:0 ще рано (< 60'):
    5' ЕСТОНІЯ: Есілііга Таблиця5'Левадія U21 - Калев Таллінн [ЕСТОНІЯ: Есілііга]
    5' Флора U21 - Ельва [ЕСТОНІЯ: Есілііга]
    5' ЕСТОНІЯ: Есілііга В Таблиця5'Нарва U21 - Таммека U21 [ЕСТОНІЯ: Есілііга В]
    5' ЄГИПЕТ: Прем'єр-ліга - Група вибування Таблиця5'Араб Контракторс - Аль-Іттіхад [ЄГИПЕТ: Прем'єр-ліга - Група вибування]
    35' КАМЕРУН: Елітний дивізіон Таблиця35'Вікторія Лімбе - Динамо Дуала [КАМЕРУН: Елітний дивізіон]
    5' ЛАТВІЯ: Virsliga Таблиця5'Супер Нова - ФК Лієпая [ЛАТВІЯ: Virsliga]
    45' УЗБЕКИСТАН: Суперліга ТаблицяПерерваНавбахор Наманган - Согдіана [УЗБЕКИСТАН: Суперліга]
  Found: 0 candidates, 0 new, 1 permanently skipped

Done: 0 analyzed, 0 actionable, 0 TG sent

🔥 RUN #54: analyzed=0, signals=0
Message sent to Telegram
⏳ Next scan in 3m...
[18:08:06] Live scan
  Запуск live-скрапера (після ранкових Telegram, якщо були).
Opening: https://m.flashscore.ua/?s=2 (minute >= 60, 0:0 only)
Provider health [https://m.flashscore.ua/?s=2]: rows=25, 0:0 total=8, candidates=0
  ⏸ 0:0 ще рано (< 60'):
    9' ЕСТОНІЯ: Есілііга Таблиця9'Левадія U21 - Калев Таллінн [ЕСТОНІЯ: Есілііга]
    9' Флора U21 - Ельва [ЕСТОНІЯ: Есілііга]
    9' ЕСТОНІЯ: Есілііга В Таблиця9'Нарва U21 - Таммека U21 [ЕСТОНІЯ: Есілііга В]
    9' ЄГИПЕТ: Прем'єр-ліга - Група вибування Таблиця9'Араб Контракторс - Аль-Іттіхад [ЄГИПЕТ: Прем'єр-ліга - Група вибування]
    9' ІСПАНІЯ: Терсера КІФФ - Група 8 Таблиця9'Мансільєс - Альмасан [ІСПАНІЯ: Терсера КІФФ - Група 8]
    39' КАМЕРУН: Елітний дивізіон Таблиця39'Вікторія Лімбе - Динамо Дуала [КАМЕРУН: Елітний дивізіон]
    9' ЛАТВІЯ: Virsliga Таблиця9'Супер Нова - ФК Лієпая [ЛАТВІЯ: Virsliga]
    48' УЗБЕКИСТАН: Суперліга Таблиця48'Навбахор Наманган - Согдіана [УЗБЕКИСТАН: Суперліга]
  Found: 0 candidates, 0 new, 1 permanently skipped

Done: 0 analyzed, 0 actionable, 0 TG sent

🔥 RUN #55: analyzed=0, signals=0
⏳ Next scan in 3m...
[18:11:19] Live scan
  Запуск live-скрапера (після ранкових Telegram, якщо були).
Opening: https://m.flashscore.ua/?s=2 (minute >= 60, 0:0 only)
Provider health [https://m.flashscore.ua/?s=2]: rows=23, 0:0 total=8, candidates=0
  ⏸ 0:0 ще рано (< 60'):
    12' ЕСТОНІЯ: Есілііга Таблиця12'Левадія U21 - Калев Таллінн [ЕСТОНІЯ: Есілііга]
    12' Флора U21 - Ельва [ЕСТОНІЯ: Есілііга]
    12' ЕСТОНІЯ: Есілііга В Таблиця12'Нарва U21 - Таммека U21 [ЕСТОНІЯ: Есілііга В]
    12' ЄГИПЕТ: Прем'єр-ліга - Група вибування Таблиця12'Араб Контракторс - Аль-Іттіхад [ЄГИПЕТ: Прем'єр-ліга - Група вибування]
    12' ІСПАНІЯ: Терсера КІФФ - Група 8 Таблиця12'Мансільєс - Альмасан [ІСПАНІЯ: Терсера КІФФ - Група 8]
    42' КАМЕРУН: Елітний дивізіон Таблиця42'Вікторія Лімбе - Динамо Дуала [КАМЕРУН: Елітний дивізіон]
    12' ЛАТВІЯ: Virsliga Таблиця12'Супер Нова - ФК Лієпая [ЛАТВІЯ: Virsliga]
    52' УЗБЕКИСТАН: Суперліга Таблиця52'Навбахор Наманган - Согдіана [УЗБЕКИСТАН: Суперліга]
  Found: 0 candidates, 0 new, 1 permanently skipped

Done: 0 analyzed, 0 actionable, 0 TG sent

🔥 RUN #56: analyzed=0, signals=0
⏳ Next scan in 3m...
[18:14:31] Live scan
  Запуск live-скрапера (після ранкових Telegram, якщо були).
Opening: https://m.flashscore.ua/?s=2 (minute >= 60, 0:0 only)
Provider health [https://m.flashscore.ua/?s=2]: rows=21, 0:0 total=5, candidates=0
  ⏸ 0:0 ще рано (< 60'):
    15' ЕСТОНІЯ: Есілііга Таблиця15'Левадія U21 - Калев Таллінн [ЕСТОНІЯ: Есілііга]
    15' Флора U21 - Ельва [ЕСТОНІЯ: Есілііга]
    15' ЄГИПЕТ: Прем'єр-ліга - Група вибування Таблиця15'Араб Контракторс - Аль-Іттіхад [ЄГИПЕТ: Прем'єр-ліга - Група вибування]
    15' ІСПАНІЯ: Терсера КІФФ - Група 8 Таблиця15'Мансільєс - Альмасан [ІСПАНІЯ: Терсера КІФФ - Група 8]
    45' КАМЕРУН: Елітний дивізіон Таблиця45'Вікторія Лімбе - Динамо Дуала [КАМЕРУН: Елітний дивізіон]
  Found: 0 candidates, 0 new, 1 permanently skipped

Done: 0 analyzed, 0 actionable, 0 TG sent

🔥 RUN #57: analyzed=0, signals=0
⏳ Next scan in 3m...
[18:17:43] Live scan
  Запуск live-скрапера (після ранкових Telegram, якщо були).
Opening: https://m.flashscore.ua/?s=2 (minute >= 60, 0:0 only)
Provider health [https://m.flashscore.ua/?s=2]: rows=21, 0:0 total=5, candidates=0
  ⏸ 0:0 ще рано (< 60'):
    18' ЕСТОНІЯ: Есілііга Таблиця18'Левадія U21 - Калев Таллінн [ЕСТОНІЯ: Есілііга]
    18' Флора U21 - Ельва [ЕСТОНІЯ: Есілііга]
    18' ЄГИПЕТ: Прем'єр-ліга - Група вибування Таблиця18'Араб Контракторс - Аль-Іттіхад [ЄГИПЕТ: Прем'єр-ліга - Група вибування]
    18' ІСПАНІЯ: Терсера КІФФ - Група 8 Таблиця18'Мансільєс - Альмасан [ІСПАНІЯ: Терсера КІФФ - Група 8]
  Found: 0 candidates, 0 new, 1 permanently skipped

Done: 0 analyzed, 0 actionable, 0 TG sent

🔥 RUN #58: analyzed=0, signals=0
⏳ Next scan in 3m...
[18:20:58] Live scan
  Запуск live-скрапера (після ранкових Telegram, якщо були).
Opening: https://m.flashscore.ua/?s=2 (minute >= 60, 0:0 only)
Provider health [https://m.flashscore.ua/?s=2]: rows=22, 0:0 total=4, candidates=1
  ⏸ 0:0 ще рано (< 60'):
    22' ЕСТОНІЯ: Есілііга Таблиця22'Левадія U21 - Калев Таллінн [ЕСТОНІЯ: Есілііга]
    22' ЄГИПЕТ: Прем'єр-ліга - Група вибування Таблиця22'Араб Контракторс - Аль-Іттіхад [ЄГИПЕТ: Прем'єр-ліга - Група вибування]
    22' ІСПАНІЯ: Терсера КІФФ - Група 8 Таблиця22'Мансільєс - Альмасан [ІСПАНІЯ: Терсера КІФФ - Група 8]
  ✔ 61' УЗБЕКИСТАН: Суперліга Таблиця61'Навбахор Наманган - Согдіана [УЗБЕКИСТАН: Суперліга] id=UVkH8hn1
  Found: 1 candidates, 1 new, 1 permanently skipped

→ УЗБЕКИСТАН: Суперліга Таблиця61'Навбахор Наманган - Согдіана (61') [УЗБЕКИСТАН: Суперліга]
  Кф 1X2: 1.78 / 3.36 / 4.48
  Desktop: https://www.flashscore.ua/match/soccer/navbahor-namangan-AiFncn0b/sogdiana-tU64krNp/?mid=UVkH8hn1
  [stats] UVkH8hn1 → both, 5 metrics
  Features: quality=0.23, primary=2, status=both
  Model v2: pGoal=0.363, pDry=0.637 sq=0.5247 state=dry | 60-70 → SKIP

Done: 1 analyzed, 0 actionable, 0 TG sent

🔥 RUN #59: analyzed=1, signals=0
⏳ Next scan in 3m...
[18:24:24] Live scan
  Запуск live-скрапера (після ранкових Telegram, якщо були).
Opening: https://m.flashscore.ua/?s=2 (minute >= 60, 0:0 only)
Provider health [https://m.flashscore.ua/?s=2]: rows=22, 0:0 total=4, candidates=1
  ⏸ 0:0 ще рано (< 60'):
    25' ЕСТОНІЯ: Есілііга Таблиця25'Левадія U21 - Калев Таллінн [ЕСТОНІЯ: Есілііга]
    25' ЄГИПЕТ: Прем'єр-ліга - Група вибування Таблиця25'Араб Контракторс - Аль-Іттіхад [ЄГИПЕТ: Прем'єр-ліга - Група вибування]
    25' ІСПАНІЯ: Терсера КІФФ - Група 8 Таблиця25'Мансільєс - Альмасан [ІСПАНІЯ: Терсера КІФФ - Група 8]
  ✔ 65' УЗБЕКИСТАН: Суперліга Таблиця65'Навбахор Наманган - Согдіана [УЗБЕКИСТАН: Суперліга] id=UVkH8hn1
  Found: 1 candidates, 1 new, 1 permanently skipped

→ УЗБЕКИСТАН: Суперліга Таблиця65'Навбахор Наманган - Согдіана (65') [УЗБЕКИСТАН: Суперліга]
  Кф 1X2: 1.78 / 3.36 / 4.48
  Desktop: https://www.flashscore.ua/match/soccer/navbahor-namangan-AiFncn0b/sogdiana-tU64krNp/?mid=UVkH8hn1
  [stats] UVkH8hn1 → both, 5 metrics
  Features: quality=0.23, primary=2, status=both
  Model v2: pGoal=0.433, pDry=0.567 sq=0.4604 state=dry | 60-70 → SKIP | Δ2H SOT=0 xG=— (Δ4′ матчу)
  🔔 dryAlert встановлено (стан dry@65')

Done: 1 analyzed, 0 actionable, 0 TG sent
📌 Tracking 1 active prediction(s)

🔥 RUN #60: analyzed=1, signals=0
⏳ Next scan in 3m...
[18:27:50] Live scan
  Запуск live-скрапера (після ранкових Telegram, якщо були).
Opening: https://m.flashscore.ua/?s=2 (minute >= 60, 0:0 only)
Provider health [https://m.flashscore.ua/?s=2]: rows=22, 0:0 total=3, candidates=1
  ⏸ 0:0 ще рано (< 60'):
    28' ЄГИПЕТ: Прем'єр-ліга - Група вибування Таблиця28'Араб Контракторс - Аль-Іттіхад [ЄГИПЕТ: Прем'єр-ліга - Група вибування]
    28' ІСПАНІЯ: Терсера КІФФ - Група 8 Таблиця28'Мансільєс - Альмасан [ІСПАНІЯ: Терсера КІФФ - Група 8]
  ✔ 68' УЗБЕКИСТАН: Суперліга Таблиця68'Навбахор Наманган - Согдіана [УЗБЕКИСТАН: Суперліга] id=UVkH8hn1
  Found: 1 candidates, 1 new, 1 permanently skipped

→ УЗБЕКИСТАН: Суперліга Таблиця68'Навбахор Наманган - Согдіана (68') [УЗБЕКИСТАН: Суперліга]
  Кф 1X2: 1.78 / 3.36 / 4.48
  Desktop: https://www.flashscore.ua/match/soccer/navbahor-namangan-AiFncn0b/sogdiana-tU64krNp/?mid=UVkH8hn1
  [stats] UVkH8hn1 → both, 5 metrics
  Features: quality=0.23, primary=2, status=both
  Model v2: pGoal=0.303, pDry=0.697 sq=0.5561 state=dry | 60-70 → SKIP | Δ2H SOT=0 xG=— (Δ3′ матчу)
  🔔 dryAlert встановлено (стан dry@68')

Done: 1 analyzed, 0 actionable, 0 TG sent
📌 Tracking 1 active prediction(s)

🔥 RUN #61: analyzed=1, signals=0
⏳ Next scan in 3m...
[18:31:16] Live scan
  Запуск live-скрапера (після ранкових Telegram, якщо були).
Opening: https://m.flashscore.ua/?s=2 (minute >= 60, 0:0 only)
Provider health [https://m.flashscore.ua/?s=2]: rows=22, 0:0 total=3, candidates=1
  ⏸ 0:0 ще рано (< 60'):
    31' ЄГИПЕТ: Прем'єр-ліга - Група вибування Таблиця31'Араб Контракторс - Аль-Іттіхад [ЄГИПЕТ: Прем'єр-ліга - Група вибування]
    31' ІСПАНІЯ: Терсера КІФФ - Група 8 Таблиця31'Мансільєс - Альмасан [ІСПАНІЯ: Терсера КІФФ - Група 8]
  ✔ 71' УЗБЕКИСТАН: Суперліга Таблиця71'Навбахор Наманган - Согдіана [УЗБЕКИСТАН: Суперліга] id=UVkH8hn1
  Found: 1 candidates, 1 new, 1 permanently skipped

→ УЗБЕКИСТАН: Суперліга Таблиця71'Навбахор Наманган - Согдіана (71') [УЗБЕКИСТАН: Суперліга]
  Кф 1X2: 1.78 / 3.36 / 4.48
  Desktop: https://www.flashscore.ua/match/soccer/navbahor-namangan-AiFncn0b/sogdiana-tU64krNp/?mid=UVkH8hn1
  [stats] UVkH8hn1 → both, 5 metrics
  Features: quality=0.23, primary=2, status=both
  Model v2: pGoal=0.463, pDry=0.537 sq=0.4919 state=dry | 70-80 → SKIP | Δ2H SOT=1 xG=— (Δ3′ матчу)

Done: 1 analyzed, 0 actionable, 0 TG sent
📌 Tracking 1 active prediction(s)

🔥 RUN #62: analyzed=1, signals=0
⏳ Next scan in 3m...
[18:34:42] Live scan
  Запуск live-скрапера (після ранкових Telegram, якщо були).
Opening: https://m.flashscore.ua/?s=2 (minute >= 60, 0:0 only)
Provider health [https://m.flashscore.ua/?s=2]: rows=22, 0:0 total=2, candidates=0
  ⏸ 0:0 ще рано (< 60'):
    35' ЄГИПЕТ: Прем'єр-ліга - Група вибування Таблиця35'Араб Контракторс - Аль-Іттіхад [ЄГИПЕТ: Прем'єр-ліга - Група вибування]
    35' ІСПАНІЯ: Терсера КІФФ - Група 8 Таблиця35'Мансільєс - Альмасан [ІСПАНІЯ: Терсера КІФФ - Група 8]
  Found: 0 candidates, 0 new, 1 permanently skipped

Done: 0 analyzed, 0 actionable, 0 TG sent

🔍 Checking 1 possibly finished match(es)...
  ⚽ undefined - undefined: 0:1 [GOAL→resolved] → 

🔥 RUN #63: analyzed=0, signals=0
⏳ Next scan in 3m...
[18:37:56] Live scan
  Запуск live-скрапера (після ранкових Telegram, якщо були).
Opening: https://m.flashscore.ua/?s=2 (minute >= 60, 0:0 only)
Provider health [https://m.flashscore.ua/?s=2]: rows=22, 0:0 total=2, candidates=0
  ⏸ 0:0 ще рано (< 60'):
    38' ЄГИПЕТ: Прем'єр-ліга - Група вибування Таблиця38'Араб Контракторс - Аль-Іттіхад [ЄГИПЕТ: Прем'єр-ліга - Група вибування]
    38' ІСПАНІЯ: Терсера КІФФ - Група 8 Таблиця38'Мансільєс - Альмасан [ІСПАНІЯ: Терсера КІФФ - Група 8]
  Found: 0 candidates, 0 new, 1 permanently skipped

Done: 0 analyzed, 0 actionable, 0 TG sent

🔥 RUN #64: analyzed=0, signals=0
⏳ Next scan in 3m...
[18:41:07] Live scan
  Запуск live-скрапера (після ранкових Telegram, якщо були).
Opening: https://m.flashscore.ua/?s=2 (minute >= 60, 0:0 only)
Provider health [https://m.flashscore.ua/?s=2]: rows=22, 0:0 total=2, candidates=0
  ⏸ 0:0 ще рано (< 60'):
    41' ЄГИПЕТ: Прем'єр-ліга - Група вибування Таблиця41'Араб Контракторс - Аль-Іттіхад [ЄГИПЕТ: Прем'єр-ліга - Група вибування]
    41' ІСПАНІЯ: Терсера КІФФ - Група 8 Таблиця41'Мансільєс - Альмасан [ІСПАНІЯ: Терсера КІФФ - Група 8]
  Found: 0 candidates, 0 new, 1 permanently skipped

Done: 0 analyzed, 0 actionable, 0 TG sent

🔥 RUN #65: analyzed=0, signals=0
⏳ Next scan in 3m...
[18:44:19] Live scan
  Запуск live-скрапера (після ранкових Telegram, якщо були).
Opening: https://m.flashscore.ua/?s=2 (minute >= 60, 0:0 only)
Provider health [https://m.flashscore.ua/?s=2]: rows=22, 0:0 total=2, candidates=0
  ⏸ 0:0 ще рано (< 60'):
    45' ЄГИПЕТ: Прем'єр-ліга - Група вибування Таблиця45'Араб Контракторс - Аль-Іттіхад [ЄГИПЕТ: Прем'єр-ліга - Група вибування]
    45' ІСПАНІЯ: Терсера КІФФ - Група 8 Таблиця45'Мансільєс - Альмасан [ІСПАНІЯ: Терсера КІФФ - Група 8]
  Found: 0 candidates, 0 new, 1 permanently skipped

Done: 0 analyzed, 0 actionable, 0 TG sent

🔥 RUN #66: analyzed=0, signals=0
⏳ Next scan in 3m...
[18:47:30] Live scan
  Запуск live-скрапера (після ранкових Telegram, якщо були).
Opening: https://m.flashscore.ua/?s=2 (minute >= 60, 0:0 only)
Provider health [https://m.flashscore.ua/?s=2]: rows=24, 0:0 total=4, candidates=0
  ⏸ 0:0 ще рано (< 60'):
    3' АЗІЯ: Клубний кубок чемпіонів Перської затоки - Плей-оф3'Аль-Шабаб (Sau) - Аль-Райян (Qat) [АЗІЯ: Клубний кубок чемпіонів Перської затоки - Плей-оф]
    45' ІСПАНІЯ: Терсера КІФФ - Група 8 ТаблицяПерерваМансільєс - Альмасан [ІСПАНІЯ: Терсера КІФФ - Група 8]
    3' ТУРЕЧЧИНА: Кубок Туреччини - Плей-оф3'Самсунспор - Трабзонспор [ТУРЕЧЧИНА: Кубок Туреччини - Плей-оф]
  Found: 0 candidates, 0 new, 1 permanently skipped

Done: 0 analyzed, 0 actionable, 0 TG sent

🔥 RUN #67: analyzed=0, signals=0
⏳ Next scan in 3m...
[18:50:42] Live scan
  Запуск live-скрапера (після ранкових Telegram, якщо були).
Opening: https://m.flashscore.ua/?s=2 (minute >= 60, 0:0 only)
Provider health [https://m.flashscore.ua/?s=2]: rows=24, 0:0 total=4, candidates=0
  ⏸ 0:0 ще рано (< 60'):
    6' АЗІЯ: Клубний кубок чемпіонів Перської затоки - Плей-оф6'Аль-Шабаб (Sau) - Аль-Райян (Qat) [АЗІЯ: Клубний кубок чемпіонів Перської затоки - Плей-оф]
    45' ЄГИПЕТ: Прем'єр-ліга - Група вибування ТаблицяПерерваАраб Контракторс - Аль-Іттіхад [ЄГИПЕТ: Прем'єр-ліга - Група вибування]
    45' ІСПАНІЯ: Терсера КІФФ - Група 8 ТаблицяПерерваМансільєс - Альмасан [ІСПАНІЯ: Терсера КІФФ - Група 8]
    6' ТУРЕЧЧИНА: Кубок Туреччини - Плей-оф6'Самсунспор - Трабзонспор [ТУРЕЧЧИНА: Кубок Туреччини - Плей-оф]
  Found: 0 candidates, 0 new, 1 permanently skipped

Done: 0 analyzed, 0 actionable, 0 TG sent

🔥 RUN #68: analyzed=0, signals=0
⏳ Next scan in 3m...
[18:53:53] Live scan
  Запуск live-скрапера (після ранкових Telegram, якщо були).
Opening: https://m.flashscore.ua/?s=2 (minute >= 60, 0:0 only)
Provider health [https://m.flashscore.ua/?s=2]: rows=22, 0:0 total=4, candidates=0
  ⏸ 0:0 ще рано (< 60'):
    9' АЗІЯ: Клубний кубок чемпіонів Перської затоки - Плей-оф9'Аль-Шабаб (Sau) - Аль-Райян (Qat) [АЗІЯ: Клубний кубок чемпіонів Перської затоки - Плей-оф]
    45' ЄГИПЕТ: Прем'єр-ліга - Група вибування ТаблицяПерерваАраб Контракторс - Аль-Іттіхад [ЄГИПЕТ: Прем'єр-ліга - Група вибування]
    45' ІСПАНІЯ: Терсера КІФФ - Група 8 ТаблицяПерерваМансільєс - Альмасан [ІСПАНІЯ: Терсера КІФФ - Група 8]
    9' ТУРЕЧЧИНА: Кубок Туреччини - Плей-оф9'Самсунспор - Трабзонспор [ТУРЕЧЧИНА: Кубок Туреччини - Плей-оф]
  Found: 0 candidates, 0 new, 1 permanently skipped

Done: 0 analyzed, 0 actionable, 0 TG sent

🔥 RUN #69: analyzed=0, signals=0
⏳ Next scan in 3m...
[18:57:05] Live scan
  Запуск live-скрапера (після ранкових Telegram, якщо були).
Opening: https://m.flashscore.ua/?s=2 (minute >= 60, 0:0 only)
Provider health [https://m.flashscore.ua/?s=2]: rows=20, 0:0 total=4, candidates=0
  ⏸ 0:0 ще рано (< 60'):
    12' АЗІЯ: Клубний кубок чемпіонів Перської затоки - Плей-оф12'Аль-Шабаб (Sau) - Аль-Райян (Qat) [АЗІЯ: Клубний кубок чемпіонів Перської затоки - Плей-оф]
    45' ЄГИПЕТ: Прем'єр-ліга - Група вибування ТаблицяПерерваАраб Контракторс - Аль-Іттіхад [ЄГИПЕТ: Прем'єр-ліга - Група вибування]
    45' ІСПАНІЯ: Терсера КІФФ - Група 8 ТаблицяПерерваМансільєс - Альмасан [ІСПАНІЯ: Терсера КІФФ - Група 8]
    12' ТУРЕЧЧИНА: Кубок Туреччини - Плей-оф12'Самсунспор - Трабзонспор [ТУРЕЧЧИНА: Кубок Туреччини - Плей-оф]
  Found: 0 candidates, 0 new, 1 permanently skipped

Done: 0 analyzed, 0 actionable, 0 TG sent

🔥 RUN #70: analyzed=0, signals=0
⏳ Next scan in 3m...
[19:00:17] Live scan
  Запуск live-скрапера (після ранкових Telegram, якщо були).
Opening: https://m.flashscore.ua/?s=2 (minute >= 60, 0:0 only)
Provider health [https://m.flashscore.ua/?s=2]: rows=16, 0:0 total=4, candidates=0
  ⏸ 0:0 ще рано (< 60'):
    16' АЗІЯ: Клубний кубок чемпіонів Перської затоки - Плей-оф16'Аль-Шабаб (Sau) - Аль-Райян (Qat) [АЗІЯ: Клубний кубок чемпіонів Перської затоки - Плей-оф]
    45' ЄГИПЕТ: Прем'єр-ліга - Група вибування ТаблицяПерерваАраб Контракторс - Аль-Іттіхад [ЄГИПЕТ: Прем'єр-ліга - Група вибування]
    45' ІСПАНІЯ: Терсера КІФФ - Група 8 ТаблицяПерерваМансільєс - Альмасан [ІСПАНІЯ: Терсера КІФФ - Група 8]
    16' ТУРЕЧЧИНА: Кубок Туреччини - Плей-оф16'Самсунспор - Трабзонспор [ТУРЕЧЧИНА: Кубок Туреччини - Плей-оф]
  Found: 0 candidates, 0 new, 1 permanently skipped

Done: 0 analyzed, 0 actionable, 0 TG sent

🔥 RUN #71: analyzed=0, signals=0
⏳ Next scan in 3m...
[19:03:28] Live scan
  Запуск live-скрапера (після ранкових Telegram, якщо були).
Opening: https://m.flashscore.ua/?s=2 (minute >= 60, 0:0 only)
Provider health [https://m.flashscore.ua/?s=2]: rows=22, 0:0 total=12, candidates=0
  ⏸ 0:0 ще рано (< 60'):
    18' АЗІЯ: Клубний кубок чемпіонів Перської затоки - Плей-оф18'Аль-Шабаб (Sau) - Аль-Райян (Qat) [АЗІЯ: Клубний кубок чемпіонів Перської затоки - Плей-оф]
    3' ДАНІЯ: Суперліга - Група вибування Таблиця3'Раннерс - Фредерісія [ДАНІЯ: Суперліга - Група вибування]
    3' ДАНІЯ: Суперліга - Чемпіонська група Таблиця3'Норшелланн - Орхус [ДАНІЯ: Суперліга - Чемпіонська група]
    3' Віймсі ЙК - Тарту Велко [ЕСТОНІЯ: Есілііга]
    3' Маарду - ФК Таллінн [ЕСТОНІЯ: Есілііга]
    3' Тулевик - Вапрус Пярну U21 [ЕСТОНІЯ: Есілііга В]
    45' ЄГИПЕТ: Прем'єр-ліга - Група вибування ТаблицяПерерваАраб Контракторс - Аль-Іттіхад [ЄГИПЕТ: Прем'єр-ліга - Група вибування]
    45' ІСПАНІЯ: Терсера КІФФ - Група 8 ТаблицяПерерваМансільєс - Альмасан [ІСПАНІЯ: Терсера КІФФ - Група 8]
    3' ІСПАНІЯ: Терсера КІФФ - Група 17 Таблиця3'Альмудевар - Ільюека [ІСПАНІЯ: Терсера КІФФ - Група 17]
    3' ЙОРДАНІЯ: Прем'єр-ліга Таблиця3'Сама Аль-Сархан - Аль-Хуссейн [ЙОРДАНІЯ: Прем'єр-ліга]
    3' СЕРБІЯ: Суперліга - Група вибування Таблиця3'Напредак - Нови-Београд [СЕРБІЯ: Суперліга - Група вибування]
    18' ТУРЕЧЧИНА: Кубок Туреччини - Плей-оф18'Самсунспор - Трабзонспор [ТУРЕЧЧИНА: Кубок Туреччини - Плей-оф]
  Found: 0 candidates, 0 new, 1 permanently skipped

Done: 0 analyzed, 0 actionable, 0 TG sent

🔥 RUN #72: analyzed=0, signals=0
⏳ Next scan in 3m...
[19:06:41] Live scan
  Запуск live-скрапера (після ранкових Telegram, якщо були).
Opening: https://m.flashscore.ua/?s=2 (minute >= 60, 0:0 only)
Provider health [https://m.flashscore.ua/?s=2]: rows=23, 0:0 total=12, candidates=0
  ⏸ 0:0 ще рано (< 60'):
    22' АЗІЯ: Клубний кубок чемпіонів Перської затоки - Плей-оф22'Аль-Шабаб (Sau) - Аль-Райян (Qat) [АЗІЯ: Клубний кубок чемпіонів Перської затоки - Плей-оф]
    7' ДАНІЯ: Суперліга - Чемпіонська група Таблиця7'Норшелланн - Орхус [ДАНІЯ: Суперліга - Чемпіонська група]
    7' Віймсі ЙК - Тарту Велко [ЕСТОНІЯ: Есілііга]
    7' Маарду - ФК Таллінн [ЕСТОНІЯ: Есілііга]
    7' Тулевик - Вапрус Пярну U21 [ЕСТОНІЯ: Есілііга В]
    45' ЄГИПЕТ: Прем'єр-ліга - Група вибування ТаблицяПерерваАраб Контракторс - Аль-Іттіхад [ЄГИПЕТ: Прем'єр-ліга - Група вибування]
    45' ІСПАНІЯ: Терсера КІФФ - Група 8 ТаблицяПерерваМансільєс - Альмасан [ІСПАНІЯ: Терсера КІФФ - Група 8]
    7' ІСПАНІЯ: Терсера КІФФ - Група 17 Таблиця7'Альмудевар - Ільюека [ІСПАНІЯ: Терсера КІФФ - Група 17]
    7' ЙОРДАНІЯ: Прем'єр-ліга Таблиця7'Сама Аль-Сархан - Аль-Хуссейн [ЙОРДАНІЯ: Прем'єр-ліга]
    7' НОРВЕГІЯ: Кубок Норвегії (Жінки)7'Люнгбе Ж - Фюллінгсдален Ж [НОРВЕГІЯ: Кубок Норвегії (Жінки)]
    7' СЕРБІЯ: Суперліга - Група вибування Таблиця7'Напредак - Нови-Београд [СЕРБІЯ: Суперліга - Група вибування]
    22' ТУРЕЧЧИНА: Кубок Туреччини - Плей-оф22'Самсунспор - Трабзонспор [ТУРЕЧЧИНА: Кубок Туреччини - Плей-оф]
  Found: 0 candidates, 0 new, 1 permanently skipped

Done: 0 analyzed, 0 actionable, 0 TG sent

🔥 RUN #73: analyzed=0, signals=0
Message sent to Telegram
⏳ Next scan in 3m...
[19:09:53] Live scan
  Запуск live-скрапера (після ранкових Telegram, якщо були).
Opening: https://m.flashscore.ua/?s=2 (minute >= 60, 0:0 only)
Provider health [https://m.flashscore.ua/?s=2]: rows=22, 0:0 total=12, candidates=0
  ⏸ 0:0 ще рано (< 60'):
    25' АЗІЯ: Клубний кубок чемпіонів Перської затоки - Плей-оф25'Аль-Шабаб (Sau) - Аль-Райян (Qat) [АЗІЯ: Клубний кубок чемпіонів Перської затоки - Плей-оф]
    10' ДАНІЯ: Суперліга - Чемпіонська група Таблиця10'Норшелланн - Орхус [ДАНІЯ: Суперліга - Чемпіонська група]
    10' Віймсі ЙК - Тарту Велко [ЕСТОНІЯ: Есілііга]
    10' Маарду - ФК Таллінн [ЕСТОНІЯ: Есілііга]
    10' Тулевик - Вапрус Пярну U21 [ЕСТОНІЯ: Есілііга В]
    46' ЄГИПЕТ: Прем'єр-ліга - Група вибування Таблиця46'Араб Контракторс - Аль-Іттіхад [ЄГИПЕТ: Прем'єр-ліга - Група вибування]
    49' ІСПАНІЯ: Терсера КІФФ - Група 8 Таблиця49'Мансільєс - Альмасан [ІСПАНІЯ: Терсера КІФФ - Група 8]
    10' ІСПАНІЯ: Терсера КІФФ - Група 17 Таблиця10'Альмудевар - Ільюека [ІСПАНІЯ: Терсера КІФФ - Група 17]
    10' ЙОРДАНІЯ: Прем'єр-ліга Таблиця10'Сама Аль-Сархан - Аль-Хуссейн [ЙОРДАНІЯ: Прем'єр-ліга]
    10' НОРВЕГІЯ: Кубок Норвегії (Жінки)10'Люнгбе Ж - Фюллінгсдален Ж [НОРВЕГІЯ: Кубок Норвегії (Жінки)]
    10' СЕРБІЯ: Суперліга - Група вибування Таблиця10'Напредак - Нови-Београд [СЕРБІЯ: Суперліга - Група вибування]
    25' ТУРЕЧЧИНА: Кубок Туреччини - Плей-оф25'Самсунспор - Трабзонспор [ТУРЕЧЧИНА: Кубок Туреччини - Плей-оф]
  Found: 0 candidates, 0 new, 1 permanently skipped

Done: 0 analyzed, 0 actionable, 0 TG sent

🔥 RUN #74: analyzed=0, signals=0
⏳ Next scan in 3m...
[19:13:05] Live scan
  Запуск live-скрапера (після ранкових Telegram, якщо були).
Opening: https://m.flashscore.ua/?s=2 (minute >= 60, 0:0 only)
Provider health [https://m.flashscore.ua/?s=2]: rows=23, 0:0 total=12, candidates=0
  ⏸ 0:0 ще рано (< 60'):
    29' АЗІЯ: Клубний кубок чемпіонів Перської затоки - Плей-оф29'Аль-Шабаб (Sau) - Аль-Райян (Qat) [АЗІЯ: Клубний кубок чемпіонів Перської затоки - Плей-оф]
    14' ДАНІЯ: Суперліга - Чемпіонська група Таблиця14'Норшелланн - Орхус [ДАНІЯ: Суперліга - Чемпіонська група]
    14' Віймсі ЙК - Тарту Велко [ЕСТОНІЯ: Есілііга]
    14' Маарду - ФК Таллінн [ЕСТОНІЯ: Есілііга]
    14' Тулевик - Вапрус Пярну U21 [ЕСТОНІЯ: Есілііга В]
    49' ЄГИПЕТ: Прем'єр-ліга - Група вибування Таблиця49'Араб Контракторс - Аль-Іттіхад [ЄГИПЕТ: Прем'єр-ліга - Група вибування]
    53' ІСПАНІЯ: Терсера КІФФ - Група 8 Таблиця53'Мансільєс - Альмасан [ІСПАНІЯ: Терсера КІФФ - Група 8]
    14' ІСПАНІЯ: Терсера КІФФ - Група 17 Таблиця14'Альмудевар - Ільюека [ІСПАНІЯ: Терсера КІФФ - Група 17]
    14' НОРВЕГІЯ: Кубок Норвегії (Жінки)14'Люнгбе Ж - Фюллінгсдален Ж [НОРВЕГІЯ: Кубок Норвегії (Жінки)]
    4' САУДІВСЬКА АРАВІЯ: Професійна ліга Таблиця4'Аль-Наджма - Аль-Таавон [САУДІВСЬКА АРАВІЯ: Професійна ліга]
    14' СЕРБІЯ: Суперліга - Група вибування Таблиця14'Напредак - Нови-Београд [СЕРБІЯ: Суперліга - Група вибування]
    29' ТУРЕЧЧИНА: Кубок Туреччини - Плей-оф29'Самсунспор - Трабзонспор [ТУРЕЧЧИНА: Кубок Туреччини - Плей-оф]
  Found: 0 candidates, 0 new, 1 permanently skipped

Done: 0 analyzed, 0 actionable, 0 TG sent

🔥 RUN #75: analyzed=0, signals=0
⏳ Next scan in 3m...
[19:16:17] Live scan
  Запуск live-скрапера (після ранкових Telegram, якщо були).
Opening: https://m.flashscore.ua/?s=2 (minute >= 60, 0:0 only)
Provider health [https://m.flashscore.ua/?s=2]: rows=23, 0:0 total=12, candidates=0
  ⏸ 0:0 ще рано (< 60'):
    32' АЗІЯ: Клубний кубок чемпіонів Перської затоки - Плей-оф32'Аль-Шабаб (Sau) - Аль-Райян (Qat) [АЗІЯ: Клубний кубок чемпіонів Перської затоки - Плей-оф]
    17' ДАНІЯ: Суперліга - Чемпіонська група Таблиця17'Норшелланн - Орхус [ДАНІЯ: Суперліга - Чемпіонська група]
    17' Віймсі ЙК - Тарту Велко [ЕСТОНІЯ: Есілііга]
    17' Маарду - ФК Таллінн [ЕСТОНІЯ: Есілііга]
    17' Тулевик - Вапрус Пярну U21 [ЕСТОНІЯ: Есілііга В]
    53' ЄГИПЕТ: Прем'єр-ліга - Група вибування Таблиця53'Араб Контракторс - Аль-Іттіхад [ЄГИПЕТ: Прем'єр-ліга - Група вибування]
    56' ІСПАНІЯ: Терсера КІФФ - Група 8 Таблиця56'Мансільєс - Альмасан [ІСПАНІЯ: Терсера КІФФ - Група 8]
    17' ІСПАНІЯ: Терсера КІФФ - Група 17 Таблиця17'Альмудевар - Ільюека [ІСПАНІЯ: Терсера КІФФ - Група 17]
    17' НОРВЕГІЯ: Кубок Норвегії (Жінки)17'Люнгбе Ж - Фюллінгсдален Ж [НОРВЕГІЯ: Кубок Норвегії (Жінки)]
    7' САУДІВСЬКА АРАВІЯ: Професійна ліга Таблиця7'Аль-Наджма - Аль-Таавон [САУДІВСЬКА АРАВІЯ: Професійна ліга]
    17' СЕРБІЯ: Суперліга - Група вибування Таблиця17'Напредак - Нови-Београд [СЕРБІЯ: Суперліга - Група вибування]
    32' ТУРЕЧЧИНА: Кубок Туреччини - Плей-оф32'Самсунспор - Трабзонспор [ТУРЕЧЧИНА: Кубок Туреччини - Плей-оф]
  Found: 0 candidates, 0 new, 1 permanently skipped

Done: 0 analyzed, 0 actionable, 0 TG sent

🔥 RUN #76: analyzed=0, signals=0
⏳ Next scan in 3m...
[19:19:28] Live scan
  Запуск live-скрапера (після ранкових Telegram, якщо були).
Opening: https://m.flashscore.ua/?s=2 (minute >= 60, 0:0 only)
Provider health [https://m.flashscore.ua/?s=2]: rows=23, 0:0 total=11, candidates=0
  ⏸ 0:0 ще рано (< 60'):
    34' АЗІЯ: Клубний кубок чемпіонів Перської затоки - Плей-оф34'Аль-Шабаб (Sau) - Аль-Райян (Qat) [АЗІЯ: Клубний кубок чемпіонів Перської затоки - Плей-оф]
    19' ДАНІЯ: Суперліга - Чемпіонська група Таблиця19'Норшелланн - Орхус [ДАНІЯ: Суперліга - Чемпіонська група]
    19' Віймсі ЙК - Тарту Велко [ЕСТОНІЯ: Есілііга]
    19' Маарду - ФК Таллінн [ЕСТОНІЯ: Есілііга]
    19' Тулевик - Вапрус Пярну U21 [ЕСТОНІЯ: Есілііга В]
    55' ЄГИПЕТ: Прем'єр-ліга - Група вибування Таблиця55'Араб Контракторс - Аль-Іттіхад [ЄГИПЕТ: Прем'єр-ліга - Група вибування]
    58' ІСПАНІЯ: Терсера КІФФ - Група 8 Таблиця58'Мансільєс - Альмасан [ІСПАНІЯ: Терсера КІФФ - Група 8]
    19' ІСПАНІЯ: Терсера КІФФ - Група 17 Таблиця19'Альмудевар - Ільюека [ІСПАНІЯ: Терсера КІФФ - Група 17]
    19' НОРВЕГІЯ: Кубок Норвегії (Жінки)19'Люнгбе Ж - Фюллінгсдален Ж [НОРВЕГІЯ: Кубок Норвегії (Жінки)]
    19' СЕРБІЯ: Суперліга - Група вибування Таблиця19'Напредак - Нови-Београд [СЕРБІЯ: Суперліга - Група вибування]
    34' ТУРЕЧЧИНА: Кубок Туреччини - Плей-оф34'Самсунспор - Трабзонспор [ТУРЕЧЧИНА: Кубок Туреччини - Плей-оф]
  Found: 0 candidates, 0 new, 1 permanently skipped

Done: 0 analyzed, 0 actionable, 0 TG sent

🔥 RUN #77: analyzed=0, signals=0
⏳ Next scan in 3m...
[19:22:40] Live scan
  Запуск live-скрапера (після ранкових Telegram, якщо були).
Opening: https://m.flashscore.ua/?s=2 (minute >= 60, 0:0 only)
Provider health [https://m.flashscore.ua/?s=2]: rows=23, 0:0 total=9, candidates=0
  ⏸ 0:0 ще рано (< 60'):
    38' АЗІЯ: Клубний кубок чемпіонів Перської затоки - Плей-оф38'Аль-Шабаб (Sau) - Аль-Райян (Qat) [АЗІЯ: Клубний кубок чемпіонів Перської затоки - Плей-оф]
    23' ДАНІЯ: Суперліга - Чемпіонська група Таблиця23'Норшелланн - Орхус [ДАНІЯ: Суперліга - Чемпіонська група]
    23' Віймсі ЙК - Тарту Велко [ЕСТОНІЯ: Есілііга]
    23' Маарду - ФК Таллінн [ЕСТОНІЯ: Есілііга]
    59' ЄГИПЕТ: Прем'єр-ліга - Група вибування Таблиця59'Араб Контракторс - Аль-Іттіхад [ЄГИПЕТ: Прем'єр-ліга - Група вибування]
    23' ІСПАНІЯ: Терсера КІФФ - Група 17 Таблиця23'Альмудевар - Ільюека [ІСПАНІЯ: Терсера КІФФ - Група 17]
    23' НОРВЕГІЯ: Кубок Норвегії (Жінки)23'Люнгбе Ж - Фюллінгсдален Ж [НОРВЕГІЯ: Кубок Норвегії (Жінки)]
    23' СЕРБІЯ: Суперліга - Група вибування Таблиця23'Напредак - Нови-Београд [СЕРБІЯ: Суперліга - Група вибування]
    38' ТУРЕЧЧИНА: Кубок Туреччини - Плей-оф38'Самсунспор - Трабзонспор [ТУРЕЧЧИНА: Кубок Туреччини - Плей-оф]
  Found: 0 candidates, 0 new, 1 permanently skipped

Done: 0 analyzed, 0 actionable, 0 TG sent

🔥 RUN #78: analyzed=0, signals=0
⏳ Next scan in 3m...
[19:25:53] Live scan
  Запуск live-скрапера (після ранкових Telegram, якщо були).
Opening: https://m.flashscore.ua/?s=2 (minute >= 60, 0:0 only)
Provider health [https://m.flashscore.ua/?s=2]: rows=22, 0:0 total=9, candidates=1
  ⏸ 0:0 ще рано (< 60'):
    41' АЗІЯ: Клубний кубок чемпіонів Перської затоки - Плей-оф41'Аль-Шабаб (Sau) - Аль-Райян (Qat) [АЗІЯ: Клубний кубок чемпіонів Перської затоки - Плей-оф]
    26' ДАНІЯ: Суперліга - Чемпіонська група Таблиця26'Норшелланн - Орхус [ДАНІЯ: Суперліга - Чемпіонська група]
    26' Віймсі ЙК - Тарту Велко [ЕСТОНІЯ: Есілііга]
    26' Маарду - ФК Таллінн [ЕСТОНІЯ: Есілііга]
    26' ІСПАНІЯ: Терсера КІФФ - Група 17 Таблиця26'Альмудевар - Ільюека [ІСПАНІЯ: Терсера КІФФ - Група 17]
    26' НОРВЕГІЯ: Кубок Норвегії (Жінки)26'Люнгбе Ж - Фюллінгсдален Ж [НОРВЕГІЯ: Кубок Норвегії (Жінки)]
    26' СЕРБІЯ: Суперліга - Група вибування Таблиця26'Напредак - Нови-Београд [СЕРБІЯ: Суперліга - Група вибування]
    41' ТУРЕЧЧИНА: Кубок Туреччини - Плей-оф41'Самсунспор - Трабзонспор [ТУРЕЧЧИНА: Кубок Туреччини - Плей-оф]
  ✔ 62' ЄГИПЕТ: Прем'єр-ліга - Група вибування Таблиця62'Араб Контракторс - Аль-Іттіхад [ЄГИПЕТ: Прем'єр-ліга - Група вибування] id=W8NMeIZR
  Found: 1 candidates, 1 new, 1 permanently skipped

→ ЄГИПЕТ: Прем'єр-ліга - Група вибування Таблиця62'Араб Контракторс - Аль-Іттіхад (62') [ЄГИПЕТ: Прем'єр-ліга - Група вибування]
  Кф 1X2: 2.53 / 2.69 / 3.31
  Desktop: https://www.flashscore.ua/match/soccer/al-ittihad-alexandria-WpApD7JG/arab-contractors-al-mokawloon-hAgPF9Zc/?mid=W8NMeIZR
  [stats] W8NMeIZR → both, 32 metrics
  Features: quality=1, primary=6, status=both
  Model v2: pGoal=0.265, pDry=0.735 sq=0.7557 state=dry | 60-70 → SKIP

Done: 1 analyzed, 0 actionable, 0 TG sent

🔥 RUN #79: analyzed=1, signals=0
⏳ Next scan in 3m...
[19:29:19] Live scan
  Запуск live-скрапера (після ранкових Telegram, якщо були).
Opening: https://m.flashscore.ua/?s=2 (minute >= 60, 0:0 only)
Provider health [https://m.flashscore.ua/?s=2]: rows=20, 0:0 total=9, candidates=1
  ⏸ 0:0 ще рано (< 60'):
    45' АЗІЯ: Клубний кубок чемпіонів Перської затоки - Плей-оф45'Аль-Шабаб (Sau) - Аль-Райян (Qat) [АЗІЯ: Клубний кубок чемпіонів Перської затоки - Плей-оф]
    30' ДАНІЯ: Суперліга - Чемпіонська група Таблиця30'Норшелланн - Орхус [ДАНІЯ: Суперліга - Чемпіонська група]
    30' Віймсі ЙК - Тарту Велко [ЕСТОНІЯ: Есілііга]
    30' Маарду - ФК Таллінн [ЕСТОНІЯ: Есілііга]
    30' ІСПАНІЯ: Терсера КІФФ - Група 17 Таблиця30'Альмудевар - Ільюека [ІСПАНІЯ: Терсера КІФФ - Група 17]
    30' НОРВЕГІЯ: Кубок Норвегії (Жінки)30'Люнгбе Ж - Фюллінгсдален Ж [НОРВЕГІЯ: Кубок Норвегії (Жінки)]
    30' СЕРБІЯ: Суперліга - Група вибування Таблиця30'Напредак - Нови-Београд [СЕРБІЯ: Суперліга - Група вибування]
    45' ТУРЕЧЧИНА: Кубок Туреччини - Плей-оф45'Самсунспор - Трабзонспор [ТУРЕЧЧИНА: Кубок Туреччини - Плей-оф]
  ✔ 65' ЄГИПЕТ: Прем'єр-ліга - Група вибування Таблиця65'Араб Контракторс - Аль-Іттіхад [ЄГИПЕТ: Прем'єр-ліга - Група вибування] id=W8NMeIZR
  Found: 1 candidates, 1 new, 1 permanently skipped

→ ЄГИПЕТ: Прем'єр-ліга - Група вибування Таблиця65'Араб Контракторс - Аль-Іттіхад (65') [ЄГИПЕТ: Прем'єр-ліга - Група вибування]
  Кф 1X2: 2.53 / 2.69 / 3.31
  Desktop: https://www.flashscore.ua/match/soccer/al-ittihad-alexandria-WpApD7JG/arab-contractors-al-mokawloon-hAgPF9Zc/?mid=W8NMeIZR
  [stats] W8NMeIZR → both, 32 metrics
  Features: quality=1, primary=6, status=both
  Model v2: pGoal=0.205, pDry=0.795 sq=0.7714 state=dry | 60-70 → SKIP | Δ2H SOT=0 xG=0.02 (Δ3′ матчу)
  🔔 dryAlert встановлено (стан dry@65')

Done: 1 analyzed, 0 actionable, 0 TG sent
📌 Tracking 1 active prediction(s)

🔥 RUN #80: analyzed=1, signals=0
⏳ Next scan in 3m...
[19:32:45] Live scan
  Запуск live-скрапера (після ранкових Telegram, якщо були).
Opening: https://m.flashscore.ua/?s=2 (minute >= 60, 0:0 only)
Provider health [https://m.flashscore.ua/?s=2]: rows=19, 0:0 total=7, candidates=1
  ⏸ 0:0 ще рано (< 60'):
    45' АЗІЯ: Клубний кубок чемпіонів Перської затоки - Плей-офПерерваАль-Шабаб (Sau) - Аль-Райян (Qat) [АЗІЯ: Клубний кубок чемпіонів Перської затоки - Плей-оф]
    33' Маарду - ФК Таллінн [ЕСТОНІЯ: Есілііга]
    33' ІСПАНІЯ: Терсера КІФФ - Група 17 Таблиця33'Альмудевар - Ільюека [ІСПАНІЯ: Терсера КІФФ - Група 17]
    33' НОРВЕГІЯ: Кубок Норвегії (Жінки)33'Люнгбе Ж - Фюллінгсдален Ж [НОРВЕГІЯ: Кубок Норвегії (Жінки)]
    33' СЕРБІЯ: Суперліга - Група вибування Таблиця33'Напредак - Нови-Београд [СЕРБІЯ: Суперліга - Група вибування]
  ✔ 69' ЄГИПЕТ: Прем'єр-ліга - Група вибування Таблиця69'Араб Контракторс - Аль-Іттіхад [ЄГИПЕТ: Прем'єр-ліга - Група вибування] id=W8NMeIZR
  Found: 1 candidates, 1 new, 1 permanently skipped

→ ЄГИПЕТ: Прем'єр-ліга - Група вибування Таблиця69'Араб Контракторс - Аль-Іттіхад (69') [ЄГИПЕТ: Прем'єр-ліга - Група вибування]
  Кф 1X2: 2.53 / 2.69 / 3.31
  Desktop: https://www.flashscore.ua/match/soccer/al-ittihad-alexandria-WpApD7JG/arab-contractors-al-mokawloon-hAgPF9Zc/?mid=W8NMeIZR
  [stats] W8NMeIZR → both, 32 metrics
  Features: quality=1, primary=6, status=both
  Model v2: pGoal=0.205, pDry=0.795 sq=0.7871 state=dry | 60-70 → SKIP | Δ2H SOT=0 xG=0 (Δ4′ матчу)
  🔔 dryAlert встановлено (стан dry@69')

Done: 1 analyzed, 0 actionable, 0 TG sent
📌 Tracking 1 active prediction(s)

🔥 RUN #81: analyzed=1, signals=0
⏳ Next scan in 3m...
[19:36:12] Live scan
  Запуск live-скрапера (після ранкових Telegram, якщо були).
Opening: https://m.flashscore.ua/?s=2 (minute >= 60, 0:0 only)
Provider health [https://m.flashscore.ua/?s=2]: rows=22, 0:0 total=10, candidates=1
  ⏸ 0:0 ще рано (< 60'):
    45' АЗІЯ: Клубний кубок чемпіонів Перської затоки - Плей-офПерерваАль-Шабаб (Sau) - Аль-Райян (Qat) [АЗІЯ: Клубний кубок чемпіонів Перської затоки - Плей-оф]
    36' Маарду - ФК Таллінн [ЕСТОНІЯ: Есілііга]
    6' ІРАК: Ліга зірок Таблиця6'Аль-Кува Аль-Джавія - Ербіль [ІРАК: Ліга зірок]
    6' Захо - Аль-Кахраба [ІРАК: Ліга зірок]
    36' ІСПАНІЯ: Терсера КІФФ - Група 17 Таблиця36'Альмудевар - Ільюека [ІСПАНІЯ: Терсера КІФФ - Група 17]
    36' НОРВЕГІЯ: Кубок Норвегії (Жінки)36'Люнгбе Ж - Фюллінгсдален Ж [НОРВЕГІЯ: Кубок Норвегії (Жінки)]
    36' СЕРБІЯ: Суперліга - Група вибування Таблиця36'Напредак - Нови-Београд [СЕРБІЯ: Суперліга - Група вибування]
    6' СЛОВЕНІЯ: Кубок Словенії6'НК Браво - Алюміній [СЛОВЕНІЯ: Кубок Словенії]
    45' ТУРЕЧЧИНА: Кубок Туреччини - Плей-офПерерваСамсунспор - Трабзонспор [ТУРЕЧЧИНА: Кубок Туреччини - Плей-оф]
  ✔ 72' ЄГИПЕТ: Прем'єр-ліга - Група вибування Таблиця72'Араб Контракторс - Аль-Іттіхад [ЄГИПЕТ: Прем'єр-ліга - Група вибування] id=W8NMeIZR
  Found: 1 candidates, 1 new, 1 permanently skipped

→ ЄГИПЕТ: Прем'єр-ліга - Група вибування Таблиця72'Араб Контракторс - Аль-Іттіхад (72') [ЄГИПЕТ: Прем'єр-ліга - Група вибування]
  Кф 1X2: 2.53 / 2.69 / 3.31
  Desktop: https://www.flashscore.ua/match/soccer/al-ittihad-alexandria-WpApD7JG/arab-contractors-al-mokawloon-hAgPF9Zc/?mid=W8NMeIZR
  [stats] W8NMeIZR → both, 32 metrics
  Features: quality=1, primary=6, status=both
  Model v2: pGoal=0.205, pDry=0.795 sq=0.8029 state=dry | 70-80 → SKIP | Δ2H SOT=0 xG=0.01 (Δ3′ матчу)

Done: 1 analyzed, 0 actionable, 0 TG sent
📌 Tracking 1 active prediction(s)

🔥 RUN #82: analyzed=1, signals=0
⏳ Next scan in 3m...
[19:39:38] Live scan
  Запуск live-скрапера (після ранкових Telegram, якщо були).
Opening: https://m.flashscore.ua/?s=2 (minute >= 60, 0:0 only)
Provider health [https://m.flashscore.ua/?s=2]: rows=22, 0:0 total=9, candidates=1
  ⏸ 0:0 ще рано (< 60'):
    45' АЗІЯ: Клубний кубок чемпіонів Перської затоки - Плей-офПерерваАль-Шабаб (Sau) - Аль-Райян (Qat) [АЗІЯ: Клубний кубок чемпіонів Перської затоки - Плей-оф]
    39' Маарду - ФК Таллінн [ЕСТОНІЯ: Есілііга]
    9' ІРАК: Ліга зірок Таблиця9'Аль-Кува Аль-Джавія - Ербіль [ІРАК: Ліга зірок]
    9' Захо - Аль-Кахраба [ІРАК: Ліга зірок]
    39' ІСПАНІЯ: Терсера КІФФ - Група 17 Таблиця39'Альмудевар - Ільюека [ІСПАНІЯ: Терсера КІФФ - Група 17]
    39' СЕРБІЯ: Суперліга - Група вибування Таблиця39'Напредак - Нови-Београд [СЕРБІЯ: Суперліга - Група вибування]
    9' СЛОВЕНІЯ: Кубок Словенії9'НК Браво - Алюміній [СЛОВЕНІЯ: Кубок Словенії]
    45' ТУРЕЧЧИНА: Кубок Туреччини - Плей-офПерерваСамсунспор - Трабзонспор [ТУРЕЧЧИНА: Кубок Туреччини - Плей-оф]
  ✔ 75' ЄГИПЕТ: Прем'єр-ліга - Група вибування Таблиця75'Араб Контракторс - Аль-Іттіхад [ЄГИПЕТ: Прем'єр-ліга - Група вибування] id=W8NMeIZR
  Found: 1 candidates, 1 new, 1 permanently skipped

→ ЄГИПЕТ: Прем'єр-ліга - Група вибування Таблиця75'Араб Контракторс - Аль-Іттіхад (75') [ЄГИПЕТ: Прем'єр-ліга - Група вибування]
  Кф 1X2: 2.53 / 2.69 / 3.31
  Desktop: https://www.flashscore.ua/match/soccer/al-ittihad-alexandria-WpApD7JG/arab-contractors-al-mokawloon-hAgPF9Zc/?mid=W8NMeIZR
  [stats] W8NMeIZR → both, 32 metrics
  Features: quality=1, primary=6, status=both
  Model v2: pGoal=0.405, pDry=0.595 sq=0.7386 state=lateSurge | 70-80 → UNDER_0_5 | Δ2H SOT=0 xG=0.08 (Δ3′ матчу) [TG]
  [ggbet] Not found: ЄГИПЕТ: Прем'єр-ліга - Група вибування Таблиця75'Араб Контракторс - Аль-Іттіхад
Message sent to Telegram
  ✓ Telegram sent

Done: 1 analyzed, 1 actionable, 1 TG sent
📌 Tracking 1 active prediction(s)

🔥 RUN #83: analyzed=1, signals=1
⏳ Next scan in 3m...
🚀 Starting live scraping (watch mode)...
  [restore] Відновлено з лога: 1 оброблених, 1 надісланих TG, 1 активних ставок
[19:40:23] Live scan
  First run — checking yesterday results
  [result] No unchecked predictions for 2026-04-22
  Yesterday: 0/0 hits (0 з прогнозом)
  Daily summary Telegram disabled (date=2026-04-22)
  Запуск live-скрапера (після ранкових Telegram, якщо були).
Opening: https://m.flashscore.ua/?s=2 (minute >= 60, 0:0 only)
Provider health [https://m.flashscore.ua/?s=2]: rows=22, 0:0 total=10, candidates=1
  ⏸ 0:0 ще рано (< 60'):
    45' АЗІЯ: Клубний кубок чемпіонів Перської затоки - Плей-офПерерваАль-Шабаб (Sau) - Аль-Райян (Qat) [АЗІЯ: Клубний кубок чемпіонів Перської затоки - Плей-оф]
    41' Маарду - ФК Таллінн [ЕСТОНІЯ: Есілііга]
    11' ІРАК: Ліга зірок Таблиця11'Аль-Кува Аль-Джавія - Ербіль [ІРАК: Ліга зірок]
    11' Захо - Аль-Кахраба [ІРАК: Ліга зірок]
    41' ІСПАНІЯ: Терсера КІФФ - Група 17 Таблиця41'Альмудевар - Ільюека [ІСПАНІЯ: Терсера КІФФ - Група 17]
    41' НОРВЕГІЯ: Кубок Норвегії (Жінки)41'Люнгбе Ж - Фюллінгсдален Ж [НОРВЕГІЯ: Кубок Норвегії (Жінки)]
    41' СЕРБІЯ: Суперліга - Група вибування Таблиця41'Напредак - Нови-Београд [СЕРБІЯ: Суперліга - Група вибування]
    11' СЛОВЕНІЯ: Кубок Словенії11'НК Браво - Алюміній [СЛОВЕНІЯ: Кубок Словенії]
    45' ТУРЕЧЧИНА: Кубок Туреччини - Плей-офПерерваСамсунспор - Трабзонспор [ТУРЕЧЧИНА: Кубок Туреччини - Плей-оф]
  ✔ 76' ЄГИПЕТ: Прем'єр-ліга - Група вибування Таблиця76'Араб Контракторс - Аль-Іттіхад [ЄГИПЕТ: Прем'єр-ліга - Група вибування] id=W8NMeIZR
  Found: 1 candidates, 1 new, 1 permanently skipped

→ ЄГИПЕТ: Прем'єр-ліга - Група вибування Таблиця76'Араб Контракторс - Аль-Іттіхад (76') [ЄГИПЕТ: Прем'єр-ліга - Група вибування]
  Кф 1X2: 2.53 / 2.69 / 3.31
  Desktop: https://www.flashscore.ua/match/soccer/al-ittihad-alexandria-WpApD7JG/arab-contractors-al-mokawloon-hAgPF9Zc/?mid=W8NMeIZR
  [stats] W8NMeIZR → both, 32 metrics
  Features: quality=1, primary=6, status=both
  Model v2: pGoal=0.205, pDry=0.795 sq=0.8343 state=dry | 70-80 → UNDER_0_5 | Δ2H SOT=0 xG=0 (Δ1′ матчу) [TG]
  ↻ Re-analysis done (no change)

Done: 1 analyzed, 1 actionable, 0 TG sent
📌 Tracking 1 active prediction(s)

🔥 RUN #1: analyzed=1, signals=0
⏳ Next scan in 3m...
🚀 Starting live scraping (watch mode)...
  [restore] Відновлено з лога: 1 оброблених, 1 надісланих TG, 1 активних ставок
[19:42:58] Live scan
  First run — checking yesterday results
  [result] No unchecked predictions for 2026-04-22
  Yesterday: 0/0 hits (0 з прогнозом)
  Daily summary Telegram disabled (date=2026-04-22)
  Запуск live-скрапера (після ранкових Telegram, якщо були).
Opening: https://m.flashscore.ua/?s=2 (minute >= 60, 0:0 only)
Provider health [https://m.flashscore.ua/?s=2]: rows=22, 0:0 total=9, candidates=1
  ⏸ 0:0 ще рано (< 60'):
    45' АЗІЯ: Клубний кубок чемпіонів Перської затоки - Плей-офПерерваАль-Шабаб (Sau) - Аль-Райян (Qat) [АЗІЯ: Клубний кубок чемпіонів Перської затоки - Плей-оф]
    43' Маарду - ФК Таллінн [ЕСТОНІЯ: Есілііга]
    13' ІРАК: Ліга зірок Таблиця13'Аль-Кува Аль-Джавія - Ербіль [ІРАК: Ліга зірок]
    13' Захо - Аль-Кахраба [ІРАК: Ліга зірок]
    43' ІСПАНІЯ: Терсера КІФФ - Група 17 Таблиця43'Альмудевар - Ільюека [ІСПАНІЯ: Терсера КІФФ - Група 17]
    43' СЕРБІЯ: Суперліга - Група вибування Таблиця43'Напредак - Нови-Београд [СЕРБІЯ: Суперліга - Група вибування]
    13' СЛОВЕНІЯ: Кубок Словенії13'НК Браво - Алюміній [СЛОВЕНІЯ: Кубок Словенії]
    45' ТУРЕЧЧИНА: Кубок Туреччини - Плей-офПерерваСамсунспор - Трабзонспор [ТУРЕЧЧИНА: Кубок Туреччини - Плей-оф]
  ✔ 79' ЄГИПЕТ: Прем'єр-ліга - Група вибування Таблиця79'Араб Контракторс - Аль-Іттіхад [ЄГИПЕТ: Прем'єр-ліга - Група вибування] id=W8NMeIZR
  Found: 1 candidates, 1 new, 1 permanently skipped

→ ЄГИПЕТ: Прем'єр-ліга - Група вибування Таблиця79'Араб Контракторс - Аль-Іттіхад (79') [ЄГИПЕТ: Прем'єр-ліга - Група вибування]
  Кф 1X2: 2.53 / 2.69 / 3.31
  Desktop: https://www.flashscore.ua/match/soccer/al-ittihad-alexandria-WpApD7JG/arab-contractors-al-mokawloon-hAgPF9Zc/?mid=W8NMeIZR
  [stats] W8NMeIZR → both, 32 metrics
  Features: quality=1, primary=6, status=both
  Model v2: pGoal=0.205, pDry=0.795 sq=0.85 state=dry | 70-80 → UNDER_0_5 | Δ2H SOT=0 xG=0 (Δ3′ матчу) [TG]
  ↻ Re-analysis done (no change)

Done: 1 analyzed, 1 actionable, 0 TG sent
📌 Tracking 1 active prediction(s)

🔥 RUN #1: analyzed=1, signals=0
⏳ Next scan in 3m...
[19:46:21] Live scan
  Запуск live-скрапера (після ранкових Telegram, якщо були).
Opening: https://m.flashscore.ua/?s=2 (minute >= 60, 0:0 only)
Provider health [https://m.flashscore.ua/?s=2]: rows=22, 0:0 total=9, candidates=1
  ⏸ 0:0 ще рано (< 60'):
    45' АЗІЯ: Клубний кубок чемпіонів Перської затоки - Плей-офПерерваАль-Шабаб (Sau) - Аль-Райян (Qat) [АЗІЯ: Клубний кубок чемпіонів Перської затоки - Плей-оф]
    17' ІРАК: Ліга зірок Таблиця17'Аль-Кува Аль-Джавія - Ербіль [ІРАК: Ліга зірок]
    17' Захо - Аль-Кахраба [ІРАК: Ліга зірок]
    17' СЛОВЕНІЯ: Кубок Словенії17'НК Браво - Алюміній [СЛОВЕНІЯ: Кубок Словенії]
    45' ТУРЕЧЧИНА: Кубок Туреччини - Плей-офПерерваСамсунспор - Трабзонспор [ТУРЕЧЧИНА: Кубок Туреччини - Плей-оф]
  ✔ 82' ЄГИПЕТ: Прем'єр-ліга - Група вибування Таблиця82'Араб Контракторс - Аль-Іттіхад [ЄГИПЕТ: Прем'єр-ліга - Група вибування] id=W8NMeIZR
  Found: 1 candidates, 1 new, 1 permanently skipped

→ ЄГИПЕТ: Прем'єр-ліга - Група вибування Таблиця82'Араб Контракторс - Аль-Іттіхад (82') [ЄГИПЕТ: Прем'єр-ліга - Група вибування]
  Кф 1X2: 2.53 / 2.69 / 3.31
  Desktop: https://www.flashscore.ua/match/soccer/al-ittihad-alexandria-WpApD7JG/arab-contractors-al-mokawloon-hAgPF9Zc/?mid=W8NMeIZR
  [stats] W8NMeIZR → both, 32 metrics
  Features: quality=1, primary=6, status=both
  Model v2: pGoal=0.205, pDry=0.795 sq=0.8657 state=dry | 80-90+ → SKIP | Δ2H SOT=0 xG=0 (Δ3′ матчу)

Done: 1 analyzed, 0 actionable, 0 TG sent
📌 Tracking 1 active prediction(s)

🔥 RUN #2: analyzed=1, signals=0
⏳ Next scan in 3m...
[19:49:44] Live scan
  Запуск live-скрапера (після ранкових Telegram, якщо були).
Opening: https://m.flashscore.ua/?s=2 (minute >= 60, 0:0 only)
Provider health [https://m.flashscore.ua/?s=2]: rows=25, 0:0 total=12, candidates=1
  ⏸ 0:0 ще рано (< 60'):
    47' АЗІЯ: Клубний кубок чемпіонів Перської затоки - Плей-оф47'Аль-Шабаб (Sau) - Аль-Райян (Qat) [АЗІЯ: Клубний кубок чемпіонів Перської затоки - Плей-оф]
    20' ІРАК: Ліга зірок Таблиця20'Аль-Кува Аль-Джавія - Ербіль [ІРАК: Ліга зірок]
    20' Захо - Аль-Кахраба [ІРАК: Ліга зірок]
    45' ІСПАНІЯ: Терсера КІФФ - Група 17 ТаблицяПерерваАльмудевар - Ільюека [ІСПАНІЯ: Терсера КІФФ - Група 17]
    5' НІДЕРЛАНДИ: Ередивізі Таблиця5'Гоу Ехед Іглс - АЗ Алкмар [НІДЕРЛАНДИ: Ередивізі]
    5' ОБ’ЄДНАНІ АРАБСЬКІ ЕМІРАТИ: Ліга ОАЕ Таблиця5'Аль-Батаех - Аль-Айн [ОБ’ЄДНАНІ АРАБСЬКІ ЕМІРАТИ: Ліга ОАЕ]
    5' РОСІЯ: Прем'єр-ліга Таблиця5'Ахмат Грозний - Балтика [РОСІЯ: Прем'єр-ліга]
    45' СЕРБІЯ: Суперліга - Група вибування ТаблицяПерерваНапредак - Нови-Београд [СЕРБІЯ: Суперліга - Група вибування]
    20' СЛОВЕНІЯ: Кубок Словенії20'НК Браво - Алюміній [СЛОВЕНІЯ: Кубок Словенії]
    45' ТУРЕЧЧИНА: Кубок Туреччини - Плей-офПерерваСамсунспор - Трабзонспор [ТУРЕЧЧИНА: Кубок Туреччини - Плей-оф]
  ✔ 85' ЄГИПЕТ: Прем'єр-ліга - Група вибування Таблиця85'Араб Контракторс - Аль-Іттіхад [ЄГИПЕТ: Прем'єр-ліга - Група вибування] id=W8NMeIZR
  Found: 1 candidates, 1 new, 1 permanently skipped

→ ЄГИПЕТ: Прем'єр-ліга - Група вибування Таблиця85'Араб Контракторс - Аль-Іттіхад (85') [ЄГИПЕТ: Прем'єр-ліга - Група вибування]
  Кф 1X2: 2.53 / 2.69 / 3.31
  ✗ Desktop URL resolve failed → permanent skip

Done: 0 analyzed, 0 actionable, 0 TG sent
📌 Tracking 1 active prediction(s)

🔥 RUN #3: analyzed=0, signals=0
⏳ Next scan in 3m...
[19:53:17] Live scan
  Запуск live-скрапера (після ранкових Telegram, якщо були).
Opening: https://m.flashscore.ua/?s=2 (minute >= 60, 0:0 only)
Provider health [https://m.flashscore.ua/?s=2]: rows=23, 0:0 total=12, candidates=1
  ⏸ 0:0 ще рано (< 60'):
    51' АЗІЯ: Клубний кубок чемпіонів Перської затоки - Плей-оф51'Аль-Шабаб (Sau) - Аль-Райян (Qat) [АЗІЯ: Клубний кубок чемпіонів Перської затоки - Плей-оф]
    45' Маарду - ФК Таллінн [ЕСТОНІЯ: Есілііга]
    24' ІРАК: Ліга зірок Таблиця24'Аль-Кува Аль-Джавія - Ербіль [ІРАК: Ліга зірок]
    24' Захо - Аль-Кахраба [ІРАК: Ліга зірок]
    45' ІСПАНІЯ: Терсера КІФФ - Група 17 ТаблицяПерерваАльмудевар - Ільюека [ІСПАНІЯ: Терсера КІФФ - Група 17]
    9' НІДЕРЛАНДИ: Ередивізі Таблиця9'Гоу Ехед Іглс - АЗ Алкмар [НІДЕРЛАНДИ: Ередивізі]
    9' РОСІЯ: Прем'єр-ліга Таблиця9'Ахмат Грозний - Балтика [РОСІЯ: Прем'єр-ліга]
    9' Спартак Москва - Краснодар [РОСІЯ: Прем'єр-ліга]
    45' СЕРБІЯ: Суперліга - Група вибування ТаблицяПерерваНапредак - Нови-Београд [СЕРБІЯ: Суперліга - Група вибування]
    24' СЛОВЕНІЯ: Кубок Словенії24'НК Браво - Алюміній [СЛОВЕНІЯ: Кубок Словенії]
    48' ТУРЕЧЧИНА: Кубок Туреччини - Плей-оф48'Самсунспор - Трабзонспор [ТУРЕЧЧИНА: Кубок Туреччини - Плей-оф]
  ✔ 89' ЄГИПЕТ: Прем'єр-ліга - Група вибування Таблиця89'Араб Контракторс - Аль-Іттіхад [ЄГИПЕТ: Прем'єр-ліга - Група вибування] id=W8NMeIZR
  Found: 1 candidates, 0 new, 2 permanently skipped

Done: 0 analyzed, 0 actionable, 0 TG sent
📌 Tracking 1 active prediction(s)

🔥 RUN #4: analyzed=0, signals=0
⏳ Next scan in 3m...
[19:56:29] Live scan
  Запуск live-скрапера (після ранкових Telegram, якщо були).
Opening: https://m.flashscore.ua/?s=2 (minute >= 60, 0:0 only)
Provider health [https://m.flashscore.ua/?s=2]: rows=21, 0:0 total=12, candidates=0
  ⏸ 0:0 ще рано (< 60'):
    54' АЗІЯ: Клубний кубок чемпіонів Перської затоки - Плей-оф54'Аль-Шабаб (Sau) - Аль-Райян (Qat) [АЗІЯ: Клубний кубок чемпіонів Перської затоки - Плей-оф]
    45' Маарду - ФК Таллінн [ЕСТОНІЯ: Есілііга]
    27' ІРАК: Ліга зірок Таблиця27'Аль-Кува Аль-Джавія - Ербіль [ІРАК: Ліга зірок]
    27' Захо - Аль-Кахраба [ІРАК: Ліга зірок]
    45' ІСПАНІЯ: Терсера КІФФ - Група 17 ТаблицяПерерваАльмудевар - Ільюека [ІСПАНІЯ: Терсера КІФФ - Група 17]
    12' НІДЕРЛАНДИ: Ередивізі Таблиця12'Гоу Ехед Іглс - АЗ Алкмар [НІДЕРЛАНДИ: Ередивізі]
    12' РОСІЯ: Прем'єр-ліга Таблиця12'Ахмат Грозний - Балтика [РОСІЯ: Прем'єр-ліга]
    12' Спартак Москва - Краснодар [РОСІЯ: Прем'єр-ліга]
    45' СЕРБІЯ: Суперліга - Група вибування ТаблицяПерерваНапредак - Нови-Београд [СЕРБІЯ: Суперліга - Група вибування]
    27' СЛОВЕНІЯ: Кубок Словенії27'НК Браво - Алюміній [СЛОВЕНІЯ: Кубок Словенії]
    52' ТУРЕЧЧИНА: Кубок Туреччини - Плей-оф52'Самсунспор - Трабзонспор [ТУРЕЧЧИНА: Кубок Туреччини - Плей-оф]
  Found: 0 candidates, 0 new, 2 permanently skipped

Done: 0 analyzed, 0 actionable, 0 TG sent

🔍 Checking 1 possibly finished match(es)...
  ⏳ ЄГИПЕТ: Прем'єр-ліга - Група вибування Таблиця79'Араб Контракторс - Аль-Іттіхад: still live 0:0
📌 Tracking 1 active prediction(s)

🔥 RUN #5: analyzed=0, signals=0
⏳ Next scan in 3m...
[19:59:43] Live scan
  Запуск live-скрапера (після ранкових Telegram, якщо були).
Opening: https://m.flashscore.ua/?s=2 (minute >= 60, 0:0 only)
Provider health [https://m.flashscore.ua/?s=2]: rows=21, 0:0 total=12, candidates=0
  ⏸ 0:0 ще рано (< 60'):
    57' АЗІЯ: Клубний кубок чемпіонів Перської затоки - Плей-оф57'Аль-Шабаб (Sau) - Аль-Райян (Qat) [АЗІЯ: Клубний кубок чемпіонів Перської затоки - Плей-оф]
    45' Маарду - ФК Таллінн [ЕСТОНІЯ: Есілііга]
    29' ІРАК: Ліга зірок Таблиця29'Аль-Кува Аль-Джавія - Ербіль [ІРАК: Ліга зірок]
    29' Захо - Аль-Кахраба [ІРАК: Ліга зірок]
    45' ІСПАНІЯ: Терсера КІФФ - Група 17 ТаблицяПерерваАльмудевар - Ільюека [ІСПАНІЯ: Терсера КІФФ - Група 17]
    14' НІДЕРЛАНДИ: Ередивізі Таблиця14'Гоу Ехед Іглс - АЗ Алкмар [НІДЕРЛАНДИ: Ередивізі]
    14' РОСІЯ: Прем'єр-ліга Таблиця14'Ахмат Грозний - Балтика [РОСІЯ: Прем'єр-ліга]
    14' Спартак Москва - Краснодар [РОСІЯ: Прем'єр-ліга]
    45' СЕРБІЯ: Суперліга - Група вибування ТаблицяПерерваНапредак - Нови-Београд [СЕРБІЯ: Суперліга - Група вибування]
    29' СЛОВЕНІЯ: Кубок Словенії29'НК Браво - Алюміній [СЛОВЕНІЯ: Кубок Словенії]
    54' ТУРЕЧЧИНА: Кубок Туреччини - Плей-оф54'Самсунспор - Трабзонспор [ТУРЕЧЧИНА: Кубок Туреччини - Плей-оф]
  Found: 0 candidates, 0 new, 2 permanently skipped

Done: 0 analyzed, 0 actionable, 0 TG sent

🔍 Checking 1 possibly finished match(es)...
  ⏳ ЄГИПЕТ: Прем'єр-ліга - Група вибування Таблиця79'Араб Контракторс - Аль-Іттіхад: still live 0:0
📌 Tracking 1 active prediction(s)

🔥 RUN #6: analyzed=0, signals=0
⏳ Next scan in 3m...
[20:02:56] Live scan
  Запуск live-скрапера (після ранкових Telegram, якщо були).
Opening: https://m.flashscore.ua/?s=2 (minute >= 60, 0:0 only)
Provider health [https://m.flashscore.ua/?s=2]: rows=28, 0:0 total=17, candidates=1
  ⏸ 0:0 ще рано (< 60'):
    3' ДАНІЯ: 1-й дивізіон - Група вибування Таблиця3'Ольборг - Б-93 [ДАНІЯ: 1-й дивізіон - Група вибування]
    45' Маарду - ФК Таллінн [ЕСТОНІЯ: Есілііга]
    3' ІСЛАНДІЯ: Беста-дейлд карла Таблиця3'Тор Акюрейри - Фрам [ІСЛАНДІЯ: Беста-дейлд карла]
    45' ІСПАНІЯ: Терсера КІФФ - Група 17 ТаблицяПерерваАльмудевар - Ільюека [ІСПАНІЯ: Терсера КІФФ - Група 17]
    3' МАЛЬТА: Челлендж-ліга - Підвищення у класі - плей-оф3'Свікі - Бірзеббуджа [МАЛЬТА: Челлендж-ліга - Підвищення у класі - плей-оф]
    18' НІДЕРЛАНДИ: Ередивізі Таблиця18'Гоу Ехед Іглс - АЗ Алкмар [НІДЕРЛАНДИ: Ередивізі]
    18' РОСІЯ: Прем'єр-ліга Таблиця18'Ахмат Грозний - Балтика [РОСІЯ: Прем'єр-ліга]
    18' Спартак Москва - Краснодар [РОСІЯ: Прем'єр-ліга]
    3' СВІТ: Клубні товариські матчі3'СК Рапід II (Aut) - Леобендорф (Aut) [СВІТ: Клубні товариські матчі]
    46' СЕРБІЯ: Суперліга - Група вибування Таблиця46'Напредак - Нови-Београд [СЕРБІЯ: Суперліга - Група вибування]
    33' СЛОВЕНІЯ: Кубок Словенії33'НК Браво - Алюміній [СЛОВЕНІЯ: Кубок Словенії]
    57' ТУРЕЧЧИНА: Кубок Туреччини - Плей-оф57'Самсунспор - Трабзонспор [ТУРЕЧЧИНА: Кубок Туреччини - Плей-оф]
    3' ШВЕЦІЯ: Аллсвенскан Таблиця3'ГАІС - М'єльбю [ШВЕЦІЯ: Аллсвенскан]
    3' Дегерфорс - АІК [ШВЕЦІЯ: Аллсвенскан]
    3' Кальмар - Гетеборг [ШВЕЦІЯ: Аллсвенскан]
    3' Мальме - Сіріус [ШВЕЦІЯ: Аллсвенскан]
  ✔ 60' АЗІЯ: Клубний кубок чемпіонів Перської затоки - Плей-оф60'Аль-Шабаб (Sau) - Аль-Райян (Qat) [АЗІЯ: Клубний кубок чемпіонів Перської затоки - Плей-оф] id=AHmM9Ymo
  Found: 1 candidates, 1 new, 2 permanently skipped

→ АЗІЯ: Клубний кубок чемпіонів Перської затоки - Плей-оф60'Аль-Шабаб (Sau) - Аль-Райян (Qat) (60') [АЗІЯ: Клубний кубок чемпіонів Перської затоки - Плей-оф]
  Кф 1X2: 2.68 / 3.42 / 2.48
  Desktop: https://www.flashscore.ua/match/soccer/al-rayyan-SWo1QmYO/al-shabab-Gzqmz0ya/?mid=AHmM9Ymo
  [stats] AHmM9Ymo → both, 7 metrics
  [incidents] AHmM9Ymo: 1H + 0A red cards
  Features: quality=0.23, primary=2, status=both | redCards=1H+0A
  Model v2: pGoal=0.381, pDry=0.619 sq=0.5247 state=dry | 60-70 → SKIP

Done: 1 analyzed, 0 actionable, 0 TG sent

🔍 Checking 1 possibly finished match(es)...
  ⚽ ЄГИПЕТ: Прем'єр-ліга - Група вибування Таблиця79'Араб Контракторс - Аль-Іттіхад: 0:0 [FT] → ТМ:✅
Message sent to Telegram
  ✓ Telegram result sent (FT)

🔥 RUN #7: analyzed=1, signals=0
⏳ Next scan in 3m...
[20:06:26] Live scan
  Запуск live-скрапера (після ранкових Telegram, якщо були).
Opening: https://m.flashscore.ua/?s=2 (minute >= 60, 0:0 only)
Provider health [https://m.flashscore.ua/?s=2]: rows=31, 0:0 total=19, candidates=1
  ⏸ 0:0 ще рано (< 60'):
    7' ІСПАНІЯ: Ла Ліга Таблиця7'Леванте - Севілья [ІСПАНІЯ: Ла Ліга]
    7' АЛБАНІЯ: Кубок Албанії7'Влазнія - Динамо Тирана [АЛБАНІЯ: Кубок Албанії]
    7' ДАНІЯ: 1-й дивізіон - Група вибування Таблиця7'Ольборг - Б-93 [ДАНІЯ: 1-й дивізіон - Група вибування]
    47' Маарду - ФК Таллінн [ЕСТОНІЯ: Есілііга]
    7' ІСЛАНДІЯ: Беста-дейлд карла Таблиця7'Тор Акюрейри - Фрам [ІСЛАНДІЯ: Беста-дейлд карла]
    49' ІСПАНІЯ: Терсера КІФФ - Група 17 Таблиця49'Альмудевар - Ільюека [ІСПАНІЯ: Терсера КІФФ - Група 17]
    7' МАЛЬТА: Челлендж-ліга - Підвищення у класі - плей-оф7'Свікі - Бірзеббуджа [МАЛЬТА: Челлендж-ліга - Підвищення у класі - плей-оф]
    22' НІДЕРЛАНДИ: Ередивізі Таблиця22'Гоу Ехед Іглс - АЗ Алкмар [НІДЕРЛАНДИ: Ередивізі]
    22' РОСІЯ: Прем'єр-ліга Таблиця22'Ахмат Грозний - Балтика [РОСІЯ: Прем'єр-ліга]
    22' Спартак Москва - Краснодар [РОСІЯ: Прем'єр-ліга]
    7' СВІТ: Клубні товариські матчі7'СК Рапід II (Aut) - Леобендорф (Aut) [СВІТ: Клубні товариські матчі]
    50' СЕРБІЯ: Суперліга - Група вибування Таблиця50'Напредак - Нови-Београд [СЕРБІЯ: Суперліга - Група вибування]
    37' СЛОВЕНІЯ: Кубок Словенії37'НК Браво - Алюміній [СЛОВЕНІЯ: Кубок Словенії]
    7' ТУРЕЧЧИНА: Третя ліга - Плей-оф7'Малатья - Сіліфке [ТУРЕЧЧИНА: Третя ліга - Плей-оф]
    7' ШВЕЦІЯ: Аллсвенскан Таблиця7'ГАІС - М'єльбю [ШВЕЦІЯ: Аллсвенскан]
    7' Дегерфорс - АІК [ШВЕЦІЯ: Аллсвенскан]
    7' Кальмар - Гетеборг [ШВЕЦІЯ: Аллсвенскан]
    7' Мальме - Сіріус [ШВЕЦІЯ: Аллсвенскан]
  ✔ 62' ТУРЕЧЧИНА: Кубок Туреччини - Плей-оф62'Самсунспор - Трабзонспор [ТУРЕЧЧИНА: Кубок Туреччини - Плей-оф] id=IZArHTu1
  Found: 1 candidates, 1 new, 2 permanently skipped

→ ТУРЕЧЧИНА: Кубок Туреччини - Плей-оф62'Самсунспор - Трабзонспор (62') [ТУРЕЧЧИНА: Кубок Туреччини - Плей-оф]
  Кф 1X2: 2.4 / 3.34 / 2.83
  Desktop: https://www.flashscore.ua/match/soccer/samsunspor-pSc6z7bf/trabzonspor-MmsYDc03/?mid=IZArHTu1
  [stats] IZArHTu1 → both, 33 metrics
  Features: quality=1, primary=6, status=both
  Model v2: pGoal=0.347, pDry=0.653 sq=0.7557 state=dry | 60-70 → SKIP

Done: 1 analyzed, 0 actionable, 0 TG sent

🔥 RUN #8: analyzed=1, signals=0
⏳ Next scan in 3m...
[20:09:52] Live scan
  Запуск live-скрапера (після ранкових Telegram, якщо були).
Opening: https://m.flashscore.ua/?s=2 (minute >= 60, 0:0 only)
Provider health [https://m.flashscore.ua/?s=2]: rows=31, 0:0 total=18, candidates=1
  ⏸ 0:0 ще рано (< 60'):
    10' ІСПАНІЯ: Ла Ліга Таблиця10'Леванте - Севілья [ІСПАНІЯ: Ла Ліга]
    10' АЛБАНІЯ: Кубок Албанії10'Влазнія - Динамо Тирана [АЛБАНІЯ: Кубок Албанії]
    10' ДАНІЯ: 1-й дивізіон - Група вибування Таблиця10'Ольборг - Б-93 [ДАНІЯ: 1-й дивізіон - Група вибування]
    51' Маарду - ФК Таллінн [ЕСТОНІЯ: Есілііга]
    10' ІСЛАНДІЯ: Беста-дейлд карла Таблиця10'Тор Акюрейри - Фрам [ІСЛАНДІЯ: Беста-дейлд карла]
    53' ІСПАНІЯ: Терсера КІФФ - Група 17 Таблиця53'Альмудевар - Ільюека [ІСПАНІЯ: Терсера КІФФ - Група 17]
    25' НІДЕРЛАНДИ: Ередивізі Таблиця25'Гоу Ехед Іглс - АЗ Алкмар [НІДЕРЛАНДИ: Ередивізі]
    25' РОСІЯ: Прем'єр-ліга Таблиця25'Ахмат Грозний - Балтика [РОСІЯ: Прем'єр-ліга]
    25' Спартак Москва - Краснодар [РОСІЯ: Прем'єр-ліга]
    10' СВІТ: Клубні товариські матчі10'СК Рапід II (Aut) - Леобендорф (Aut) [СВІТ: Клубні товариські матчі]
    53' СЕРБІЯ: Суперліга - Група вибування Таблиця53'Напредак - Нови-Београд [СЕРБІЯ: Суперліга - Група вибування]
    40' СЛОВЕНІЯ: Кубок Словенії40'НК Браво - Алюміній [СЛОВЕНІЯ: Кубок Словенії]
    10' ТУРЕЧЧИНА: Третя ліга - Плей-оф10'Малатья - Сіліфке [ТУРЕЧЧИНА: Третя ліга - Плей-оф]
    10' ШВЕЦІЯ: Аллсвенскан Таблиця10'ГАІС - М'єльбю [ШВЕЦІЯ: Аллсвенскан]
    10' Дегерфорс - АІК [ШВЕЦІЯ: Аллсвенскан]
    10' Кальмар - Гетеборг [ШВЕЦІЯ: Аллсвенскан]
    10' Мальме - Сіріус [ШВЕЦІЯ: Аллсвенскан]
  ✔ 65' ТУРЕЧЧИНА: Кубок Туреччини - Плей-оф65'Самсунспор - Трабзонспор [ТУРЕЧЧИНА: Кубок Туреччини - Плей-оф] id=IZArHTu1
  Found: 1 candidates, 1 new, 2 permanently skipped

→ ТУРЕЧЧИНА: Кубок Туреччини - Плей-оф65'Самсунспор - Трабзонспор (65') [ТУРЕЧЧИНА: Кубок Туреччини - Плей-оф]
  Кф 1X2: 2.4 / 3.34 / 2.83
  Desktop: https://www.flashscore.ua/match/soccer/samsunspor-pSc6z7bf/trabzonspor-MmsYDc03/?mid=IZArHTu1
  [stats] IZArHTu1 → both, 33 metrics
  Features: quality=1, primary=6, status=both
  Model v2: pGoal=0.467, pDry=0.533 sq=0.6914 state=dry | 60-70 → SKIP | Δ2H SOT=1 xG=0.16 (Δ3′ матчу)
  🔔 dryAlert встановлено (стан dry@65')

Done: 1 analyzed, 0 actionable, 0 TG sent
📌 Tracking 1 active prediction(s)

🔥 RUN #9: analyzed=1, signals=0
⏳ Next scan in 3m...
[20:13:18] Live scan
  Запуск live-скрапера (після ранкових Telegram, якщо були).
Opening: https://m.flashscore.ua/?s=2 (minute >= 60, 0:0 only)
Provider health [https://m.flashscore.ua/?s=2]: rows=31, 0:0 total=18, candidates=1
  ⏸ 0:0 ще рано (< 60'):
    14' ІСПАНІЯ: Ла Ліга Таблиця14'Леванте - Севілья [ІСПАНІЯ: Ла Ліга]
    14' АЛБАНІЯ: Кубок Албанії14'Влазнія - Динамо Тирана [АЛБАНІЯ: Кубок Албанії]
    14' ДАНІЯ: 1-й дивізіон - Група вибування Таблиця14'Ольборг - Б-93 [ДАНІЯ: 1-й дивізіон - Група вибування]
    54' Маарду - ФК Таллінн [ЕСТОНІЯ: Есілііга]
    14' ІСЛАНДІЯ: Беста-дейлд карла Таблиця14'Тор Акюрейри - Фрам [ІСЛАНДІЯ: Беста-дейлд карла]
    56' ІСПАНІЯ: Терсера КІФФ - Група 17 Таблиця56'Альмудевар - Ільюека [ІСПАНІЯ: Терсера КІФФ - Група 17]
    29' НІДЕРЛАНДИ: Ередивізі Таблиця29'Гоу Ехед Іглс - АЗ Алкмар [НІДЕРЛАНДИ: Ередивізі]
    29' РОСІЯ: Прем'єр-ліга Таблиця29'Ахмат Грозний - Балтика [РОСІЯ: Прем'єр-ліга]
    29' Спартак Москва - Краснодар [РОСІЯ: Прем'єр-ліга]
    14' СВІТ: Клубні товариські матчі14'СК Рапід II (Aut) - Леобендорф (Aut) [СВІТ: Клубні товариські матчі]
    57' СЕРБІЯ: Суперліга - Група вибування Таблиця57'Напредак - Нови-Београд [СЕРБІЯ: Суперліга - Група вибування]
    44' СЛОВЕНІЯ: Кубок Словенії44'НК Браво - Алюміній [СЛОВЕНІЯ: Кубок Словенії]
    14' ТУРЕЧЧИНА: Третя ліга - Плей-оф14'Малатья - Сіліфке [ТУРЕЧЧИНА: Третя ліга - Плей-оф]
    14' ШВЕЦІЯ: Аллсвенскан Таблиця14'ГАІС - М'єльбю [ШВЕЦІЯ: Аллсвенскан]
    14' Дегерфорс - АІК [ШВЕЦІЯ: Аллсвенскан]
    14' Кальмар - Гетеборг [ШВЕЦІЯ: Аллсвенскан]
    14' Мальме - Сіріус [ШВЕЦІЯ: Аллсвенскан]
  ✔ 69' ТУРЕЧЧИНА: Кубок Туреччини - Плей-оф69'Самсунспор - Трабзонспор [ТУРЕЧЧИНА: Кубок Туреччини - Плей-оф] id=IZArHTu1
  Found: 1 candidates, 1 new, 2 permanently skipped

→ ТУРЕЧЧИНА: Кубок Туреччини - Плей-оф69'Самсунспор - Трабзонспор (69') [ТУРЕЧЧИНА: Кубок Туреччини - Плей-оф]
  Кф 1X2: 2.4 / 3.34 / 2.83
  Desktop: https://www.flashscore.ua/match/soccer/samsunspor-pSc6z7bf/trabzonspor-MmsYDc03/?mid=IZArHTu1
  [stats] IZArHTu1 → both, 34 metrics
  [incidents] IZArHTu1: 1H + 0A red cards
  Features: quality=1, primary=6, status=both | redCards=1H+0A
  Model v2: pGoal=0.432, pDry=0.568 sq=0.7071 state=dry | 60-70 → SKIP | Δ2H SOT=0 xG=0 (Δ4′ матчу)
  🔔 dryAlert встановлено (стан dry@69')

Done: 1 analyzed, 0 actionable, 0 TG sent
📌 Tracking 1 active prediction(s)

🔥 RUN #10: analyzed=1, signals=0
⏳ Next scan in 3m...
[20:16:46] Live scan
  Запуск live-скрапера (після ранкових Telegram, якщо були).
Opening: https://m.flashscore.ua/?s=2 (minute >= 60, 0:0 only)
Provider health [https://m.flashscore.ua/?s=2]: rows=30, 0:0 total=15, candidates=2
  ⏸ 0:0 ще рано (< 60'):
    17' ІСПАНІЯ: Ла Ліга Таблиця17'Леванте - Севілья [ІСПАНІЯ: Ла Ліга]
    17' АЛБАНІЯ: Кубок Албанії17'Влазнія - Динамо Тирана [АЛБАНІЯ: Кубок Албанії]
    58' Маарду - ФК Таллінн [ЕСТОНІЯ: Есілііга]
    17' ІСЛАНДІЯ: Беста-дейлд карла Таблиця17'Тор Акюрейри - Фрам [ІСЛАНДІЯ: Беста-дейлд карла]
    59' ІСПАНІЯ: Терсера КІФФ - Група 17 Таблиця59'Альмудевар - Ільюека [ІСПАНІЯ: Терсера КІФФ - Група 17]
    32' НІДЕРЛАНДИ: Ередивізі Таблиця32'Гоу Ехед Іглс - АЗ Алкмар [НІДЕРЛАНДИ: Ередивізі]
    32' РОСІЯ: Прем'єр-ліга Таблиця32'Ахмат Грозний - Балтика [РОСІЯ: Прем'єр-ліга]
    32' Спартак Москва - Краснодар [РОСІЯ: Прем'єр-ліга]
    17' СВІТ: Клубні товариські матчі17'СК Рапід II (Aut) - Леобендорф (Aut) [СВІТ: Клубні товариські матчі]
    17' ТУРЕЧЧИНА: Третя ліга - Плей-оф17'Малатья - Сіліфке [ТУРЕЧЧИНА: Третя ліга - Плей-оф]
    17' ШВЕЦІЯ: Аллсвенскан Таблиця17'ГАІС - М'єльбю [ШВЕЦІЯ: Аллсвенскан]
    17' Кальмар - Гетеборг [ШВЕЦІЯ: Аллсвенскан]
  ✔ 60' СЕРБІЯ: Суперліга - Група вибування Таблиця60'Напредак - Нови-Београд [СЕРБІЯ: Суперліга - Група вибування] id=EaiA1P7s
  ✔ 72' ТУРЕЧЧИНА: Кубок Туреччини - Плей-оф72'Самсунспор - Трабзонспор [ТУРЕЧЧИНА: Кубок Туреччини - Плей-оф] id=IZArHTu1
  Found: 2 candidates, 2 new, 2 permanently skipped

→ СЕРБІЯ: Суперліга - Група вибування Таблиця60'Напредак - Нови-Београд (60') [СЕРБІЯ: Суперліга - Група вибування]

→ ТУРЕЧЧИНА: Кубок Туреччини - Плей-оф72'Самсунспор - Трабзонспор (72') [ТУРЕЧЧИНА: Кубок Туреччини - Плей-оф]
  Кф 1X2: 2.4 / 3.34 / 2.83
  Кф 1X2: 5.38 / 4.3 / 1.54
  Desktop: https://www.flashscore.ua/match/soccer/imt-novi-beograd-CIgZyXPE/napredak-8WNhuohr/?mid=EaiA1P7s
  Desktop: https://www.flashscore.ua/match/soccer/samsunspor-pSc6z7bf/trabzonspor-MmsYDc03/?mid=IZArHTu1
  [stats] EaiA1P7s → both, 32 metrics
  [stats] IZArHTu1 → both, 34 metrics
  Features: quality=1, primary=6, status=both
  Model v2: pGoal=0.428, pDry=0.572 sq=0.6757 state=dry | 60-70 → SKIP
  Features: quality=1, primary=6, status=both
  Model v2: pGoal=0.337, pDry=0.663 sq=0.8029 state=dry | 70-80 → SKIP | Δ2H SOT=0 xG=0.11 (Δ3′ матчу)

Done: 2 analyzed, 0 actionable, 0 TG sent
📌 Tracking 1 active prediction(s)

🔥 RUN #11: analyzed=2, signals=0
⏳ Next scan in 3m...
[20:20:14] Live scan
  Запуск live-скрапера (після ранкових Telegram, якщо були).
Opening: https://m.flashscore.ua/?s=2 (minute >= 60, 0:0 only)
Provider health [https://m.flashscore.ua/?s=2]: rows=30, 0:0 total=15, candidates=4
  ⏸ 0:0 ще рано (< 60'):
    21' ІСПАНІЯ: Ла Ліга Таблиця21'Леванте - Севілья [ІСПАНІЯ: Ла Ліга]
    21' АЛБАНІЯ: Кубок Албанії21'Влазнія - Динамо Тирана [АЛБАНІЯ: Кубок Албанії]
    21' ІСЛАНДІЯ: Беста-дейлд карла Таблиця21'Тор Акюрейри - Фрам [ІСЛАНДІЯ: Беста-дейлд карла]
    36' НІДЕРЛАНДИ: Ередивізі Таблиця36'Гоу Ехед Іглс - АЗ Алкмар [НІДЕРЛАНДИ: Ередивізі]
    36' РОСІЯ: Прем'єр-ліга Таблиця36'Ахмат Грозний - Балтика [РОСІЯ: Прем'єр-ліга]
    36' Спартак Москва - Краснодар [РОСІЯ: Прем'єр-ліга]
    21' СВІТ: Клубні товариські матчі21'СК Рапід II (Aut) - Леобендорф (Aut) [СВІТ: Клубні товариські матчі]
    45' СЛОВЕНІЯ: Кубок СловеніїПерерваНК Браво - Алюміній [СЛОВЕНІЯ: Кубок Словенії]
    21' ТУРЕЧЧИНА: Третя ліга - Плей-оф21'Малатья - Сіліфке [ТУРЕЧЧИНА: Третя ліга - Плей-оф]
    21' ШВЕЦІЯ: Аллсвенскан Таблиця21'ГАІС - М'єльбю [ШВЕЦІЯ: Аллсвенскан]
    21' Кальмар - Гетеборг [ШВЕЦІЯ: Аллсвенскан]
  ✔ 61' Маарду - ФК Таллінн [ЕСТОНІЯ: Есілііга] id=ANY8kr6j
  ✔ 63' ІСПАНІЯ: Терсера КІФФ - Група 17 Таблиця63'Альмудевар - Ільюека [ІСПАНІЯ: Терсера КІФФ - Група 17] id=QDrGbrDr
  ✔ 63' СЕРБІЯ: Суперліга - Група вибування Таблиця63'Напредак - Нови-Београд [СЕРБІЯ: Суперліга - Група вибування] id=EaiA1P7s
  ✔ 75' ТУРЕЧЧИНА: Кубок Туреччини - Плей-оф75'Самсунспор - Трабзонспор [ТУРЕЧЧИНА: Кубок Туреччини - Плей-оф] id=IZArHTu1
  Found: 4 candidates, 4 new, 2 permanently skipped

→ Маарду - ФК Таллінн (61') [ЕСТОНІЯ: Есілііга]

→ ІСПАНІЯ: Терсера КІФФ - Група 17 Таблиця63'Альмудевар - Ільюека (63') [ІСПАНІЯ: Терсера КІФФ - Група 17]
  Кф 1X2: 1.77 / 4.93 / 3.33
  Кф 1X2: 2.29 / 3.22 / 3.12
  Desktop: https://www.flashscore.ua/match/soccer/almudevar-vwyMjbTn/cf-illueca-KvZ2TfoS/?mid=QDrGbrDr
  Desktop: https://www.flashscore.ua/match/soccer/fc-tallinn-h4P4wwmp/maardu-linnameeskond-2JBESAb4/?mid=ANY8kr6j
  [stats] ANY8kr6j → both, 5 metrics
  Features: quality=0.23, primary=2, status=both
  Model v2: pGoal=0.419, pDry=0.581 sq=0.4447 state=dry | 60-70 → SKIP

→ СЕРБІЯ: Суперліга - Група вибування Таблиця63'Напредак - Нови-Београд (63') [СЕРБІЯ: Суперліга - Група вибування]
  Кф 1X2: 5.38 / 4.3 / 1.54
  [stats] QDrGbrDr overall: no data-testid (old=0, any=0, body=152095)
  Desktop: https://www.flashscore.ua/match/soccer/imt-novi-beograd-CIgZyXPE/napredak-8WNhuohr/?mid=EaiA1P7s
  [stats] EaiA1P7s → both, 32 metrics
  Features: quality=1, primary=6, status=both
  Model v2: pGoal=0.498, pDry=0.502 sq=0.6914 state=dry | 60-70 → SKIP | Δ2H SOT=0 xG=0.16 (Δ3′ матчу)
  🔔 dryAlert встановлено (стан dry@63')

→ ТУРЕЧЧИНА: Кубок Туреччини - Плей-оф75'Самсунспор - Трабзонспор (75') [ТУРЕЧЧИНА: Кубок Туреччини - Плей-оф]
  Кф 1X2: 2.4 / 3.34 / 2.83
  [stats] QDrGbrDr secondHalf: no data-testid (old=0, any=0, body=152095)
  Desktop: https://www.flashscore.ua/match/soccer/samsunspor-pSc6z7bf/trabzonspor-MmsYDc03/?mid=IZArHTu1
  [stats] IZArHTu1 → both, 34 metrics
  Features: quality=1, primary=6, status=both
  Model v2: pGoal=0.287, pDry=0.713 sq=0.8186 state=dry | 70-80 → UNDER_0_5 | Δ2H SOT=0 xG=0 (Δ3′ матчу) [TG]
  [stats] QDrGbrDr → unavailable, 0 metrics
  Features: quality=0, primary=0, status=unavailable
  ✗ No stats at all → permanent skip
  [ggbet] Not found: ТУРЕЧЧИНА: Кубок Туреччини - Плей-оф75'Самсунспор - Трабзонспор
Message sent to Telegram
  ✓ Telegram sent

Done: 3 analyzed, 1 actionable, 1 TG sent
📌 Tracking 2 active prediction(s)

🔥 RUN #12: analyzed=3, signals=1
⏳ Next scan in 3m...
[20:24:12] Live scan
  Запуск live-скрапера (після ранкових Telegram, якщо були).
Opening: https://m.flashscore.ua/?s=2 (minute >= 60, 0:0 only)
Provider health [https://m.flashscore.ua/?s=2]: rows=30, 0:0 total=14, candidates=4
  ⏸ 0:0 ще рано (< 60'):
    25' ІСПАНІЯ: Ла Ліга Таблиця25'Леванте - Севілья [ІСПАНІЯ: Ла Ліга]
    25' АЛБАНІЯ: Кубок Албанії25'Влазнія - Динамо Тирана [АЛБАНІЯ: Кубок Албанії]
    25' ІСЛАНДІЯ: Беста-дейлд карла Таблиця25'Тор Акюрейри - Фрам [ІСЛАНДІЯ: Беста-дейлд карла]
    40' НІДЕРЛАНДИ: Ередивізі Таблиця40'Гоу Ехед Іглс - АЗ Алкмар [НІДЕРЛАНДИ: Ередивізі]
    40' РОСІЯ: Прем'єр-ліга Таблиця40'Ахмат Грозний - Балтика [РОСІЯ: Прем'єр-ліга]
    40' Спартак Москва - Краснодар [РОСІЯ: Прем'єр-ліга]
    45' СЛОВЕНІЯ: Кубок СловеніїПерерваНК Браво - Алюміній [СЛОВЕНІЯ: Кубок Словенії]
    25' ТУРЕЧЧИНА: Третя ліга - Плей-оф25'Малатья - Сіліфке [ТУРЕЧЧИНА: Третя ліга - Плей-оф]
    25' ШВЕЦІЯ: Аллсвенскан Таблиця25'ГАІС - М'єльбю [ШВЕЦІЯ: Аллсвенскан]
    25' Кальмар - Гетеборг [ШВЕЦІЯ: Аллсвенскан]
  ✔ 65' Маарду - ФК Таллінн [ЕСТОНІЯ: Есілііга] id=ANY8kr6j
  ✔ 67' ІСПАНІЯ: Терсера КІФФ - Група 17 Таблиця67'Альмудевар - Ільюека [ІСПАНІЯ: Терсера КІФФ - Група 17] id=QDrGbrDr
  ✔ 67' СЕРБІЯ: Суперліга - Група вибування Таблиця67'Напредак - Нови-Београд [СЕРБІЯ: Суперліга - Група вибування] id=EaiA1P7s
  ✔ 79' ТУРЕЧЧИНА: Кубок Туреччини - Плей-оф79'Самсунспор - Трабзонспор [ТУРЕЧЧИНА: Кубок Туреччини - Плей-оф] id=IZArHTu1
  Found: 4 candidates, 3 new, 3 permanently skipped

→ Маарду - ФК Таллінн (65') [ЕСТОНІЯ: Есілііга]

→ СЕРБІЯ: Суперліга - Група вибування Таблиця67'Напредак - Нови-Београд (67') [СЕРБІЯ: Суперліга - Група вибування]
  Кф 1X2: 5.38 / 4.3 / 1.54
  Кф 1X2: 1.77 / 4.93 / 3.33
  Desktop: https://www.flashscore.ua/match/soccer/fc-tallinn-h4P4wwmp/maardu-linnameeskond-2JBESAb4/?mid=ANY8kr6j
  Desktop: https://www.flashscore.ua/match/soccer/imt-novi-beograd-CIgZyXPE/napredak-8WNhuohr/?mid=EaiA1P7s
  [stats] ANY8kr6j → both, 5 metrics
  [stats] EaiA1P7s → both, 33 metrics
  Features: quality=0.23, primary=2, status=both
  Model v2: pGoal=0.489, pDry=0.511 sq=0.4604 state=dry | 60-70 → SKIP | Δ2H SOT=1 xG=— (Δ4′ матчу)
  🔔 dryAlert встановлено (стан dry@65')

→ ТУРЕЧЧИНА: Кубок Туреччини - Плей-оф79'Самсунспор - Трабзонспор (79') [ТУРЕЧЧИНА: Кубок Туреччини - Плей-оф]
  Features: quality=1, primary=6, status=both
  Model v2: pGoal=0.478, pDry=0.522 sq=0.7071 state=dry | 60-70 → SKIP | Δ2H SOT=1 xG=0 (Δ4′ матчу)
  🔔 dryAlert встановлено (стан dry@67')
  Кф 1X2: 2.4 / 3.34 / 2.83
  Desktop: https://www.flashscore.ua/match/soccer/samsunspor-pSc6z7bf/trabzonspor-MmsYDc03/?mid=IZArHTu1
  [stats] IZArHTu1 → both, 34 metrics
  Features: quality=1, primary=6, status=both
  Model v2: pGoal=0.637, pDry=0.363 sq=0.8343 state=lateSurge | 70-80 → SKIP | Δ2H SOT=1 xG=0.8 (Δ4′ матчу)

Done: 3 analyzed, 0 actionable, 0 TG sent
📌 Tracking 3 active prediction(s)

🔥 RUN #13: analyzed=3, signals=0
⏳ Next scan in 3m...
[20:27:49] Live scan
  Запуск live-скрапера (після ранкових Telegram, якщо були).
Opening: https://m.flashscore.ua/?s=2 (minute >= 60, 0:0 only)
Provider health [https://m.flashscore.ua/?s=2]: rows=30, 0:0 total=12, candidates=3
  ⏸ 0:0 ще рано (< 60'):
    28' ІСПАНІЯ: Ла Ліга Таблиця28'Леванте - Севілья [ІСПАНІЯ: Ла Ліга]
    28' АЛБАНІЯ: Кубок Албанії28'Влазнія - Динамо Тирана [АЛБАНІЯ: Кубок Албанії]
    28' ІСЛАНДІЯ: Беста-дейлд карла Таблиця28'Тор Акюрейри - Фрам [ІСЛАНДІЯ: Беста-дейлд карла]
    43' НІДЕРЛАНДИ: Ередивізі Таблиця43'Гоу Ехед Іглс - АЗ Алкмар [НІДЕРЛАНДИ: Ередивізі]
    43' РОСІЯ: Прем'єр-ліга Таблиця43'Ахмат Грозний - Балтика [РОСІЯ: Прем'єр-ліга]
    43' Спартак Москва - Краснодар [РОСІЯ: Прем'єр-ліга]
    45' СЛОВЕНІЯ: Кубок СловеніїПерерваНК Браво - Алюміній [СЛОВЕНІЯ: Кубок Словенії]
    28' ШВЕЦІЯ: Аллсвенскан Таблиця28'ГАІС - М'єльбю [ШВЕЦІЯ: Аллсвенскан]
    28' Кальмар - Гетеборг [ШВЕЦІЯ: Аллсвенскан]
  ✔ 69' Маарду - ФК Таллінн [ЕСТОНІЯ: Есілііга] id=ANY8kr6j
  ✔ 71' СЕРБІЯ: Суперліга - Група вибування Таблиця71'Напредак - Нови-Београд [СЕРБІЯ: Суперліга - Група вибування] id=EaiA1P7s
  ✔ 83' ТУРЕЧЧИНА: Кубок Туреччини - Плей-оф83'Самсунспор - Трабзонспор [ТУРЕЧЧИНА: Кубок Туреччини - Плей-оф] id=IZArHTu1
  Found: 3 candidates, 3 new, 3 permanently skipped

→ Маарду - ФК Таллінн (69') [ЕСТОНІЯ: Есілііга]

→ СЕРБІЯ: Суперліга - Група вибування Таблиця71'Напредак - Нови-Београд (71') [СЕРБІЯ: Суперліга - Група вибування]
  Кф 1X2: 1.77 / 4.93 / 3.33
  Кф 1X2: 5.38 / 4.3 / 1.54
  Desktop: https://www.flashscore.ua/match/soccer/imt-novi-beograd-CIgZyXPE/napredak-8WNhuohr/?mid=EaiA1P7s
  Desktop: https://www.flashscore.ua/match/soccer/fc-tallinn-h4P4wwmp/maardu-linnameeskond-2JBESAb4/?mid=ANY8kr6j
  [stats] EaiA1P7s → both, 33 metrics
  [stats] ANY8kr6j → both, 5 metrics
  Features: quality=1, primary=6, status=both
  Model v2: pGoal=0.448, pDry=0.552 sq=0.7229 state=dry | 70-80 → SKIP | Δ2H SOT=0 xG=0.07 (Δ4′ матчу)

→ ТУРЕЧЧИНА: Кубок Туреччини - Плей-оф83'Самсунспор - Трабзонспор (83') [ТУРЕЧЧИНА: Кубок Туреччини - Плей-оф]
  Features: quality=0.23, primary=2, status=both
  Model v2: pGoal=0.359, pDry=0.641 sq=0.5561 state=dry | 60-70 → SKIP | Δ2H SOT=0 xG=— (Δ4′ матчу)
  🔔 dryAlert встановлено (стан dry@69')
  Кф 1X2: 2.4 / 3.34 / 2.83
  Desktop: https://www.flashscore.ua/match/soccer/samsunspor-pSc6z7bf/trabzonspor-MmsYDc03/?mid=IZArHTu1
  [stats] IZArHTu1 → both, 34 metrics
  Features: quality=1, primary=6, status=both
  Model v2: pGoal=0.437, pDry=0.563 sq=0.77 state=pressureGrowth | 80-90+ → SKIP | Δ2H SOT=0 xG=0.03 (Δ4′ матчу)

Done: 3 analyzed, 0 actionable, 0 TG sent
📌 Tracking 3 active prediction(s)

🔥 RUN #14: analyzed=3, signals=0
⏳ Next scan in 3m...
[20:31:28] Live scan
  Запуск live-скрапера (після ранкових Telegram, якщо були).
Opening: https://m.flashscore.ua/?s=2 (minute >= 60, 0:0 only)
Provider health [https://m.flashscore.ua/?s=2]: rows=32, 0:0 total=11, candidates=2
  ⏸ 0:0 ще рано (< 60'):
    32' ІСПАНІЯ: Ла Ліга Таблиця32'Леванте - Севілья [ІСПАНІЯ: Ла Ліга]
    32' АЛБАНІЯ: Кубок Албанії32'Влазнія - Динамо Тирана [АЛБАНІЯ: Кубок Албанії]
    2' АРГЕНТИНА: Ліга дублерів - Апертура Таблиця2'Барракас Сентраль 2 - Депортіво Рієстра 2 [АРГЕНТИНА: Ліга дублерів - Апертура]
    32' ІСЛАНДІЯ: Беста-дейлд карла Таблиця32'Тор Акюрейри - Фрам [ІСЛАНДІЯ: Беста-дейлд карла]
    2' РУМУНІЯ: Кубок Румунії - Плей-оф2'Дінамо Б. - Університатя Крайова [РУМУНІЯ: Кубок Румунії - Плей-оф]
    45' СЛОВЕНІЯ: Кубок СловеніїПерерваНК Браво - Алюміній [СЛОВЕНІЯ: Кубок Словенії]
    32' ШВЕЦІЯ: Аллсвенскан Таблиця32'ГАІС - М'єльбю [ШВЕЦІЯ: Аллсвенскан]
  ✔ 75' СЕРБІЯ: Суперліга - Група вибування Таблиця75'Напредак - Нови-Београд [СЕРБІЯ: Суперліга - Група вибування] id=EaiA1P7s
  ✔ 86' ТУРЕЧЧИНА: Кубок Туреччини - Плей-оф86'Самсунспор - Трабзонспор [ТУРЕЧЧИНА: Кубок Туреччини - Плей-оф] id=IZArHTu1
  Found: 2 candidates, 2 new, 3 permanently skipped

→ СЕРБІЯ: Суперліга - Група вибування Таблиця75'Напредак - Нови-Београд (75') [СЕРБІЯ: Суперліга - Група вибування]

→ ТУРЕЧЧИНА: Кубок Туреччини - Плей-оф86'Самсунспор - Трабзонспор (86') [ТУРЕЧЧИНА: Кубок Туреччини - Плей-оф]
  Кф 1X2: 2.4 / 3.34 / 2.83
  Кф 1X2: 5.38 / 4.3 / 1.54
  Desktop: https://www.flashscore.ua/match/soccer/imt-novi-beograd-CIgZyXPE/napredak-8WNhuohr/?mid=EaiA1P7s
  Desktop: https://www.flashscore.ua/match/soccer/samsunspor-pSc6z7bf/trabzonspor-MmsYDc03/?mid=IZArHTu1
  [stats] IZArHTu1 → both, 34 metrics
  [stats] EaiA1P7s → both, 33 metrics
  Features: quality=1, primary=6, status=both
  Model v2: pGoal=0.637, pDry=0.363 sq=0.8657 state=lateSurge | 80-90+ → SKIP | Δ2H SOT=2 xG=0 (Δ3′ матчу)
  Features: quality=1, primary=6, status=both
  Model v2: pGoal=0.708, pDry=0.292 sq=0.8186 state=lateSurge | 70-80 → OVER_0_5 | Δ2H SOT=1 xG=0.13 (Δ4′ матчу) [TG]
  [ggbet] Not found: СЕРБІЯ: Суперліга - Група вибування Таблиця75'Напредак - Нови-Београд
Message sent to Telegram
  ✓ Telegram sent

Done: 2 analyzed, 1 actionable, 1 TG sent

🔍 Checking 1 possibly finished match(es)...
  ⚽ undefined - undefined: 0:1 [GOAL→resolved] → 
📌 Tracking 2 active prediction(s)

🔥 RUN #15: analyzed=2, signals=1
⏳ Next scan in 3m...
[20:35:03] Live scan
  Запуск live-скрапера (після ранкових Telegram, якщо були).
Opening: https://m.flashscore.ua/?s=2 (minute >= 60, 0:0 only)
Provider health [https://m.flashscore.ua/?s=2]: rows=32, 0:0 total=11, candidates=2
  ⏸ 0:0 ще рано (< 60'):
    35' ІСПАНІЯ: Ла Ліга Таблиця35'Леванте - Севілья [ІСПАНІЯ: Ла Ліга]
    35' АЛБАНІЯ: Кубок Албанії35'Влазнія - Динамо Тирана [АЛБАНІЯ: Кубок Албанії]
    5' АРГЕНТИНА: Ліга дублерів - Апертура Таблиця5'Барракас Сентраль 2 - Депортіво Рієстра 2 [АРГЕНТИНА: Ліга дублерів - Апертура]
    35' ІСЛАНДІЯ: Беста-дейлд карла Таблиця35'Тор Акюрейри - Фрам [ІСЛАНДІЯ: Беста-дейлд карла]
    45' НІДЕРЛАНДИ: Ередивізі ТаблицяПерерваГоу Ехед Іглс - АЗ Алкмар [НІДЕРЛАНДИ: Ередивізі]
    45' РОСІЯ: Прем'єр-ліга ТаблицяПерерваАхмат Грозний - Балтика [РОСІЯ: Прем'єр-ліга]
    5' РУМУНІЯ: Кубок Румунії - Плей-оф5'Дінамо Б. - Університатя Крайова [РУМУНІЯ: Кубок Румунії - Плей-оф]
    45' СЛОВЕНІЯ: Кубок СловеніїПерерваНК Браво - Алюміній [СЛОВЕНІЯ: Кубок Словенії]
    35' ШВЕЦІЯ: Аллсвенскан Таблиця35'ГАІС - М'єльбю [ШВЕЦІЯ: Аллсвенскан]
  ✔ 78' СЕРБІЯ: Суперліга - Група вибування Таблиця78'Напредак - Нови-Београд [СЕРБІЯ: Суперліга - Група вибування] id=EaiA1P7s
  ✔ 90' ТУРЕЧЧИНА: Кубок Туреччини - Плей-оф90'Самсунспор - Трабзонспор [ТУРЕЧЧИНА: Кубок Туреччини - Плей-оф] id=IZArHTu1
  Found: 2 candidates, 2 new, 3 permanently skipped

→ СЕРБІЯ: Суперліга - Група вибування Таблиця78'Напредак - Нови-Београд (78') [СЕРБІЯ: Суперліга - Група вибування]

→ ТУРЕЧЧИНА: Кубок Туреччини - Плей-оф90'Самсунспор - Трабзонспор (90') [ТУРЕЧЧИНА: Кубок Туреччини - Плей-оф]
  Кф 1X2: 5.38 / 4.3 / 1.54
  Кф 1X2: 2.4 / 3.34 / 2.83
  Desktop: https://www.flashscore.ua/match/soccer/samsunspor-pSc6z7bf/trabzonspor-MmsYDc03/?mid=IZArHTu1
  Desktop: https://www.flashscore.ua/match/soccer/imt-novi-beograd-CIgZyXPE/napredak-8WNhuohr/?mid=EaiA1P7s
  [stats] IZArHTu1 → both, 34 metrics
  [stats] EaiA1P7s → both, 33 metrics
  Features: quality=1, primary=6, status=both
  Model v2: pGoal=0.437, pDry=0.563 sq=0.8014 state=accumulatedPressure | 80-90+ → SKIP | Δ2H SOT=-1 xG=0.43 (Δ4′ матчу)
  Features: quality=1, primary=6, status=both
  Model v2: pGoal=0.508, pDry=0.492 sq=0.7543 state=pressureGrowth | 70-80 → SKIP | Δ2H SOT=0 xG=0 (Δ3′ матчу)

Done: 2 analyzed, 0 actionable, 0 TG sent
📌 Tracking 2 active prediction(s)

🔥 RUN #16: analyzed=2, signals=0
⏳ Next scan in 3m...
[20:38:32] Live scan
  Запуск live-скрапера (після ранкових Telegram, якщо були).
Opening: https://m.flashscore.ua/?s=2 (minute >= 60, 0:0 only)
Provider health [https://m.flashscore.ua/?s=2]: rows=32, 0:0 total=11, candidates=1
  ⏸ 0:0 ще рано (< 60'):
    39' ІСПАНІЯ: Ла Ліга Таблиця39'Леванте - Севілья [ІСПАНІЯ: Ла Ліга]
    39' АЛБАНІЯ: Кубок Албанії39'Влазнія - Динамо Тирана [АЛБАНІЯ: Кубок Албанії]
    9' АРГЕНТИНА: Ліга дублерів - Апертура Таблиця9'Барракас Сентраль 2 - Депортіво Рієстра 2 [АРГЕНТИНА: Ліга дублерів - Апертура]
    39' ІСЛАНДІЯ: Беста-дейлд карла Таблиця39'Тор Акюрейри - Фрам [ІСЛАНДІЯ: Беста-дейлд карла]
    45' НІДЕРЛАНДИ: Ередивізі ТаблицяПерерваГоу Ехед Іглс - АЗ Алкмар [НІДЕРЛАНДИ: Ередивізі]
    45' РОСІЯ: Прем'єр-ліга ТаблицяПерерваАхмат Грозний - Балтика [РОСІЯ: Прем'єр-ліга]
    9' РУМУНІЯ: Кубок Румунії - Плей-оф9'Дінамо Б. - Університатя Крайова [РУМУНІЯ: Кубок Румунії - Плей-оф]
    49' СЛОВЕНІЯ: Кубок Словенії49'НК Браво - Алюміній [СЛОВЕНІЯ: Кубок Словенії]
    39' ШВЕЦІЯ: Аллсвенскан Таблиця39'ГАІС - М'єльбю [ШВЕЦІЯ: Аллсвенскан]
  ✔ 82' СЕРБІЯ: Суперліга - Група вибування Таблиця82'Напредак - Нови-Београд [СЕРБІЯ: Суперліга - Група вибування] id=EaiA1P7s
  Found: 1 candidates, 1 new, 3 permanently skipped

→ СЕРБІЯ: Суперліга - Група вибування Таблиця82'Напредак - Нови-Београд (82') [СЕРБІЯ: Суперліга - Група вибування]
  Кф 1X2: 5.38 / 4.3 / 1.54
  Desktop: https://www.flashscore.ua/match/soccer/imt-novi-beograd-CIgZyXPE/napredak-8WNhuohr/?mid=EaiA1P7s
  [stats] EaiA1P7s → both, 33 metrics
  Features: quality=1, primary=6, status=both
  Model v2: pGoal=0.548, pDry=0.452 sq=0.77 state=pressureGrowth | 80-90+ → OVER_0_5 | Δ2H SOT=0 xG=0.05 (Δ4′ матчу) [TG]
  ↻ Re-analysis done (no change)

Done: 1 analyzed, 1 actionable, 0 TG sent

🔍 Checking 1 possibly finished match(es)...
  ⏳ ТУРЕЧЧИНА: Кубок Туреччини - Плей-оф75'Самсунспор - Трабзонспор: still live 0:0
📌 Tracking 2 active prediction(s)

🔥 RUN #17: analyzed=1, signals=0
⏳ Next scan in 3m...
[20:41:59] Live scan
  Запуск live-скрапера (після ранкових Telegram, якщо були).
Opening: https://m.flashscore.ua/?s=2 (minute >= 60, 0:0 only)
Provider health [https://m.flashscore.ua/?s=2]: rows=32, 0:0 total=11, candidates=1
  ⏸ 0:0 ще рано (< 60'):
    42' ІСПАНІЯ: Ла Ліга Таблиця42'Леванте - Севілья [ІСПАНІЯ: Ла Ліга]
    42' АЛБАНІЯ: Кубок Албанії42'Влазнія - Динамо Тирана [АЛБАНІЯ: Кубок Албанії]
    12' АРГЕНТИНА: Ліга дублерів - Апертура Таблиця12'Барракас Сентраль 2 - Депортіво Рієстра 2 [АРГЕНТИНА: Ліга дублерів - Апертура]
    42' ІСЛАНДІЯ: Беста-дейлд карла Таблиця42'Тор Акюрейри - Фрам [ІСЛАНДІЯ: Беста-дейлд карла]
    45' НІДЕРЛАНДИ: Ередивізі ТаблицяПерерваГоу Ехед Іглс - АЗ Алкмар [НІДЕРЛАНДИ: Ередивізі]
    45' РОСІЯ: Прем'єр-ліга ТаблицяПерерваАхмат Грозний - Балтика [РОСІЯ: Прем'єр-ліга]
    12' РУМУНІЯ: Кубок Румунії - Плей-оф12'Дінамо Б. - Університатя Крайова [РУМУНІЯ: Кубок Румунії - Плей-оф]
    52' СЛОВЕНІЯ: Кубок Словенії52'НК Браво - Алюміній [СЛОВЕНІЯ: Кубок Словенії]
    42' ШВЕЦІЯ: Аллсвенскан Таблиця42'ГАІС - М'єльбю [ШВЕЦІЯ: Аллсвенскан]
  ✔ 85' СЕРБІЯ: Суперліга - Група вибування Таблиця85'Напредак - Нови-Београд [СЕРБІЯ: Суперліга - Група вибування] id=EaiA1P7s
  Found: 1 candidates, 1 new, 3 permanently skipped

→ СЕРБІЯ: Суперліга - Група вибування Таблиця85'Напредак - Нови-Београд (85') [СЕРБІЯ: Суперліга - Група вибування]
  Кф 1X2: 5.38 / 4.3 / 1.54
  Desktop: https://www.flashscore.ua/match/soccer/imt-novi-beograd-CIgZyXPE/napredak-8WNhuohr/?mid=EaiA1P7s
  [stats] EaiA1P7s → both, 33 metrics
  Features: quality=1, primary=6, status=both
  Model v2: pGoal=0.548, pDry=0.452 sq=0.7857 state=accumulatedPressure | 80-90+ → OVER_0_5 | Δ2H SOT=0 xG=0 (Δ3′ матчу) [TG]
  ↻ Re-analysis done (no change)

Done: 1 analyzed, 1 actionable, 0 TG sent

🔍 Checking 1 possibly finished match(es)...
  ⏳ ТУРЕЧЧИНА: Кубок Туреччини - Плей-оф75'Самсунспор - Трабзонспор: still live 0:0
📌 Tracking 2 active prediction(s)

🔥 RUN #18: analyzed=1, signals=0
⏳ Next scan in 3m...
[20:45:25] Live scan
  Запуск live-скрапера (після ранкових Telegram, якщо були).
Opening: https://m.flashscore.ua/?s=2 (minute >= 60, 0:0 only)
Provider health [https://m.flashscore.ua/?s=2]: rows=31, 0:0 total=9, candidates=0
  ⏸ 0:0 ще рано (< 60'):
    16' АРГЕНТИНА: Ліга дублерів - Апертура Таблиця16'Барракас Сентраль 2 - Депортіво Рієстра 2 [АРГЕНТИНА: Ліга дублерів - Апертура]
    45' НІДЕРЛАНДИ: Ередивізі ТаблицяПерерваГоу Ехед Іглс - АЗ Алкмар [НІДЕРЛАНДИ: Ередивізі]
    45' РОСІЯ: Прем'єр-ліга ТаблицяПерерваАхмат Грозний - Балтика [РОСІЯ: Прем'єр-ліга]
    16' РУМУНІЯ: Кубок Румунії - Плей-оф16'Дінамо Б. - Університатя Крайова [РУМУНІЯ: Кубок Румунії - Плей-оф]
    56' СЛОВЕНІЯ: Кубок Словенії56'НК Браво - Алюміній [СЛОВЕНІЯ: Кубок Словенії]
  Found: 0 candidates, 0 new, 3 permanently skipped

Done: 0 analyzed, 0 actionable, 0 TG sent

🔍 Checking 2 possibly finished match(es)...
  ⏳ ТУРЕЧЧИНА: Кубок Туреччини - Плей-оф75'Самсунспор - Трабзонспор: still live 0:0
  ⚽ СЕРБІЯ: Суперліга - Група вибування Таблиця85'Напредак - Нови-Београд: 0:1 [GOAL→resolved] → ТБ:✅
Message sent to Telegram
  ✓ Telegram result sent (0:1 (ще триває, гол вирішив))
📌 Tracking 1 active prediction(s)

🔥 RUN #19: analyzed=0, signals=0
Message sent to Telegram
⏳ Next scan in 3m...
[20:48:41] Live scan
  Запуск live-скрапера (після ранкових Telegram, якщо були).
Opening: https://m.flashscore.ua/?s=2 (minute >= 60, 0:0 only)
Provider health [https://m.flashscore.ua/?s=2]: rows=31, 0:0 total=10, candidates=0
  ⏸ 0:0 ще рано (< 60'):
    19' АРГЕНТИНА: Ліга дублерів - Апертура Таблиця19'Барракас Сентраль 2 - Депортіво Рієстра 2 [АРГЕНТИНА: Ліга дублерів - Апертура]
    45' ІСЛАНДІЯ: Беста-дейлд карла ТаблицяПерерваТор Акюрейри - Фрам [ІСЛАНДІЯ: Беста-дейлд карла]
    45' НІДЕРЛАНДИ: Ередивізі ТаблицяПерерваГоу Ехед Іглс - АЗ Алкмар [НІДЕРЛАНДИ: Ередивізі]
    45' РОСІЯ: Прем'єр-ліга ТаблицяПерерваАхмат Грозний - Балтика [РОСІЯ: Прем'єр-ліга]
    19' РУМУНІЯ: Кубок Румунії - Плей-оф19'Дінамо Б. - Університатя Крайова [РУМУНІЯ: Кубок Румунії - Плей-оф]
    59' СЛОВЕНІЯ: Кубок Словенії59'НК Браво - Алюміній [СЛОВЕНІЯ: Кубок Словенії]
    4' Бешикташ - Аланіяспор [ТУРЕЧЧИНА: Кубок Туреччини - Плей-оф]
  Found: 0 candidates, 0 new, 3 permanently skipped

Done: 0 analyzed, 0 actionable, 0 TG sent

🔍 Checking 1 possibly finished match(es)...
  ⏳ ТУРЕЧЧИНА: Кубок Туреччини - Плей-оф75'Самсунспор - Трабзонспор: still live 0:0
📌 Tracking 1 active prediction(s)

🔥 RUN #20: analyzed=0, signals=0
⏳ Next scan in 3m...
[20:51:54] Live scan
  Запуск live-скрапера (після ранкових Telegram, якщо були).
Opening: https://m.flashscore.ua/?s=2 (minute >= 60, 0:0 only)
Provider health [https://m.flashscore.ua/?s=2]: rows=29, 0:0 total=10, candidates=1
  ⏸ 0:0 ще рано (< 60'):
    45' АЛБАНІЯ: Кубок АлбаніїПерерваВлазнія - Динамо Тирана [АЛБАНІЯ: Кубок Албанії]
    22' АРГЕНТИНА: Ліга дублерів - Апертура Таблиця22'Барракас Сентраль 2 - Депортіво Рієстра 2 [АРГЕНТИНА: Ліга дублерів - Апертура]
    45' ІСЛАНДІЯ: Беста-дейлд карла ТаблицяПерерваТор Акюрейри - Фрам [ІСЛАНДІЯ: Беста-дейлд карла]
    49' НІДЕРЛАНДИ: Ередивізі Таблиця49'Гоу Ехед Іглс - АЗ Алкмар [НІДЕРЛАНДИ: Ередивізі]
    46' РОСІЯ: Прем'єр-ліга Таблиця46'Ахмат Грозний - Балтика [РОСІЯ: Прем'єр-ліга]
    22' РУМУНІЯ: Кубок Румунії - Плей-оф22'Дінамо Б. - Університатя Крайова [РУМУНІЯ: Кубок Румунії - Плей-оф]
    7' Бешикташ - Аланіяспор [ТУРЕЧЧИНА: Кубок Туреччини - Плей-оф]
    45' ШВЕЦІЯ: Аллсвенскан ТаблицяПерерваГАІС - М'єльбю [ШВЕЦІЯ: Аллсвенскан]
  ✔ 62' СЛОВЕНІЯ: Кубок Словенії62'НК Браво - Алюміній [СЛОВЕНІЯ: Кубок Словенії] id=Io7eE4ZA
  Found: 1 candidates, 1 new, 3 permanently skipped

→ СЛОВЕНІЯ: Кубок Словенії62'НК Браво - Алюміній (62') [СЛОВЕНІЯ: Кубок Словенії]
  Кф 1X2: 1.73 / 3.77 / 4.41
  Desktop: https://www.flashscore.ua/match/soccer/aluminij-KU49TRgF/bravo-dfincSI4/?mid=Io7eE4ZA
  [stats] Io7eE4ZA → both, 5 metrics
  Features: quality=0.23, primary=2, status=both
  Model v2: pGoal=0.42, pDry=0.58 sq=0.4447 state=dry | 60-70 → SKIP

Done: 1 analyzed, 0 actionable, 0 TG sent

🔍 Checking 1 possibly finished match(es)...
  ⏳ ТУРЕЧЧИНА: Кубок Туреччини - Плей-оф75'Самсунспор - Трабзонспор: still live 0:0
📌 Tracking 1 active prediction(s)

🔥 RUN #21: analyzed=1, signals=0
⏳ Next scan in 3m...
[20:55:21] Live scan
  Запуск live-скрапера (після ранкових Telegram, якщо були).
Opening: https://m.flashscore.ua/?s=2 (minute >= 60, 0:0 only)
Provider health [https://m.flashscore.ua/?s=2]: rows=25, 0:0 total=10, candidates=1
  ⏸ 0:0 ще рано (< 60'):
    45' АЛБАНІЯ: Кубок АлбаніїПерерваВлазнія - Динамо Тирана [АЛБАНІЯ: Кубок Албанії]
    26' АРГЕНТИНА: Ліга дублерів - Апертура Таблиця26'Барракас Сентраль 2 - Депортіво Рієстра 2 [АРГЕНТИНА: Ліга дублерів - Апертура]
    45' ІСЛАНДІЯ: Беста-дейлд карла ТаблицяПерерваТор Акюрейри - Фрам [ІСЛАНДІЯ: Беста-дейлд карла]
    52' НІДЕРЛАНДИ: Ередивізі Таблиця52'Гоу Ехед Іглс - АЗ Алкмар [НІДЕРЛАНДИ: Ередивізі]
    50' РОСІЯ: Прем'єр-ліга Таблиця50'Ахмат Грозний - Балтика [РОСІЯ: Прем'єр-ліга]
    26' РУМУНІЯ: Кубок Румунії - Плей-оф26'Дінамо Б. - Університатя Крайова [РУМУНІЯ: Кубок Румунії - Плей-оф]
    11' Бешикташ - Аланіяспор [ТУРЕЧЧИНА: Кубок Туреччини - Плей-оф]
    45' ШВЕЦІЯ: Аллсвенскан ТаблицяПерерваГАІС - М'єльбю [ШВЕЦІЯ: Аллсвенскан]
  ✔ 66' СЛОВЕНІЯ: Кубок Словенії66'НК Браво - Алюміній [СЛОВЕНІЯ: Кубок Словенії] id=Io7eE4ZA
  Found: 1 candidates, 1 new, 3 permanently skipped

→ СЛОВЕНІЯ: Кубок Словенії66'НК Браво - Алюміній (66') [СЛОВЕНІЯ: Кубок Словенії]
  Кф 1X2: 1.73 / 3.77 / 4.41
  Desktop: https://www.flashscore.ua/match/soccer/aluminij-KU49TRgF/bravo-dfincSI4/?mid=Io7eE4ZA
  [stats] Io7eE4ZA → both, 5 metrics
  Features: quality=0.23, primary=2, status=both
  Model v2: pGoal=0.36, pDry=0.64 sq=0.5404 state=dry | 60-70 → SKIP | Δ2H SOT=0 xG=— (Δ4′ матчу)
  🔔 dryAlert встановлено (стан dry@66')

Done: 1 analyzed, 0 actionable, 0 TG sent

🔍 Checking 1 possibly finished match(es)...
  ⏳ ТУРЕЧЧИНА: Кубок Туреччини - Плей-оф75'Самсунспор - Трабзонспор: still live 0:0
📌 Tracking 2 active prediction(s)

🔥 RUN #22: analyzed=1, signals=0
⏳ Next scan in 3m...
[20:58:48] Live scan
  Запуск live-скрапера (після ранкових Telegram, якщо були).
Opening: https://m.flashscore.ua/?s=2 (minute >= 60, 0:0 only)
Provider health [https://m.flashscore.ua/?s=2]: rows=23, 0:0 total=9, candidates=1
  ⏸ 0:0 ще рано (< 60'):
    45' АЛБАНІЯ: Кубок АлбаніїПерерваВлазнія - Динамо Тирана [АЛБАНІЯ: Кубок Албанії]
    29' АРГЕНТИНА: Ліга дублерів - Апертура Таблиця29'Барракас Сентраль 2 - Депортіво Рієстра 2 [АРГЕНТИНА: Ліга дублерів - Апертура]
    45' ІСЛАНДІЯ: Беста-дейлд карла ТаблицяПерерваТор Акюрейри - Фрам [ІСЛАНДІЯ: Беста-дейлд карла]
    55' НІДЕРЛАНДИ: Ередивізі Таблиця55'Гоу Ехед Іглс - АЗ Алкмар [НІДЕРЛАНДИ: Ередивізі]
    29' РУМУНІЯ: Кубок Румунії - Плей-оф29'Дінамо Б. - Університатя Крайова [РУМУНІЯ: Кубок Румунії - Плей-оф]
    14' Бешикташ - Аланіяспор [ТУРЕЧЧИНА: Кубок Туреччини - Плей-оф]
    45' ШВЕЦІЯ: Аллсвенскан ТаблицяПерерваГАІС - М'єльбю [ШВЕЦІЯ: Аллсвенскан]
  ✔ 69' СЛОВЕНІЯ: Кубок Словенії69'НК Браво - Алюміній [СЛОВЕНІЯ: Кубок Словенії] id=Io7eE4ZA
  Found: 1 candidates, 1 new, 3 permanently skipped

→ СЛОВЕНІЯ: Кубок Словенії69'НК Браво - Алюміній (69') [СЛОВЕНІЯ: Кубок Словенії]
  Кф 1X2: 1.73 / 3.77 / 4.41
  Desktop: https://www.flashscore.ua/match/soccer/aluminij-KU49TRgF/bravo-dfincSI4/?mid=Io7eE4ZA
  [stats] Io7eE4ZA → both, 5 metrics
  Features: quality=0.23, primary=2, status=both
  Model v2: pGoal=0.36, pDry=0.64 sq=0.5561 state=dry | 60-70 → SKIP | Δ2H SOT=0 xG=— (Δ3′ матчу)
  🔔 dryAlert встановлено (стан dry@69')

Done: 1 analyzed, 0 actionable, 0 TG sent

🔍 Checking 1 possibly finished match(es)...
  ⏳ ТУРЕЧЧИНА: Кубок Туреччини - Плей-оф75'Самсунспор - Трабзонспор: still live 0:0
📌 Tracking 2 active prediction(s)

🔥 RUN #23: analyzed=1, signals=0
⏳ Next scan in 3m...
[21:02:14] Live scan
  Запуск live-скрапера (після ранкових Telegram, якщо були).
Opening: https://m.flashscore.ua/?s=2 (minute >= 60, 0:0 only)
Provider health [https://m.flashscore.ua/?s=2]: rows=33, 0:0 total=16, candidates=0
  ⏸ 0:0 ще рано (< 60'):
    45' АЛБАНІЯ: Кубок АлбаніїПерерваВлазнія - Динамо Тирана [АЛБАНІЯ: Кубок Албанії]
    32' АРГЕНТИНА: Ліга дублерів - Апертура Таблиця32'Барракас Сентраль 2 - Депортіво Рієстра 2 [АРГЕНТИНА: Ліга дублерів - Апертура]
    2' Естудіантес Ріо-Куарто 2 - Інстітуто 2 [АРГЕНТИНА: Ліга дублерів - Апертура]
    2' Платенсе 2 - Архентінос Хун. 2 [АРГЕНТИНА: Ліга дублерів - Апертура]
    2' Уракан 2 - Сан-Лоренсо 2 [АРГЕНТИНА: Ліга дублерів - Апертура]
    2' ДАНІЯ: Суперліга - Чемпіонська група Таблиця2'Сеннерйюск - Мідтьюлланн [ДАНІЯ: Суперліга - Чемпіонська група]
    2' ЄГИПЕТ: Прем'єр-ліга - Група вибування Таблиця2'Газль Ель-Махалла - Петроджет [ЄГИПЕТ: Прем'єр-ліга - Група вибування]
    2' ЄГИПЕТ: Прем'єр-ліга - Чемпіонська група Таблиця2'Замалек - Пайрамідс [ЄГИПЕТ: Прем'єр-ліга - Чемпіонська група]
    45' ІСЛАНДІЯ: Беста-дейлд карла ТаблицяПерерваТор Акюрейри - Фрам [ІСЛАНДІЯ: Беста-дейлд карла]
    59' НІДЕРЛАНДИ: Ередивізі Таблиця59'Гоу Ехед Іглс - АЗ Алкмар [НІДЕРЛАНДИ: Ередивізі]
    2' ПОРТУГАЛІЯ: Ліга Португалії Таблиця2'Каса Піа - Брага [ПОРТУГАЛІЯ: Ліга Португалії]
    32' РУМУНІЯ: Кубок Румунії - Плей-оф32'Дінамо Б. - Університатя Крайова [РУМУНІЯ: Кубок Румунії - Плей-оф]
    2' СЕРБІЯ: Суперліга - Група вибування Таблиця2'Младост Лучани - Раднічки 1923 [СЕРБІЯ: Суперліга - Група вибування]
    17' Бешикташ - Аланіяспор [ТУРЕЧЧИНА: Кубок Туреччини - Плей-оф]
    45' ШВЕЦІЯ: Аллсвенскан ТаблицяПерерваГАІС - М'єльбю [ШВЕЦІЯ: Аллсвенскан]
  Found: 0 candidates, 0 new, 3 permanently skipped

Done: 0 analyzed, 0 actionable, 0 TG sent

🔍 Checking 2 possibly finished match(es)...
  ⏳ ТУРЕЧЧИНА: Кубок Туреччини - Плей-оф75'Самсунспор - Трабзонспор: still live 0:0
  ⚽ undefined - undefined: 0:1 [GOAL→resolved] → 
📌 Tracking 1 active prediction(s)

🔥 RUN #24: analyzed=0, signals=0
⏳ Next scan in 3m...
[21:05:30] Live scan
  Запуск live-скрапера (після ранкових Telegram, якщо були).
Opening: https://m.flashscore.ua/?s=2 (minute >= 60, 0:0 only)
Provider health [https://m.flashscore.ua/?s=2]: rows=35, 0:0 total=19, candidates=1
  ⏸ 0:0 ще рано (< 60'):
    6' Райо Вальєкано - Еспаньйол [ІСПАНІЯ: Ла Ліга]
    45' АЛБАНІЯ: Кубок АлбаніїПерерваВлазнія - Динамо Тирана [АЛБАНІЯ: Кубок Албанії]
    36' АРГЕНТИНА: Ліга дублерів - Апертура Таблиця36'Барракас Сентраль 2 - Депортіво Рієстра 2 [АРГЕНТИНА: Ліга дублерів - Апертура]
    6' Естудіантес Ріо-Куарто 2 - Інстітуто 2 [АРГЕНТИНА: Ліга дублерів - Апертура]
    6' Платенсе 2 - Архентінос Хун. 2 [АРГЕНТИНА: Ліга дублерів - Апертура]
    6' Уракан 2 - Сан-Лоренсо 2 [АРГЕНТИНА: Ліга дублерів - Апертура]
    6' ДАНІЯ: Суперліга - Чемпіонська група Таблиця6'Сеннерйюск - Мідтьюлланн [ДАНІЯ: Суперліга - Чемпіонська група]
    6' ЄГИПЕТ: Прем'єр-ліга - Група вибування Таблиця6'Газль Ель-Махалла - Петроджет [ЄГИПЕТ: Прем'єр-ліга - Група вибування]
    6' ЄГИПЕТ: Прем'єр-ліга - Чемпіонська група Таблиця6'Замалек - Пайрамідс [ЄГИПЕТ: Прем'єр-ліга - Чемпіонська група]
    48' ІСЛАНДІЯ: Беста-дейлд карла Таблиця48'Тор Акюрейри - Фрам [ІСЛАНДІЯ: Беста-дейлд карла]
    6' ПОЛЬЩА: Дивізіон 1 Таблиця6'Вєчиста Краків - Полонія Битом [ПОЛЬЩА: Дивізіон 1]
    6' ПОРТУГАЛІЯ: Ліга Португалії Таблиця6'Каса Піа - Брага [ПОРТУГАЛІЯ: Ліга Португалії]
    36' РУМУНІЯ: Кубок Румунії - Плей-оф36'Дінамо Б. - Університатя Крайова [РУМУНІЯ: Кубок Румунії - Плей-оф]
    6' Дамак - Аль-Ахдуд [САУДІВСЬКА АРАВІЯ: Професійна ліга]
    6' СЕРБІЯ: Суперліга - Група вибування Таблиця6'Младост Лучани - Раднічки 1923 [СЕРБІЯ: Суперліга - Група вибування]
    6' Спартак Суботіца - Бачка-Топола [СЕРБІЯ: Суперліга - Група вибування]
    45' ТУРЕЧЧИНА: Кубок Туреччини - Плей-офПерерваСамсунспор - Трабзонспор [ТУРЕЧЧИНА: Кубок Туреччини - Плей-оф]
    45' ШВЕЦІЯ: Аллсвенскан ТаблицяПерерваГАІС - М'єльбю [ШВЕЦІЯ: Аллсвенскан]
  ✔ 62' НІДЕРЛАНДИ: Ередивізі Таблиця62'Гоу Ехед Іглс - АЗ Алкмар [НІДЕРЛАНДИ: Ередивізі] id=vqsdYG9F
  Found: 1 candidates, 1 new, 3 permanently skipped

→ НІДЕРЛАНДИ: Ередивізі Таблиця62'Гоу Ехед Іглс - АЗ Алкмар (62') [НІДЕРЛАНДИ: Ередивізі]
  Кф 1X2: 2.28 / 3.99 / 2.93
  Desktop: https://www.flashscore.ua/match/soccer/az-alkmaar-2RxOow1i/g-a-eagles-hG8POBb8/?mid=vqsdYG9F
  [stats] vqsdYG9F → both, 32 metrics
  Features: quality=1, primary=6, status=both
  Model v2: pGoal=0.467, pDry=0.533 sq=0.6157 state=neutral | 60-70 → SKIP

Done: 1 analyzed, 0 actionable, 0 TG sent

🔍 Checking 1 possibly finished match(es)...
  ⏳ ТУРЕЧЧИНА: Кубок Туреччини - Плей-оф75'Самсунспор - Трабзонспор: still live 0:0
📌 Tracking 1 active prediction(s)

🔥 RUN #25: analyzed=1, signals=0
⏳ Next scan in 3m...
[21:08:58] Live scan
  Запуск live-скрапера (після ранкових Telegram, якщо були).
Opening: https://m.flashscore.ua/?s=2 (minute >= 60, 0:0 only)
Provider health [https://m.flashscore.ua/?s=2]: rows=34, 0:0 total=19, candidates=1
  ⏸ 0:0 ще рано (< 60'):
    9' Райо Вальєкано - Еспаньйол [ІСПАНІЯ: Ла Ліга]
    48' АЛБАНІЯ: Кубок Албанії48'Влазнія - Динамо Тирана [АЛБАНІЯ: Кубок Албанії]
    39' АРГЕНТИНА: Ліга дублерів - Апертура Таблиця39'Барракас Сентраль 2 - Депортіво Рієстра 2 [АРГЕНТИНА: Ліга дублерів - Апертура]
    9' Естудіантес Ріо-Куарто 2 - Інстітуто 2 [АРГЕНТИНА: Ліга дублерів - Апертура]
    9' Платенсе 2 - Архентінос Хун. 2 [АРГЕНТИНА: Ліга дублерів - Апертура]
    9' Уракан 2 - Сан-Лоренсо 2 [АРГЕНТИНА: Ліга дублерів - Апертура]
    9' ДАНІЯ: Суперліга - Чемпіонська група Таблиця9'Сеннерйюск - Мідтьюлланн [ДАНІЯ: Суперліга - Чемпіонська група]
    9' ЄГИПЕТ: Прем'єр-ліга - Група вибування Таблиця9'Газль Ель-Махалла - Петроджет [ЄГИПЕТ: Прем'єр-ліга - Група вибування]
    9' ЄГИПЕТ: Прем'єр-ліга - Чемпіонська група Таблиця9'Замалек - Пайрамідс [ЄГИПЕТ: Прем'єр-ліга - Чемпіонська група]
    52' ІСЛАНДІЯ: Беста-дейлд карла Таблиця52'Тор Акюрейри - Фрам [ІСЛАНДІЯ: Беста-дейлд карла]
    9' ПОЛЬЩА: Дивізіон 1 Таблиця9'Вєчиста Краків - Полонія Битом [ПОЛЬЩА: Дивізіон 1]
    9' ПОРТУГАЛІЯ: Ліга Португалії Таблиця9'Каса Піа - Брага [ПОРТУГАЛІЯ: Ліга Португалії]
    39' РУМУНІЯ: Кубок Румунії - Плей-оф39'Дінамо Б. - Університатя Крайова [РУМУНІЯ: Кубок Румунії - Плей-оф]
    9' САУДІВСЬКА АРАВІЯ: Професійна ліга Таблиця9'Дамак - Аль-Ахдуд [САУДІВСЬКА АРАВІЯ: Професійна ліга]
    9' СЕРБІЯ: Суперліга - Група вибування Таблиця9'Младост Лучани - Раднічки 1923 [СЕРБІЯ: Суперліга - Група вибування]
    9' Спартак Суботіца - Бачка-Топола [СЕРБІЯ: Суперліга - Група вибування]
    48' ШВЕЦІЯ: Аллсвенскан Таблиця48'ГАІС - М'єльбю [ШВЕЦІЯ: Аллсвенскан]
  ✔ 66' НІДЕРЛАНДИ: Ередивізі Таблиця66'Гоу Ехед Іглс - АЗ Алкмар [НІДЕРЛАНДИ: Ередивізі] id=vqsdYG9F
  Found: 1 candidates, 1 new, 3 permanently skipped

→ НІДЕРЛАНДИ: Ередивізі Таблиця66'Гоу Ехед Іглс - АЗ Алкмар (66') [НІДЕРЛАНДИ: Ередивізі]
  Кф 1X2: 2.28 / 3.99 / 2.93
  Desktop: https://www.flashscore.ua/match/soccer/az-alkmaar-2RxOow1i/g-a-eagles-hG8POBb8/?mid=vqsdYG9F
  [stats] vqsdYG9F → both, 32 metrics
  Features: quality=1, primary=6, status=both
  Model v2: pGoal=0.407, pDry=0.593 sq=0.6314 state=falseDry | 60-70 → SKIP | Δ2H SOT=0 xG=0.02 (Δ4′ матчу)

Done: 1 analyzed, 0 actionable, 0 TG sent

🔍 Checking 1 possibly finished match(es)...
  ⏳ ТУРЕЧЧИНА: Кубок Туреччини - Плей-оф75'Самсунспор - Трабзонспор: still live 0:0
📌 Tracking 1 active prediction(s)

🔥 RUN #26: analyzed=1, signals=0
⏳ Next scan in 3m...
[21:12:25] Live scan
  Запуск live-скрапера (після ранкових Telegram, якщо були).
Opening: https://m.flashscore.ua/?s=2 (minute >= 60, 0:0 only)
Provider health [https://m.flashscore.ua/?s=2]: rows=34, 0:0 total=17, candidates=1
  ⏸ 0:0 ще рано (< 60'):
    13' Райо Вальєкано - Еспаньйол [ІСПАНІЯ: Ла Ліга]
    52' АЛБАНІЯ: Кубок Албанії52'Влазнія - Динамо Тирана [АЛБАНІЯ: Кубок Албанії]
    43' АРГЕНТИНА: Ліга дублерів - Апертура Таблиця43'Барракас Сентраль 2 - Депортіво Рієстра 2 [АРГЕНТИНА: Ліга дублерів - Апертура]
    13' Естудіантес Ріо-Куарто 2 - Інстітуто 2 [АРГЕНТИНА: Ліга дублерів - Апертура]
    13' Платенсе 2 - Архентінос Хун. 2 [АРГЕНТИНА: Ліга дублерів - Апертура]
    13' Уракан 2 - Сан-Лоренсо 2 [АРГЕНТИНА: Ліга дублерів - Апертура]
    13' ДАНІЯ: Суперліга - Чемпіонська група Таблиця13'Сеннерйюск - Мідтьюлланн [ДАНІЯ: Суперліга - Чемпіонська група]
    13' ЄГИПЕТ: Прем'єр-ліга - Група вибування Таблиця13'Газль Ель-Махалла - Петроджет [ЄГИПЕТ: Прем'єр-ліга - Група вибування]
    13' ЄГИПЕТ: Прем'єр-ліга - Чемпіонська група Таблиця13'Замалек - Пайрамідс [ЄГИПЕТ: Прем'єр-ліга - Чемпіонська група]
    13' ПОЛЬЩА: Дивізіон 1 Таблиця13'Вєчиста Краків - Полонія Битом [ПОЛЬЩА: Дивізіон 1]
    13' ПОРТУГАЛІЯ: Ліга Португалії Таблиця13'Каса Піа - Брага [ПОРТУГАЛІЯ: Ліга Португалії]
    43' РУМУНІЯ: Кубок Румунії - Плей-оф43'Дінамо Б. - Університатя Крайова [РУМУНІЯ: Кубок Румунії - Плей-оф]
    13' САУДІВСЬКА АРАВІЯ: Професійна ліга Таблиця13'Дамак - Аль-Ахдуд [САУДІВСЬКА АРАВІЯ: Професійна ліга]
    13' СЕРБІЯ: Суперліга - Група вибування Таблиця13'Младост Лучани - Раднічки 1923 [СЕРБІЯ: Суперліга - Група вибування]
    51' ШВЕЦІЯ: Аллсвенскан Таблиця51'ГАІС - М'єльбю [ШВЕЦІЯ: Аллсвенскан]
  ✔ 69' НІДЕРЛАНДИ: Ередивізі Таблиця69'Гоу Ехед Іглс - АЗ Алкмар [НІДЕРЛАНДИ: Ередивізі] id=vqsdYG9F
  Found: 1 candidates, 1 new, 3 permanently skipped

→ НІДЕРЛАНДИ: Ередивізі Таблиця69'Гоу Ехед Іглс - АЗ Алкмар (69') [НІДЕРЛАНДИ: Ередивізі]
  Кф 1X2: 2.28 / 3.99 / 2.93
  Desktop: https://www.flashscore.ua/match/soccer/az-alkmaar-2RxOow1i/g-a-eagles-hG8POBb8/?mid=vqsdYG9F
  [stats] vqsdYG9F → both, 33 metrics
  Features: quality=1, primary=6, status=both
  Model v2: pGoal=0.407, pDry=0.593 sq=0.6471 state=falseDry | 60-70 → SKIP | Δ2H SOT=0 xG=0.06 (Δ3′ матчу)

Done: 1 analyzed, 0 actionable, 0 TG sent

🔍 Checking 1 possibly finished match(es)...
  ⏳ ТУРЕЧЧИНА: Кубок Туреччини - Плей-оф75'Самсунспор - Трабзонспор: still live 0:0
📌 Tracking 1 active prediction(s)

🔥 RUN #27: analyzed=1, signals=0
⏳ Next scan in 3m...
[21:15:52] Live scan
  Запуск live-скрапера (після ранкових Telegram, якщо були).
Opening: https://m.flashscore.ua/?s=2 (minute >= 60, 0:0 only)
Provider health [https://m.flashscore.ua/?s=2]: rows=34, 0:0 total=16, candidates=1
  ⏸ 0:0 ще рано (< 60'):
    16' Райо Вальєкано - Еспаньйол [ІСПАНІЯ: Ла Ліга]
    55' АЛБАНІЯ: Кубок Албанії55'Влазнія - Динамо Тирана [АЛБАНІЯ: Кубок Албанії]
    16' Естудіантес Ріо-Куарто 2 - Інстітуто 2 [АРГЕНТИНА: Ліга дублерів - Апертура]
    16' Платенсе 2 - Архентінос Хун. 2 [АРГЕНТИНА: Ліга дублерів - Апертура]
    16' ДАНІЯ: Суперліга - Чемпіонська група Таблиця16'Сеннерйюск - Мідтьюлланн [ДАНІЯ: Суперліга - Чемпіонська група]
    16' ЄГИПЕТ: Прем'єр-ліга - Група вибування Таблиця16'Газль Ель-Махалла - Петроджет [ЄГИПЕТ: Прем'єр-ліга - Група вибування]
    16' ЄГИПЕТ: Прем'єр-ліга - Чемпіонська група Таблиця16'Замалек - Пайрамідс [ЄГИПЕТ: Прем'єр-ліга - Чемпіонська група]
    16' ПОЛЬЩА: Дивізіон 1 Таблиця16'Вєчиста Краків - Полонія Битом [ПОЛЬЩА: Дивізіон 1]
    16' ПОРТУГАЛІЯ: Ліга Португалії Таблиця16'Каса Піа - Брага [ПОРТУГАЛІЯ: Ліга Португалії]
    16' САУДІВСЬКА АРАВІЯ: Професійна ліга Таблиця16'Дамак - Аль-Ахдуд [САУДІВСЬКА АРАВІЯ: Професійна ліга]
    16' СЕРБІЯ: Суперліга - Група вибування Таблиця16'Младост Лучани - Раднічки 1923 [СЕРБІЯ: Суперліга - Група вибування]
    55' ШВЕЦІЯ: Аллсвенскан Таблиця55'ГАІС - М'єльбю [ШВЕЦІЯ: Аллсвенскан]
  ✔ 73' НІДЕРЛАНДИ: Ередивізі Таблиця73'Гоу Ехед Іглс - АЗ Алкмар [НІДЕРЛАНДИ: Ередивізі] id=vqsdYG9F
  Found: 1 candidates, 1 new, 3 permanently skipped

→ НІДЕРЛАНДИ: Ередивізі Таблиця73'Гоу Ехед Іглс - АЗ Алкмар (73') [НІДЕРЛАНДИ: Ередивізі]
  Кф 1X2: 2.28 / 3.99 / 2.93
  Desktop: https://www.flashscore.ua/match/soccer/az-alkmaar-2RxOow1i/g-a-eagles-hG8POBb8/?mid=vqsdYG9F
  [stats] vqsdYG9F → both, 33 metrics
  Features: quality=1, primary=6, status=both
  Model v2: pGoal=0.407, pDry=0.593 sq=0.6629 state=falseDry | 70-80 → SKIP | Δ2H SOT=0 xG=0 (Δ4′ матчу)

Done: 1 analyzed, 0 actionable, 0 TG sent

🔍 Checking 1 possibly finished match(es)...
  ⏳ ТУРЕЧЧИНА: Кубок Туреччини - Плей-оф75'Самсунспор - Трабзонспор: still live 0:0
📌 Tracking 1 active prediction(s)

🔥 RUN #28: analyzed=1, signals=0
⏳ Next scan in 3m...
[21:19:20] Live scan
  Запуск live-скрапера (після ранкових Telegram, якщо були).
Opening: https://m.flashscore.ua/?s=2 (minute >= 60, 0:0 only)
Provider health [https://m.flashscore.ua/?s=2]: rows=34, 0:0 total=15, candidates=1
  ⏸ 0:0 ще рано (< 60'):
    20' Райо Вальєкано - Еспаньйол [ІСПАНІЯ: Ла Ліга]
    59' АЛБАНІЯ: Кубок Албанії59'Влазнія - Динамо Тирана [АЛБАНІЯ: Кубок Албанії]
    45' АРГЕНТИНА: Ліга дублерів - Апертура ТаблицяПерерваБарракас Сентраль 2 - Депортіво Рієстра 2 [АРГЕНТИНА: Ліга дублерів - Апертура]
    20' Естудіантес Ріо-Куарто 2 - Інстітуто 2 [АРГЕНТИНА: Ліга дублерів - Апертура]
    20' Платенсе 2 - Архентінос Хун. 2 [АРГЕНТИНА: Ліга дублерів - Апертура]
    20' ДАНІЯ: Суперліга - Чемпіонська група Таблиця20'Сеннерйюск - Мідтьюлланн [ДАНІЯ: Суперліга - Чемпіонська група]
    20' ЄГИПЕТ: Прем'єр-ліга - Група вибування Таблиця20'Газль Ель-Махалла - Петроджет [ЄГИПЕТ: Прем'єр-ліга - Група вибування]
    20' ЄГИПЕТ: Прем'єр-ліга - Чемпіонська група Таблиця20'Замалек - Пайрамідс [ЄГИПЕТ: Прем'єр-ліга - Чемпіонська група]
    20' ПОЛЬЩА: Дивізіон 1 Таблиця20'Вєчиста Краків - Полонія Битом [ПОЛЬЩА: Дивізіон 1]
    20' ПОРТУГАЛІЯ: Ліга Португалії Таблиця20'Каса Піа - Брага [ПОРТУГАЛІЯ: Ліга Португалії]
    20' СЕРБІЯ: Суперліга - Група вибування Таблиця20'Младост Лучани - Раднічки 1923 [СЕРБІЯ: Суперліга - Група вибування]
    58' ШВЕЦІЯ: Аллсвенскан Таблиця58'ГАІС - М'єльбю [ШВЕЦІЯ: Аллсвенскан]
  ✔ 76' НІДЕРЛАНДИ: Ередивізі Таблиця76'Гоу Ехед Іглс - АЗ Алкмар [НІДЕРЛАНДИ: Ередивізі] id=vqsdYG9F
  Found: 1 candidates, 1 new, 3 permanently skipped

→ НІДЕРЛАНДИ: Ередивізі Таблиця76'Гоу Ехед Іглс - АЗ Алкмар (76') [НІДЕРЛАНДИ: Ередивізі]
  Кф 1X2: 2.28 / 3.99 / 2.93
  Desktop: https://www.flashscore.ua/match/soccer/az-alkmaar-2RxOow1i/g-a-eagles-hG8POBb8/?mid=vqsdYG9F
  [stats] vqsdYG9F → both, 33 metrics
  Features: quality=1, primary=6, status=both
  Model v2: pGoal=0.407, pDry=0.593 sq=0.6786 state=falseDry | 70-80 → SKIP | Δ2H SOT=0 xG=0 (Δ3′ матчу)

Done: 1 analyzed, 0 actionable, 0 TG sent

🔍 Checking 1 possibly finished match(es)...
  ⏳ ТУРЕЧЧИНА: Кубок Туреччини - Плей-оф75'Самсунспор - Трабзонспор: still live 0:0
📌 Tracking 1 active prediction(s)

🔥 RUN #29: analyzed=1, signals=0
⏳ Next scan in 3m...
[21:22:47] Live scan
  Запуск live-скрапера (після ранкових Telegram, якщо були).
Opening: https://m.flashscore.ua/?s=2 (minute >= 60, 0:0 only)
Provider health [https://m.flashscore.ua/?s=2]: rows=34, 0:0 total=15, candidates=3
  ⏸ 0:0 ще рано (< 60'):
    23' Райо Вальєкано - Еспаньйол [ІСПАНІЯ: Ла Ліга]
    45' АРГЕНТИНА: Ліга дублерів - Апертура ТаблицяПерерваБарракас Сентраль 2 - Депортіво Рієстра 2 [АРГЕНТИНА: Ліга дублерів - Апертура]
    23' Естудіантес Ріо-Куарто 2 - Інстітуто 2 [АРГЕНТИНА: Ліга дублерів - Апертура]
    23' Платенсе 2 - Архентінос Хун. 2 [АРГЕНТИНА: Ліга дублерів - Апертура]
    23' ДАНІЯ: Суперліга - Чемпіонська група Таблиця23'Сеннерйюск - Мідтьюлланн [ДАНІЯ: Суперліга - Чемпіонська група]
    23' ЄГИПЕТ: Прем'єр-ліга - Група вибування Таблиця23'Газль Ель-Махалла - Петроджет [ЄГИПЕТ: Прем'єр-ліга - Група вибування]
    23' ЄГИПЕТ: Прем'єр-ліга - Чемпіонська група Таблиця23'Замалек - Пайрамідс [ЄГИПЕТ: Прем'єр-ліга - Чемпіонська група]
    23' ПОЛЬЩА: Дивізіон 1 Таблиця23'Вєчиста Краків - Полонія Битом [ПОЛЬЩА: Дивізіон 1]
    23' ПОРТУГАЛІЯ: Ліга Португалії Таблиця23'Каса Піа - Брага [ПОРТУГАЛІЯ: Ліга Португалії]
    45' РУМУНІЯ: Кубок Румунії - Плей-офПерерваДінамо Б. - Університатя Крайова [РУМУНІЯ: Кубок Румунії - Плей-оф]
    23' СЕРБІЯ: Суперліга - Група вибування Таблиця23'Младост Лучани - Раднічки 1923 [СЕРБІЯ: Суперліга - Група вибування]
  ✔ 62' АЛБАНІЯ: Кубок Албанії62'Влазнія - Динамо Тирана [АЛБАНІЯ: Кубок Албанії] id=rasq0NPq
  ✔ 80' НІДЕРЛАНДИ: Ередивізі Таблиця80'Гоу Ехед Іглс - АЗ Алкмар [НІДЕРЛАНДИ: Ередивізі] id=vqsdYG9F
  ✔ 62' ШВЕЦІЯ: Аллсвенскан Таблиця62'ГАІС - М'єльбю [ШВЕЦІЯ: Аллсвенскан] id=2DUUklFt
  Found: 3 candidates, 3 new, 3 permanently skipped

→ АЛБАНІЯ: Кубок Албанії62'Влазнія - Динамо Тирана (62') [АЛБАНІЯ: Кубок Албанії]

→ НІДЕРЛАНДИ: Ередивізі Таблиця80'Гоу Ехед Іглс - АЗ Алкмар (80') [НІДЕРЛАНДИ: Ередивізі]
  Кф 1X2: 2.36 / 3.15 / 3.05
  Кф 1X2: 2.28 / 3.99 / 2.93
  Desktop: https://www.flashscore.ua/match/soccer/dinamo-tirana-KdZNQkgm/vllaznia-0OGo7WXG/?mid=rasq0NPq
  Desktop: https://www.flashscore.ua/match/soccer/az-alkmaar-2RxOow1i/g-a-eagles-hG8POBb8/?mid=vqsdYG9F
  [stats] vqsdYG9F → both, 33 metrics
  [stats] rasq0NPq → both, 5 metrics
  Features: quality=1, primary=6, status=both
  Model v2: pGoal=0.647, pDry=0.353 sq=0.8343 state=lateSurge | 80-90+ → OVER_0_5 | Δ2H SOT=1 xG=0.08 (Δ4′ матчу) [TG]
  Features: quality=0.23, primary=2, status=both
  Model v2: pGoal=0.348, pDry=0.652 sq=0.5247 state=dry | 60-70 → SKIP

→ ШВЕЦІЯ: Аллсвенскан Таблиця62'ГАІС - М'єльбю (62') [ШВЕЦІЯ: Аллсвенскан]
  Кф 1X2: 2.49 / 3.24 / 2.79
  [ggbet] Not found: НІДЕРЛАНДИ: Ередивізі Таблиця80'Гоу Ехед Іглс - АЗ Алкмар
  Desktop: https://www.flashscore.ua/match/soccer/gais-bJewAOTf/mjallby-S0XtXM1E/?mid=2DUUklFt
Message sent to Telegram
  ✓ Telegram sent
  [stats] 2DUUklFt → both, 31 metrics
  Features: quality=1, primary=6, status=both
  Model v2: pGoal=0.446, pDry=0.554 sq=0.6157 state=neutral | 60-70 → SKIP

Done: 3 analyzed, 1 actionable, 1 TG sent

🔍 Checking 1 possibly finished match(es)...
  ⏳ ТУРЕЧЧИНА: Кубок Туреччини - Плей-оф75'Самсунспор - Трабзонспор: still live 0:0
📌 Tracking 2 active prediction(s)

🔥 RUN #30: analyzed=3, signals=1
⏳ Next scan in 3m...
[21:26:30] Live scan
  Запуск live-скрапера (після ранкових Telegram, якщо були).
Opening: https://m.flashscore.ua/?s=2 (minute >= 60, 0:0 only)
Provider health [https://m.flashscore.ua/?s=2]: rows=34, 0:0 total=13, candidates=3
  ⏸ 0:0 ще рано (< 60'):
    27' Райо Вальєкано - Еспаньйол [ІСПАНІЯ: Ла Ліга]
    45' АРГЕНТИНА: Ліга дублерів - Апертура ТаблицяПерерваБарракас Сентраль 2 - Депортіво Рієстра 2 [АРГЕНТИНА: Ліга дублерів - Апертура]
    27' Естудіантес Ріо-Куарто 2 - Інстітуто 2 [АРГЕНТИНА: Ліга дублерів - Апертура]
    27' Платенсе 2 - Архентінос Хун. 2 [АРГЕНТИНА: Ліга дублерів - Апертура]
    27' ЄГИПЕТ: Прем'єр-ліга - Чемпіонська група Таблиця27'Замалек - Пайрамідс [ЄГИПЕТ: Прем'єр-ліга - Чемпіонська група]
    27' ПОЛЬЩА: Дивізіон 1 Таблиця27'Вєчиста Краків - Полонія Битом [ПОЛЬЩА: Дивізіон 1]
    27' ПОРТУГАЛІЯ: Ліга Португалії Таблиця27'Каса Піа - Брага [ПОРТУГАЛІЯ: Ліга Португалії]
    45' РУМУНІЯ: Кубок Румунії - Плей-офПерерваДінамо Б. - Університатя Крайова [РУМУНІЯ: Кубок Румунії - Плей-оф]
    27' СЕРБІЯ: Суперліга - Група вибування Таблиця27'Младост Лучани - Раднічки 1923 [СЕРБІЯ: Суперліга - Група вибування]
  ✔ 66' АЛБАНІЯ: Кубок Албанії66'Влазнія - Динамо Тирана [АЛБАНІЯ: Кубок Албанії] id=rasq0NPq
  ✔ 83' НІДЕРЛАНДИ: Ередивізі Таблиця83'Гоу Ехед Іглс - АЗ Алкмар [НІДЕРЛАНДИ: Ередивізі] id=vqsdYG9F
  ✔ 65' ШВЕЦІЯ: Аллсвенскан Таблиця65'ГАІС - М'єльбю [ШВЕЦІЯ: Аллсвенскан] id=2DUUklFt
  Found: 3 candidates, 3 new, 3 permanently skipped

→ АЛБАНІЯ: Кубок Албанії66'Влазнія - Динамо Тирана (66') [АЛБАНІЯ: Кубок Албанії]

→ НІДЕРЛАНДИ: Ередивізі Таблиця83'Гоу Ехед Іглс - АЗ Алкмар (83') [НІДЕРЛАНДИ: Ередивізі]
  Кф 1X2: 2.36 / 3.15 / 3.05
  Кф 1X2: 2.28 / 3.99 / 2.93
  Desktop: https://www.flashscore.ua/match/soccer/dinamo-tirana-KdZNQkgm/vllaznia-0OGo7WXG/?mid=rasq0NPq
  [stats] rasq0NPq → both, 5 metrics
  Features: quality=0.23, primary=2, status=both
  Model v2: pGoal=0.288, pDry=0.712 sq=0.5404 state=dry | 60-70 → SKIP | Δ2H SOT=0 xG=— (Δ4′ матчу)
  🔔 dryAlert встановлено (стан dry@66')

→ ШВЕЦІЯ: Аллсвенскан Таблиця65'ГАІС - М'єльбю (65') [ШВЕЦІЯ: Аллсвенскан]
  Кф 1X2: 2.49 / 3.24 / 2.79
  Desktop: https://www.flashscore.ua/match/soccer/gais-bJewAOTf/mjallby-S0XtXM1E/?mid=2DUUklFt
  ✗ Desktop URL resolve failed → permanent skip
  [stats] 2DUUklFt → both, 31 metrics
  Features: quality=1, primary=6, status=both
  Model v2: pGoal=0.446, pDry=0.554 sq=0.6314 state=neutral | 60-70 → SKIP | Δ2H SOT=2 xG=0.05 (Δ3′ матчу)

Done: 2 analyzed, 0 actionable, 0 TG sent

🔍 Checking 1 possibly finished match(es)...
  ⏳ ТУРЕЧЧИНА: Кубок Туреччини - Плей-оф75'Самсунспор - Трабзонспор: still live 0:0
📌 Tracking 3 active prediction(s)

🔥 RUN #31: analyzed=2, signals=0
⏳ Next scan in 3m...
[21:30:09] Live scan
  Запуск live-скрапера (після ранкових Telegram, якщо були).
Opening: https://m.flashscore.ua/?s=2 (minute >= 60, 0:0 only)
Provider health [https://m.flashscore.ua/?s=2]: rows=32, 0:0 total=13, candidates=3
  ⏸ 0:0 ще рано (< 60'):
    30' Райо Вальєкано - Еспаньйол [ІСПАНІЯ: Ла Ліга]
    45' АРГЕНТИНА: Ліга дублерів - Апертура ТаблицяПерерваБарракас Сентраль 2 - Депортіво Рієстра 2 [АРГЕНТИНА: Ліга дублерів - Апертура]
    30' Естудіантес Ріо-Куарто 2 - Інстітуто 2 [АРГЕНТИНА: Ліга дублерів - Апертура]
    30' Платенсе 2 - Архентінос Хун. 2 [АРГЕНТИНА: Ліга дублерів - Апертура]
    30' ЄГИПЕТ: Прем'єр-ліга - Чемпіонська група Таблиця30'Замалек - Пайрамідс [ЄГИПЕТ: Прем'єр-ліга - Чемпіонська група]
    30' ПОЛЬЩА: Дивізіон 1 Таблиця30'Вєчиста Краків - Полонія Битом [ПОЛЬЩА: Дивізіон 1]
    30' ПОРТУГАЛІЯ: Ліга Португалії Таблиця30'Каса Піа - Брага [ПОРТУГАЛІЯ: Ліга Португалії]
    45' РУМУНІЯ: Кубок Румунії - Плей-офПерерваДінамо Б. - Університатя Крайова [РУМУНІЯ: Кубок Румунії - Плей-оф]
    30' СЕРБІЯ: Суперліга - Група вибування Таблиця30'Младост Лучани - Раднічки 1923 [СЕРБІЯ: Суперліга - Група вибування]
  ✔ 69' АЛБАНІЯ: Кубок Албанії69'Влазнія - Динамо Тирана [АЛБАНІЯ: Кубок Албанії] id=rasq0NPq
  ✔ 87' НІДЕРЛАНДИ: Ередивізі Таблиця87'Гоу Ехед Іглс - АЗ Алкмар [НІДЕРЛАНДИ: Ередивізі] id=vqsdYG9F
  ✔ 69' ШВЕЦІЯ: Аллсвенскан Таблиця69'ГАІС - М'єльбю [ШВЕЦІЯ: Аллсвенскан] id=2DUUklFt
  Found: 3 candidates, 2 new, 4 permanently skipped

→ АЛБАНІЯ: Кубок Албанії69'Влазнія - Динамо Тирана (69') [АЛБАНІЯ: Кубок Албанії]

→ ШВЕЦІЯ: Аллсвенскан Таблиця69'ГАІС - М'єльбю (69') [ШВЕЦІЯ: Аллсвенскан]
  Кф 1X2: 2.36 / 3.15 / 3.05
  Кф 1X2: 2.49 / 3.24 / 2.79
  Desktop: https://www.flashscore.ua/match/soccer/gais-bJewAOTf/mjallby-S0XtXM1E/?mid=2DUUklFt
  Desktop: https://www.flashscore.ua/match/soccer/dinamo-tirana-KdZNQkgm/vllaznia-0OGo7WXG/?mid=rasq0NPq
  [stats] 2DUUklFt → both, 31 metrics
  [stats] rasq0NPq → both, 5 metrics
  Features: quality=0.23, primary=2, status=both
  Model v2: pGoal=0.288, pDry=0.712 sq=0.5561 state=dry | 60-70 → SKIP | Δ2H SOT=0 xG=— (Δ3′ матчу)
  🔔 dryAlert встановлено (стан dry@69')
  Features: quality=1, primary=6, status=both
  Model v2: pGoal=0.435, pDry=0.565 sq=0.7071 state=pressureGrowth | 60-70 → SKIP | Δ2H SOT=0 xG=0.13 (Δ4′ матчу)

Done: 2 analyzed, 0 actionable, 0 TG sent

🔍 Checking 1 possibly finished match(es)...
  ⏳ ТУРЕЧЧИНА: Кубок Туреччини - Плей-оф75'Самсунспор - Трабзонспор: still live 0:0
📌 Tracking 3 active prediction(s)

🔥 RUN #32: analyzed=2, signals=0
⏳ Next scan in 3m...
[21:33:39] Live scan
  Запуск live-скрапера (після ранкових Telegram, якщо були).
Opening: https://m.flashscore.ua/?s=2 (minute >= 60, 0:0 only)
Provider health [https://m.flashscore.ua/?s=2]: rows=33, 0:0 total=14, candidates=3
  ⏸ 0:0 ще рано (< 60'):
    34' Райо Вальєкано - Еспаньйол [ІСПАНІЯ: Ла Ліга]
    46' АРГЕНТИНА: Ліга дублерів - Апертура Таблиця46'Барракас Сентраль 2 - Депортіво Рієстра 2 [АРГЕНТИНА: Ліга дублерів - Апертура]
    34' Естудіантес Ріо-Куарто 2 - Інстітуто 2 [АРГЕНТИНА: Ліга дублерів - Апертура]
    34' Платенсе 2 - Архентінос Хун. 2 [АРГЕНТИНА: Ліга дублерів - Апертура]
    4' БЕЛЬГІЯ: Ліга Жупіле - Вибування4'Ломмел СК - РФК Льєж [БЕЛЬГІЯ: Ліга Жупіле - Вибування]
    4' Патро Ейсден - Беєрсхот ВА [БЕЛЬГІЯ: Ліга Жупіле - Вибування]
    34' ЄГИПЕТ: Прем'єр-ліга - Чемпіонська група Таблиця34'Замалек - Пайрамідс [ЄГИПЕТ: Прем'єр-ліга - Чемпіонська група]
    34' ПОРТУГАЛІЯ: Ліга Португалії Таблиця34'Каса Піа - Брага [ПОРТУГАЛІЯ: Ліга Португалії]
    45' РУМУНІЯ: Кубок Румунії - Плей-офПерерваДінамо Б. - Університатя Крайова [РУМУНІЯ: Кубок Румунії - Плей-оф]
    34' СЕРБІЯ: Суперліга - Група вибування Таблиця34'Младост Лучани - Раднічки 1923 [СЕРБІЯ: Суперліга - Група вибування]
  ✔ 73' АЛБАНІЯ: Кубок Албанії73'Влазнія - Динамо Тирана [АЛБАНІЯ: Кубок Албанії] id=rasq0NPq
  ✔ 90' НІДЕРЛАНДИ: Ередивізі Таблиця90'Гоу Ехед Іглс - АЗ Алкмар [НІДЕРЛАНДИ: Ередивізі] id=vqsdYG9F
  ✔ 72' ШВЕЦІЯ: Аллсвенскан Таблиця72'ГАІС - М'єльбю [ШВЕЦІЯ: Аллсвенскан] id=2DUUklFt
  Found: 3 candidates, 2 new, 4 permanently skipped

→ АЛБАНІЯ: Кубок Албанії73'Влазнія - Динамо Тирана (73') [АЛБАНІЯ: Кубок Албанії]

→ ШВЕЦІЯ: Аллсвенскан Таблиця72'ГАІС - М'єльбю (72') [ШВЕЦІЯ: Аллсвенскан]
  Кф 1X2: 2.49 / 3.24 / 2.79
  Кф 1X2: 2.36 / 3.15 / 3.05
  Desktop: https://www.flashscore.ua/match/soccer/dinamo-tirana-KdZNQkgm/vllaznia-0OGo7WXG/?mid=rasq0NPq
  Desktop: https://www.flashscore.ua/match/soccer/gais-bJewAOTf/mjallby-S0XtXM1E/?mid=2DUUklFt
  [stats] 2DUUklFt → both, 31 metrics
  [stats] rasq0NPq → both, 5 metrics
  Features: quality=1, primary=6, status=both
  Model v2: pGoal=0.566, pDry=0.434 sq=0.7229 state=pressureGrowth | 70-80 → SKIP | Δ2H SOT=1 xG=0.26 (Δ3′ матчу)
  Features: quality=0.23, primary=2, status=both
  Model v2: pGoal=0.288, pDry=0.712 sq=0.5719 state=dry | 70-80 → SKIP | Δ2H SOT=0 xG=— (Δ4′ матчу)

Done: 2 analyzed, 0 actionable, 0 TG sent

🔍 Checking 1 possibly finished match(es)...
  ⏳ ТУРЕЧЧИНА: Кубок Туреччини - Плей-оф75'Самсунспор - Трабзонспор: still live 0:0
📌 Tracking 3 active prediction(s)

🔥 RUN #33: analyzed=2, signals=0
⏳ Next scan in 3m...
[21:37:09] Live scan
  Запуск live-скрапера (після ранкових Telegram, якщо були).
Opening: https://m.flashscore.ua/?s=2 (minute >= 60, 0:0 only)
Provider health [https://m.flashscore.ua/?s=2]: rows=32, 0:0 total=11, candidates=1
  ⏸ 0:0 ще рано (< 60'):
    38' Райо Вальєкано - Еспаньйол [ІСПАНІЯ: Ла Ліга]
    50' АРГЕНТИНА: Ліга дублерів - Апертура Таблиця50'Барракас Сентраль 2 - Депортіво Рієстра 2 [АРГЕНТИНА: Ліга дублерів - Апертура]
    38' Естудіантес Ріо-Куарто 2 - Інстітуто 2 [АРГЕНТИНА: Ліга дублерів - Апертура]
    38' Платенсе 2 - Архентінос Хун. 2 [АРГЕНТИНА: Ліга дублерів - Апертура]
    8' БЕЛЬГІЯ: Ліга Жупіле - Вибування8'Ломмел СК - РФК Льєж [БЕЛЬГІЯ: Ліга Жупіле - Вибування]
    8' Патро Ейсден - Беєрсхот ВА [БЕЛЬГІЯ: Ліга Жупіле - Вибування]
    38' ЄГИПЕТ: Прем'єр-ліга - Чемпіонська група Таблиця38'Замалек - Пайрамідс [ЄГИПЕТ: Прем'єр-ліга - Чемпіонська група]
    45' РУМУНІЯ: Кубок Румунії - Плей-офПерерваДінамо Б. - Університатя Крайова [РУМУНІЯ: Кубок Румунії - Плей-оф]
    38' СЕРБІЯ: Суперліга - Група вибування Таблиця38'Младост Лучани - Раднічки 1923 [СЕРБІЯ: Суперліга - Група вибування]
  ✔ 76' ШВЕЦІЯ: Аллсвенскан Таблиця76'ГАІС - М'єльбю [ШВЕЦІЯ: Аллсвенскан] id=2DUUklFt
  Found: 1 candidates, 1 new, 4 permanently skipped

→ ШВЕЦІЯ: Аллсвенскан Таблиця76'ГАІС - М'єльбю (76') [ШВЕЦІЯ: Аллсвенскан]
  Кф 1X2: 2.49 / 3.24 / 2.79
  Desktop: https://www.flashscore.ua/match/soccer/gais-bJewAOTf/mjallby-S0XtXM1E/?mid=2DUUklFt
  [stats] 2DUUklFt → both, 32 metrics
  Features: quality=1, primary=6, status=both
  Model v2: pGoal=0.435, pDry=0.565 sq=0.7386 state=pressureGrowth | 70-80 → UNDER_0_5 | Δ2H SOT=0 xG=0.03 (Δ4′ матчу) [TG]
  [ggbet] Not found: ШВЕЦІЯ: Аллсвенскан Таблиця76'ГАІС - М'єльбю
Message sent to Telegram
  ✓ Telegram sent

Done: 1 analyzed, 1 actionable, 1 TG sent

🔍 Checking 3 possibly finished match(es)...
  ⚽ ТУРЕЧЧИНА: Кубок Туреччини - Плей-оф75'Самсунспор - Трабзонспор: 0:1 [GOAL→resolved] → ТМ:❌
Message sent to Telegram
  ✓ Telegram result sent (0:1 (ще триває, гол вирішив))
  ⏳ НІДЕРЛАНДИ: Ередивізі Таблиця80'Гоу Ехед Іглс - АЗ Алкмар: still live 0:0
  ⚽ undefined - undefined: 0:1 [GOAL→resolved] → 
📌 Tracking 2 active prediction(s)

🔥 RUN #34: analyzed=1, signals=1
⏳ Next scan in 3m...
[21:40:47] Live scan
  Запуск live-скрапера (після ранкових Telegram, якщо були).
Opening: https://m.flashscore.ua/?s=2 (minute >= 60, 0:0 only)
Provider health [https://m.flashscore.ua/?s=2]: rows=30, 0:0 total=9, candidates=1
  ⏸ 0:0 ще рано (< 60'):
    41' Райо Вальєкано - Еспаньйол [ІСПАНІЯ: Ла Ліга]
    54' АРГЕНТИНА: Ліга дублерів - Апертура Таблиця54'Барракас Сентраль 2 - Депортіво Рієстра 2 [АРГЕНТИНА: Ліга дублерів - Апертура]
    41' Платенсе 2 - Архентінос Хун. 2 [АРГЕНТИНА: Ліга дублерів - Апертура]
    11' БЕЛЬГІЯ: Ліга Жупіле - Вибування11'Ломмел СК - РФК Льєж [БЕЛЬГІЯ: Ліга Жупіле - Вибування]
    11' Патро Ейсден - Беєрсхот ВА [БЕЛЬГІЯ: Ліга Жупіле - Вибування]
    41' ЄГИПЕТ: Прем'єр-ліга - Чемпіонська група Таблиця41'Замалек - Пайрамідс [ЄГИПЕТ: Прем'єр-ліга - Чемпіонська група]
    46' РУМУНІЯ: Кубок Румунії - Плей-оф46'Дінамо Б. - Університатя Крайова [РУМУНІЯ: Кубок Румунії - Плей-оф]
    41' СЕРБІЯ: Суперліга - Група вибування Таблиця41'Младост Лучани - Раднічки 1923 [СЕРБІЯ: Суперліга - Група вибування]
  ✔ 80' ШВЕЦІЯ: Аллсвенскан Таблиця80'ГАІС - М'єльбю [ШВЕЦІЯ: Аллсвенскан] id=2DUUklFt
  Found: 1 candidates, 1 new, 4 permanently skipped

→ ШВЕЦІЯ: Аллсвенскан Таблиця80'ГАІС - М'єльбю (80') [ШВЕЦІЯ: Аллсвенскан]
  Кф 1X2: 2.49 / 3.24 / 2.79
  Desktop: https://www.flashscore.ua/match/soccer/gais-bJewAOTf/mjallby-S0XtXM1E/?mid=2DUUklFt
  [stats] 2DUUklFt → both, 32 metrics
  Features: quality=1, primary=6, status=both
  Model v2: pGoal=0.435, pDry=0.565 sq=0.7543 state=pressureGrowth | 80-90+ → SKIP | Δ2H SOT=0 xG=0 (Δ4′ матчу)

Done: 1 analyzed, 0 actionable, 0 TG sent

🔍 Checking 1 possibly finished match(es)...
  ⚽ НІДЕРЛАНДИ: Ередивізі Таблиця80'Гоу Ехед Іглс - АЗ Алкмар: 0:0 [FT] → ТБ:❌
Message sent to Telegram
  ✓ Telegram result sent (FT)
📌 Tracking 1 active prediction(s)

🔥 RUN #35: analyzed=1, signals=0
⏳ Next scan in 3m...
[21:44:16] Live scan
  Запуск live-скрапера (після ранкових Telegram, якщо були).
Opening: https://m.flashscore.ua/?s=2 (minute >= 60, 0:0 only)
Provider health [https://m.flashscore.ua/?s=2]: rows=29, 0:0 total=8, candidates=1
  ⏸ 0:0 ще рано (< 60'):
    45' Райо Вальєкано - Еспаньйол [ІСПАНІЯ: Ла Ліга]
    57' АРГЕНТИНА: Ліга дублерів - Апертура Таблиця57'Барракас Сентраль 2 - Депортіво Рієстра 2 [АРГЕНТИНА: Ліга дублерів - Апертура]
    45' Платенсе 2 - Архентінос Хун. 2 [АРГЕНТИНА: Ліга дублерів - Апертура]
    15' Патро Ейсден - Беєрсхот ВА [БЕЛЬГІЯ: Ліга Жупіле - Вибування]
    45' ЄГИПЕТ: Прем'єр-ліга - Чемпіонська група Таблиця45'Замалек - Пайрамідс [ЄГИПЕТ: Прем'єр-ліга - Чемпіонська група]
    50' РУМУНІЯ: Кубок Румунії - Плей-оф50'Дінамо Б. - Університатя Крайова [РУМУНІЯ: Кубок Румунії - Плей-оф]
    45' СЕРБІЯ: Суперліга - Група вибування Таблиця45'Младост Лучани - Раднічки 1923 [СЕРБІЯ: Суперліга - Група вибування]
  ✔ 83' ШВЕЦІЯ: Аллсвенскан Таблиця83'ГАІС - М'єльбю [ШВЕЦІЯ: Аллсвенскан] id=2DUUklFt
  Found: 1 candidates, 1 new, 4 permanently skipped

→ ШВЕЦІЯ: Аллсвенскан Таблиця83'ГАІС - М'єльбю (83') [ШВЕЦІЯ: Аллсвенскан]
  Кф 1X2: 2.49 / 3.24 / 2.79
  Desktop: https://www.flashscore.ua/match/soccer/gais-bJewAOTf/mjallby-S0XtXM1E/?mid=2DUUklFt
  [stats] 2DUUklFt → both, 33 metrics
  Features: quality=1, primary=6, status=both
  Model v2: pGoal=0.435, pDry=0.565 sq=0.77 state=accumulatedPressure | 80-90+ → SKIP | Δ2H SOT=0 xG=0.03 (Δ3′ матчу)

Done: 1 analyzed, 0 actionable, 0 TG sent
📌 Tracking 1 active prediction(s)

🔥 RUN #36: analyzed=1, signals=0
⏳ Next scan in 3m...
[21:47:41] Live scan
  Запуск live-скрапера (після ранкових Telegram, якщо були).
Opening: https://m.flashscore.ua/?s=2 (minute >= 60, 0:0 only)
Provider health [https://m.flashscore.ua/?s=2]: rows=30, 0:0 total=9, candidates=2
  ⏸ 0:0 ще рано (< 60'):
    17' Патро Ейсден - Беєрсхот ВА [БЕЛЬГІЯ: Ліга Жупіле - Вибування]
    2' БЕЛЬГІЯ: Ліга Жупіле - Чемпіонська група Таблиця2'Сінт-Трейден - Андерлехт [БЕЛЬГІЯ: Ліга Жупіле - Чемпіонська група]
    52' РУМУНІЯ: Кубок Румунії - Плей-оф52'Дінамо Б. - Університатя Крайова [РУМУНІЯ: Кубок Румунії - Плей-оф]
    45' СЕРБІЯ: Суперліга - Група вибування ТаблицяПерерваМладост Лучани - Раднічки 1923 [СЕРБІЯ: Суперліга - Група вибування]
  ✔ 60' АРГЕНТИНА: Ліга дублерів - Апертура Таблиця60'Барракас Сентраль 2 - Депортіво Рієстра 2 [АРГЕНТИНА: Ліга дублерів - Апертура] id=zH9dLkPp
  ✔ 86' ШВЕЦІЯ: Аллсвенскан Таблиця86'ГАІС - М'єльбю [ШВЕЦІЯ: Аллсвенскан] id=2DUUklFt
  Found: 2 candidates, 2 new, 4 permanently skipped

→ АРГЕНТИНА: Ліга дублерів - Апертура Таблиця60'Барракас Сентраль 2 - Депортіво Рієстра 2 (60') [АРГЕНТИНА: Ліга дублерів - Апертура]

→ ШВЕЦІЯ: Аллсвенскан Таблиця86'ГАІС - М'єльбю (86') [ШВЕЦІЯ: Аллсвенскан]
  Кф 1X2: 2.63 / 3.16 / 2.69
  Кф 1X2: 2.49 / 3.24 / 2.79
  Desktop: https://www.flashscore.ua/match/soccer/barracas-central-SpMY4btk/deportivo-riestra-6yLx4Iee/?mid=zH9dLkPp
  Desktop: https://www.flashscore.ua/match/soccer/gais-bJewAOTf/mjallby-S0XtXM1E/?mid=2DUUklFt
  [stats] 2DUUklFt → both, 33 metrics
  [stats] zH9dLkPp → both, 5 metrics
  Features: quality=1, primary=6, status=both
  Model v2: pGoal=0.435, pDry=0.565 sq=0.7857 state=accumulatedPressure | 80-90+ → SKIP | Δ2H SOT=0 xG=0.06 (Δ3′ матчу)
  Features: quality=0.23, primary=2, status=both
  Model v2: pGoal=0.343, pDry=0.657 sq=0.5247 state=dry | 60-70 → SKIP

Done: 2 analyzed, 0 actionable, 0 TG sent
📌 Tracking 1 active prediction(s)

🔥 RUN #37: analyzed=2, signals=0
Message sent to Telegram
⏳ Next scan in 3m...
[21:51:10] Live scan
  Запуск live-скрапера (після ранкових Telegram, якщо були).
Opening: https://m.flashscore.ua/?s=2 (minute >= 60, 0:0 only)
Provider health [https://m.flashscore.ua/?s=2]: rows=29, 0:0 total=9, candidates=2
  ⏸ 0:0 ще рано (< 60'):
    45' Платенсе 2 - Архентінос Хун. 2 [АРГЕНТИНА: Ліга дублерів - Апертура]
    6' БЕЛЬГІЯ: Ліга Жупіле - Чемпіонська група Таблиця6'Сінт-Трейден - Андерлехт [БЕЛЬГІЯ: Ліга Жупіле - Чемпіонська група]
    45' ЄГИПЕТ: Прем'єр-ліга - Чемпіонська група ТаблицяПерерваЗамалек - Пайрамідс [ЄГИПЕТ: Прем'єр-ліга - Чемпіонська група]
    6' НІМЕЧЧИНА: Кубок Німеччини6'Штутгарт - Фрайбург [НІМЕЧЧИНА: Кубок Німеччини]
    56' РУМУНІЯ: Кубок Румунії - Плей-оф56'Дінамо Б. - Університатя Крайова [РУМУНІЯ: Кубок Румунії - Плей-оф]
    45' СЕРБІЯ: Суперліга - Група вибування ТаблицяПерерваМладост Лучани - Раднічки 1923 [СЕРБІЯ: Суперліга - Група вибування]
  ✔ 64' АРГЕНТИНА: Ліга дублерів - Апертура Таблиця64'Барракас Сентраль 2 - Депортіво Рієстра 2 [АРГЕНТИНА: Ліга дублерів - Апертура] id=zH9dLkPp
  ✔ 90' ШВЕЦІЯ: Аллсвенскан Таблиця90'ГАІС - М'єльбю [ШВЕЦІЯ: Аллсвенскан] id=2DUUklFt
  Found: 2 candidates, 2 new, 4 permanently skipped

→ АРГЕНТИНА: Ліга дублерів - Апертура Таблиця64'Барракас Сентраль 2 - Депортіво Рієстра 2 (64') [АРГЕНТИНА: Ліга дублерів - Апертура]

→ ШВЕЦІЯ: Аллсвенскан Таблиця90'ГАІС - М'єльбю (90') [ШВЕЦІЯ: Аллсвенскан]
  Кф 1X2: 2.63 / 3.16 / 2.69
  Кф 1X2: 2.49 / 3.24 / 2.79
  Desktop: https://www.flashscore.ua/match/soccer/gais-bJewAOTf/mjallby-S0XtXM1E/?mid=2DUUklFt
  Desktop: https://www.flashscore.ua/match/soccer/barracas-central-SpMY4btk/deportivo-riestra-6yLx4Iee/?mid=zH9dLkPp
  [stats] 2DUUklFt → both, 33 metrics
  [stats] zH9dLkPp → both, 5 metrics
  Features: quality=1, primary=6, status=both
  Model v2: pGoal=0.435, pDry=0.565 sq=0.8014 state=accumulatedPressure | 80-90+ → SKIP | Δ2H SOT=0 xG=0.17 (Δ4′ матчу)
  Features: quality=0.23, primary=2, status=both
  Model v2: pGoal=0.283, pDry=0.717 sq=0.5404 state=dry | 60-70 → SKIP | Δ2H SOT=0 xG=— (Δ4′ матчу)
  🔔 dryAlert встановлено (стан dry@64')

Done: 2 analyzed, 0 actionable, 0 TG sent
📌 Tracking 2 active prediction(s)

🔥 RUN #38: analyzed=2, signals=0
⏳ Next scan in 3m...
[21:54:39] Live scan
  Запуск live-скрапера (після ранкових Telegram, якщо були).
Opening: https://m.flashscore.ua/?s=2 (minute >= 60, 0:0 only)
Provider health [https://m.flashscore.ua/?s=2]: rows=28, 0:0 total=9, candidates=2
  ⏸ 0:0 ще рано (< 60'):
    45' Райо Вальєкано - Еспаньйол [ІСПАНІЯ: Ла Ліга]
    45' Платенсе 2 - Архентінос Хун. 2 [АРГЕНТИНА: Ліга дублерів - Апертура]
    10' БЕЛЬГІЯ: Ліга Жупіле - Чемпіонська група Таблиця10'Сінт-Трейден - Андерлехт [БЕЛЬГІЯ: Ліга Жупіле - Чемпіонська група]
    45' ЄГИПЕТ: Прем'єр-ліга - Чемпіонська група ТаблицяПерерваЗамалек - Пайрамідс [ЄГИПЕТ: Прем'єр-ліга - Чемпіонська група]
    10' НІМЕЧЧИНА: Кубок Німеччини10'Штутгарт - Фрайбург [НІМЕЧЧИНА: Кубок Німеччини]
    45' СЕРБІЯ: Суперліга - Група вибування ТаблицяПерерваМладост Лучани - Раднічки 1923 [СЕРБІЯ: Суперліга - Група вибування]
  ✔ 67' АРГЕНТИНА: Ліга дублерів - Апертура Таблиця67'Барракас Сентраль 2 - Депортіво Рієстра 2 [АРГЕНТИНА: Ліга дублерів - Апертура] id=zH9dLkPp
  ✔ 60' РУМУНІЯ: Кубок Румунії - Плей-оф60'Дінамо Б. - Університатя Крайова [РУМУНІЯ: Кубок Румунії - Плей-оф] id=YXozbeCU
  Found: 2 candidates, 2 new, 4 permanently skipped

→ АРГЕНТИНА: Ліга дублерів - Апертура Таблиця67'Барракас Сентраль 2 - Депортіво Рієстра 2 (67') [АРГЕНТИНА: Ліга дублерів - Апертура]

→ РУМУНІЯ: Кубок Румунії - Плей-оф60'Дінамо Б. - Університатя Крайова (60') [РУМУНІЯ: Кубок Румунії - Плей-оф]
  Кф 1X2: 2.63 / 3.16 / 2.69
  Кф 1X2: 2.66 / 3.04 / 2.74
  Desktop: https://www.flashscore.ua/match/soccer/barracas-central-SpMY4btk/deportivo-riestra-6yLx4Iee/?mid=zH9dLkPp
  Desktop: https://www.flashscore.ua/match/soccer/dinamo-bucuresti-rBgMi3MH/univ-craiova-bsd9fGaK/?mid=YXozbeCU
  [stats] zH9dLkPp → both, 5 metrics
  [stats] YXozbeCU → both, 9 metrics
  Features: quality=0.23, primary=2, status=both
  Model v2: pGoal=0.283, pDry=0.717 sq=0.5561 state=dry | 60-70 → SKIP | Δ2H SOT=0 xG=— (Δ3′ матчу)
  🔔 dryAlert встановлено (стан dry@67')
  Features: quality=0.23, primary=2, status=both
  Model v2: pGoal=0.343, pDry=0.657 sq=0.5247 state=dry | 60-70 → SKIP

Done: 2 analyzed, 0 actionable, 0 TG sent

🔍 Checking 1 possibly finished match(es)...

❌ RUN #39 FAILED: Protocol error (Target.createTarget): Session with given id not found.
⏳ Next scan in 3m...
[21:58:06] Live scan
  Запуск live-скрапера (після ранкових Telegram, якщо були).
Opening: https://m.flashscore.ua/?s=2 (minute >= 60, 0:0 only)
Provider health [https://m.flashscore.ua/?s=2]: rows=27, 0:0 total=9, candidates=2
  ⏸ 0:0 ще рано (< 60'):
    45' Райо Вальєкано - Еспаньйол [ІСПАНІЯ: Ла Ліга]
    45' Платенсе 2 - Архентінос Хун. 2 [АРГЕНТИНА: Ліга дублерів - Апертура]
    13' БЕЛЬГІЯ: Ліга Жупіле - Чемпіонська група Таблиця13'Сінт-Трейден - Андерлехт [БЕЛЬГІЯ: Ліга Жупіле - Чемпіонська група]
    45' ЄГИПЕТ: Прем'єр-ліга - Чемпіонська група ТаблицяПерерваЗамалек - Пайрамідс [ЄГИПЕТ: Прем'єр-ліга - Чемпіонська група]
    13' НІМЕЧЧИНА: Кубок Німеччини13'Штутгарт - Фрайбург [НІМЕЧЧИНА: Кубок Німеччини]
    45' СЕРБІЯ: Суперліга - Група вибування ТаблицяПерерваМладост Лучани - Раднічки 1923 [СЕРБІЯ: Суперліга - Група вибування]
  ✔ 71' АРГЕНТИНА: Ліга дублерів - Апертура Таблиця71'Барракас Сентраль 2 - Депортіво Рієстра 2 [АРГЕНТИНА: Ліга дублерів - Апертура] id=zH9dLkPp
  ✔ 63' РУМУНІЯ: Кубок Румунії - Плей-оф63'Дінамо Б. - Університатя Крайова [РУМУНІЯ: Кубок Румунії - Плей-оф] id=YXozbeCU
  Found: 2 candidates, 2 new, 4 permanently skipped

→ АРГЕНТИНА: Ліга дублерів - Апертура Таблиця71'Барракас Сентраль 2 - Депортіво Рієстра 2 (71') [АРГЕНТИНА: Ліга дублерів - Апертура]

→ РУМУНІЯ: Кубок Румунії - Плей-оф63'Дінамо Б. - Університатя Крайова (63') [РУМУНІЯ: Кубок Румунії - Плей-оф]
  Кф 1X2: 2.63 / 3.16 / 2.69
  Кф 1X2: 2.66 / 3.04 / 2.74
  Desktop: https://www.flashscore.ua/match/soccer/barracas-central-SpMY4btk/deportivo-riestra-6yLx4Iee/?mid=zH9dLkPp
  Desktop: https://www.flashscore.ua/match/soccer/dinamo-bucuresti-rBgMi3MH/univ-craiova-bsd9fGaK/?mid=YXozbeCU
  [stats] YXozbeCU → both, 9 metrics
  [stats] zH9dLkPp → both, 5 metrics
  Features: quality=0.23, primary=2, status=both
  Model v2: pGoal=0.282, pDry=0.718 sq=0.5404 state=dry | 60-70 → SKIP | Δ2H SOT=0 xG=— (Δ3′ матчу)
  🔔 dryAlert встановлено (стан dry@63')
  Features: quality=0.23, primary=2, status=both
  Model v2: pGoal=0.283, pDry=0.717 sq=0.5719 state=dry | 70-80 → SKIP | Δ2H SOT=0 xG=— (Δ4′ матчу)

Done: 2 analyzed, 0 actionable, 0 TG sent

🔍 Checking 1 possibly finished match(es)...
  ⚽ ШВЕЦІЯ: Аллсвенскан Таблиця76'ГАІС - М'єльбю: 0:0 [FT] → ТМ:✅
Message sent to Telegram
  ✓ Telegram result sent (FT)
📌 Tracking 2 active prediction(s)

🔥 RUN #40: analyzed=2, signals=0
⏳ Next scan in 3m...
[22:01:37] Live scan
  Запуск live-скрапера (після ранкових Telegram, якщо були).
Opening: https://m.flashscore.ua/?s=2 (minute >= 60, 0:0 only)
Provider health [https://m.flashscore.ua/?s=2]: rows=24, 0:0 total=10, candidates=2
  ⏸ 0:0 ще рано (< 60'):
    45' Райо Вальєкано - Еспаньйол [ІСПАНІЯ: Ла Ліга]
    2' АНГЛІЯ: Друга ліга Таблиця2'Солфорд - Бромлі [АНГЛІЯ: Друга ліга]
    45' Платенсе 2 - Архентінос Хун. 2 [АРГЕНТИНА: Ліга дублерів - Апертура]
    17' БЕЛЬГІЯ: Ліга Жупіле - Чемпіонська група Таблиця17'Сінт-Трейден - Андерлехт [БЕЛЬГІЯ: Ліга Жупіле - Чемпіонська група]
    2' БОЛІВІЯ: Професійна ліга Таблиця2'СА Було Було - Реал Оруро [БОЛІВІЯ: Професійна ліга]
    45' ЄГИПЕТ: Прем'єр-ліга - Чемпіонська група ТаблицяПерерваЗамалек - Пайрамідс [ЄГИПЕТ: Прем'єр-ліга - Чемпіонська група]
    17' НІМЕЧЧИНА: Кубок Німеччини17'Штутгарт - Фрайбург [НІМЕЧЧИНА: Кубок Німеччини]
    46' СЕРБІЯ: Суперліга - Група вибування Таблиця46'Младост Лучани - Раднічки 1923 [СЕРБІЯ: Суперліга - Група вибування]
  ✔ 75' АРГЕНТИНА: Ліга дублерів - Апертура Таблиця75'Барракас Сентраль 2 - Депортіво Рієстра 2 [АРГЕНТИНА: Ліга дублерів - Апертура] id=zH9dLkPp
  ✔ 67' РУМУНІЯ: Кубок Румунії - Плей-оф67'Дінамо Б. - Університатя Крайова [РУМУНІЯ: Кубок Румунії - Плей-оф] id=YXozbeCU
  Found: 2 candidates, 2 new, 4 permanently skipped

→ АРГЕНТИНА: Ліга дублерів - Апертура Таблиця75'Барракас Сентраль 2 - Депортіво Рієстра 2 (75') [АРГЕНТИНА: Ліга дублерів - Апертура]

→ РУМУНІЯ: Кубок Румунії - Плей-оф67'Дінамо Б. - Університатя Крайова (67') [РУМУНІЯ: Кубок Румунії - Плей-оф]
  Кф 1X2: 2.63 / 3.16 / 2.69
  Кф 1X2: 2.66 / 3.04 / 2.74
  Desktop: https://www.flashscore.ua/match/soccer/barracas-central-SpMY4btk/deportivo-riestra-6yLx4Iee/?mid=zH9dLkPp
  Desktop: https://www.flashscore.ua/match/soccer/dinamo-bucuresti-rBgMi3MH/univ-craiova-bsd9fGaK/?mid=YXozbeCU
  [stats] YXozbeCU → both, 9 metrics
  [stats] zH9dLkPp → both, 5 metrics
  Features: quality=0.23, primary=2, status=both
  Model v2: pGoal=0.412, pDry=0.588 sq=0.4761 state=dry | 60-70 → SKIP | Δ2H SOT=1 xG=— (Δ4′ матчу)
  🔔 dryAlert встановлено (стан dry@67')
  Features: quality=0.23, primary=2, status=both
  Model v2: pGoal=0.483, pDry=0.517 sq=0.5076 state=lateSurge | 70-80 → SKIP | Δ2H SOT=0 xG=— (Δ4′ матчу)

Done: 2 analyzed, 0 actionable, 0 TG sent
📌 Tracking 2 active prediction(s)

🔥 RUN #41: analyzed=2, signals=0
⏳ Next scan in 3m...
[22:05:05] Live scan
  Запуск live-скрапера (після ранкових Telegram, якщо були).
Opening: https://m.flashscore.ua/?s=2 (minute >= 60, 0:0 only)
Provider health [https://m.flashscore.ua/?s=2]: rows=24, 0:0 total=9, candidates=2
  ⏸ 0:0 ще рано (< 60'):
    45' ІСПАНІЯ: Ла Ліга ТаблицяПерерваРайо Вальєкано - Еспаньйол [ІСПАНІЯ: Ла Ліга]
    5' АНГЛІЯ: Друга ліга Таблиця5'Солфорд - Бромлі [АНГЛІЯ: Друга ліга]
    20' БЕЛЬГІЯ: Ліга Жупіле - Чемпіонська група Таблиця20'Сінт-Трейден - Андерлехт [БЕЛЬГІЯ: Ліга Жупіле - Чемпіонська група]
    45' ЄГИПЕТ: Прем'єр-ліга - Чемпіонська група ТаблицяПерерваЗамалек - Пайрамідс [ЄГИПЕТ: Прем'єр-ліга - Чемпіонська група]
    5' НІДЕРЛАНДИ: Ередивізі Таблиця5'ПСВ - Зволле [НІДЕРЛАНДИ: Ередивізі]
    20' НІМЕЧЧИНА: Кубок Німеччини20'Штутгарт - Фрайбург [НІМЕЧЧИНА: Кубок Німеччини]
    50' СЕРБІЯ: Суперліга - Група вибування Таблиця50'Младост Лучани - Раднічки 1923 [СЕРБІЯ: Суперліга - Група вибування]
  ✔ 78' АРГЕНТИНА: Ліга дублерів - Апертура Таблиця78'Барракас Сентраль 2 - Депортіво Рієстра 2 [АРГЕНТИНА: Ліга дублерів - Апертура] id=zH9dLkPp
  ✔ 70' РУМУНІЯ: Кубок Румунії - Плей-оф70'Дінамо Б. - Університатя Крайова [РУМУНІЯ: Кубок Румунії - Плей-оф] id=YXozbeCU
  Found: 2 candidates, 2 new, 4 permanently skipped

→ АРГЕНТИНА: Ліга дублерів - Апертура Таблиця78'Барракас Сентраль 2 - Депортіво Рієстра 2 (78') [АРГЕНТИНА: Ліга дублерів - Апертура]

→ РУМУНІЯ: Кубок Румунії - Плей-оф70'Дінамо Б. - Університатя Крайова (70') [РУМУНІЯ: Кубок Румунії - Плей-оф]
  Кф 1X2: 2.63 / 3.16 / 2.69
  Кф 1X2: 2.66 / 3.04 / 2.74
  Desktop: https://www.flashscore.ua/match/soccer/barracas-central-SpMY4btk/deportivo-riestra-6yLx4Iee/?mid=zH9dLkPp
  Desktop: https://www.flashscore.ua/match/soccer/dinamo-bucuresti-rBgMi3MH/univ-craiova-bsd9fGaK/?mid=YXozbeCU
  [stats] zH9dLkPp → both, 5 metrics
  [stats] YXozbeCU → both, 9 metrics
  Features: quality=0.23, primary=2, status=both
  Model v2: pGoal=0.283, pDry=0.717 sq=0.6033 state=dry | 70-80 → SKIP | Δ2H SOT=0 xG=— (Δ3′ матчу)
  Features: quality=0.23, primary=2, status=both
  Model v2: pGoal=0.463, pDry=0.537 sq=0.4919 state=dry | 70-80 → SKIP | Δ2H SOT=1 xG=— (Δ3′ матчу)

❌ RUN #42 FAILED: Protocol error (Target.closeTarget): Session with given id not found.
⏳ Next scan in 3m...
[22:08:34] Live scan
  Запуск live-скрапера (після ранкових Telegram, якщо були).
Opening: https://m.flashscore.ua/?s=2 (minute >= 60, 0:0 only)
Provider health [https://m.flashscore.ua/?s=2]: rows=24, 0:0 total=9, candidates=2
  ⏸ 0:0 ще рано (< 60'):
    45' ІСПАНІЯ: Ла Ліга ТаблицяПерерваРайо Вальєкано - Еспаньйол [ІСПАНІЯ: Ла Ліга]
    9' АНГЛІЯ: Друга ліга Таблиця9'Солфорд - Бромлі [АНГЛІЯ: Друга ліга]
    24' БЕЛЬГІЯ: Ліга Жупіле - Чемпіонська група Таблиця24'Сінт-Трейден - Андерлехт [БЕЛЬГІЯ: Ліга Жупіле - Чемпіонська група]
    45' ЄГИПЕТ: Прем'єр-ліга - Чемпіонська група ТаблицяПерерваЗамалек - Пайрамідс [ЄГИПЕТ: Прем'єр-ліга - Чемпіонська група]
    9' НІДЕРЛАНДИ: Ередивізі Таблиця9'ПСВ - Зволле [НІДЕРЛАНДИ: Ередивізі]
    24' НІМЕЧЧИНА: Кубок Німеччини24'Штутгарт - Фрайбург [НІМЕЧЧИНА: Кубок Німеччини]
    53' СЕРБІЯ: Суперліга - Група вибування Таблиця53'Младост Лучани - Раднічки 1923 [СЕРБІЯ: Суперліга - Група вибування]
  ✔ 82' АРГЕНТИНА: Ліга дублерів - Апертура Таблиця82'Барракас Сентраль 2 - Депортіво Рієстра 2 [АРГЕНТИНА: Ліга дублерів - Апертура] id=zH9dLkPp
  ✔ 74' РУМУНІЯ: Кубок Румунії - Плей-оф74'Дінамо Б. - Університатя Крайова [РУМУНІЯ: Кубок Румунії - Плей-оф] id=YXozbeCU
  Found: 2 candidates, 2 new, 4 permanently skipped

→ АРГЕНТИНА: Ліга дублерів - Апертура Таблиця82'Барракас Сентраль 2 - Депортіво Рієстра 2 (82') [АРГЕНТИНА: Ліга дублерів - Апертура]

→ РУМУНІЯ: Кубок Румунії - Плей-оф74'Дінамо Б. - Університатя Крайова (74') [РУМУНІЯ: Кубок Румунії - Плей-оф]
  Кф 1X2: 2.63 / 3.16 / 2.69
  Кф 1X2: 2.66 / 3.04 / 2.74
  Desktop: https://www.flashscore.ua/match/soccer/barracas-central-SpMY4btk/deportivo-riestra-6yLx4Iee/?mid=zH9dLkPp
  Desktop: https://www.flashscore.ua/match/soccer/dinamo-bucuresti-rBgMi3MH/univ-craiova-bsd9fGaK/?mid=YXozbeCU
  [stats] YXozbeCU → both, 9 metrics
  [stats] zH9dLkPp → both, 5 metrics
  Features: quality=0.23, primary=2, status=both
  Model v2: pGoal=0.283, pDry=0.717 sq=0.619 state=dry | 80-90+ → SKIP | Δ2H SOT=0 xG=— (Δ4′ матчу)
  Features: quality=0.23, primary=2, status=both
  Model v2: pGoal=0.532, pDry=0.468 sq=0.5076 state=lateSurge | 70-80 → SKIP | Δ2H SOT=1 xG=— (Δ4′ матчу)

Done: 2 analyzed, 0 actionable, 0 TG sent
📌 Tracking 2 active prediction(s)

🔥 RUN #43: analyzed=2, signals=0
⏳ Next scan in 3m...
[22:12:03] Live scan
  Запуск live-скрапера (після ранкових Telegram, якщо були).
Opening: https://m.flashscore.ua/?s=2 (minute >= 60, 0:0 only)
Provider health [https://m.flashscore.ua/?s=2]: rows=24, 0:0 total=7, candidates=1
  ⏸ 0:0 ще рано (< 60'):
    47' ІСПАНІЯ: Ла Ліга Таблиця47'Райо Вальєкано - Еспаньйол [ІСПАНІЯ: Ла Ліга]
    13' АНГЛІЯ: Друга ліга Таблиця13'Солфорд - Бромлі [АНГЛІЯ: Друга ліга]
    28' БЕЛЬГІЯ: Ліга Жупіле - Чемпіонська група Таблиця28'Сінт-Трейден - Андерлехт [БЕЛЬГІЯ: Ліга Жупіле - Чемпіонська група]
    47' ЄГИПЕТ: Прем'єр-ліга - Чемпіонська група Таблиця47'Замалек - Пайрамідс [ЄГИПЕТ: Прем'єр-ліга - Чемпіонська група]
    28' НІМЕЧЧИНА: Кубок Німеччини28'Штутгарт - Фрайбург [НІМЕЧЧИНА: Кубок Німеччини]
    57' СЕРБІЯ: Суперліга - Група вибування Таблиця57'Младост Лучани - Раднічки 1923 [СЕРБІЯ: Суперліга - Група вибування]
  ✔ 78' РУМУНІЯ: Кубок Румунії - Плей-оф78'Дінамо Б. - Університатя Крайова [РУМУНІЯ: Кубок Румунії - Плей-оф] id=YXozbeCU
  Found: 1 candidates, 1 new, 4 permanently skipped

→ РУМУНІЯ: Кубок Румунії - Плей-оф78'Дінамо Б. - Університатя Крайова (78') [РУМУНІЯ: Кубок Румунії - Плей-оф]
  Кф 1X2: 2.66 / 3.04 / 2.74
  Desktop: https://www.flashscore.ua/match/soccer/dinamo-bucuresti-rBgMi3MH/univ-craiova-bsd9fGaK/?mid=YXozbeCU
  [stats] YXozbeCU → both, 9 metrics
  Features: quality=0.23, primary=2, status=both
  Model v2: pGoal=0.333, pDry=0.667 sq=0.6033 state=dry | 70-80 → SKIP | Δ2H SOT=0 xG=— (Δ4′ матчу)

Done: 1 analyzed, 0 actionable, 0 TG sent

🔍 Checking 1 possibly finished match(es)...
  ⚽ undefined - undefined: 1:0 [GOAL→resolved] → 
📌 Tracking 1 active prediction(s)

🔥 RUN #44: analyzed=1, signals=0
⏳ Next scan in 3m...
[22:15:29] Live scan
  Запуск live-скрапера (після ранкових Telegram, якщо були).
Opening: https://m.flashscore.ua/?s=2 (minute >= 60, 0:0 only)
Provider health [https://m.flashscore.ua/?s=2]: rows=24, 0:0 total=7, candidates=2
  ⏸ 0:0 ще рано (< 60'):
    50' ІСПАНІЯ: Ла Ліга Таблиця50'Райо Вальєкано - Еспаньйол [ІСПАНІЯ: Ла Ліга]
    16' АНГЛІЯ: Друга ліга Таблиця16'Солфорд - Бромлі [АНГЛІЯ: Друга ліга]
    31' БЕЛЬГІЯ: Ліга Жупіле - Чемпіонська група Таблиця31'Сінт-Трейден - Андерлехт [БЕЛЬГІЯ: Ліга Жупіле - Чемпіонська група]
    50' ЄГИПЕТ: Прем'єр-ліга - Чемпіонська група Таблиця50'Замалек - Пайрамідс [ЄГИПЕТ: Прем'єр-ліга - Чемпіонська група]
    31' НІМЕЧЧИНА: Кубок Німеччини31'Штутгарт - Фрайбург [НІМЕЧЧИНА: Кубок Німеччини]
  ✔ 81' РУМУНІЯ: Кубок Румунії - Плей-оф81'Дінамо Б. - Університатя Крайова [РУМУНІЯ: Кубок Румунії - Плей-оф] id=YXozbeCU
  ✔ 60' СЕРБІЯ: Суперліга - Група вибування Таблиця60'Младост Лучани - Раднічки 1923 [СЕРБІЯ: Суперліга - Група вибування] id=fi8Pcs76
  Found: 2 candidates, 2 new, 4 permanently skipped

→ РУМУНІЯ: Кубок Румунії - Плей-оф81'Дінамо Б. - Університатя Крайова (81') [РУМУНІЯ: Кубок Румунії - Плей-оф]

→ СЕРБІЯ: Суперліга - Група вибування Таблиця60'Младост Лучани - Раднічки 1923 (60') [СЕРБІЯ: Суперліга - Група вибування]
  Кф 1X2: 2.66 / 3.04 / 2.74
  Кф 1X2: 3.8 / 3.34 / 1.98
  Desktop: https://www.flashscore.ua/match/soccer/dinamo-bucuresti-rBgMi3MH/univ-craiova-bsd9fGaK/?mid=YXozbeCU
  Desktop: https://www.flashscore.ua/match/soccer/mladost-lucani-ER92eDNF/radnicki-1923-IXb191IM/?mid=fi8Pcs76
  [stats] YXozbeCU → both, 9 metrics
  [stats] fi8Pcs76 → both, 32 metrics
  Features: quality=0.23, primary=2, status=both
  Model v2: pGoal=0.282, pDry=0.718 sq=0.619 state=dry | 80-90+ → SKIP | Δ2H SOT=0 xG=— (Δ3′ матчу)
  Features: quality=1, primary=6, status=both
  Model v2: pGoal=0.357, pDry=0.643 sq=0.7557 state=dry | 60-70 → SKIP

Done: 2 analyzed, 0 actionable, 0 TG sent
📌 Tracking 1 active prediction(s)

🔥 RUN #45: analyzed=2, signals=0
⏳ Next scan in 3m...
[22:18:57] Live scan
  Запуск live-скрапера (після ранкових Telegram, якщо були).
Opening: https://m.flashscore.ua/?s=2 (minute >= 60, 0:0 only)
Provider health [https://m.flashscore.ua/?s=2]: rows=26, 0:0 total=8, candidates=2
  ⏸ 0:0 ще рано (< 60'):
    53' ІСПАНІЯ: Ла Ліга Таблиця53'Райо Вальєкано - Еспаньйол [ІСПАНІЯ: Ла Ліга]
    19' АНГЛІЯ: Друга ліга Таблиця19'Солфорд - Бромлі [АНГЛІЯ: Друга ліга]
    34' БЕЛЬГІЯ: Ліга Жупіле - Чемпіонська група Таблиця34'Сінт-Трейден - Андерлехт [БЕЛЬГІЯ: Ліга Жупіле - Чемпіонська група]
    53' ЄГИПЕТ: Прем'єр-ліга - Чемпіонська група Таблиця53'Замалек - Пайрамідс [ЄГИПЕТ: Прем'єр-ліга - Чемпіонська група]
    4' ІСЛАНДІЯ: Беста-дейлд карла Таблиця4'Валюр - Хапнарфйордур [ІСЛАНДІЯ: Беста-дейлд карла]
    4' Вікінгур Рейк'явік - Стьярнан [ІСЛАНДІЯ: Беста-дейлд карла]
  ✔ 84' РУМУНІЯ: Кубок Румунії - Плей-оф84'Дінамо Б. - Університатя Крайова [РУМУНІЯ: Кубок Румунії - Плей-оф] id=YXozbeCU
  ✔ 63' СЕРБІЯ: Суперліга - Група вибування Таблиця63'Младост Лучани - Раднічки 1923 [СЕРБІЯ: Суперліга - Група вибування] id=fi8Pcs76
  Found: 2 candidates, 2 new, 4 permanently skipped

→ РУМУНІЯ: Кубок Румунії - Плей-оф84'Дінамо Б. - Університатя Крайова (84') [РУМУНІЯ: Кубок Румунії - Плей-оф]

→ СЕРБІЯ: Суперліга - Група вибування Таблиця63'Младост Лучани - Раднічки 1923 (63') [СЕРБІЯ: Суперліга - Група вибування]
  Кф 1X2: 2.66 / 3.04 / 2.74
  Кф 1X2: 3.8 / 3.34 / 1.98
  Desktop: https://www.flashscore.ua/match/soccer/dinamo-bucuresti-rBgMi3MH/univ-craiova-bsd9fGaK/?mid=YXozbeCU
  Desktop: https://www.flashscore.ua/match/soccer/mladost-lucani-ER92eDNF/radnicki-1923-IXb191IM/?mid=fi8Pcs76
  [stats] fi8Pcs76 → both, 33 metrics
  [stats] YXozbeCU → both, 9 metrics
  Features: quality=1, primary=6, status=both
  Model v2: pGoal=0.297, pDry=0.703 sq=0.7714 state=dry | 60-70 → SKIP | Δ2H SOT=0 xG=0.02 (Δ3′ матчу)
  🔔 dryAlert встановлено (стан dry@63')
  Features: quality=0.23, primary=2, status=both
  Model v2: pGoal=0.482, pDry=0.518 sq=0.5547 state=lateSurge | 80-90+ → SKIP | Δ2H SOT=0 xG=— (Δ3′ матчу)

Done: 2 analyzed, 0 actionable, 0 TG sent
📌 Tracking 2 active prediction(s)

🔥 RUN #46: analyzed=2, signals=0
⏳ Next scan in 3m...
[22:22:26] Live scan
  Запуск live-скрапера (після ранкових Telegram, якщо були).
Opening: https://m.flashscore.ua/?s=2 (minute >= 60, 0:0 only)
Provider health [https://m.flashscore.ua/?s=2]: rows=26, 0:0 total=7, candidates=2
  ⏸ 0:0 ще рано (< 60'):
    57' ІСПАНІЯ: Ла Ліга Таблиця57'Райо Вальєкано - Еспаньйол [ІСПАНІЯ: Ла Ліга]
    23' АНГЛІЯ: Друга ліга Таблиця23'Солфорд - Бромлі [АНГЛІЯ: Друга ліга]
    38' БЕЛЬГІЯ: Ліга Жупіле - Чемпіонська група Таблиця38'Сінт-Трейден - Андерлехт [БЕЛЬГІЯ: Ліга Жупіле - Чемпіонська група]
    57' ЄГИПЕТ: Прем'єр-ліга - Чемпіонська група Таблиця57'Замалек - Пайрамідс [ЄГИПЕТ: Прем'єр-ліга - Чемпіонська група]
    8' ІСЛАНДІЯ: Беста-дейлд карла Таблиця8'Валюр - Хапнарфйордур [ІСЛАНДІЯ: Беста-дейлд карла]
  ✔ 88' РУМУНІЯ: Кубок Румунії - Плей-оф88'Дінамо Б. - Університатя Крайова [РУМУНІЯ: Кубок Румунії - Плей-оф] id=YXozbeCU
  ✔ 67' СЕРБІЯ: Суперліга - Група вибування Таблиця67'Младост Лучани - Раднічки 1923 [СЕРБІЯ: Суперліга - Група вибування] id=fi8Pcs76
  Found: 2 candidates, 2 new, 4 permanently skipped

→ РУМУНІЯ: Кубок Румунії - Плей-оф88'Дінамо Б. - Університатя Крайова (88') [РУМУНІЯ: Кубок Румунії - Плей-оф]

→ СЕРБІЯ: Суперліга - Група вибування Таблиця67'Младост Лучани - Раднічки 1923 (67') [СЕРБІЯ: Суперліга - Група вибування]
  Кф 1X2: 3.8 / 3.34 / 1.98
  Кф 1X2: 2.66 / 3.04 / 2.74
  Desktop: https://www.flashscore.ua/match/soccer/mladost-lucani-ER92eDNF/radnicki-1923-IXb191IM/?mid=fi8Pcs76
  Desktop: https://www.flashscore.ua/match/soccer/dinamo-bucuresti-rBgMi3MH/univ-craiova-bsd9fGaK/?mid=YXozbeCU
  [stats] YXozbeCU → both, 9 metrics
  [stats] fi8Pcs76 → both, 33 metrics
  Features: quality=0.23, primary=2, status=both
  Model v2: pGoal=0.282, pDry=0.718 sq=0.6504 state=dry | 80-90+ → SKIP | Δ2H SOT=0 xG=— (Δ4′ матчу)
  Features: quality=1, primary=6, status=both
  Model v2: pGoal=0.297, pDry=0.703 sq=0.7871 state=dry | 60-70 → SKIP | Δ2H SOT=0 xG=0 (Δ4′ матчу)
  🔔 dryAlert встановлено (стан dry@67')

Done: 2 analyzed, 0 actionable, 0 TG sent
📌 Tracking 2 active prediction(s)

🔥 RUN #47: analyzed=2, signals=0
⏳ Next scan in 3m...
[22:25:54] Live scan
  Запуск live-скрапера (після ранкових Telegram, якщо були).
Opening: https://m.flashscore.ua/?s=2 (minute >= 60, 0:0 only)
Provider health [https://m.flashscore.ua/?s=2]: rows=25, 0:0 total=6, candidates=3
  ⏸ 0:0 ще рано (< 60'):
    26' АНГЛІЯ: Друга ліга Таблиця26'Солфорд - Бромлі [АНГЛІЯ: Друга ліга]
    41' БЕЛЬГІЯ: Ліга Жупіле - Чемпіонська група Таблиця41'Сінт-Трейден - Андерлехт [БЕЛЬГІЯ: Ліга Жупіле - Чемпіонська група]
  ✔ 60' ІСПАНІЯ: Ла Ліга Таблиця60'Райо Вальєкано - Еспаньйол [ІСПАНІЯ: Ла Ліга] id=WAcxG5rR
  ✔ 60' ЄГИПЕТ: Прем'єр-ліга - Чемпіонська група Таблиця60'Замалек - Пайрамідс [ЄГИПЕТ: Прем'єр-ліга - Чемпіонська група] id=bkdGkAll
  ✔ 70' СЕРБІЯ: Суперліга - Група вибування Таблиця70'Младост Лучани - Раднічки 1923 [СЕРБІЯ: Суперліга - Група вибування] id=fi8Pcs76
  Found: 3 candidates, 3 new, 4 permanently skipped

→ ІСПАНІЯ: Ла Ліга Таблиця60'Райо Вальєкано - Еспаньйол (60') [ІСПАНІЯ: Ла Ліга]

→ ЄГИПЕТ: Прем'єр-ліга - Чемпіонська група Таблиця60'Замалек - Пайрамідс (60') [ЄГИПЕТ: Прем'єр-ліга - Чемпіонська група]
  Кф 1X2: 3.01 / 3.03 / 2.46
  Кф 1X2: 2.2 / 3.38 / 3.58
  Desktop: https://www.flashscore.ua/match/soccer/espanyol-QFfPdh1J/rayo-vallecano-8bcjFy6O/?mid=WAcxG5rR
  Desktop: https://www.flashscore.ua/match/soccer/pyramids-zyHMiDZ6/zamalek-Qk0VR4IS/?mid=bkdGkAll
  [stats] WAcxG5rR → both, 32 metrics
  [stats] bkdGkAll → both, 31 metrics
  Features: quality=1, primary=6, status=both
  Model v2: pGoal=0.353, pDry=0.647 sq=0.7557 state=dry | 60-70 → SKIP

→ СЕРБІЯ: Суперліга - Група вибування Таблиця70'Младост Лучани - Раднічки 1923 (70') [СЕРБІЯ: Суперліга - Група вибування]
  Features: quality=1, primary=6, status=both
  Model v2: pGoal=0.346, pDry=0.654 sq=0.7557 state=dry | 60-70 → SKIP
  Кф 1X2: 3.8 / 3.34 / 1.98
  Desktop: https://www.flashscore.ua/match/soccer/mladost-lucani-ER92eDNF/radnicki-1923-IXb191IM/?mid=fi8Pcs76
  [stats] fi8Pcs76 → both, 33 metrics
  Features: quality=1, primary=6, status=both
  Model v2: pGoal=0.567, pDry=0.433 sq=0.7229 state=pressureGrowth | 70-80 → OVER_0_5 | Δ2H SOT=1 xG=0.2 (Δ3′ матчу) [TG]
  [ggbet] Not found: СЕРБІЯ: Суперліга - Група вибування Таблиця70'Младост Лучани - Раднічки 1923
Message sent to Telegram
  ✓ Telegram sent

Done: 3 analyzed, 1 actionable, 1 TG sent

🔍 Checking 1 possibly finished match(es)...
  ⏳ undefined - undefined: still live 0:0
📌 Tracking 2 active prediction(s)

🔥 RUN #48: analyzed=3, signals=1
⏳ Next scan in 3m...
[22:29:45] Live scan
  Запуск live-скрапера (після ранкових Telegram, якщо були).
Opening: https://m.flashscore.ua/?s=2 (minute >= 60, 0:0 only)
Provider health [https://m.flashscore.ua/?s=2]: rows=25, 0:0 total=6, candidates=3
  ⏸ 0:0 ще рано (< 60'):
    29' АНГЛІЯ: Друга ліга Таблиця29'Солфорд - Бромлі [АНГЛІЯ: Друга ліга]
    44' БЕЛЬГІЯ: Ліга Жупіле - Чемпіонська група Таблиця44'Сінт-Трейден - Андерлехт [БЕЛЬГІЯ: Ліга Жупіле - Чемпіонська група]
  ✔ 64' ІСПАНІЯ: Ла Ліга Таблиця64'Райо Вальєкано - Еспаньйол [ІСПАНІЯ: Ла Ліга] id=WAcxG5rR
  ✔ 63' ЄГИПЕТ: Прем'єр-ліга - Чемпіонська група Таблиця63'Замалек - Пайрамідс [ЄГИПЕТ: Прем'єр-ліга - Чемпіонська група] id=bkdGkAll
  ✔ 73' СЕРБІЯ: Суперліга - Група вибування Таблиця73'Младост Лучани - Раднічки 1923 [СЕРБІЯ: Суперліга - Група вибування] id=fi8Pcs76
  Found: 3 candidates, 3 new, 4 permanently skipped

→ ІСПАНІЯ: Ла Ліга Таблиця64'Райо Вальєкано - Еспаньйол (64') [ІСПАНІЯ: Ла Ліга]

→ ЄГИПЕТ: Прем'єр-ліга - Чемпіонська група Таблиця63'Замалек - Пайрамідс (63') [ЄГИПЕТ: Прем'єр-ліга - Чемпіонська група]
  Кф 1X2: 2.2 / 3.38 / 3.58
  Кф 1X2: 3.01 / 3.03 / 2.46
  Desktop: https://www.flashscore.ua/match/soccer/espanyol-QFfPdh1J/rayo-vallecano-8bcjFy6O/?mid=WAcxG5rR
  Desktop: https://www.flashscore.ua/match/soccer/pyramids-zyHMiDZ6/zamalek-Qk0VR4IS/?mid=bkdGkAll
  [stats] WAcxG5rR → both, 32 metrics
  [stats] bkdGkAll → both, 31 metrics
  Features: quality=1, primary=6, status=both
  Model v2: pGoal=0.413, pDry=0.587 sq=0.6314 state=neutral | 60-70 → SKIP | Δ2H SOT=0 xG=0.07 (Δ4′ матчу)

→ СЕРБІЯ: Суперліга - Група вибування Таблиця73'Младост Лучани - Раднічки 1923 (73') [СЕРБІЯ: Суперліга - Група вибування]
  Features: quality=1, primary=6, status=both
  Model v2: pGoal=0.286, pDry=0.714 sq=0.7714 state=dry | 60-70 → SKIP | Δ2H SOT=0 xG=0.04 (Δ3′ матчу)
  🔔 dryAlert встановлено (стан dry@63')
  Кф 1X2: 3.8 / 3.34 / 1.98
  Desktop: https://www.flashscore.ua/match/soccer/mladost-lucani-ER92eDNF/radnicki-1923-IXb191IM/?mid=fi8Pcs76
  [stats] fi8Pcs76 → both, 33 metrics
  Features: quality=1, primary=6, status=both
  Model v2: pGoal=0.537, pDry=0.463 sq=0.7386 state=pressureGrowth | 70-80 → SKIP | Δ2H SOT=0 xG=0 (Δ3′ матчу)

Done: 3 analyzed, 0 actionable, 0 TG sent

🔍 Checking 1 possibly finished match(es)...
  ⏳ undefined - undefined: still live 0:0
📌 Tracking 3 active prediction(s)

🔥 RUN #49: analyzed=3, signals=0
⏳ Next scan in 3m...
[22:33:27] Live scan
  Запуск live-скрапера (після ранкових Telegram, якщо були).
Opening: https://m.flashscore.ua/?s=2 (minute >= 60, 0:0 only)
Provider health [https://m.flashscore.ua/?s=2]: rows=26, 0:0 total=7, candidates=3
  ⏸ 0:0 ще рано (< 60'):
    4' Реал Ов'єдо - Вільярреал [ІСПАНІЯ: Ла Ліга]
    34' АНГЛІЯ: Друга ліга Таблиця34'Солфорд - Бромлі [АНГЛІЯ: Друга ліга]
  ✔ 68' ІСПАНІЯ: Ла Ліга Таблиця68'Райо Вальєкано - Еспаньйол [ІСПАНІЯ: Ла Ліга] id=WAcxG5rR
  ✔ 68' ЄГИПЕТ: Прем'єр-ліга - Чемпіонська група Таблиця68'Замалек - Пайрамідс [ЄГИПЕТ: Прем'єр-ліга - Чемпіонська група] id=bkdGkAll
  ✔ 78' СЕРБІЯ: Суперліга - Група вибування Таблиця78'Младост Лучани - Раднічки 1923 [СЕРБІЯ: Суперліга - Група вибування] id=fi8Pcs76
  Found: 3 candidates, 3 new, 4 permanently skipped

→ ІСПАНІЯ: Ла Ліга Таблиця68'Райо Вальєкано - Еспаньйол (68') [ІСПАНІЯ: Ла Ліга]

→ ЄГИПЕТ: Прем'єр-ліга - Чемпіонська група Таблиця68'Замалек - Пайрамідс (68') [ЄГИПЕТ: Прем'єр-ліга - Чемпіонська група]
  Кф 1X2: 2.2 / 3.38 / 3.58
  Кф 1X2: 3.01 / 3.03 / 2.46
  Desktop: https://www.flashscore.ua/match/soccer/espanyol-QFfPdh1J/rayo-vallecano-8bcjFy6O/?mid=WAcxG5rR
  Desktop: https://www.flashscore.ua/match/soccer/pyramids-zyHMiDZ6/zamalek-Qk0VR4IS/?mid=bkdGkAll
  [stats] bkdGkAll → both, 32 metrics
  [stats] WAcxG5rR → both, 33 metrics
  Features: quality=1, primary=6, status=both
  Model v2: pGoal=0.573, pDry=0.427 sq=0.7071 state=pressureGrowth | 60-70 → SKIP | Δ2H SOT=1 xG=0.17 (Δ4′ матчу)
  Features: quality=1, primary=6, status=both
  Model v2: pGoal=0.286, pDry=0.714 sq=0.7871 state=dry | 60-70 → SKIP | Δ2H SOT=0 xG=0 (Δ5′ матчу)
  🔔 dryAlert встановлено (стан dry@68')

→ СЕРБІЯ: Суперліга - Група вибування Таблиця78'Младост Лучани - Раднічки 1923 (78') [СЕРБІЯ: Суперліга - Група вибування]
  Кф 1X2: 3.8 / 3.34 / 1.98
  Desktop: https://www.flashscore.ua/match/soccer/mladost-lucani-ER92eDNF/radnicki-1923-IXb191IM/?mid=fi8Pcs76
  [stats] fi8Pcs76 → both, 33 metrics
  Features: quality=1, primary=6, status=both
  Model v2: pGoal=0.537, pDry=0.463 sq=0.7543 state=pressureGrowth | 70-80 → SKIP | Δ2H SOT=0 xG=0.14 (Δ5′ матчу)

Done: 3 analyzed, 0 actionable, 0 TG sent

🔍 Checking 1 possibly finished match(es)...
  ⏳ undefined - undefined: still live 0:0
📌 Tracking 3 active prediction(s)

🔥 RUN #50: analyzed=3, signals=0
⏳ Next scan in 3m...
[22:37:09] Live scan
  Запуск live-скрапера (після ранкових Telegram, якщо були).
Opening: https://m.flashscore.ua/?s=2 (minute >= 60, 0:0 only)
Provider health [https://m.flashscore.ua/?s=2]: rows=26, 0:0 total=7, candidates=3
  ⏸ 0:0 ще рано (< 60'):
    8' Реал Ов'єдо - Вільярреал [ІСПАНІЯ: Ла Ліга]
    38' АНГЛІЯ: Друга ліга Таблиця38'Солфорд - Бромлі [АНГЛІЯ: Друга ліга]
    45' БЕЛЬГІЯ: Ліга Жупіле - Чемпіонська група ТаблицяПерерваСінт-Трейден - Андерлехт [БЕЛЬГІЯ: Ліга Жупіле - Чемпіонська група]
  ✔ 72' ІСПАНІЯ: Ла Ліга Таблиця72'Райо Вальєкано - Еспаньйол [ІСПАНІЯ: Ла Ліга] id=WAcxG5rR
  ✔ 72' ЄГИПЕТ: Прем'єр-ліга - Чемпіонська група Таблиця72'Замалек - Пайрамідс [ЄГИПЕТ: Прем'єр-ліга - Чемпіонська група] id=bkdGkAll
  ✔ 82' СЕРБІЯ: Суперліга - Група вибування Таблиця82'Младост Лучани - Раднічки 1923 [СЕРБІЯ: Суперліга - Група вибування] id=fi8Pcs76
  Found: 3 candidates, 3 new, 4 permanently skipped

→ ІСПАНІЯ: Ла Ліга Таблиця72'Райо Вальєкано - Еспаньйол (72') [ІСПАНІЯ: Ла Ліга]

→ ЄГИПЕТ: Прем'єр-ліга - Чемпіонська група Таблиця72'Замалек - Пайрамідс (72') [ЄГИПЕТ: Прем'єр-ліга - Чемпіонська група]
  Кф 1X2: 3.01 / 3.03 / 2.46
  Кф 1X2: 2.2 / 3.38 / 3.58
  Desktop: https://www.flashscore.ua/match/soccer/espanyol-QFfPdh1J/rayo-vallecano-8bcjFy6O/?mid=WAcxG5rR
  Desktop: https://www.flashscore.ua/match/soccer/pyramids-zyHMiDZ6/zamalek-Qk0VR4IS/?mid=bkdGkAll
  [stats] WAcxG5rR → both, 33 metrics
  Features: quality=1, primary=6, status=both
  Model v2: pGoal=0.573, pDry=0.427 sq=0.7229 state=pressureGrowth | 70-80 → SKIP | Δ2H SOT=1 xG=0.56 (Δ4′ матчу)

→ СЕРБІЯ: Суперліга - Група вибування Таблиця82'Младост Лучани - Раднічки 1923 (82') [СЕРБІЯ: Суперліга - Група вибування]
  [stats] bkdGkAll → both, 32 metrics
  Features: quality=1, primary=6, status=both
  Model v2: pGoal=0.346, pDry=0.654 sq=0.8029 state=dry | 70-80 → SKIP | Δ2H SOT=0 xG=0 (Δ4′ матчу)
  Кф 1X2: 3.8 / 3.34 / 1.98
  Desktop: https://www.flashscore.ua/match/soccer/mladost-lucani-ER92eDNF/radnicki-1923-IXb191IM/?mid=fi8Pcs76
  [stats] fi8Pcs76 → both, 33 metrics
  Features: quality=1, primary=6, status=both
  Model v2: pGoal=0.677, pDry=0.323 sq=0.85 state=lateSurge | 80-90+ → OVER_0_5 | Δ2H SOT=1 xG=0.14 (Δ4′ матчу) [TG]
  ↻ Re-analysis done (no change)

Done: 3 analyzed, 1 actionable, 0 TG sent

🔍 Checking 1 possibly finished match(es)...
  ⏳ undefined - undefined: still live 0:0
📌 Tracking 3 active prediction(s)

🔥 RUN #51: analyzed=3, signals=0
⏳ Next scan in 3m...
[22:40:51] Live scan
  Запуск live-скрапера (після ранкових Telegram, якщо були).
Opening: https://m.flashscore.ua/?s=2 (minute >= 60, 0:0 only)
Provider health [https://m.flashscore.ua/?s=2]: rows=25, 0:0 total=7, candidates=3
  ⏸ 0:0 ще рано (< 60'):
    11' Реал Ов'єдо - Вільярреал [ІСПАНІЯ: Ла Ліга]
    41' АНГЛІЯ: Друга ліга Таблиця41'Солфорд - Бромлі [АНГЛІЯ: Друга ліга]
    45' БЕЛЬГІЯ: Ліга Жупіле - Чемпіонська група ТаблицяПерерваСінт-Трейден - Андерлехт [БЕЛЬГІЯ: Ліга Жупіле - Чемпіонська група]
  ✔ 76' ІСПАНІЯ: Ла Ліга Таблиця76'Райо Вальєкано - Еспаньйол [ІСПАНІЯ: Ла Ліга] id=WAcxG5rR
  ✔ 75' ЄГИПЕТ: Прем'єр-ліга - Чемпіонська група Таблиця75'Замалек - Пайрамідс [ЄГИПЕТ: Прем'єр-ліга - Чемпіонська група] id=bkdGkAll
  ✔ 85' СЕРБІЯ: Суперліга - Група вибування Таблиця85'Младост Лучани - Раднічки 1923 [СЕРБІЯ: Суперліга - Група вибування] id=fi8Pcs76
  Found: 3 candidates, 3 new, 4 permanently skipped

→ ІСПАНІЯ: Ла Ліга Таблиця76'Райо Вальєкано - Еспаньйол (76') [ІСПАНІЯ: Ла Ліга]

→ ЄГИПЕТ: Прем'єр-ліга - Чемпіонська група Таблиця75'Замалек - Пайрамідс (75') [ЄГИПЕТ: Прем'єр-ліга - Чемпіонська група]
  Кф 1X2: 2.2 / 3.38 / 3.58
  Кф 1X2: 3.01 / 3.03 / 2.46
  Desktop: https://www.flashscore.ua/match/soccer/espanyol-QFfPdh1J/rayo-vallecano-8bcjFy6O/?mid=WAcxG5rR
  Desktop: https://www.flashscore.ua/match/soccer/pyramids-zyHMiDZ6/zamalek-Qk0VR4IS/?mid=bkdGkAll
  [stats] WAcxG5rR → both, 33 metrics
  [stats] bkdGkAll → both, 33 metrics
  Features: quality=1, primary=6, status=both
  Model v2: pGoal=0.643, pDry=0.357 sq=0.8186 state=lateSurge | 70-80 → OVER_0_5 | Δ2H SOT=1 xG=0.93 (Δ4′ матчу) [TG]
  Features: quality=1, primary=6, status=both
  Model v2: pGoal=0.486, pDry=0.514 sq=0.7386 state=lateSurge | 70-80 → SKIP | Δ2H SOT=0 xG=0 (Δ3′ матчу)

→ СЕРБІЯ: Суперліга - Група вибування Таблиця85'Младост Лучани - Раднічки 1923 (85') [СЕРБІЯ: Суперліга - Група вибування]
  Кф 1X2: 3.8 / 3.34 / 1.98
  [ggbet] Found: Райо Вальєкано - Еспаньйол
  Desktop: https://www.flashscore.ua/match/soccer/mladost-lucani-ER92eDNF/radnicki-1923-IXb191IM/?mid=fi8Pcs76
  [ggbet] 0.5 odds not found on match page
Message sent to Telegram
  ✓ Telegram sent [+GGBet]
  [stats] fi8Pcs76 → both, 33 metrics
  Features: quality=1, primary=6, status=both
  Model v2: pGoal=0.677, pDry=0.323 sq=0.8657 state=lateSurge | 80-90+ → OVER_0_5 | Δ2H SOT=1 xG=0.31 (Δ3′ матчу) [TG]
  ↻ Re-analysis done (no change)

Done: 3 analyzed, 2 actionable, 1 TG sent

🔍 Checking 1 possibly finished match(es)...
  ⏳ undefined - undefined: still live 0:0
📌 Tracking 4 active prediction(s)

🔥 RUN #52: analyzed=3, signals=1
⏳ Next scan in 3m...
[22:44:36] Live scan
  Запуск live-скрапера (після ранкових Telegram, якщо були).
Opening: https://m.flashscore.ua/?s=2 (minute >= 60, 0:0 only)
Provider health [https://m.flashscore.ua/?s=2]: rows=25, 0:0 total=6, candidates=3
  ⏸ 0:0 ще рано (< 60'):
    45' АНГЛІЯ: Друга ліга Таблиця45'Солфорд - Бромлі [АНГЛІЯ: Друга ліга]
    45' БЕЛЬГІЯ: Ліга Жупіле - Чемпіонська група ТаблицяПерерваСінт-Трейден - Андерлехт [БЕЛЬГІЯ: Ліга Жупіле - Чемпіонська група]
  ✔ 80' ІСПАНІЯ: Ла Ліга Таблиця80'Райо Вальєкано - Еспаньйол [ІСПАНІЯ: Ла Ліга] id=WAcxG5rR
  ✔ 79' ЄГИПЕТ: Прем'єр-ліга - Чемпіонська група Таблиця79'Замалек - Пайрамідс [ЄГИПЕТ: Прем'єр-ліга - Чемпіонська група] id=bkdGkAll
  ✔ 89' СЕРБІЯ: Суперліга - Група вибування Таблиця89'Младост Лучани - Раднічки 1923 [СЕРБІЯ: Суперліга - Група вибування] id=fi8Pcs76
  Found: 3 candidates, 3 new, 4 permanently skipped

→ ІСПАНІЯ: Ла Ліга Таблиця80'Райо Вальєкано - Еспаньйол (80') [ІСПАНІЯ: Ла Ліга]

→ ЄГИПЕТ: Прем'єр-ліга - Чемпіонська група Таблиця79'Замалек - Пайрамідс (79') [ЄГИПЕТ: Прем'єр-ліга - Чемпіонська група]
  Кф 1X2: 2.2 / 3.38 / 3.58
  Кф 1X2: 3.01 / 3.03 / 2.46
  Desktop: https://www.flashscore.ua/match/soccer/pyramids-zyHMiDZ6/zamalek-Qk0VR4IS/?mid=bkdGkAll
  Desktop: https://www.flashscore.ua/match/soccer/espanyol-QFfPdh1J/rayo-vallecano-8bcjFy6O/?mid=WAcxG5rR
  [stats] bkdGkAll → both, 33 metrics
  [stats] WAcxG5rR → both, 33 metrics
  Features: quality=1, primary=6, status=both
  Model v2: pGoal=0.443, pDry=0.557 sq=0.7543 state=pressureGrowth | 80-90+ → SKIP | Δ2H SOT=0 xG=0 (Δ4′ матчу)
  Features: quality=1, primary=6, status=both
  Model v2: pGoal=0.546, pDry=0.454 sq=0.7543 state=lateSurge | 70-80 → SKIP | Δ2H SOT=1 xG=0.04 (Δ4′ матчу)

→ СЕРБІЯ: Суперліга - Група вибування Таблиця89'Младост Лучани - Раднічки 1923 (89') [СЕРБІЯ: Суперліга - Група вибування]

❌ RUN #53 FAILED: Protocol error (Target.createTarget): Session with given id not found.
⏳ Next scan in 3m...
[22:48:03] Live scan
  Запуск live-скрапера (після ранкових Telegram, якщо були).
Opening: https://m.flashscore.ua/?s=2 (minute >= 60, 0:0 only)
Provider health [https://m.flashscore.ua/?s=2]: rows=26, 0:0 total=7, candidates=2
  ⏸ 0:0 ще рано (< 60'):
    45' БЕЛЬГІЯ: Ліга Жупіле - Чемпіонська група ТаблицяПерерваСінт-Трейден - Андерлехт [БЕЛЬГІЯ: Ліга Жупіле - Чемпіонська група]
    3' ПОРТУГАЛІЯ: Кубок Португалії3'Торреенсе - АД Фафе [ПОРТУГАЛІЯ: Кубок Португалії]
  ✔ 83' ІСПАНІЯ: Ла Ліга Таблиця83'Райо Вальєкано - Еспаньйол [ІСПАНІЯ: Ла Ліга] id=WAcxG5rR
  ✔ 82' ЄГИПЕТ: Прем'єр-ліга - Чемпіонська група Таблиця82'Замалек - Пайрамідс [ЄГИПЕТ: Прем'єр-ліга - Чемпіонська група] id=bkdGkAll
  Found: 2 candidates, 2 new, 4 permanently skipped

→ ІСПАНІЯ: Ла Ліга Таблиця83'Райо Вальєкано - Еспаньйол (83') [ІСПАНІЯ: Ла Ліга]

→ ЄГИПЕТ: Прем'єр-ліга - Чемпіонська група Таблиця82'Замалек - Пайрамідс (82') [ЄГИПЕТ: Прем'єр-ліга - Чемпіонська група]
  Кф 1X2: 2.2 / 3.38 / 3.58
  Кф 1X2: 3.01 / 3.03 / 2.46
  Desktop: https://www.flashscore.ua/match/soccer/espanyol-QFfPdh1J/rayo-vallecano-8bcjFy6O/?mid=WAcxG5rR
  Desktop: https://www.flashscore.ua/match/soccer/pyramids-zyHMiDZ6/zamalek-Qk0VR4IS/?mid=bkdGkAll
  [stats] bkdGkAll → both, 33 metrics
  [stats] WAcxG5rR → both, 33 metrics
  Features: quality=1, primary=6, status=both
  Model v2: pGoal=0.396, pDry=0.604 sq=0.85 state=pressureGrowth | 80-90+ → SKIP | Δ2H SOT=0 xG=0.14 (Δ3′ матчу)
  Features: quality=1, primary=6, status=both
  Model v2: pGoal=0.443, pDry=0.557 sq=0.77 state=pressureGrowth | 80-90+ → SKIP | Δ2H SOT=0 xG=0.35 (Δ3′ матчу)

Done: 2 analyzed, 0 actionable, 0 TG sent

🔍 Checking 2 possibly finished match(es)...
  ⚽ undefined - undefined: 1:0 [GOAL→resolved] → 
  ⏳ СЕРБІЯ: Суперліга - Група вибування Таблиця85'Младост Лучани - Раднічки 1923: still live 0:0
📌 Tracking 3 active prediction(s)

🔥 RUN #54: analyzed=2, signals=0
Message sent to Telegram
⏳ Next scan in 3m...
[22:51:35] Live scan
  Запуск live-скрапера (після ранкових Telegram, якщо були).
Opening: https://m.flashscore.ua/?s=2 (minute >= 60, 0:0 only)
Provider health [https://m.flashscore.ua/?s=2]: rows=24, 0:0 total=4, candidates=1
  ⏸ 0:0 ще рано (< 60'):
    45' АНГЛІЯ: Друга ліга ТаблицяПерерваСолфорд - Бромлі [АНГЛІЯ: Друга ліга]
    48' БЕЛЬГІЯ: Ліга Жупіле - Чемпіонська група Таблиця48'Сінт-Трейден - Андерлехт [БЕЛЬГІЯ: Ліга Жупіле - Чемпіонська група]
    7' ПОРТУГАЛІЯ: Кубок Португалії7'Торреенсе - АД Фафе [ПОРТУГАЛІЯ: Кубок Португалії]
  ✔ 86' ІСПАНІЯ: Ла Ліга Таблиця86'Райо Вальєкано - Еспаньйол [ІСПАНІЯ: Ла Ліга] id=WAcxG5rR
  Found: 1 candidates, 1 new, 4 permanently skipped

→ ІСПАНІЯ: Ла Ліга Таблиця86'Райо Вальєкано - Еспаньйол (86') [ІСПАНІЯ: Ла Ліга]
  Кф 1X2: 2.2 / 3.38 / 3.58
  Desktop: https://www.flashscore.ua/match/soccer/espanyol-QFfPdh1J/rayo-vallecano-8bcjFy6O/?mid=WAcxG5rR
  [stats] WAcxG5rR → both, 33 metrics
  Features: quality=1, primary=6, status=both
  Model v2: pGoal=0.393, pDry=0.607 sq=0.8057 state=neutral | 80-90+ → SKIP | Δ2H SOT=0 xG=0 (Δ3′ матчу)

Done: 1 analyzed, 0 actionable, 0 TG sent

🔍 Checking 2 possibly finished match(es)...
  ⚽ СЕРБІЯ: Суперліга - Група вибування Таблиця85'Младост Лучани - Раднічки 1923: 0:0 [FT] → ТБ:❌
Message sent to Telegram
  ✓ Telegram result sent (FT)
  ⚽ undefined - undefined: 1:0 [GOAL→resolved] → 
📌 Tracking 1 active prediction(s)

🔥 RUN #55: analyzed=1, signals=0
⏳ Next scan in 3m...
[22:55:03] Live scan
  Запуск live-скрапера (після ранкових Telegram, якщо були).
Opening: https://m.flashscore.ua/?s=2 (minute >= 60, 0:0 only)
Provider health [https://m.flashscore.ua/?s=2]: rows=21, 0:0 total=3, candidates=0
  ⏸ 0:0 ще рано (< 60'):
    45' АНГЛІЯ: Друга ліга ТаблицяПерерваСолфорд - Бромлі [АНГЛІЯ: Друга ліга]
    51' БЕЛЬГІЯ: Ліга Жупіле - Чемпіонська група Таблиця51'Сінт-Трейден - Андерлехт [БЕЛЬГІЯ: Ліга Жупіле - Чемпіонська група]
    10' ПОРТУГАЛІЯ: Кубок Португалії10'Торреенсе - АД Фафе [ПОРТУГАЛІЯ: Кубок Португалії]
  Found: 0 candidates, 0 new, 4 permanently skipped

Done: 0 analyzed, 0 actionable, 0 TG sent

🔍 Checking 1 possibly finished match(es)...
  ⚽ ІСПАНІЯ: Ла Ліга Таблиця76'Райо Вальєкано - Еспаньйол: 1:0 [GOAL→resolved] → ТБ:✅
Message sent to Telegram
  ✓ Telegram result sent (1:0 (ще триває, гол вирішив))

🔥 RUN #56: analyzed=0, signals=0
⏳ Next scan in 3m...
[22:58:16] Live scan
  Запуск live-скрапера (після ранкових Telegram, якщо були).
Opening: https://m.flashscore.ua/?s=2 (minute >= 60, 0:0 only)
Provider health [https://m.flashscore.ua/?s=2]: rows=21, 0:0 total=3, candidates=0
  ⏸ 0:0 ще рано (< 60'):
    45' АНГЛІЯ: Друга ліга ТаблицяПерерваСолфорд - Бромлі [АНГЛІЯ: Друга ліга]
    54' БЕЛЬГІЯ: Ліга Жупіле - Чемпіонська група Таблиця54'Сінт-Трейден - Андерлехт [БЕЛЬГІЯ: Ліга Жупіле - Чемпіонська група]
    13' ПОРТУГАЛІЯ: Кубок Португалії13'Торреенсе - АД Фафе [ПОРТУГАЛІЯ: Кубок Португалії]
  Found: 0 candidates, 0 new, 4 permanently skipped

Done: 0 analyzed, 0 actionable, 0 TG sent

🔥 RUN #57: analyzed=0, signals=0
⏳ Next scan in 3m...
[23:01:28] Live scan
  Запуск live-скрапера (після ранкових Telegram, якщо були).
Opening: https://m.flashscore.ua/?s=2 (minute >= 60, 0:0 only)
Provider health [https://m.flashscore.ua/?s=2]: rows=16, 0:0 total=3, candidates=0
  ⏸ 0:0 ще рано (< 60'):
    45' АНГЛІЯ: Друга ліга ТаблицяПерерваСолфорд - Бромлі [АНГЛІЯ: Друга ліга]
    58' БЕЛЬГІЯ: Ліга Жупіле - Чемпіонська група Таблиця58'Сінт-Трейден - Андерлехт [БЕЛЬГІЯ: Ліга Жупіле - Чемпіонська група]
    17' ПОРТУГАЛІЯ: Кубок Португалії17'Торреенсе - АД Фафе [ПОРТУГАЛІЯ: Кубок Португалії]
  Found: 0 candidates, 0 new, 4 permanently skipped

Done: 0 analyzed, 0 actionable, 0 TG sent

🔥 RUN #58: analyzed=0, signals=0
⏳ Next scan in 3m...
[23:04:40] Live scan
  Запуск live-скрапера (після ранкових Telegram, якщо були).
Opening: https://m.flashscore.ua/?s=2 (minute >= 60, 0:0 only)
Provider health [https://m.flashscore.ua/?s=2]: rows=17, 0:0 total=6, candidates=1
  ⏸ 0:0 ще рано (< 60'):
    47' АНГЛІЯ: Друга ліга Таблиця47'Солфорд - Бромлі [АНГЛІЯ: Друга ліга]
    5' БРАЗИЛІЯ: Чемпіонат Бразилії U20 Таблиця5'Віторія U20 - Брагантіну U20 [БРАЗИЛІЯ: Чемпіонат Бразилії U20]
    5' КОЛУМБІЯ: Ліга (Жінки) Таблиця5'Реал Сантандер Ж - Америка Калі Ж [КОЛУМБІЯ: Ліга (Жінки)]
    5' ПЕРУ: Ліга 1 - Апертура Таблиця5'Лос Чанкас - С'єнсіано [ПЕРУ: Ліга 1 - Апертура]
    20' ПОРТУГАЛІЯ: Кубок Португалії20'Торреенсе - АД Фафе [ПОРТУГАЛІЯ: Кубок Португалії]
  ✔ 61' БЕЛЬГІЯ: Ліга Жупіле - Чемпіонська група Таблиця61'Сінт-Трейден - Андерлехт [БЕЛЬГІЯ: Ліга Жупіле - Чемпіонська група] id=2wXOnz53
  Found: 1 candidates, 1 new, 4 permanently skipped

→ БЕЛЬГІЯ: Ліга Жупіле - Чемпіонська група Таблиця61'Сінт-Трейден - Андерлехт (61') [БЕЛЬГІЯ: Ліга Жупіле - Чемпіонська група]
  Кф 1X2: 2.01 / 3.71 / 3.79
  Desktop: https://www.flashscore.ua/match/soccer/anderlecht-vslqAKNo/st-truiden-d2EjBxMM/?mid=2wXOnz53
  [stats] 2wXOnz53 → both, 31 metrics
  Features: quality=1, primary=6, status=both
  Model v2: pGoal=0.358, pDry=0.642 sq=0.7557 state=dry | 60-70 → SKIP

Done: 1 analyzed, 0 actionable, 0 TG sent

🔥 RUN #59: analyzed=1, signals=0
⏳ Next scan in 3m...
[23:08:04] Live scan
  Запуск live-скрапера (після ранкових Telegram, якщо були).
Opening: https://m.flashscore.ua/?s=2 (minute >= 60, 0:0 only)
Provider health [https://m.flashscore.ua/?s=2]: rows=16, 0:0 total=6, candidates=1
  ⏸ 0:0 ще рано (< 60'):
    51' АНГЛІЯ: Друга ліга Таблиця51'Солфорд - Бромлі [АНГЛІЯ: Друга ліга]
    8' БРАЗИЛІЯ: Чемпіонат Бразилії U20 Таблиця8'Віторія U20 - Брагантіну U20 [БРАЗИЛІЯ: Чемпіонат Бразилії U20]
    8' КОЛУМБІЯ: Ліга (Жінки) Таблиця8'Реал Сантандер Ж - Америка Калі Ж [КОЛУМБІЯ: Ліга (Жінки)]
    8' ПЕРУ: Ліга 1 - Апертура Таблиця8'Лос Чанкас - С'єнсіано [ПЕРУ: Ліга 1 - Апертура]
    23' ПОРТУГАЛІЯ: Кубок Португалії23'Торреенсе - АД Фафе [ПОРТУГАЛІЯ: Кубок Португалії]
  ✔ 64' БЕЛЬГІЯ: Ліга Жупіле - Чемпіонська група Таблиця64'Сінт-Трейден - Андерлехт [БЕЛЬГІЯ: Ліга Жупіле - Чемпіонська група] id=2wXOnz53
  Found: 1 candidates, 1 new, 4 permanently skipped

→ БЕЛЬГІЯ: Ліга Жупіле - Чемпіонська група Таблиця64'Сінт-Трейден - Андерлехт (64') [БЕЛЬГІЯ: Ліга Жупіле - Чемпіонська група]
  Кф 1X2: 2.01 / 3.71 / 3.79
  Desktop: https://www.flashscore.ua/match/soccer/anderlecht-vslqAKNo/st-truiden-d2EjBxMM/?mid=2wXOnz53
  [stats] 2wXOnz53 → both, 31 metrics
  Features: quality=1, primary=6, status=both
  Model v2: pGoal=0.358, pDry=0.642 sq=0.7714 state=dry | 60-70 → SKIP | Δ2H SOT=0 xG=0.02 (Δ3′ матчу)
  🔔 dryAlert встановлено (стан dry@64')

Done: 1 analyzed, 0 actionable, 0 TG sent
📌 Tracking 1 active prediction(s)

🔥 RUN #60: analyzed=1, signals=0
⏳ Next scan in 3m...
[23:11:31] Live scan
  Запуск live-скрапера (після ранкових Telegram, якщо були).
Opening: https://m.flashscore.ua/?s=2 (minute >= 60, 0:0 only)
Provider health [https://m.flashscore.ua/?s=2]: rows=16, 0:0 total=5, candidates=1
  ⏸ 0:0 ще рано (< 60'):
    12' БРАЗИЛІЯ: Чемпіонат Бразилії U20 Таблиця12'Віторія U20 - Брагантіну U20 [БРАЗИЛІЯ: Чемпіонат Бразилії U20]
    12' КОЛУМБІЯ: Ліга (Жінки) Таблиця12'Реал Сантандер Ж - Америка Калі Ж [КОЛУМБІЯ: Ліга (Жінки)]
    12' ПЕРУ: Ліга 1 - Апертура Таблиця12'Лос Чанкас - С'єнсіано [ПЕРУ: Ліга 1 - Апертура]
    27' ПОРТУГАЛІЯ: Кубок Португалії27'Торреенсе - АД Фафе [ПОРТУГАЛІЯ: Кубок Португалії]
  ✔ 68' БЕЛЬГІЯ: Ліга Жупіле - Чемпіонська група Таблиця68'Сінт-Трейден - Андерлехт [БЕЛЬГІЯ: Ліга Жупіле - Чемпіонська група] id=2wXOnz53
  Found: 1 candidates, 1 new, 4 permanently skipped

→ БЕЛЬГІЯ: Ліга Жупіле - Чемпіонська група Таблиця68'Сінт-Трейден - Андерлехт (68') [БЕЛЬГІЯ: Ліга Жупіле - Чемпіонська група]
  Кф 1X2: 2.01 / 3.71 / 3.79
  Desktop: https://www.flashscore.ua/match/soccer/anderlecht-vslqAKNo/st-truiden-d2EjBxMM/?mid=2wXOnz53
  [stats] 2wXOnz53 → both, 33 metrics
  Features: quality=1, primary=6, status=both
  Model v2: pGoal=0.578, pDry=0.422 sq=0.7071 state=pressureGrowth | 60-70 → SKIP | Δ2H SOT=2 xG=0.2 (Δ4′ матчу)

Done: 1 analyzed, 0 actionable, 0 TG sent
📌 Tracking 1 active prediction(s)

🔥 RUN #61: analyzed=1, signals=0
⏳ Next scan in 3m...
[23:15:00] Live scan
  Запуск live-скрапера (після ранкових Telegram, якщо були).
Opening: https://m.flashscore.ua/?s=2 (minute >= 60, 0:0 only)
Provider health [https://m.flashscore.ua/?s=2]: rows=16, 0:0 total=4, candidates=1
  ⏸ 0:0 ще рано (< 60'):
    16' КОЛУМБІЯ: Ліга (Жінки) Таблиця16'Реал Сантандер Ж - Америка Калі Ж [КОЛУМБІЯ: Ліга (Жінки)]
    16' ПЕРУ: Ліга 1 - Апертура Таблиця16'Лос Чанкас - С'єнсіано [ПЕРУ: Ліга 1 - Апертура]
    31' ПОРТУГАЛІЯ: Кубок Португалії31'Торреенсе - АД Фафе [ПОРТУГАЛІЯ: Кубок Португалії]
  ✔ 71' БЕЛЬГІЯ: Ліга Жупіле - Чемпіонська група Таблиця71'Сінт-Трейден - Андерлехт [БЕЛЬГІЯ: Ліга Жупіле - Чемпіонська група] id=2wXOnz53
  Found: 1 candidates, 1 new, 4 permanently skipped

→ БЕЛЬГІЯ: Ліга Жупіле - Чемпіонська група Таблиця71'Сінт-Трейден - Андерлехт (71') [БЕЛЬГІЯ: Ліга Жупіле - Чемпіонська група]
  Кф 1X2: 2.01 / 3.71 / 3.79
  Desktop: https://www.flashscore.ua/match/soccer/anderlecht-vslqAKNo/st-truiden-d2EjBxMM/?mid=2wXOnz53
  [stats] 2wXOnz53 → both, 33 metrics
  Features: quality=1, primary=6, status=both
  Model v2: pGoal=0.478, pDry=0.522 sq=0.7229 state=pressureGrowth | 70-80 → SKIP | Δ2H SOT=0 xG=0.02 (Δ3′ матчу)

Done: 1 analyzed, 0 actionable, 0 TG sent
📌 Tracking 1 active prediction(s)

🔥 RUN #62: analyzed=1, signals=0
⏳ Next scan in 3m...
[23:18:25] Live scan
  Запуск live-скрапера (після ранкових Telegram, якщо були).
Opening: https://m.flashscore.ua/?s=2 (minute >= 60, 0:0 only)
Provider health [https://m.flashscore.ua/?s=2]: rows=16, 0:0 total=4, candidates=1
  ⏸ 0:0 ще рано (< 60'):
    19' КОЛУМБІЯ: Ліга (Жінки) Таблиця19'Реал Сантандер Ж - Америка Калі Ж [КОЛУМБІЯ: Ліга (Жінки)]
    19' ПЕРУ: Ліга 1 - Апертура Таблиця19'Лос Чанкас - С'єнсіано [ПЕРУ: Ліга 1 - Апертура]
    34' ПОРТУГАЛІЯ: Кубок Португалії34'Торреенсе - АД Фафе [ПОРТУГАЛІЯ: Кубок Португалії]
  ✔ 75' БЕЛЬГІЯ: Ліга Жупіле - Чемпіонська група Таблиця75'Сінт-Трейден - Андерлехт [БЕЛЬГІЯ: Ліга Жупіле - Чемпіонська група] id=2wXOnz53
  Found: 1 candidates, 1 new, 4 permanently skipped

→ БЕЛЬГІЯ: Ліга Жупіле - Чемпіонська група Таблиця75'Сінт-Трейден - Андерлехт (75') [БЕЛЬГІЯ: Ліга Жупіле - Чемпіонська група]
  Кф 1X2: 2.01 / 3.71 / 3.79
  Desktop: https://www.flashscore.ua/match/soccer/anderlecht-vslqAKNo/st-truiden-d2EjBxMM/?mid=2wXOnz53
  [stats] 2wXOnz53 → both, 33 metrics
  Features: quality=1, primary=6, status=both
  Model v2: pGoal=0.678, pDry=0.322 sq=0.8186 state=lateSurge | 70-80 → OVER_0_5 | Δ2H SOT=1 xG=0.03 (Δ4′ матчу) [TG]
  [ggbet] Not found: БЕЛЬГІЯ: Ліга Жупіле - Чемпіонська група Таблиця75'Сінт-Трейден - Андерлехт
Message sent to Telegram
  ✓ Telegram sent

Done: 1 analyzed, 1 actionable, 1 TG sent
📌 Tracking 1 active prediction(s)

🔥 RUN #63: analyzed=1, signals=1
⏳ Next scan in 3m...
[23:22:01] Live scan
  Запуск live-скрапера (після ранкових Telegram, якщо були).
Opening: https://m.flashscore.ua/?s=2 (minute >= 60, 0:0 only)
Provider health [https://m.flashscore.ua/?s=2]: rows=15, 0:0 total=3, candidates=0
  ⏸ 0:0 ще рано (< 60'):
    22' КОЛУМБІЯ: Ліга (Жінки) Таблиця22'Реал Сантандер Ж - Америка Калі Ж [КОЛУМБІЯ: Ліга (Жінки)]
    22' ПЕРУ: Ліга 1 - Апертура Таблиця22'Лос Чанкас - С'єнсіано [ПЕРУ: Ліга 1 - Апертура]
    37' ПОРТУГАЛІЯ: Кубок Португалії37'Торреенсе - АД Фафе [ПОРТУГАЛІЯ: Кубок Португалії]
  Found: 0 candidates, 0 new, 4 permanently skipped

Done: 0 analyzed, 0 actionable, 0 TG sent

🔍 Checking 1 possibly finished match(es)...
  ⚽ БЕЛЬГІЯ: Ліга Жупіле - Чемпіонська група Таблиця75'Сінт-Трейден - Андерлехт: 1:0 [GOAL→resolved] → ТБ:✅
Message sent to Telegram
  ✓ Telegram result sent (1:0 (ще триває, гол вирішив))

🔥 RUN #64: analyzed=0, signals=0
⏳ Next scan in 3m...
[23:25:15] Live scan
  Запуск live-скрапера (після ранкових Telegram, якщо були).
Opening: https://m.flashscore.ua/?s=2 (minute >= 60, 0:0 only)
Provider health [https://m.flashscore.ua/?s=2]: rows=13, 0:0 total=3, candidates=0
  ⏸ 0:0 ще рано (< 60'):
    26' КОЛУМБІЯ: Ліга (Жінки) Таблиця26'Реал Сантандер Ж - Америка Калі Ж [КОЛУМБІЯ: Ліга (Жінки)]
    26' ПЕРУ: Ліга 1 - Апертура Таблиця26'Лос Чанкас - С'єнсіано [ПЕРУ: Ліга 1 - Апертура]
    41' ПОРТУГАЛІЯ: Кубок Португалії41'Торреенсе - АД Фафе [ПОРТУГАЛІЯ: Кубок Португалії]
  Found: 0 candidates, 0 new, 4 permanently skipped

Done: 0 analyzed, 0 actionable, 0 TG sent

🔥 RUN #65: analyzed=0, signals=0
⏳ Next scan in 3m...
[23:28:27] Live scan
  Запуск live-скрапера (після ранкових Telegram, якщо були).
Opening: https://m.flashscore.ua/?s=2 (minute >= 60, 0:0 only)
Provider health [https://m.flashscore.ua/?s=2]: rows=13, 0:0 total=3, candidates=0
  ⏸ 0:0 ще рано (< 60'):
    28' КОЛУМБІЯ: Ліга (Жінки) Таблиця28'Реал Сантандер Ж - Америка Калі Ж [КОЛУМБІЯ: Ліга (Жінки)]
    28' ПЕРУ: Ліга 1 - Апертура Таблиця28'Лос Чанкас - С'єнсіано [ПЕРУ: Ліга 1 - Апертура]
    43' ПОРТУГАЛІЯ: Кубок Португалії43'Торреенсе - АД Фафе [ПОРТУГАЛІЯ: Кубок Португалії]
  Found: 0 candidates, 0 new, 4 permanently skipped

Done: 0 analyzed, 0 actionable, 0 TG sent

🔥 RUN #66: analyzed=0, signals=0
⏳ Next scan in 3m...
[23:31:39] Live scan
  Запуск live-скрапера (після ранкових Telegram, якщо були).
Opening: https://m.flashscore.ua/?s=2 (minute >= 60, 0:0 only)
Provider health [https://m.flashscore.ua/?s=2]: rows=13, 0:0 total=3, candidates=0
  ⏸ 0:0 ще рано (< 60'):
    31' КОЛУМБІЯ: Ліга (Жінки) Таблиця31'Реал Сантандер Ж - Америка Калі Ж [КОЛУМБІЯ: Ліга (Жінки)]
    31' ПЕРУ: Ліга 1 - Апертура Таблиця31'Лос Чанкас - С'єнсіано [ПЕРУ: Ліга 1 - Апертура]
  Found: 0 candidates, 0 new, 4 permanently skipped

Done: 0 analyzed, 0 actionable, 0 TG sent

🔥 RUN #67: analyzed=0, signals=0
⏳ Next scan in 3m...
[23:34:51] Live scan
  Запуск live-скрапера (після ранкових Telegram, якщо були).
Opening: https://m.flashscore.ua/?s=2 (minute >= 60, 0:0 only)
Provider health [https://m.flashscore.ua/?s=2]: rows=13, 0:0 total=4, candidates=0
  ⏸ 0:0 ще рано (< 60'):
    35' КОЛУМБІЯ: Ліга (Жінки) Таблиця35'Реал Сантандер Ж - Америка Калі Ж [КОЛУМБІЯ: Ліга (Жінки)]
    5' Деп. Калі Ж - Хуніор Ж [КОЛУМБІЯ: Ліга (Жінки)]
    35' ПЕРУ: Ліга 1 - Апертура Таблиця35'Лос Чанкас - С'єнсіано [ПЕРУ: Ліга 1 - Апертура]
    45' ПОРТУГАЛІЯ: Кубок ПортугаліїПерерваТорреенсе - АД Фафе [ПОРТУГАЛІЯ: Кубок Португалії]
  Found: 0 candidates, 0 new, 4 permanently skipped

Done: 0 analyzed, 0 actionable, 0 TG sent

🔥 RUN #68: analyzed=0, signals=0
⏳ Next scan in 3m...
[23:38:03] Live scan
  Запуск live-скрапера (після ранкових Telegram, якщо були).
Opening: https://m.flashscore.ua/?s=2 (minute >= 60, 0:0 only)
Provider health [https://m.flashscore.ua/?s=2]: rows=13, 0:0 total=4, candidates=0
  ⏸ 0:0 ще рано (< 60'):
    39' КОЛУМБІЯ: Ліга (Жінки) Таблиця39'Реал Сантандер Ж - Америка Калі Ж [КОЛУМБІЯ: Ліга (Жінки)]
    9' Деп. Калі Ж - Хуніор Ж [КОЛУМБІЯ: Ліга (Жінки)]
    39' ПЕРУ: Ліга 1 - Апертура Таблиця39'Лос Чанкас - С'єнсіано [ПЕРУ: Ліга 1 - Апертура]
    45' ПОРТУГАЛІЯ: Кубок ПортугаліїПерерваТорреенсе - АД Фафе [ПОРТУГАЛІЯ: Кубок Португалії]
  Found: 0 candidates, 0 new, 4 permanently skipped

Done: 0 analyzed, 0 actionable, 0 TG sent

🔥 RUN #69: analyzed=0, signals=0
⏳ Next scan in 3m...
[23:41:16] Live scan
  Запуск live-скрапера (після ранкових Telegram, якщо були).
Opening: https://m.flashscore.ua/?s=2 (minute >= 60, 0:0 only)
Provider health [https://m.flashscore.ua/?s=2]: rows=12, 0:0 total=4, candidates=0
  ⏸ 0:0 ще рано (< 60'):
    42' КОЛУМБІЯ: Ліга (Жінки) Таблиця42'Реал Сантандер Ж - Америка Калі Ж [КОЛУМБІЯ: Ліга (Жінки)]
    12' Деп. Калі Ж - Хуніор Ж [КОЛУМБІЯ: Ліга (Жінки)]
    42' ПЕРУ: Ліга 1 - Апертура Таблиця42'Лос Чанкас - С'єнсіано [ПЕРУ: Ліга 1 - Апертура]
    45' ПОРТУГАЛІЯ: Кубок ПортугаліїПерерваТорреенсе - АД Фафе [ПОРТУГАЛІЯ: Кубок Португалії]
  Found: 0 candidates, 0 new, 4 permanently skipped

Done: 0 analyzed, 0 actionable, 0 TG sent

🔥 RUN #70: analyzed=0, signals=0
⏳ Next scan in 3m...
[23:44:28] Live scan
  Запуск live-скрапера (після ранкових Telegram, якщо були).
Opening: https://m.flashscore.ua/?s=2 (minute >= 60, 0:0 only)
Provider health [https://m.flashscore.ua/?s=2]: rows=13, 0:0 total=5, candidates=0
  ⏸ 0:0 ще рано (< 60'):
    45' КОЛУМБІЯ: Ліга (Жінки) Таблиця45'Реал Сантандер Ж - Америка Калі Ж [КОЛУМБІЯ: Ліга (Жінки)]
    15' Деп. Калі Ж - Хуніор Ж [КОЛУМБІЯ: Ліга (Жінки)]
    45' ПЕРУ: Ліга 1 - Апертура Таблиця45'Лос Чанкас - С'єнсіано [ПЕРУ: Ліга 1 - Апертура]
    45' ПОРТУГАЛІЯ: Кубок ПортугаліїПерерваТорреенсе - АД Фафе [ПОРТУГАЛІЯ: Кубок Португалії]
    15' ЯМАЙКА: Прем'єр-ліга Таблиця15'Spanish Town Police - Портмор [ЯМАЙКА: Прем'єр-ліга]
  Found: 0 candidates, 0 new, 4 permanently skipped

Done: 0 analyzed, 0 actionable, 0 TG sent

🔥 RUN #71: analyzed=0, signals=0
⏳ Next scan in 3m...
[23:47:40] Live scan
  Запуск live-скрапера (після ранкових Telegram, якщо були).
Opening: https://m.flashscore.ua/?s=2 (minute >= 60, 0:0 only)
Provider health [https://m.flashscore.ua/?s=2]: rows=13, 0:0 total=5, candidates=0
  ⏸ 0:0 ще рано (< 60'):
    18' Деп. Калі Ж - Хуніор Ж [КОЛУМБІЯ: Ліга (Жінки)]
    45' ПОРТУГАЛІЯ: Кубок ПортугаліїПерерваТорреенсе - АД Фафе [ПОРТУГАЛІЯ: Кубок Португалії]
    18' ЯМАЙКА: Прем'єр-ліга Таблиця18'Spanish Town Police - Портмор [ЯМАЙКА: Прем'єр-ліга]
  Found: 0 candidates, 0 new, 4 permanently skipped

Done: 0 analyzed, 0 actionable, 0 TG sent

🔥 RUN #72: analyzed=0, signals=0
⏳ Next scan in 3m...
[23:50:51] Live scan
  Запуск live-скрапера (після ранкових Telegram, якщо були).
Opening: https://m.flashscore.ua/?s=2 (minute >= 60, 0:0 only)
Provider health [https://m.flashscore.ua/?s=2]: rows=13, 0:0 total=5, candidates=0
  ⏸ 0:0 ще рано (< 60'):
    21' Деп. Калі Ж - Хуніор Ж [КОЛУМБІЯ: Ліга (Жінки)]
    45' ПОРТУГАЛІЯ: Кубок ПортугаліїПерерваТорреенсе - АД Фафе [ПОРТУГАЛІЯ: Кубок Португалії]
    21' ЯМАЙКА: Прем'єр-ліга Таблиця21'Spanish Town Police - Портмор [ЯМАЙКА: Прем'єр-ліга]
  Found: 0 candidates, 0 new, 4 permanently skipped

Done: 0 analyzed, 0 actionable, 0 TG sent

🔥 RUN #73: analyzed=0, signals=0
Message sent to Telegram
⏳ Next scan in 3m...
[23:54:04] Live scan
  Запуск live-скрапера (після ранкових Telegram, якщо були).
Opening: https://m.flashscore.ua/?s=2 (minute >= 60, 0:0 only)
Provider health [https://m.flashscore.ua/?s=2]: rows=12, 0:0 total=5, candidates=0
  ⏸ 0:0 ще рано (< 60'):
    45' КОЛУМБІЯ: Ліга (Жінки) ТаблицяПерерваРеал Сантандер Ж - Америка Калі Ж [КОЛУМБІЯ: Ліга (Жінки)]
    25' Деп. Калі Ж - Хуніор Ж [КОЛУМБІЯ: Ліга (Жінки)]
    45' ПЕРУ: Ліга 1 - Апертура ТаблицяПерерваЛос Чанкас - С'єнсіано [ПЕРУ: Ліга 1 - Апертура]
    47' ПОРТУГАЛІЯ: Кубок Португалії47'Торреенсе - АД Фафе [ПОРТУГАЛІЯ: Кубок Португалії]
    25' ЯМАЙКА: Прем'єр-ліга Таблиця25'Spanish Town Police - Портмор [ЯМАЙКА: Прем'єр-ліга]
  Found: 0 candidates, 0 new, 4 permanently skipped

Done: 0 analyzed, 0 actionable, 0 TG sent

🔥 RUN #74: analyzed=0, signals=0
⏳ Next scan in 3m...
[23:57:16] Live scan
  Запуск live-скрапера (після ранкових Telegram, якщо були).
Opening: https://m.flashscore.ua/?s=2 (minute >= 60, 0:0 only)
Provider health [https://m.flashscore.ua/?s=2]: rows=12, 0:0 total=5, candidates=0
  ⏸ 0:0 ще рано (< 60'):
    45' КОЛУМБІЯ: Ліга (Жінки) ТаблицяПерерваРеал Сантандер Ж - Америка Калі Ж [КОЛУМБІЯ: Ліга (Жінки)]
    28' Деп. Калі Ж - Хуніор Ж [КОЛУМБІЯ: Ліга (Жінки)]
    45' ПЕРУ: Ліга 1 - Апертура ТаблицяПерерваЛос Чанкас - С'єнсіано [ПЕРУ: Ліга 1 - Апертура]
    50' ПОРТУГАЛІЯ: Кубок Португалії50'Торреенсе - АД Фафе [ПОРТУГАЛІЯ: Кубок Португалії]
    28' ЯМАЙКА: Прем'єр-ліга Таблиця28'Spanish Town Police - Портмор [ЯМАЙКА: Прем'єр-ліга]
  Found: 0 candidates, 0 new, 4 permanently skipped

Done: 0 analyzed, 0 actionable, 0 TG sent

🔥 RUN #75: analyzed=0, signals=0
⏳ Next scan in 3m...
📅 New day — reset (skipped=4, tgSent=8, active=0)
  [restore] Відновлено з лога: 4 оброблених, 8 надісланих TG, 0 активних ставок
[00:00:27] Live scan
  First run — checking yesterday results
  [result] No unchecked predictions for 2026-04-22
  Yesterday: 0/0 hits (0 з прогнозом)
  Daily summary Telegram disabled (date=2026-04-22)
  Запуск live-скрапера (після ранкових Telegram, якщо були).
Opening: https://m.flashscore.ua/?s=2 (minute >= 60, 0:0 only)
Provider health [https://m.flashscore.ua/?s=2]: rows=12, 0:0 total=7, candidates=0
  ⏸ 0:0 ще рано (< 60'):
    1' АРГЕНТИНА: Ліга дублерів - Апертура Таблиця1'Хімнасія Мендоса 2 - Індепендьєнте Рівадавія 2 [АРГЕНТИНА: Ліга дублерів - Апертура]
    45' КОЛУМБІЯ: Ліга (Жінки) ТаблицяПерерваРеал Сантандер Ж - Америка Калі Ж [КОЛУМБІЯ: Ліга (Жінки)]
    31' Деп. Калі Ж - Хуніор Ж [КОЛУМБІЯ: Ліга (Жінки)]
    1' Кортулуа Ж - Форталеза Ж [КОЛУМБІЯ: Ліга (Жінки)]
    45' ПЕРУ: Ліга 1 - Апертура ТаблицяПерерваЛос Чанкас - С'єнсіано [ПЕРУ: Ліга 1 - Апертура]
    53' ПОРТУГАЛІЯ: Кубок Португалії53'Торреенсе - АД Фафе [ПОРТУГАЛІЯ: Кубок Португалії]
    31' ЯМАЙКА: Прем'єр-ліга Таблиця31'Spanish Town Police - Портмор [ЯМАЙКА: Прем'єр-ліга]
  Found: 0 candidates, 0 new, 4 permanently skipped

Done: 0 analyzed, 0 actionable, 0 TG sent

🔥 RUN #76: analyzed=0, signals=0
⏳ Next scan in 3m...
[00:03:42] Live scan
  Запуск live-скрапера (після ранкових Telegram, якщо були).
Opening: https://m.flashscore.ua/?s=2 (minute >= 60, 0:0 only)
Provider health [https://m.flashscore.ua/?s=2]: rows=14, 0:0 total=9, candidates=0
  ⏸ 0:0 ще рано (< 60'):
    4' АРГЕНТИНА: Ліга дублерів - Апертура Таблиця4'Тальєрес Кордоба 2 - Бельграно 2 [АРГЕНТИНА: Ліга дублерів - Апертура]
    4' Хімнасія Мендоса 2 - Індепендьєнте Рівадавія 2 [АРГЕНТИНА: Ліга дублерів - Апертура]
    45' КОЛУМБІЯ: Ліга (Жінки) ТаблицяПерерваРеал Сантандер Ж - Америка Калі Ж [КОЛУМБІЯ: Ліга (Жінки)]
    34' Деп. Калі Ж - Хуніор Ж [КОЛУМБІЯ: Ліга (Жінки)]
    4' Кортулуа Ж - Форталеза Ж [КОЛУМБІЯ: Ліга (Жінки)]
    45' ПЕРУ: Ліга 1 - Апертура ТаблицяПерерваЛос Чанкас - С'єнсіано [ПЕРУ: Ліга 1 - Апертура]
    57' ПОРТУГАЛІЯ: Кубок Португалії57'Торреенсе - АД Фафе [ПОРТУГАЛІЯ: Кубок Португалії]
    4' САЛЬВАДОР: Кубок президента - Плей-оф4'Какауатіке - Еркулес [САЛЬВАДОР: Кубок президента - Плей-оф]
    34' ЯМАЙКА: Прем'єр-ліга Таблиця34'Spanish Town Police - Портмор [ЯМАЙКА: Прем'єр-ліга]
  Found: 0 candidates, 0 new, 4 permanently skipped

Done: 0 analyzed, 0 actionable, 0 TG sent

🔥 RUN #77: analyzed=0, signals=0
⏳ Next scan in 3m...
[00:06:54] Live scan
  Запуск live-скрапера (після ранкових Telegram, якщо були).
Opening: https://m.flashscore.ua/?s=2 (minute >= 60, 0:0 only)
Provider health [https://m.flashscore.ua/?s=2]: rows=14, 0:0 total=9, candidates=1
  ⏸ 0:0 ще рано (< 60'):
    7' АРГЕНТИНА: Ліга дублерів - Апертура Таблиця7'Тальєрес Кордоба 2 - Бельграно 2 [АРГЕНТИНА: Ліга дублерів - Апертура]
    7' Хімнасія Мендоса 2 - Індепендьєнте Рівадавія 2 [АРГЕНТИНА: Ліга дублерів - Апертура]
    45' КОЛУМБІЯ: Ліга (Жінки) ТаблицяПерерваРеал Сантандер Ж - Америка Калі Ж [КОЛУМБІЯ: Ліга (Жінки)]
    37' Деп. Калі Ж - Хуніор Ж [КОЛУМБІЯ: Ліга (Жінки)]
    7' Кортулуа Ж - Форталеза Ж [КОЛУМБІЯ: Ліга (Жінки)]
    45' ПЕРУ: Ліга 1 - Апертура ТаблицяПерерваЛос Чанкас - С'єнсіано [ПЕРУ: Ліга 1 - Апертура]
    7' САЛЬВАДОР: Кубок президента - Плей-оф7'Какауатіке - Еркулес [САЛЬВАДОР: Кубок президента - Плей-оф]
    37' ЯМАЙКА: Прем'єр-ліга Таблиця37'Spanish Town Police - Портмор [ЯМАЙКА: Прем'єр-ліга]
  ✔ 60' ПОРТУГАЛІЯ: Кубок Португалії60'Торреенсе - АД Фафе [ПОРТУГАЛІЯ: Кубок Португалії] id=EySAfVkK
  Found: 1 candidates, 1 new, 4 permanently skipped

→ ПОРТУГАЛІЯ: Кубок Португалії60'Торреенсе - АД Фафе (60') [ПОРТУГАЛІЯ: Кубок Португалії]
  Кф 1X2: 1.87 / 3.68 / 4.44
  Desktop: https://www.flashscore.ua/match/soccer/ad-fafe-zDTB8O0G/torreense-8jQErKhN/?mid=EySAfVkK
  [stats] EySAfVkK → both, 30 metrics
  Features: quality=1, primary=6, status=both
  Model v2: pGoal=0.363, pDry=0.637 sq=0.7557 state=dry | 60-70 → SKIP

Done: 1 analyzed, 0 actionable, 0 TG sent

🔥 RUN #78: analyzed=1, signals=0
⏳ Next scan in 3m...
[00:10:21] Live scan
  Запуск live-скрапера (після ранкових Telegram, якщо були).
Opening: https://m.flashscore.ua/?s=2 (minute >= 60, 0:0 only)
Provider health [https://m.flashscore.ua/?s=2]: rows=13, 0:0 total=9, candidates=1
  ⏸ 0:0 ще рано (< 60'):
    11' АРГЕНТИНА: Ліга дублерів - Апертура Таблиця11'Тальєрес Кордоба 2 - Бельграно 2 [АРГЕНТИНА: Ліга дублерів - Апертура]
    11' Хімнасія Мендоса 2 - Індепендьєнте Рівадавія 2 [АРГЕНТИНА: Ліга дублерів - Апертура]
    50' КОЛУМБІЯ: Ліга (Жінки) Таблиця50'Реал Сантандер Ж - Америка Калі Ж [КОЛУМБІЯ: Ліга (Жінки)]
    41' Деп. Калі Ж - Хуніор Ж [КОЛУМБІЯ: Ліга (Жінки)]
    11' Кортулуа Ж - Форталеза Ж [КОЛУМБІЯ: Ліга (Жінки)]
    51' ПЕРУ: Ліга 1 - Апертура Таблиця51'Лос Чанкас - С'єнсіано [ПЕРУ: Ліга 1 - Апертура]
    11' САЛЬВАДОР: Кубок президента - Плей-оф11'Какауатіке - Еркулес [САЛЬВАДОР: Кубок президента - Плей-оф]
    41' ЯМАЙКА: Прем'єр-ліга Таблиця41'Spanish Town Police - Портмор [ЯМАЙКА: Прем'єр-ліга]
  ✔ 63' ПОРТУГАЛІЯ: Кубок Португалії63'Торреенсе - АД Фафе [ПОРТУГАЛІЯ: Кубок Португалії] id=EySAfVkK
  Found: 1 candidates, 1 new, 4 permanently skipped

→ ПОРТУГАЛІЯ: Кубок Португалії63'Торреенсе - АД Фафе (63') [ПОРТУГАЛІЯ: Кубок Португалії]
  Кф 1X2: 1.87 / 3.68 / 4.44
  Desktop: https://www.flashscore.ua/match/soccer/ad-fafe-zDTB8O0G/torreense-8jQErKhN/?mid=EySAfVkK
  [stats] EySAfVkK → both, 30 metrics
  Features: quality=1, primary=6, status=both
  Model v2: pGoal=0.363, pDry=0.637 sq=0.7714 state=dry | 60-70 → SKIP | Δ2H SOT=0 xG=0.04 (Δ3′ матчу)
  🔔 dryAlert встановлено (стан dry@63')

Done: 1 analyzed, 0 actionable, 0 TG sent
📌 Tracking 1 active prediction(s)

🔥 RUN #79: analyzed=1, signals=0
⏳ Next scan in 3m...
[00:13:49] Live scan
  Запуск live-скрапера (після ранкових Telegram, якщо були).
Opening: https://m.flashscore.ua/?s=2 (minute >= 60, 0:0 only)
Provider health [https://m.flashscore.ua/?s=2]: rows=13, 0:0 total=9, candidates=1
  ⏸ 0:0 ще рано (< 60'):
    14' АРГЕНТИНА: Ліга дублерів - Апертура Таблиця14'Тальєрес Кордоба 2 - Бельграно 2 [АРГЕНТИНА: Ліга дублерів - Апертура]
    14' Хімнасія Мендоса 2 - Індепендьєнте Рівадавія 2 [АРГЕНТИНА: Ліга дублерів - Апертура]
    53' КОЛУМБІЯ: Ліга (Жінки) Таблиця53'Реал Сантандер Ж - Америка Калі Ж [КОЛУМБІЯ: Ліга (Жінки)]
    44' Деп. Калі Ж - Хуніор Ж [КОЛУМБІЯ: Ліга (Жінки)]
    14' Кортулуа Ж - Форталеза Ж [КОЛУМБІЯ: Ліга (Жінки)]
    54' ПЕРУ: Ліга 1 - Апертура Таблиця54'Лос Чанкас - С'єнсіано [ПЕРУ: Ліга 1 - Апертура]
    14' САЛЬВАДОР: Кубок президента - Плей-оф14'Какауатіке - Еркулес [САЛЬВАДОР: Кубок президента - Плей-оф]
    44' ЯМАЙКА: Прем'єр-ліга Таблиця44'Spanish Town Police - Портмор [ЯМАЙКА: Прем'єр-ліга]
  ✔ 67' ПОРТУГАЛІЯ: Кубок Португалії67'Торреенсе - АД Фафе [ПОРТУГАЛІЯ: Кубок Португалії] id=EySAfVkK
  Found: 1 candidates, 1 new, 4 permanently skipped

→ ПОРТУГАЛІЯ: Кубок Португалії67'Торреенсе - АД Фафе (67') [ПОРТУГАЛІЯ: Кубок Португалії]
  Кф 1X2: 1.87 / 3.68 / 4.44
  Desktop: https://www.flashscore.ua/match/soccer/ad-fafe-zDTB8O0G/torreense-8jQErKhN/?mid=EySAfVkK
  [stats] EySAfVkK → both, 30 metrics
  Features: quality=1, primary=6, status=both
  Model v2: pGoal=0.303, pDry=0.697 sq=0.7871 state=dry | 60-70 → SKIP | Δ2H SOT=0 xG=0 (Δ4′ матчу)
  🔔 dryAlert встановлено (стан dry@67')

Done: 1 analyzed, 0 actionable, 0 TG sent
📌 Tracking 1 active prediction(s)

🔥 RUN #80: analyzed=1, signals=0
⏳ Next scan in 3m...
[00:17:14] Live scan
  Запуск live-скрапера (після ранкових Telegram, якщо були).
Opening: https://m.flashscore.ua/?s=2 (minute >= 60, 0:0 only)
Provider health [https://m.flashscore.ua/?s=2]: rows=12, 0:0 total=9, candidates=1
  ⏸ 0:0 ще рано (< 60'):
    18' АРГЕНТИНА: Ліга дублерів - Апертура Таблиця18'Тальєрес Кордоба 2 - Бельграно 2 [АРГЕНТИНА: Ліга дублерів - Апертура]
    18' Хімнасія Мендоса 2 - Індепендьєнте Рівадавія 2 [АРГЕНТИНА: Ліга дублерів - Апертура]
    56' КОЛУМБІЯ: Ліга (Жінки) Таблиця56'Реал Сантандер Ж - Америка Калі Ж [КОЛУМБІЯ: Ліга (Жінки)]
    18' Кортулуа Ж - Форталеза Ж [КОЛУМБІЯ: Ліга (Жінки)]
    58' ПЕРУ: Ліга 1 - Апертура Таблиця58'Лос Чанкас - С'єнсіано [ПЕРУ: Ліга 1 - Апертура]
    18' САЛЬВАДОР: Кубок президента - Плей-оф18'Какауатіке - Еркулес [САЛЬВАДОР: Кубок президента - Плей-оф]
  ✔ 70' ПОРТУГАЛІЯ: Кубок Португалії70'Торреенсе - АД Фафе [ПОРТУГАЛІЯ: Кубок Португалії] id=EySAfVkK
  Found: 1 candidates, 1 new, 4 permanently skipped

→ ПОРТУГАЛІЯ: Кубок Португалії70'Торреенсе - АД Фафе (70') [ПОРТУГАЛІЯ: Кубок Португалії]
  Кф 1X2: 1.87 / 3.68 / 4.44
  Desktop: https://www.flashscore.ua/match/soccer/ad-fafe-zDTB8O0G/torreense-8jQErKhN/?mid=EySAfVkK
  [stats] EySAfVkK → both, 31 metrics
  Features: quality=1, primary=6, status=both
  Model v2: pGoal=0.333, pDry=0.667 sq=0.8029 state=dry | 70-80 → SKIP | Δ2H SOT=0 xG=0 (Δ3′ матчу)

Done: 1 analyzed, 0 actionable, 0 TG sent
📌 Tracking 1 active prediction(s)

🔥 RUN #81: analyzed=1, signals=0
⏳ Next scan in 3m...
[00:20:41] Live scan
  Запуск live-скрапера (після ранкових Telegram, якщо були).
Opening: https://m.flashscore.ua/?s=2 (minute >= 60, 0:0 only)
Provider health [https://m.flashscore.ua/?s=2]: rows=12, 0:0 total=8, candidates=3
  ⏸ 0:0 ще рано (< 60'):
    21' АРГЕНТИНА: Ліга дублерів - Апертура Таблиця21'Тальєрес Кордоба 2 - Бельграно 2 [АРГЕНТИНА: Ліга дублерів - Апертура]
    21' Кортулуа Ж - Форталеза Ж [КОЛУМБІЯ: Ліга (Жінки)]
    21' САЛЬВАДОР: Кубок президента - Плей-оф21'Какауатіке - Еркулес [САЛЬВАДОР: Кубок президента - Плей-оф]
  ✔ 60' КОЛУМБІЯ: Ліга (Жінки) Таблиця60'Реал Сантандер Ж - Америка Калі Ж [КОЛУМБІЯ: Ліга (Жінки)] id=MRmNftr1
  ✔ 61' ПЕРУ: Ліга 1 - Апертура Таблиця61'Лос Чанкас - С'єнсіано [ПЕРУ: Ліга 1 - Апертура] id=lv2wtrz0
  ✔ 74' ПОРТУГАЛІЯ: Кубок Португалії74'Торреенсе - АД Фафе [ПОРТУГАЛІЯ: Кубок Португалії] id=EySAfVkK
  Found: 3 candidates, 3 new, 4 permanently skipped

→ КОЛУМБІЯ: Ліга (Жінки) Таблиця60'Реал Сантандер Ж - Америка Калі Ж (60') [КОЛУМБІЯ: Ліга (Жінки)]

→ ПЕРУ: Ліга 1 - Апертура Таблиця61'Лос Чанкас - С'єнсіано (61') [ПЕРУ: Ліга 1 - Апертура]
  Кф 1X2: 2.51 / 3.42 / 2.64
  Кф 1X2: 9.35 / 4.5 / 1.33
  Desktop: https://www.flashscore.ua/match/soccer/america-de-cali-Q9RoAthL/real-santander-UTkDNG4l/?mid=MRmNftr1
  Desktop: https://www.flashscore.ua/match/soccer/cienciano-82OXAD3n/los-chankas-hfMxvE6a/?mid=lv2wtrz0
  [stats] MRmNftr1 → both, 5 metrics
  [stats] lv2wtrz0 → both, 32 metrics
  Features: quality=0.23, primary=2, status=both
  Model v2: pGoal=0.439, pDry=0.561 sq=0.4447 state=dry | 60-70 → SKIP

→ ПОРТУГАЛІЯ: Кубок Португалії74'Торреенсе - АД Фафе (74') [ПОРТУГАЛІЯ: Кубок Португалії]
  Features: quality=1, primary=6, status=both
  Model v2: pGoal=0.405, pDry=0.595 sq=0.6157 state=neutral | 60-70 → SKIP
  Кф 1X2: 1.87 / 3.68 / 4.44
  Desktop: https://www.flashscore.ua/match/soccer/ad-fafe-zDTB8O0G/torreense-8jQErKhN/?mid=EySAfVkK
  [stats] EySAfVkK → both, 31 metrics
  Features: quality=1, primary=6, status=both
  Model v2: pGoal=0.333, pDry=0.667 sq=0.8186 state=dry | 70-80 → UNDER_0_5 | Δ2H SOT=0 xG=0 (Δ4′ матчу) [TG]
  [ggbet] Not found: ПОРТУГАЛІЯ: Кубок Португалії74'Торреенсе - АД Фафе
Message sent to Telegram
  ✓ Telegram sent

Done: 3 analyzed, 1 actionable, 1 TG sent
📌 Tracking 1 active prediction(s)

🔥 RUN #82: analyzed=3, signals=1
⏳ Next scan in 3m...
[00:24:28] Live scan
  Запуск live-скрапера (після ранкових Telegram, якщо були).
Opening: https://m.flashscore.ua/?s=2 (minute >= 60, 0:0 only)
Provider health [https://m.flashscore.ua/?s=2]: rows=12, 0:0 total=8, candidates=3
  ⏸ 0:0 ще рано (< 60'):
    25' АРГЕНТИНА: Ліга дублерів - Апертура Таблиця25'Тальєрес Кордоба 2 - Бельграно 2 [АРГЕНТИНА: Ліга дублерів - Апертура]
    45' Деп. Калі Ж - Хуніор Ж [КОЛУМБІЯ: Ліга (Жінки)]
    25' Кортулуа Ж - Форталеза Ж [КОЛУМБІЯ: Ліга (Жінки)]
    25' САЛЬВАДОР: Кубок президента - Плей-оф25'Какауатіке - Еркулес [САЛЬВАДОР: Кубок президента - Плей-оф]
    45' ЯМАЙКА: Прем'єр-ліга ТаблицяПерерваSpanish Town Police - Портмор [ЯМАЙКА: Прем'єр-ліга]
  ✔ 64' КОЛУМБІЯ: Ліга (Жінки) Таблиця64'Реал Сантандер Ж - Америка Калі Ж [КОЛУМБІЯ: Ліга (Жінки)] id=MRmNftr1
  ✔ 65' ПЕРУ: Ліга 1 - Апертура Таблиця65'Лос Чанкас - С'єнсіано [ПЕРУ: Ліга 1 - Апертура] id=lv2wtrz0
  ✔ 77' ПОРТУГАЛІЯ: Кубок Португалії77'Торреенсе - АД Фафе [ПОРТУГАЛІЯ: Кубок Португалії] id=EySAfVkK
  Found: 3 candidates, 3 new, 4 permanently skipped

→ КОЛУМБІЯ: Ліга (Жінки) Таблиця64'Реал Сантандер Ж - Америка Калі Ж (64') [КОЛУМБІЯ: Ліга (Жінки)]

→ ПЕРУ: Ліга 1 - Апертура Таблиця65'Лос Чанкас - С'єнсіано (65') [ПЕРУ: Ліга 1 - Апертура]
  Кф 1X2: 9.35 / 4.5 / 1.33
  Кф 1X2: 2.51 / 3.42 / 2.64
  Desktop: https://www.flashscore.ua/match/soccer/america-de-cali-Q9RoAthL/real-santander-UTkDNG4l/?mid=MRmNftr1
  Desktop: https://www.flashscore.ua/match/soccer/cienciano-82OXAD3n/los-chankas-hfMxvE6a/?mid=lv2wtrz0
  [stats] lv2wtrz0 → both, 32 metrics
  [stats] MRmNftr1 → both, 5 metrics
  Features: quality=1, primary=6, status=both
  Model v2: pGoal=0.345, pDry=0.655 sq=0.7114 state=falseDry | 60-70 → SKIP | Δ2H SOT=0 xG=0 (Δ4′ матчу)
  Features: quality=0.23, primary=2, status=both
  Model v2: pGoal=0.379, pDry=0.621 sq=0.5404 state=dry | 60-70 → SKIP | Δ2H SOT=0 xG=— (Δ4′ матчу)
  🔔 dryAlert встановлено (стан dry@64')

→ ПОРТУГАЛІЯ: Кубок Португалії77'Торреенсе - АД Фафе (77') [ПОРТУГАЛІЯ: Кубок Португалії]
  Кф 1X2: 1.87 / 3.68 / 4.44
  Desktop: https://www.flashscore.ua/match/soccer/ad-fafe-zDTB8O0G/torreense-8jQErKhN/?mid=EySAfVkK
  [stats] EySAfVkK → both, 32 metrics
  Features: quality=1, primary=6, status=both
  Model v2: pGoal=0.393, pDry=0.607 sq=0.8343 state=dry | 70-80 → UNDER_0_5 | Δ2H SOT=0 xG=0.01 (Δ3′ матчу) [TG]
  ↻ Re-analysis done (no change)

Done: 3 analyzed, 1 actionable, 0 TG sent
📌 Tracking 2 active prediction(s)

🔥 RUN #83: analyzed=3, signals=0
⏳ Next scan in 3m...
[00:28:08] Live scan
  Запуск live-скрапера (після ранкових Telegram, якщо були).
Opening: https://m.flashscore.ua/?s=2 (minute >= 60, 0:0 only)
Provider health [https://m.flashscore.ua/?s=2]: rows=12, 0:0 total=8, candidates=3
  ⏸ 0:0 ще рано (< 60'):
    29' АРГЕНТИНА: Ліга дублерів - Апертура Таблиця29'Тальєрес Кордоба 2 - Бельграно 2 [АРГЕНТИНА: Ліга дублерів - Апертура]
    45' Деп. Калі Ж - Хуніор Ж [КОЛУМБІЯ: Ліга (Жінки)]
    29' Кортулуа Ж - Форталеза Ж [КОЛУМБІЯ: Ліга (Жінки)]
    29' САЛЬВАДОР: Кубок президента - Плей-оф29'Какауатіке - Еркулес [САЛЬВАДОР: Кубок президента - Плей-оф]
    45' ЯМАЙКА: Прем'єр-ліга ТаблицяПерерваSpanish Town Police - Портмор [ЯМАЙКА: Прем'єр-ліга]
  ✔ 67' КОЛУМБІЯ: Ліга (Жінки) Таблиця67'Реал Сантандер Ж - Америка Калі Ж [КОЛУМБІЯ: Ліга (Жінки)] id=MRmNftr1
  ✔ 68' ПЕРУ: Ліга 1 - Апертура Таблиця68'Лос Чанкас - С'єнсіано [ПЕРУ: Ліга 1 - Апертура] id=lv2wtrz0
  ✔ 81' ПОРТУГАЛІЯ: Кубок Португалії81'Торреенсе - АД Фафе [ПОРТУГАЛІЯ: Кубок Португалії] id=EySAfVkK
  Found: 3 candidates, 3 new, 4 permanently skipped

→ КОЛУМБІЯ: Ліга (Жінки) Таблиця67'Реал Сантандер Ж - Америка Калі Ж (67') [КОЛУМБІЯ: Ліга (Жінки)]

→ ПЕРУ: Ліга 1 - Апертура Таблиця68'Лос Чанкас - С'єнсіано (68') [ПЕРУ: Ліга 1 - Апертура]
  Кф 1X2: 2.51 / 3.42 / 2.64
  Кф 1X2: 9.35 / 4.5 / 1.33
  Desktop: https://www.flashscore.ua/match/soccer/america-de-cali-Q9RoAthL/real-santander-UTkDNG4l/?mid=MRmNftr1
  Desktop: https://www.flashscore.ua/match/soccer/cienciano-82OXAD3n/los-chankas-hfMxvE6a/?mid=lv2wtrz0
  [stats] MRmNftr1 → both, 5 metrics
  [stats] lv2wtrz0 → both, 33 metrics
  Features: quality=0.23, primary=2, status=both
  Model v2: pGoal=0.509, pDry=0.491 sq=0.4761 state=dry | 60-70 → SKIP | Δ2H SOT=0 xG=— (Δ3′ матчу)
  🔔 dryAlert встановлено (стан dry@67')
  Features: quality=1, primary=6, status=both
  Model v2: pGoal=0.345, pDry=0.655 sq=0.7271 state=falseDry | 60-70 → SKIP | Δ2H SOT=0 xG=0.01 (Δ3′ матчу)

→ ПОРТУГАЛІЯ: Кубок Португалії81'Торреенсе - АД Фафе (81') [ПОРТУГАЛІЯ: Кубок Португалії]
  Кф 1X2: 1.87 / 3.68 / 4.44
  Desktop: https://www.flashscore.ua/match/soccer/ad-fafe-zDTB8O0G/torreense-8jQErKhN/?mid=EySAfVkK
  [stats] EySAfVkK → both, 32 metrics
  Features: quality=1, primary=6, status=both
  Model v2: pGoal=0.333, pDry=0.667 sq=0.85 state=dry | 80-90+ → SKIP | Δ2H SOT=0 xG=0 (Δ4′ матчу)

Done: 3 analyzed, 0 actionable, 0 TG sent
📌 Tracking 2 active prediction(s)

🔥 RUN #84: analyzed=3, signals=0
⏳ Next scan in 3m...
[00:31:49] Live scan
  Запуск live-скрапера (після ранкових Telegram, якщо були).
Opening: https://m.flashscore.ua/?s=2 (minute >= 60, 0:0 only)
Provider health [https://m.flashscore.ua/?s=2]: rows=11, 0:0 total=8, candidates=3
  ⏸ 0:0 ще рано (< 60'):
    32' АРГЕНТИНА: Ліга дублерів - Апертура Таблиця32'Тальєрес Кордоба 2 - Бельграно 2 [АРГЕНТИНА: Ліга дублерів - Апертура]
    45' Деп. Калі Ж - Хуніор Ж [КОЛУМБІЯ: Ліга (Жінки)]
    32' Кортулуа Ж - Форталеза Ж [КОЛУМБІЯ: Ліга (Жінки)]
    32' САЛЬВАДОР: Кубок президента - Плей-оф32'Какауатіке - Еркулес [САЛЬВАДОР: Кубок президента - Плей-оф]
    45' ЯМАЙКА: Прем'єр-ліга ТаблицяПерерваSpanish Town Police - Портмор [ЯМАЙКА: Прем'єр-ліга]
  ✔ 71' КОЛУМБІЯ: Ліга (Жінки) Таблиця71'Реал Сантандер Ж - Америка Калі Ж [КОЛУМБІЯ: Ліга (Жінки)] id=MRmNftr1
  ✔ 72' ПЕРУ: Ліга 1 - Апертура Таблиця72'Лос Чанкас - С'єнсіано [ПЕРУ: Ліга 1 - Апертура] id=lv2wtrz0
  ✔ 85' ПОРТУГАЛІЯ: Кубок Португалії85'Торреенсе - АД Фафе [ПОРТУГАЛІЯ: Кубок Португалії] id=EySAfVkK
  Found: 3 candidates, 3 new, 4 permanently skipped

→ КОЛУМБІЯ: Ліга (Жінки) Таблиця71'Реал Сантандер Ж - Америка Калі Ж (71') [КОЛУМБІЯ: Ліга (Жінки)]

→ ПЕРУ: Ліга 1 - Апертура Таблиця72'Лос Чанкас - С'єнсіано (72') [ПЕРУ: Ліга 1 - Апертура]
  Кф 1X2: 9.35 / 4.5 / 1.33
  Кф 1X2: 2.51 / 3.42 / 2.64
  Desktop: https://www.flashscore.ua/match/soccer/cienciano-82OXAD3n/los-chankas-hfMxvE6a/?mid=lv2wtrz0
  Desktop: https://www.flashscore.ua/match/soccer/america-de-cali-Q9RoAthL/real-santander-UTkDNG4l/?mid=MRmNftr1
  [stats] lv2wtrz0 → both, 33 metrics
  [stats] MRmNftr1 → both, 5 metrics
  Features: quality=1, primary=6, status=both
  Model v2: pGoal=0.345, pDry=0.655 sq=0.7429 state=falseDry | 70-80 → UNDER_0_5 | Δ2H SOT=0 xG=0.01 (Δ4′ матчу) [TG]
  Features: quality=0.23, primary=2, status=both
  Model v2: pGoal=0.409, pDry=0.591 sq=0.4919 state=dry | 70-80 → SKIP | Δ2H SOT=0 xG=— (Δ4′ матчу)

→ ПОРТУГАЛІЯ: Кубок Португалії85'Торреенсе - АД Фафе (85') [ПОРТУГАЛІЯ: Кубок Португалії]
  Кф 1X2: 1.87 / 3.68 / 4.44
  [ggbet] Not found: ПЕРУ: Ліга 1 - Апертура Таблиця72'Лос Чанкас - С'єнсіано
Message sent to Telegram
  ✓ Telegram sent
  Desktop: https://www.flashscore.ua/match/soccer/ad-fafe-zDTB8O0G/torreense-8jQErKhN/?mid=EySAfVkK
  [stats] EySAfVkK → both, 33 metrics
  Features: quality=1, primary=6, status=both
  Model v2: pGoal=0.533, pDry=0.467 sq=0.7857 state=lateSurge | 80-90+ → SKIP | Δ2H SOT=1 xG=0.04 (Δ4′ матчу)

Done: 3 analyzed, 1 actionable, 1 TG sent
📌 Tracking 3 active prediction(s)

🔥 RUN #85: analyzed=3, signals=1
⏳ Next scan in 3m...
[00:35:32] Live scan
  Запуск live-скрапера (після ранкових Telegram, якщо були).
Opening: https://m.flashscore.ua/?s=2 (minute >= 60, 0:0 only)
Provider health [https://m.flashscore.ua/?s=2]: rows=10, 0:0 total=7, candidates=2
  ⏸ 0:0 ще рано (< 60'):
    36' АРГЕНТИНА: Ліга дублерів - Апертура Таблиця36'Тальєрес Кордоба 2 - Бельграно 2 [АРГЕНТИНА: Ліга дублерів - Апертура]
    45' Деп. Калі Ж - Хуніор Ж [КОЛУМБІЯ: Ліга (Жінки)]
    36' Кортулуа Ж - Форталеза Ж [КОЛУМБІЯ: Ліга (Жінки)]
    36' САЛЬВАДОР: Кубок президента - Плей-оф36'Какауатіке - Еркулес [САЛЬВАДОР: Кубок президента - Плей-оф]
    45' ЯМАЙКА: Прем'єр-ліга ТаблицяПерерваSpanish Town Police - Портмор [ЯМАЙКА: Прем'єр-ліга]
  ✔ 75' КОЛУМБІЯ: Ліга (Жінки) Таблиця75'Реал Сантандер Ж - Америка Калі Ж [КОЛУМБІЯ: Ліга (Жінки)] id=MRmNftr1
  ✔ 76' ПЕРУ: Ліга 1 - Апертура Таблиця76'Лос Чанкас - С'єнсіано [ПЕРУ: Ліга 1 - Апертура] id=lv2wtrz0
  Found: 2 candidates, 2 new, 4 permanently skipped

→ КОЛУМБІЯ: Ліга (Жінки) Таблиця75'Реал Сантандер Ж - Америка Калі Ж (75') [КОЛУМБІЯ: Ліга (Жінки)]

→ ПЕРУ: Ліга 1 - Апертура Таблиця76'Лос Чанкас - С'єнсіано (76') [ПЕРУ: Ліга 1 - Апертура]
  Кф 1X2: 9.35 / 4.5 / 1.33
  Кф 1X2: 2.51 / 3.42 / 2.64
  Desktop: https://www.flashscore.ua/match/soccer/america-de-cali-Q9RoAthL/real-santander-UTkDNG4l/?mid=MRmNftr1
  Desktop: https://www.flashscore.ua/match/soccer/cienciano-82OXAD3n/los-chankas-hfMxvE6a/?mid=lv2wtrz0
  [stats] MRmNftr1 → both, 5 metrics
  [stats] lv2wtrz0 → both, 33 metrics
  Features: quality=1, primary=6, status=both
  Model v2: pGoal=0.595, pDry=0.405 sq=0.7386 state=lateSurge | 70-80 → SKIP | Δ2H SOT=1 xG=0.13 (Δ4′ матчу)
  Features: quality=0.23, primary=2, status=both
  Model v2: pGoal=0.409, pDry=0.591 sq=0.5076 state=dry | 70-80 → SKIP | Δ2H SOT=0 xG=— (Δ4′ матчу)

Done: 2 analyzed, 0 actionable, 0 TG sent

🔍 Checking 1 possibly finished match(es)...
  ⚽ ПОРТУГАЛІЯ: Кубок Португалії77'Торреенсе - АД Фафе: 1:0 [GOAL→resolved] → ТМ:❌
Message sent to Telegram
  ✓ Telegram result sent (1:0 (ще триває, гол вирішив))
📌 Tracking 2 active prediction(s)

🔥 RUN #86: analyzed=2, signals=0
⏳ Next scan in 3m...
[00:39:03] Live scan
  Запуск live-скрапера (після ранкових Telegram, якщо були).
Opening: https://m.flashscore.ua/?s=2 (minute >= 60, 0:0 only)
Provider health [https://m.flashscore.ua/?s=2]: rows=11, 0:0 total=8, candidates=2
  ⏸ 0:0 ще рано (< 60'):
    40' АРГЕНТИНА: Ліга дублерів - Апертура Таблиця40'Тальєрес Кордоба 2 - Бельграно 2 [АРГЕНТИНА: Ліга дублерів - Апертура]
    45' Деп. Калі Ж - Хуніор Ж [КОЛУМБІЯ: Ліга (Жінки)]
    40' Кортулуа Ж - Форталеза Ж [КОЛУМБІЯ: Ліга (Жінки)]
    40' САЛЬВАДОР: Кубок президента - Плей-оф40'Какауатіке - Еркулес [САЛЬВАДОР: Кубок президента - Плей-оф]
    48' ЯМАЙКА: Прем'єр-ліга Таблиця48'Spanish Town Police - Портмор [ЯМАЙКА: Прем'єр-ліга]
    10' Данбіхолден - Харбор В'ю [ЯМАЙКА: Прем'єр-ліга]
  ✔ 78' КОЛУМБІЯ: Ліга (Жінки) Таблиця78'Реал Сантандер Ж - Америка Калі Ж [КОЛУМБІЯ: Ліга (Жінки)] id=MRmNftr1
  ✔ 79' ПЕРУ: Ліга 1 - Апертура Таблиця79'Лос Чанкас - С'єнсіано [ПЕРУ: Ліга 1 - Апертура] id=lv2wtrz0
  Found: 2 candidates, 2 new, 4 permanently skipped

→ КОЛУМБІЯ: Ліга (Жінки) Таблиця78'Реал Сантандер Ж - Америка Калі Ж (78') [КОЛУМБІЯ: Ліга (Жінки)]

→ ПЕРУ: Ліга 1 - Апертура Таблиця79'Лос Чанкас - С'єнсіано (79') [ПЕРУ: Ліга 1 - Апертура]
  Кф 1X2: 2.51 / 3.42 / 2.64
  Кф 1X2: 9.35 / 4.5 / 1.33
  Desktop: https://www.flashscore.ua/match/soccer/america-de-cali-Q9RoAthL/real-santander-UTkDNG4l/?mid=MRmNftr1
  Desktop: https://www.flashscore.ua/match/soccer/cienciano-82OXAD3n/los-chankas-hfMxvE6a/?mid=lv2wtrz0
  [stats] MRmNftr1 → both, 5 metrics
  [stats] lv2wtrz0 → both, 33 metrics
  Features: quality=0.23, primary=2, status=both
  Model v2: pGoal=0.609, pDry=0.391 sq=0.6033 state=lateSurge | 70-80 → SKIP | Δ2H SOT=0 xG=— (Δ3′ матчу)
  Features: quality=1, primary=6, status=both
  Model v2: pGoal=0.595, pDry=0.405 sq=0.7543 state=lateSurge | 70-80 → SKIP | Δ2H SOT=0 xG=0.11 (Δ3′ матчу)

Done: 2 analyzed, 0 actionable, 0 TG sent
📌 Tracking 2 active prediction(s)

🔥 RUN #87: analyzed=2, signals=0
⏳ Next scan in 3m...
[00:42:31] Live scan
  Запуск live-скрапера (після ранкових Telegram, якщо були).
Opening: https://m.flashscore.ua/?s=2 (minute >= 60, 0:0 only)
Provider health [https://m.flashscore.ua/?s=2]: rows=11, 0:0 total=7, candidates=2
  ⏸ 0:0 ще рано (< 60'):
    43' АРГЕНТИНА: Ліга дублерів - Апертура Таблиця43'Тальєрес Кордоба 2 - Бельграно 2 [АРГЕНТИНА: Ліга дублерів - Апертура]
    43' Кортулуа Ж - Форталеза Ж [КОЛУМБІЯ: Ліга (Жінки)]
    43' САЛЬВАДОР: Кубок президента - Плей-оф43'Какауатіке - Еркулес [САЛЬВАДОР: Кубок президента - Плей-оф]
    52' ЯМАЙКА: Прем'єр-ліга Таблиця52'Spanish Town Police - Портмор [ЯМАЙКА: Прем'єр-ліга]
    13' Данбіхолден - Харбор В'ю [ЯМАЙКА: Прем'єр-ліга]
  ✔ 82' КОЛУМБІЯ: Ліга (Жінки) Таблиця82'Реал Сантандер Ж - Америка Калі Ж [КОЛУМБІЯ: Ліга (Жінки)] id=MRmNftr1
  ✔ 83' ПЕРУ: Ліга 1 - Апертура Таблиця83'Лос Чанкас - С'єнсіано [ПЕРУ: Ліга 1 - Апертура] id=lv2wtrz0
  Found: 2 candidates, 2 new, 4 permanently skipped

→ КОЛУМБІЯ: Ліга (Жінки) Таблиця82'Реал Сантандер Ж - Америка Калі Ж (82') [КОЛУМБІЯ: Ліга (Жінки)]

→ ПЕРУ: Ліга 1 - Апертура Таблиця83'Лос Чанкас - С'єнсіано (83') [ПЕРУ: Ліга 1 - Апертура]
  Кф 1X2: 2.51 / 3.42 / 2.64
  Кф 1X2: 9.35 / 4.5 / 1.33
  Desktop: https://www.flashscore.ua/match/soccer/america-de-cali-Q9RoAthL/real-santander-UTkDNG4l/?mid=MRmNftr1
  Desktop: https://www.flashscore.ua/match/soccer/cienciano-82OXAD3n/los-chankas-hfMxvE6a/?mid=lv2wtrz0
  [stats] lv2wtrz0 → both, 33 metrics
  [stats] MRmNftr1 → both, 5 metrics
  Features: quality=1, primary=6, status=both
  Model v2: pGoal=0.395, pDry=0.605 sq=0.85 state=pressureGrowth | 80-90+ → SKIP | Δ2H SOT=0 xG=0 (Δ4′ матчу)
  Features: quality=0.23, primary=2, status=both
  Model v2: pGoal=0.609, pDry=0.391 sq=0.619 state=lateSurge | 80-90+ → SKIP | Δ2H SOT=1 xG=— (Δ4′ матчу)

Done: 2 analyzed, 0 actionable, 0 TG sent
📌 Tracking 2 active prediction(s)

🔥 RUN #88: analyzed=2, signals=0
⏳ Next scan in 3m...
[00:45:59] Live scan
  Запуск live-скрапера (після ранкових Telegram, якщо були).
Opening: https://m.flashscore.ua/?s=2 (minute >= 60, 0:0 only)
Provider health [https://m.flashscore.ua/?s=2]: rows=11, 0:0 total=7, candidates=2
  ⏸ 0:0 ще рано (< 60'):
    55' ЯМАЙКА: Прем'єр-ліга Таблиця55'Spanish Town Police - Портмор [ЯМАЙКА: Прем'єр-ліга]
    17' Данбіхолден - Харбор В'ю [ЯМАЙКА: Прем'єр-ліга]
  ✔ 85' КОЛУМБІЯ: Ліга (Жінки) Таблиця85'Реал Сантандер Ж - Америка Калі Ж [КОЛУМБІЯ: Ліга (Жінки)] id=MRmNftr1
  ✔ 86' ПЕРУ: Ліга 1 - Апертура Таблиця86'Лос Чанкас - С'єнсіано [ПЕРУ: Ліга 1 - Апертура] id=lv2wtrz0
  Found: 2 candidates, 2 new, 4 permanently skipped

→ КОЛУМБІЯ: Ліга (Жінки) Таблиця85'Реал Сантандер Ж - Америка Калі Ж (85') [КОЛУМБІЯ: Ліга (Жінки)]

→ ПЕРУ: Ліга 1 - Апертура Таблиця86'Лос Чанкас - С'єнсіано (86') [ПЕРУ: Ліга 1 - Апертура]
  Кф 1X2: 2.51 / 3.42 / 2.64
  Кф 1X2: 9.35 / 4.5 / 1.33
  Desktop: https://www.flashscore.ua/match/soccer/cienciano-82OXAD3n/los-chankas-hfMxvE6a/?mid=lv2wtrz0
  Desktop: https://www.flashscore.ua/match/soccer/america-de-cali-Q9RoAthL/real-santander-UTkDNG4l/?mid=MRmNftr1
  [stats] MRmNftr1 → both, 5 metrics
  [stats] lv2wtrz0 → both, 33 metrics
  Features: quality=0.23, primary=2, status=both
  Model v2: pGoal=0.659, pDry=0.341 sq=0.6347 state=lateSurge | 80-90+ → SKIP | Δ2H SOT=2 xG=— (Δ3′ матчу)
  Features: quality=1, primary=6, status=both
  Model v2: pGoal=0.395, pDry=0.605 sq=0.8657 state=pressureGrowth | 80-90+ → SKIP | Δ2H SOT=1 xG=0.02 (Δ3′ матчу)

Done: 2 analyzed, 0 actionable, 0 TG sent
📌 Tracking 2 active prediction(s)

🔥 RUN #89: analyzed=2, signals=0
⏳ Next scan in 3m...
[00:49:28] Live scan
  Запуск live-скрапера (після ранкових Telegram, якщо були).
Opening: https://m.flashscore.ua/?s=2 (minute >= 60, 0:0 only)
Provider health [https://m.flashscore.ua/?s=2]: rows=11, 0:0 total=6, candidates=2
  ⏸ 0:0 ще рано (< 60'):
    45' Кортулуа Ж - Форталеза Ж [КОЛУМБІЯ: Ліга (Жінки)]
    59' ЯМАЙКА: Прем'єр-ліга Таблиця59'Spanish Town Police - Портмор [ЯМАЙКА: Прем'єр-ліга]
    20' Данбіхолден - Харбор В'ю [ЯМАЙКА: Прем'єр-ліга]
  ✔ 89' КОЛУМБІЯ: Ліга (Жінки) Таблиця89'Реал Сантандер Ж - Америка Калі Ж [КОЛУМБІЯ: Ліга (Жінки)] id=MRmNftr1
  ✔ 90' ПЕРУ: Ліга 1 - Апертура Таблиця90'Лос Чанкас - С'єнсіано [ПЕРУ: Ліга 1 - Апертура] id=lv2wtrz0
  Found: 2 candidates, 2 new, 4 permanently skipped

→ КОЛУМБІЯ: Ліга (Жінки) Таблиця89'Реал Сантандер Ж - Америка Калі Ж (89') [КОЛУМБІЯ: Ліга (Жінки)]

→ ПЕРУ: Ліга 1 - Апертура Таблиця90'Лос Чанкас - С'єнсіано (90') [ПЕРУ: Ліга 1 - Апертура]
  Кф 1X2: 2.51 / 3.42 / 2.64
  Кф 1X2: 9.35 / 4.5 / 1.33
  Desktop: https://www.flashscore.ua/match/soccer/cienciano-82OXAD3n/los-chankas-hfMxvE6a/?mid=lv2wtrz0
  Desktop: https://www.flashscore.ua/match/soccer/america-de-cali-Q9RoAthL/real-santander-UTkDNG4l/?mid=MRmNftr1
  [stats] lv2wtrz0 → both, 33 metrics
  Features: quality=1, primary=6, status=both
  Model v2: pGoal=0.595, pDry=0.405 sq=0.8014 state=lateSurge | 80-90+ → SKIP | Δ2H SOT=1 xG=0.03 (Δ4′ матчу)
  [stats] MRmNftr1 → both, 5 metrics
  Features: quality=0.23, primary=2, status=both
  Model v2: pGoal=0.459, pDry=0.541 sq=0.5704 state=dry | 80-90+ → SKIP | Δ2H SOT=0 xG=— (Δ4′ матчу)

Done: 2 analyzed, 0 actionable, 0 TG sent
📌 Tracking 2 active prediction(s)

🔥 RUN #90: analyzed=2, signals=0
⏳ Next scan in 3m...
[00:52:58] Live scan
  Запуск live-скрапера (після ранкових Telegram, якщо були).
Opening: https://m.flashscore.ua/?s=2 (minute >= 60, 0:0 only)
Provider health [https://m.flashscore.ua/?s=2]: rows=10, 0:0 total=5, candidates=1
  ⏸ 0:0 ще рано (< 60'):
    45' Кортулуа Ж - Форталеза Ж [КОЛУМБІЯ: Ліга (Жінки)]
    45' САЛЬВАДОР: Кубок президента - Плей-офПерерваКакауатіке - Еркулес [САЛЬВАДОР: Кубок президента - Плей-оф]
    24' Данбіхолден - Харбор В'ю [ЯМАЙКА: Прем'єр-ліга]
  ✔ 62' ЯМАЙКА: Прем'єр-ліга Таблиця62'Spanish Town Police - Портмор [ЯМАЙКА: Прем'єр-ліга] id=dv5WuCZa
  Found: 1 candidates, 1 new, 4 permanently skipped

→ ЯМАЙКА: Прем'єр-ліга Таблиця62'Spanish Town Police - Портмор (62') [ЯМАЙКА: Прем'єр-ліга]
  Кф 1X2: 12.1 / 8.55 / 1.15
  Desktop: https://www.flashscore.ua/match/soccer/portmore-pfDrVtbe/spanish-town-police-dr6zkmMh/?mid=dv5WuCZa
  [stats] dv5WuCZa → both, 6 metrics
  [incidents] dv5WuCZa: 0H + 1A red cards
  Features: quality=0.23, primary=2, status=both | redCards=0H+1A
  Model v2: pGoal=0.48, pDry=0.52 sq=0.4447 state=dry | 60-70 → SKIP

Done: 1 analyzed, 0 actionable, 0 TG sent

🔍 Checking 2 possibly finished match(es)...
  ⏳ undefined - undefined: still live 0:0
  ⚽ ПЕРУ: Ліга 1 - Апертура Таблиця72'Лос Чанкас - С'єнсіано: 1:0 [GOAL→resolved] → ТМ:❌
Message sent to Telegram
  ✓ Telegram result sent (1:0 (ще триває, гол вирішив))
📌 Tracking 1 active prediction(s)

🔥 RUN #91: analyzed=1, signals=0
Message sent to Telegram
⏳ Next scan in 3m...
[00:56:27] Live scan
  Запуск live-скрапера (після ранкових Telegram, якщо були).
Opening: https://m.flashscore.ua/?s=2 (minute >= 60, 0:0 only)
Provider health [https://m.flashscore.ua/?s=2]: rows=10, 0:0 total=3, candidates=0
  ⏸ 0:0 ще рано (< 60'):
    45' Кортулуа Ж - Форталеза Ж [КОЛУМБІЯ: Ліга (Жінки)]
    45' САЛЬВАДОР: Кубок президента - Плей-офПерерваКакауатіке - Еркулес [САЛЬВАДОР: Кубок президента - Плей-оф]
    27' Данбіхолден - Харбор В'ю [ЯМАЙКА: Прем'єр-ліга]
  Found: 0 candidates, 0 new, 4 permanently skipped

Done: 0 analyzed, 0 actionable, 0 TG sent

🔍 Checking 1 possibly finished match(es)...
  ⚽ undefined - undefined: 0:1 [GOAL→resolved] → 

🔥 RUN #92: analyzed=0, signals=0
⏳ Next scan in 3m...
[00:59:41] Live scan
  Запуск live-скрапера (після ранкових Telegram, якщо були).
Opening: https://m.flashscore.ua/?s=2 (minute >= 60, 0:0 only)
Provider health [https://m.flashscore.ua/?s=2]: rows=7, 0:0 total=3, candidates=0
  ⏸ 0:0 ще рано (< 60'):
    45' Кортулуа Ж - Форталеза Ж [КОЛУМБІЯ: Ліга (Жінки)]
    45' САЛЬВАДОР: Кубок президента - Плей-офПерерваКакауатіке - Еркулес [САЛЬВАДОР: Кубок президента - Плей-оф]
    30' Данбіхолден - Харбор В'ю [ЯМАЙКА: Прем'єр-ліга]
  Found: 0 candidates, 0 new, 4 permanently skipped

Done: 0 analyzed, 0 actionable, 0 TG sent

🔥 RUN #93: analyzed=0, signals=0
⏳ Next scan in 3m...
[01:02:52] Live scan
  Запуск live-скрапера (після ранкових Telegram, якщо були).
Opening: https://m.flashscore.ua/?s=2 (minute >= 60, 0:0 only)
Provider health [https://m.flashscore.ua/?s=2]: rows=10, 0:0 total=6, candidates=0
  ⏸ 0:0 ще рано (< 60'):
    3' БРАЗИЛІЯ: Пауліста A2 - Плей-оф3'Ітуано - Ферровіарія [БРАЗИЛІЯ: Пауліста A2 - Плей-оф]
    3' БРАЗИЛІЯ: Betano Кубок Бразилії3'Атлетіку Мінейру - Сеара [БРАЗИЛІЯ: Betano Кубок Бразилії]
    3' БРАЗИЛІЯ: Brasileiro U20 B Таблиця3'Мірасол U20 - Сеара U20 [БРАЗИЛІЯ: Brasileiro U20 B]
    45' Кортулуа Ж - Форталеза Ж [КОЛУМБІЯ: Ліга (Жінки)]
    45' САЛЬВАДОР: Кубок президента - Плей-офПерерваКакауатіке - Еркулес [САЛЬВАДОР: Кубок президента - Плей-оф]
    33' Данбіхолден - Харбор В'ю [ЯМАЙКА: Прем'єр-ліга]
  Found: 0 candidates, 0 new, 4 permanently skipped

Done: 0 analyzed, 0 actionable, 0 TG sent

🔥 RUN #94: analyzed=0, signals=0
⏳ Next scan in 3m...
[01:06:04] Live scan
  Запуск live-скрапера (після ранкових Telegram, якщо були).
Opening: https://m.flashscore.ua/?s=2 (minute >= 60, 0:0 only)
Provider health [https://m.flashscore.ua/?s=2]: rows=11, 0:0 total=7, candidates=0
  ⏸ 0:0 ще рано (< 60'):
    6' БРАЗИЛІЯ: Пауліста A2 - Плей-оф6'Ітуано - Ферровіарія [БРАЗИЛІЯ: Пауліста A2 - Плей-оф]
    6' БРАЗИЛІЯ: Betano Кубок Бразилії6'Атлетіку Мінейру - Сеара [БРАЗИЛІЯ: Betano Кубок Бразилії]
    6' БРАЗИЛІЯ: Brasileiro U20 B Таблиця6'Мірасол U20 - Сеара U20 [БРАЗИЛІЯ: Brasileiro U20 B]
    48' Кортулуа Ж - Форталеза Ж [КОЛУМБІЯ: Ліга (Жінки)]
    6' Мільйонаріос Ж - Льянерос Ж [КОЛУМБІЯ: Ліга (Жінки)]
    45' САЛЬВАДОР: Кубок президента - Плей-офПерерваКакауатіке - Еркулес [САЛЬВАДОР: Кубок президента - Плей-оф]
    36' Данбіхолден - Харбор В'ю [ЯМАЙКА: Прем'єр-ліга]
  Found: 0 candidates, 0 new, 4 permanently skipped

Done: 0 analyzed, 0 actionable, 0 TG sent

🔥 RUN #95: analyzed=0, signals=0
⏳ Next scan in 3m...
[01:09:16] Live scan
  Запуск live-скрапера (після ранкових Telegram, якщо були).
Opening: https://m.flashscore.ua/?s=2 (minute >= 60, 0:0 only)
Provider health [https://m.flashscore.ua/?s=2]: rows=13, 0:0 total=9, candidates=0
  ⏸ 0:0 ще рано (< 60'):
    10' БРАЗИЛІЯ: Пауліста A2 - Плей-оф10'Ітуано - Ферровіарія [БРАЗИЛІЯ: Пауліста A2 - Плей-оф]
    10' БРАЗИЛІЯ: Betano Кубок Бразилії10'Атлетіку Мінейру - Сеара [БРАЗИЛІЯ: Betano Кубок Бразилії]
    10' БРАЗИЛІЯ: Кубок Еспіріту-Санту Таблиця10'Ріу-Бранку ЕС - Ріу-Бранку-ВН [БРАЗИЛІЯ: Кубок Еспіріту-Санту]
    10' БРАЗИЛІЯ: Brasileiro U20 B Таблиця10'Мірасол U20 - Сеара U20 [БРАЗИЛІЯ: Brasileiro U20 B]
    51' Кортулуа Ж - Форталеза Ж [КОЛУМБІЯ: Ліга (Жінки)]
    10' Мільйонаріос Ж - Льянерос Ж [КОЛУМБІЯ: Ліга (Жінки)]
    10' МЕКСИКА: Ліга Прем'єр Серія А - Плей-оф10'Інтер Плая-дель-Кармен - Аподака [МЕКСИКА: Ліга Прем'єр Серія А - Плей-оф]
    49' САЛЬВАДОР: Кубок президента - Плей-оф49'Какауатіке - Еркулес [САЛЬВАДОР: Кубок президента - Плей-оф]
    40' Данбіхолден - Харбор В'ю [ЯМАЙКА: Прем'єр-ліга]
  Found: 0 candidates, 0 new, 4 permanently skipped

Done: 0 analyzed, 0 actionable, 0 TG sent

🔥 RUN #96: analyzed=0, signals=0
⏳ Next scan in 3m...
[01:12:28] Live scan
  Запуск live-скрапера (після ранкових Telegram, якщо були).
Opening: https://m.flashscore.ua/?s=2 (minute >= 60, 0:0 only)
Provider health [https://m.flashscore.ua/?s=2]: rows=13, 0:0 total=7, candidates=0
  ⏸ 0:0 ще рано (< 60'):
    13' БРАЗИЛІЯ: Пауліста A2 - Плей-оф13'Ітуано - Ферровіарія [БРАЗИЛІЯ: Пауліста A2 - Плей-оф]
    13' БРАЗИЛІЯ: Betano Кубок Бразилії13'Атлетіку Мінейру - Сеара [БРАЗИЛІЯ: Betano Кубок Бразилії]
    13' БРАЗИЛІЯ: Кубок Еспіріту-Санту Таблиця13'Ріу-Бранку ЕС - Ріу-Бранку-ВН [БРАЗИЛІЯ: Кубок Еспіріту-Санту]
    55' Кортулуа Ж - Форталеза Ж [КОЛУМБІЯ: Ліга (Жінки)]
    13' Мільйонаріос Ж - Льянерос Ж [КОЛУМБІЯ: Ліга (Жінки)]
    13' МЕКСИКА: Ліга Прем'єр Серія А - Плей-оф13'Інтер Плая-дель-Кармен - Аподака [МЕКСИКА: Ліга Прем'єр Серія А - Плей-оф]
    52' САЛЬВАДОР: Кубок президента - Плей-оф52'Какауатіке - Еркулес [САЛЬВАДОР: Кубок президента - Плей-оф]
  Found: 0 candidates, 0 new, 4 permanently skipped

Done: 0 analyzed, 0 actionable, 0 TG sent

🔥 RUN #97: analyzed=0, signals=0
⏳ Next scan in 3m...
[01:15:39] Live scan
  Запуск live-скрапера (після ранкових Telegram, якщо були).
Opening: https://m.flashscore.ua/?s=2 (minute >= 60, 0:0 only)
Provider health [https://m.flashscore.ua/?s=2]: rows=13, 0:0 total=6, candidates=0
  ⏸ 0:0 ще рано (< 60'):
    16' БРАЗИЛІЯ: Пауліста A2 - Плей-оф16'Ітуано - Ферровіарія [БРАЗИЛІЯ: Пауліста A2 - Плей-оф]
    16' БРАЗИЛІЯ: Betano Кубок Бразилії16'Атлетіку Мінейру - Сеара [БРАЗИЛІЯ: Betano Кубок Бразилії]
    16' БРАЗИЛІЯ: Кубок Еспіріту-Санту Таблиця16'Ріу-Бранку ЕС - Ріу-Бранку-ВН [БРАЗИЛІЯ: Кубок Еспіріту-Санту]
    16' Мільйонаріос Ж - Льянерос Ж [КОЛУМБІЯ: Ліга (Жінки)]
    16' МЕКСИКА: Ліга Прем'єр Серія А - Плей-оф16'Інтер Плая-дель-Кармен - Аподака [МЕКСИКА: Ліга Прем'єр Серія А - Плей-оф]
    56' САЛЬВАДОР: Кубок президента - Плей-оф56'Какауатіке - Еркулес [САЛЬВАДОР: Кубок президента - Плей-оф]
  Found: 0 candidates, 0 new, 4 permanently skipped

Done: 0 analyzed, 0 actionable, 0 TG sent

🔥 RUN #98: analyzed=0, signals=0
⏳ Next scan in 3m...
[01:18:51] Live scan
  Запуск live-скрапера (після ранкових Telegram, якщо були).
Opening: https://m.flashscore.ua/?s=2 (minute >= 60, 0:0 only)
Provider health [https://m.flashscore.ua/?s=2]: rows=13, 0:0 total=6, candidates=0
  ⏸ 0:0 ще рано (< 60'):
    19' БРАЗИЛІЯ: Пауліста A2 - Плей-оф19'Ітуано - Ферровіарія [БРАЗИЛІЯ: Пауліста A2 - Плей-оф]
    19' БРАЗИЛІЯ: Betano Кубок Бразилії19'Атлетіку Мінейру - Сеара [БРАЗИЛІЯ: Betano Кубок Бразилії]
    19' БРАЗИЛІЯ: Кубок Еспіріту-Санту Таблиця19'Ріу-Бранку ЕС - Ріу-Бранку-ВН [БРАЗИЛІЯ: Кубок Еспіріту-Санту]
    19' Мільйонаріос Ж - Льянерос Ж [КОЛУМБІЯ: Ліга (Жінки)]
    19' МЕКСИКА: Ліга Прем'єр Серія А - Плей-оф19'Інтер Плая-дель-Кармен - Аподака [МЕКСИКА: Ліга Прем'єр Серія А - Плей-оф]
    59' САЛЬВАДОР: Кубок президента - Плей-оф59'Какауатіке - Еркулес [САЛЬВАДОР: Кубок президента - Плей-оф]
  Found: 0 candidates, 0 new, 4 permanently skipped

Done: 0 analyzed, 0 actionable, 0 TG sent

🔥 RUN #99: analyzed=0, signals=0
⏳ Next scan in 3m...
[01:22:04] Live scan
  Запуск live-скрапера (після ранкових Telegram, якщо були).
Opening: https://m.flashscore.ua/?s=2 (minute >= 60, 0:0 only)
Provider health [https://m.flashscore.ua/?s=2]: rows=13, 0:0 total=6, candidates=1
  ⏸ 0:0 ще рано (< 60'):
    22' БРАЗИЛІЯ: Пауліста A2 - Плей-оф22'Ітуано - Ферровіарія [БРАЗИЛІЯ: Пауліста A2 - Плей-оф]
    22' БРАЗИЛІЯ: Betano Кубок Бразилії22'Атлетіку Мінейру - Сеара [БРАЗИЛІЯ: Betano Кубок Бразилії]
    22' БРАЗИЛІЯ: Кубок Еспіріту-Санту Таблиця22'Ріу-Бранку ЕС - Ріу-Бранку-ВН [БРАЗИЛІЯ: Кубок Еспіріту-Санту]
    22' Мільйонаріос Ж - Льянерос Ж [КОЛУМБІЯ: Ліга (Жінки)]
    22' МЕКСИКА: Ліга Прем'єр Серія А - Плей-оф22'Інтер Плая-дель-Кармен - Аподака [МЕКСИКА: Ліга Прем'єр Серія А - Плей-оф]
  ✔ 61' САЛЬВАДОР: Кубок президента - Плей-оф61'Какауатіке - Еркулес [САЛЬВАДОР: Кубок президента - Плей-оф] id=fJrepewH
  Found: 1 candidates, 1 new, 4 permanently skipped

→ САЛЬВАДОР: Кубок президента - Плей-оф61'Какауатіке - Еркулес (61') [САЛЬВАДОР: Кубок президента - Плей-оф]
  Кф 1X2: 1.71 / 3.58 / 4.23
  Desktop: https://www.flashscore.ua/match/soccer/cacahuatique-jeVZz0lB/hercules-4vEaLK2C/?mid=fJrepewH
  [stats] fJrepewH overall: no data-testid (old=0, any=0, body=152169)
  [stats] fJrepewH secondHalf: no data-testid (old=0, any=0, body=152169)
  [stats] fJrepewH → unavailable, 0 metrics
  Features: quality=0, primary=0, status=unavailable
  ✗ No stats at all → permanent skip

Done: 0 analyzed, 0 actionable, 0 TG sent

🔥 RUN #100: analyzed=0, signals=0
⏳ Next scan in 3m...
[01:25:55] Live scan
  Запуск live-скрапера (після ранкових Telegram, якщо були).
Opening: https://m.flashscore.ua/?s=2 (minute >= 60, 0:0 only)
Provider health [https://m.flashscore.ua/?s=2]: rows=13, 0:0 total=6, candidates=1
  ⏸ 0:0 ще рано (< 60'):
    26' БРАЗИЛІЯ: Пауліста A2 - Плей-оф26'Ітуано - Ферровіарія [БРАЗИЛІЯ: Пауліста A2 - Плей-оф]
    26' БРАЗИЛІЯ: Betano Кубок Бразилії26'Атлетіку Мінейру - Сеара [БРАЗИЛІЯ: Betano Кубок Бразилії]
    26' БРАЗИЛІЯ: Кубок Еспіріту-Санту Таблиця26'Ріу-Бранку ЕС - Ріу-Бранку-ВН [БРАЗИЛІЯ: Кубок Еспіріту-Санту]
    26' Мільйонаріос Ж - Льянерос Ж [КОЛУМБІЯ: Ліга (Жінки)]
    26' МЕКСИКА: Ліга Прем'єр Серія А - Плей-оф26'Інтер Плая-дель-Кармен - Аподака [МЕКСИКА: Ліга Прем'єр Серія А - Плей-оф]
  ✔ 66' САЛЬВАДОР: Кубок президента - Плей-оф66'Какауатіке - Еркулес [САЛЬВАДОР: Кубок президента - Плей-оф] id=fJrepewH
  Found: 1 candidates, 0 new, 5 permanently skipped

Done: 0 analyzed, 0 actionable, 0 TG sent

🔥 RUN #101: analyzed=0, signals=0
⏳ Next scan in 3m...
[01:29:08] Live scan
  Запуск live-скрапера (після ранкових Telegram, якщо були).
Opening: https://m.flashscore.ua/?s=2 (minute >= 60, 0:0 only)
Provider health [https://m.flashscore.ua/?s=2]: rows=12, 0:0 total=5, candidates=0
  ⏸ 0:0 ще рано (< 60'):
    30' БРАЗИЛІЯ: Пауліста A2 - Плей-оф30'Ітуано - Ферровіарія [БРАЗИЛІЯ: Пауліста A2 - Плей-оф]
    30' БРАЗИЛІЯ: Betano Кубок Бразилії30'Атлетіку Мінейру - Сеара [БРАЗИЛІЯ: Betano Кубок Бразилії]
    30' БРАЗИЛІЯ: Кубок Еспіріту-Санту Таблиця30'Ріу-Бранку ЕС - Ріу-Бранку-ВН [БРАЗИЛІЯ: Кубок Еспіріту-Санту]
    30' Мільйонаріос Ж - Льянерос Ж [КОЛУМБІЯ: Ліга (Жінки)]
    30' МЕКСИКА: Ліга Прем'єр Серія А - Плей-оф30'Інтер Плая-дель-Кармен - Аподака [МЕКСИКА: Ліга Прем'єр Серія А - Плей-оф]
  Found: 0 candidates, 0 new, 5 permanently skipped

Done: 0 analyzed, 0 actionable, 0 TG sent

🔥 RUN #102: analyzed=0, signals=0
⏳ Next scan in 3m...
[01:32:20] Live scan
  Запуск live-скрапера (після ранкових Telegram, якщо були).
Opening: https://m.flashscore.ua/?s=2 (minute >= 60, 0:0 only)
Provider health [https://m.flashscore.ua/?s=2]: rows=12, 0:0 total=6, candidates=0
  ⏸ 0:0 ще рано (< 60'):
    33' БРАЗИЛІЯ: Пауліста A2 - Плей-оф33'Ітуано - Ферровіарія [БРАЗИЛІЯ: Пауліста A2 - Плей-оф]
    33' БРАЗИЛІЯ: Betano Кубок Бразилії33'Атлетіку Мінейру - Сеара [БРАЗИЛІЯ: Betano Кубок Бразилії]
    3' Палмейрас - Жакуйпенсе [БРАЗИЛІЯ: Betano Кубок Бразилії]
    33' БРАЗИЛІЯ: Кубок Еспіріту-Санту Таблиця33'Ріу-Бранку ЕС - Ріу-Бранку-ВН [БРАЗИЛІЯ: Кубок Еспіріту-Санту]
    33' Мільйонаріос Ж - Льянерос Ж [КОЛУМБІЯ: Ліга (Жінки)]
    33' МЕКСИКА: Ліга Прем'єр Серія А - Плей-оф33'Інтер Плая-дель-Кармен - Аподака [МЕКСИКА: Ліга Прем'єр Серія А - Плей-оф]
  Found: 0 candidates, 0 new, 5 permanently skipped

Done: 0 analyzed, 0 actionable, 0 TG sent

🔥 RUN #103: analyzed=0, signals=0
⏳ Next scan in 3m...
[01:35:33] Live scan
  Запуск live-скрапера (після ранкових Telegram, якщо були).
Opening: https://m.flashscore.ua/?s=2 (minute >= 60, 0:0 only)
Provider health [https://m.flashscore.ua/?s=2]: rows=12, 0:0 total=6, candidates=0
  ⏸ 0:0 ще рано (< 60'):
    36' БРАЗИЛІЯ: Пауліста A2 - Плей-оф36'Ітуано - Ферровіарія [БРАЗИЛІЯ: Пауліста A2 - Плей-оф]
    36' БРАЗИЛІЯ: Betano Кубок Бразилії36'Атлетіку Мінейру - Сеара [БРАЗИЛІЯ: Betano Кубок Бразилії]
    6' Палмейрас - Жакуйпенсе [БРАЗИЛІЯ: Betano Кубок Бразилії]
    36' БРАЗИЛІЯ: Кубок Еспіріту-Санту Таблиця36'Ріу-Бранку ЕС - Ріу-Бранку-ВН [БРАЗИЛІЯ: Кубок Еспіріту-Санту]
    36' Мільйонаріос Ж - Льянерос Ж [КОЛУМБІЯ: Ліга (Жінки)]
    36' МЕКСИКА: Ліга Прем'єр Серія А - Плей-оф36'Інтер Плая-дель-Кармен - Аподака [МЕКСИКА: Ліга Прем'єр Серія А - Плей-оф]
  Found: 0 candidates, 0 new, 5 permanently skipped

Done: 0 analyzed, 0 actionable, 0 TG sent

🔥 RUN #104: analyzed=0, signals=0
⏳ Next scan in 3m...
[01:38:44] Live scan
  Запуск live-скрапера (після ранкових Telegram, якщо були).
Opening: https://m.flashscore.ua/?s=2 (minute >= 60, 0:0 only)
Provider health [https://m.flashscore.ua/?s=2]: rows=12, 0:0 total=5, candidates=0
  ⏸ 0:0 ще рано (< 60'):
    38' БРАЗИЛІЯ: Пауліста A2 - Плей-оф38'Ітуано - Ферровіарія [БРАЗИЛІЯ: Пауліста A2 - Плей-оф]
    38' БРАЗИЛІЯ: Betano Кубок Бразилії38'Атлетіку Мінейру - Сеара [БРАЗИЛІЯ: Betano Кубок Бразилії]
    8' Палмейрас - Жакуйпенсе [БРАЗИЛІЯ: Betano Кубок Бразилії]
    38' БРАЗИЛІЯ: Кубок Еспіріту-Санту Таблиця38'Ріу-Бранку ЕС - Ріу-Бранку-ВН [БРАЗИЛІЯ: Кубок Еспіріту-Санту]
    38' МЕКСИКА: Ліга Прем'єр Серія А - Плей-оф38'Інтер Плая-дель-Кармен - Аподака [МЕКСИКА: Ліга Прем'єр Серія А - Плей-оф]
  Found: 0 candidates, 0 new, 5 permanently skipped

Done: 0 analyzed, 0 actionable, 0 TG sent

🔥 RUN #105: analyzed=0, signals=0
⏳ Next scan in 3m...
[01:41:56] Live scan
  Запуск live-скрапера (після ранкових Telegram, якщо були).
Opening: https://m.flashscore.ua/?s=2 (minute >= 60, 0:0 only)
Provider health [https://m.flashscore.ua/?s=2]: rows=12, 0:0 total=3, candidates=0
  ⏸ 0:0 ще рано (< 60'):
    42' БРАЗИЛІЯ: Пауліста A2 - Плей-оф42'Ітуано - Ферровіарія [БРАЗИЛІЯ: Пауліста A2 - Плей-оф]
    42' БРАЗИЛІЯ: Betano Кубок Бразилії42'Атлетіку Мінейру - Сеара [БРАЗИЛІЯ: Betano Кубок Бразилії]
    42' МЕКСИКА: Ліга Прем'єр Серія А - Плей-оф42'Інтер Плая-дель-Кармен - Аподака [МЕКСИКА: Ліга Прем'єр Серія А - Плей-оф]
  Found: 0 candidates, 0 new, 5 permanently skipped

Done: 0 analyzed, 0 actionable, 0 TG sent

🔥 RUN #106: analyzed=0, signals=0
⏳ Next scan in 3m...
[01:45:09] Live scan
  Запуск live-скрапера (після ранкових Telegram, якщо були).
Opening: https://m.flashscore.ua/?s=2 (minute >= 60, 0:0 only)
Provider health [https://m.flashscore.ua/?s=2]: rows=12, 0:0 total=2, candidates=0
  Found: 0 candidates, 0 new, 5 permanently skipped

Done: 0 analyzed, 0 actionable, 0 TG sent

🔥 RUN #107: analyzed=0, signals=0
⏳ Next scan in 3m...
[01:48:21] Live scan
  Запуск live-скрапера (після ранкових Telegram, якщо були).
Opening: https://m.flashscore.ua/?s=2 (minute >= 60, 0:0 only)
Provider health [https://m.flashscore.ua/?s=2]: rows=12, 0:0 total=2, candidates=0
  Found: 0 candidates, 0 new, 5 permanently skipped

Done: 0 analyzed, 0 actionable, 0 TG sent

🔥 RUN #108: analyzed=0, signals=0
⏳ Next scan in 3m...
[01:51:34] Live scan
  Запуск live-скрапера (після ранкових Telegram, якщо були).
Opening: https://m.flashscore.ua/?s=2 (minute >= 60, 0:0 only)
Provider health [https://m.flashscore.ua/?s=2]: rows=12, 0:0 total=2, candidates=0
  ⏸ 0:0 ще рано (< 60'):
    45' БРАЗИЛІЯ: Пауліста A2 - Плей-офПерерваІтуано - Ферровіарія [БРАЗИЛІЯ: Пауліста A2 - Плей-оф]
  Found: 0 candidates, 0 new, 5 permanently skipped

Done: 0 analyzed, 0 actionable, 0 TG sent

🔥 RUN #109: analyzed=0, signals=0
⏳ Next scan in 3m...
[01:54:46] Live scan
  Запуск live-скрапера (після ранкових Telegram, якщо були).
Opening: https://m.flashscore.ua/?s=2 (minute >= 60, 0:0 only)
Provider health [https://m.flashscore.ua/?s=2]: rows=9, 0:0 total=2, candidates=0
  ⏸ 0:0 ще рано (< 60'):
    45' БРАЗИЛІЯ: Пауліста A2 - Плей-офПерерваІтуано - Ферровіарія [БРАЗИЛІЯ: Пауліста A2 - Плей-оф]
  Found: 0 candidates, 0 new, 5 permanently skipped

Done: 0 analyzed, 0 actionable, 0 TG sent

🔥 RUN #110: analyzed=0, signals=0
Message sent to Telegram
⏳ Next scan in 3m...
[01:57:58] Live scan
  Запуск live-скрапера (після ранкових Telegram, якщо були).
Opening: https://m.flashscore.ua/?s=2 (minute >= 60, 0:0 only)
Provider health [https://m.flashscore.ua/?s=2]: rows=9, 0:0 total=2, candidates=0
  ⏸ 0:0 ще рано (< 60'):
    45' БРАЗИЛІЯ: Пауліста A2 - Плей-офПерерваІтуано - Ферровіарія [БРАЗИЛІЯ: Пауліста A2 - Плей-оф]
    45' МЕКСИКА: Ліга Прем'єр Серія А - Плей-офПерерваІнтер Плая-дель-Кармен - Аподака [МЕКСИКА: Ліга Прем'єр Серія А - Плей-оф]
  Found: 0 candidates, 0 new, 5 permanently skipped

Done: 0 analyzed, 0 actionable, 0 TG sent

🔥 RUN #111: analyzed=0, signals=0
⏳ Next scan in 3m...
[02:01:11] Live scan
  Запуск live-скрапера (після ранкових Telegram, якщо були).
Opening: https://m.flashscore.ua/?s=2 (minute >= 60, 0:0 only)
Provider health [https://m.flashscore.ua/?s=2]: rows=11, 0:0 total=4, candidates=0
  ⏸ 0:0 ще рано (< 60'):
    45' БРАЗИЛІЯ: Пауліста A2 - Плей-офПерерваІтуано - Ферровіарія [БРАЗИЛІЯ: Пауліста A2 - Плей-оф]
    2' ЕКВАДОР: Кубок Еквадору2'Депортіво Кіто - Гваласео [ЕКВАДОР: Кубок Еквадору]
    2' КОЛУМБІЯ: Прімера А - Апертура Таблиця2'Деп. Пасто - Санта-Фе [КОЛУМБІЯ: Прімера А - Апертура]
    45' МЕКСИКА: Ліга Прем'єр Серія А - Плей-офПерерваІнтер Плая-дель-Кармен - Аподака [МЕКСИКА: Ліга Прем'єр Серія А - Плей-оф]
  Found: 0 candidates, 0 new, 5 permanently skipped

Done: 0 analyzed, 0 actionable, 0 TG sent

🔥 RUN #112: analyzed=0, signals=0
⏳ Next scan in 3m...
[02:04:23] Live scan
  Запуск live-скрапера (після ранкових Telegram, якщо були).
Opening: https://m.flashscore.ua/?s=2 (minute >= 60, 0:0 only)
Provider health [https://m.flashscore.ua/?s=2]: rows=13, 0:0 total=6, candidates=0
  ⏸ 0:0 ще рано (< 60'):
    5' АРГЕНТИНА: Прімера - Апертура Таблиця5'Дефенса і Хустісія - Бока Хуніорс [АРГЕНТИНА: Прімера - Апертура]
    45' БРАЗИЛІЯ: Пауліста A2 - Плей-офПерерваІтуано - Ферровіарія [БРАЗИЛІЯ: Пауліста A2 - Плей-оф]
    5' ЕКВАДОР: Кубок Еквадору5'Депортіво Кіто - Гваласео [ЕКВАДОР: Кубок Еквадору]
    5' КОЛУМБІЯ: Прімера А - Апертура Таблиця5'Деп. Пасто - Санта-Фе [КОЛУМБІЯ: Прімера А - Апертура]
    5' МЕКСИКА: Ліга де Еспансьйон МХ - Клаусура - плей-оф5'Атланте Табаско - Тепатітлан де Морелос [МЕКСИКА: Ліга де Еспансьйон МХ - Клаусура - плей-оф]
    45' МЕКСИКА: Ліга Прем'єр Серія А - Плей-офПерерваІнтер Плая-дель-Кармен - Аподака [МЕКСИКА: Ліга Прем'єр Серія А - Плей-оф]
  Found: 0 candidates, 0 new, 5 permanently skipped

Done: 0 analyzed, 0 actionable, 0 TG sent

🔥 RUN #113: analyzed=0, signals=0
⏳ Next scan in 3m...
[02:07:36] Live scan
  Запуск live-скрапера (після ранкових Telegram, якщо були).
Opening: https://m.flashscore.ua/?s=2 (minute >= 60, 0:0 only)
Provider health [https://m.flashscore.ua/?s=2]: rows=12, 0:0 total=5, candidates=0
  ⏸ 0:0 ще рано (< 60'):
    47' БРАЗИЛІЯ: Пауліста A2 - Плей-оф47'Ітуано - Ферровіарія [БРАЗИЛІЯ: Пауліста A2 - Плей-оф]
    8' ЕКВАДОР: Кубок Еквадору8'Депортіво Кіто - Гваласео [ЕКВАДОР: Кубок Еквадору]
    8' КОЛУМБІЯ: Прімера А - Апертура Таблиця8'Деп. Пасто - Санта-Фе [КОЛУМБІЯ: Прімера А - Апертура]
    8' МЕКСИКА: Ліга де Еспансьйон МХ - Клаусура - плей-оф8'Атланте Табаско - Тепатітлан де Морелос [МЕКСИКА: Ліга де Еспансьйон МХ - Клаусура - плей-оф]
    45' МЕКСИКА: Ліга Прем'єр Серія А - Плей-офПерерваІнтер Плая-дель-Кармен - Аподака [МЕКСИКА: Ліга Прем'єр Серія А - Плей-оф]
  Found: 0 candidates, 0 new, 5 permanently skipped

Done: 0 analyzed, 0 actionable, 0 TG sent

🔥 RUN #114: analyzed=0, signals=0
⏳ Next scan in 3m...
[02:10:48] Live scan
  Запуск live-скрапера (після ранкових Telegram, якщо були).
Opening: https://m.flashscore.ua/?s=2 (minute >= 60, 0:0 only)
Provider health [https://m.flashscore.ua/?s=2]: rows=12, 0:0 total=6, candidates=0
  ⏸ 0:0 ще рано (< 60'):
    11' АРГЕНТИНА: Прімера - Апертура Таблиця11'Дефенса і Хустісія - Бока Хуніорс [АРГЕНТИНА: Прімера - Апертура]
    50' БРАЗИЛІЯ: Пауліста A2 - Плей-оф50'Ітуано - Ферровіарія [БРАЗИЛІЯ: Пауліста A2 - Плей-оф]
    11' ЕКВАДОР: Кубок Еквадору11'Депортіво Кіто - Гваласео [ЕКВАДОР: Кубок Еквадору]
    11' КОЛУМБІЯ: Прімера А - Апертура Таблиця11'Деп. Пасто - Санта-Фе [КОЛУМБІЯ: Прімера А - Апертура]
    11' МЕКСИКА: Ліга де Еспансьйон МХ - Клаусура - плей-оф11'Атланте Табаско - Тепатітлан де Морелос [МЕКСИКА: Ліга де Еспансьйон МХ - Клаусура - плей-оф]
    45' МЕКСИКА: Ліга Прем'єр Серія А - Плей-офПерерваІнтер Плая-дель-Кармен - Аподака [МЕКСИКА: Ліга Прем'єр Серія А - Плей-оф]
  Found: 0 candidates, 0 new, 5 permanently skipped

Done: 0 analyzed, 0 actionable, 0 TG sent

🔥 RUN #115: analyzed=0, signals=0
⏳ Next scan in 3m...
[02:13:59] Live scan
  Запуск live-скрапера (після ранкових Telegram, якщо були).
Opening: https://m.flashscore.ua/?s=2 (minute >= 60, 0:0 only)
Provider health [https://m.flashscore.ua/?s=2]: rows=12, 0:0 total=6, candidates=0
  ⏸ 0:0 ще рано (< 60'):
    15' АРГЕНТИНА: Прімера - Апертура Таблиця15'Дефенса і Хустісія - Бока Хуніорс [АРГЕНТИНА: Прімера - Апертура]
    53' БРАЗИЛІЯ: Пауліста A2 - Плей-оф53'Ітуано - Ферровіарія [БРАЗИЛІЯ: Пауліста A2 - Плей-оф]
    15' ЕКВАДОР: Кубок Еквадору15'Депортіво Кіто - Гваласео [ЕКВАДОР: Кубок Еквадору]
    15' КОЛУМБІЯ: Прімера А - Апертура Таблиця15'Деп. Пасто - Санта-Фе [КОЛУМБІЯ: Прімера А - Апертура]
    15' МЕКСИКА: Ліга де Еспансьйон МХ - Клаусура - плей-оф15'Атланте Табаско - Тепатітлан де Морелос [МЕКСИКА: Ліга де Еспансьйон МХ - Клаусура - плей-оф]
    46' МЕКСИКА: Ліга Прем'єр Серія А - Плей-оф46'Інтер Плая-дель-Кармен - Аподака [МЕКСИКА: Ліга Прем'єр Серія А - Плей-оф]
  Found: 0 candidates, 0 new, 5 permanently skipped

Done: 0 analyzed, 0 actionable, 0 TG sent

🔥 RUN #116: analyzed=0, signals=0
⏳ Next scan in 3m...
[02:17:12] Live scan
  Запуск live-скрапера (після ранкових Telegram, якщо були).
Opening: https://m.flashscore.ua/?s=2 (minute >= 60, 0:0 only)
Provider health [https://m.flashscore.ua/?s=2]: rows=13, 0:0 total=7, candidates=0
  ⏸ 0:0 ще рано (< 60'):
    18' АРГЕНТИНА: Прімера - Апертура Таблиця18'Дефенса і Хустісія - Бока Хуніорс [АРГЕНТИНА: Прімера - Апертура]
    56' БРАЗИЛІЯ: Пауліста A2 - Плей-оф56'Ітуано - Ферровіарія [БРАЗИЛІЯ: Пауліста A2 - Плей-оф]
    3' ГОНДУРАС: Національна ліга - Клаусура Таблиця3'УПНФМ - Депортіво Хенесіс [ГОНДУРАС: Національна ліга - Клаусура]
    18' ЕКВАДОР: Кубок Еквадору18'Депортіво Кіто - Гваласео [ЕКВАДОР: Кубок Еквадору]
    18' КОЛУМБІЯ: Прімера А - Апертура Таблиця18'Деп. Пасто - Санта-Фе [КОЛУМБІЯ: Прімера А - Апертура]
    18' МЕКСИКА: Ліга де Еспансьйон МХ - Клаусура - плей-оф18'Атланте Табаско - Тепатітлан де Морелос [МЕКСИКА: Ліга де Еспансьйон МХ - Клаусура - плей-оф]
    50' МЕКСИКА: Ліга Прем'єр Серія А - Плей-оф50'Інтер Плая-дель-Кармен - Аподака [МЕКСИКА: Ліга Прем'єр Серія А - Плей-оф]
  Found: 0 candidates, 0 new, 5 permanently skipped

Done: 0 analyzed, 0 actionable, 0 TG sent

🔥 RUN #117: analyzed=0, signals=0
⏳ Next scan in 3m...
[02:20:23] Live scan
  Запуск live-скрапера (після ранкових Telegram, якщо були).
Opening: https://m.flashscore.ua/?s=2 (minute >= 60, 0:0 only)
Provider health [https://m.flashscore.ua/?s=2]: rows=13, 0:0 total=7, candidates=1
  ⏸ 0:0 ще рано (< 60'):
    21' АРГЕНТИНА: Прімера - Апертура Таблиця21'Дефенса і Хустісія - Бока Хуніорс [АРГЕНТИНА: Прімера - Апертура]
    6' ГОНДУРАС: Національна ліга - Клаусура Таблиця6'УПНФМ - Депортіво Хенесіс [ГОНДУРАС: Національна ліга - Клаусура]
    21' ЕКВАДОР: Кубок Еквадору21'Депортіво Кіто - Гваласео [ЕКВАДОР: Кубок Еквадору]
    21' КОЛУМБІЯ: Прімера А - Апертура Таблиця21'Деп. Пасто - Санта-Фе [КОЛУМБІЯ: Прімера А - Апертура]
    21' МЕКСИКА: Ліга де Еспансьйон МХ - Клаусура - плей-оф21'Атланте Табаско - Тепатітлан де Морелос [МЕКСИКА: Ліга де Еспансьйон МХ - Клаусура - плей-оф]
    53' МЕКСИКА: Ліга Прем'єр Серія А - Плей-оф53'Інтер Плая-дель-Кармен - Аподака [МЕКСИКА: Ліга Прем'єр Серія А - Плей-оф]
  ✔ 60' БРАЗИЛІЯ: Пауліста A2 - Плей-оф60'Ітуано - Ферровіарія [БРАЗИЛІЯ: Пауліста A2 - Плей-оф] id=SdE6EaPp
  Found: 1 candidates, 1 new, 5 permanently skipped

→ БРАЗИЛІЯ: Пауліста A2 - Плей-оф60'Ітуано - Ферровіарія (60') [БРАЗИЛІЯ: Пауліста A2 - Плей-оф]
  Кф 1X2: 2.58 / 2.78 / 2.99
  Desktop: https://www.flashscore.ua/match/soccer/ferroviaria-pAPVj72I/ituano-KEFEyzRf/?mid=SdE6EaPp
  [stats] SdE6EaPp overall: no data-testid (old=0, any=0, body=152160)
  [stats] SdE6EaPp secondHalf: no data-testid (old=0, any=0, body=152160)
  [stats] SdE6EaPp → unavailable, 0 metrics
  Features: quality=0, primary=0, status=unavailable
  ✗ No stats at all → permanent skip

Done: 0 analyzed, 0 actionable, 0 TG sent

🔥 RUN #118: analyzed=0, signals=0
⏳ Next scan in 3m...
[02:24:16] Live scan
  Запуск live-скрапера (після ранкових Telegram, якщо були).
Opening: https://m.flashscore.ua/?s=2 (minute >= 60, 0:0 only)
Provider health [https://m.flashscore.ua/?s=2]: rows=13, 0:0 total=7, candidates=1
  ⏸ 0:0 ще рано (< 60'):
    25' АРГЕНТИНА: Прімера - Апертура Таблиця25'Дефенса і Хустісія - Бока Хуніорс [АРГЕНТИНА: Прімера - Апертура]
    10' ГОНДУРАС: Національна ліга - Клаусура Таблиця10'УПНФМ - Депортіво Хенесіс [ГОНДУРАС: Національна ліга - Клаусура]
    25' ЕКВАДОР: Кубок Еквадору25'Депортіво Кіто - Гваласео [ЕКВАДОР: Кубок Еквадору]
    25' КОЛУМБІЯ: Прімера А - Апертура Таблиця25'Деп. Пасто - Санта-Фе [КОЛУМБІЯ: Прімера А - Апертура]
    25' МЕКСИКА: Ліга де Еспансьйон МХ - Клаусура - плей-оф25'Атланте Табаско - Тепатітлан де Морелос [МЕКСИКА: Ліга де Еспансьйон МХ - Клаусура - плей-оф]
    57' МЕКСИКА: Ліга Прем'єр Серія А - Плей-оф57'Інтер Плая-дель-Кармен - Аподака [МЕКСИКА: Ліга Прем'єр Серія А - Плей-оф]
  ✔ 64' БРАЗИЛІЯ: Пауліста A2 - Плей-оф64'Ітуано - Ферровіарія [БРАЗИЛІЯ: Пауліста A2 - Плей-оф] id=SdE6EaPp
  Found: 1 candidates, 0 new, 6 permanently skipped

Done: 0 analyzed, 0 actionable, 0 TG sent

🔥 RUN #119: analyzed=0, signals=0
⏳ Next scan in 3m...
[02:27:28] Live scan
  Запуск live-скрапера (після ранкових Telegram, якщо були).
Opening: https://m.flashscore.ua/?s=2 (minute >= 60, 0:0 only)
Provider health [https://m.flashscore.ua/?s=2]: rows=12, 0:0 total=6, candidates=2
  ⏸ 0:0 ще рано (< 60'):
    13' ГОНДУРАС: Національна ліга - Клаусура Таблиця13'УПНФМ - Депортіво Хенесіс [ГОНДУРАС: Національна ліга - Клаусура]
    28' ЕКВАДОР: Кубок Еквадору28'Депортіво Кіто - Гваласео [ЕКВАДОР: Кубок Еквадору]
    28' КОЛУМБІЯ: Прімера А - Апертура Таблиця28'Деп. Пасто - Санта-Фе [КОЛУМБІЯ: Прімера А - Апертура]
    28' МЕКСИКА: Ліга де Еспансьйон МХ - Клаусура - плей-оф28'Атланте Табаско - Тепатітлан де Морелос [МЕКСИКА: Ліга де Еспансьйон МХ - Клаусура - плей-оф]
  ✔ 67' БРАЗИЛІЯ: Пауліста A2 - Плей-оф67'Ітуано - Ферровіарія [БРАЗИЛІЯ: Пауліста A2 - Плей-оф] id=SdE6EaPp
  ✔ 60' МЕКСИКА: Ліга Прем'єр Серія А - Плей-оф60'Інтер Плая-дель-Кармен - Аподака [МЕКСИКА: Ліга Прем'єр Серія А - Плей-оф] id=vax2JzzS
  Found: 2 candidates, 1 new, 6 permanently skipped

→ МЕКСИКА: Ліга Прем'єр Серія А - Плей-оф60'Інтер Плая-дель-Кармен - Аподака (60') [МЕКСИКА: Ліга Прем'єр Серія А - Плей-оф]
  Кф 1X2: 2.41 / 2.94 / 3.07
  ✗ Desktop URL resolve failed → permanent skip

Done: 0 analyzed, 0 actionable, 0 TG sent

🔥 RUN #120: analyzed=0, signals=0
⏳ Next scan in 3m...
[02:31:01] Live scan
  Запуск live-скрапера (після ранкових Telegram, якщо були).
Opening: https://m.flashscore.ua/?s=2 (minute >= 60, 0:0 only)
Provider health [https://m.flashscore.ua/?s=2]: rows=12, 0:0 total=6, candidates=2
  ⏸ 0:0 ще рано (< 60'):
    17' ГОНДУРАС: Національна ліга - Клаусура Таблиця17'УПНФМ - Депортіво Хенесіс [ГОНДУРАС: Національна ліга - Клаусура]
    32' ЕКВАДОР: Кубок Еквадору32'Депортіво Кіто - Гваласео [ЕКВАДОР: Кубок Еквадору]
    32' КОЛУМБІЯ: Прімера А - Апертура Таблиця32'Деп. Пасто - Санта-Фе [КОЛУМБІЯ: Прімера А - Апертура]
    32' МЕКСИКА: Ліга де Еспансьйон МХ - Клаусура - плей-оф32'Атланте Табаско - Тепатітлан де Морелос [МЕКСИКА: Ліга де Еспансьйон МХ - Клаусура - плей-оф]
  ✔ 70' БРАЗИЛІЯ: Пауліста A2 - Плей-оф70'Ітуано - Ферровіарія [БРАЗИЛІЯ: Пауліста A2 - Плей-оф] id=SdE6EaPp
  ✔ 63' МЕКСИКА: Ліга Прем'єр Серія А - Плей-оф63'Інтер Плая-дель-Кармен - Аподака [МЕКСИКА: Ліга Прем'єр Серія А - Плей-оф] id=vax2JzzS
  Found: 2 candidates, 0 new, 7 permanently skipped

Done: 0 analyzed, 0 actionable, 0 TG sent

🔥 RUN #121: analyzed=0, signals=0
⏳ Next scan in 3m...
[02:34:13] Live scan
  Запуск live-скрапера (після ранкових Telegram, якщо були).
Opening: https://m.flashscore.ua/?s=2 (minute >= 60, 0:0 only)
Provider health [https://m.flashscore.ua/?s=2]: rows=12, 0:0 total=6, candidates=2
  ⏸ 0:0 ще рано (< 60'):
    20' ГОНДУРАС: Національна ліга - Клаусура Таблиця20'УПНФМ - Депортіво Хенесіс [ГОНДУРАС: Національна ліга - Клаусура]
    35' ЕКВАДОР: Кубок Еквадору35'Депортіво Кіто - Гваласео [ЕКВАДОР: Кубок Еквадору]
    35' КОЛУМБІЯ: Прімера А - Апертура Таблиця35'Деп. Пасто - Санта-Фе [КОЛУМБІЯ: Прімера А - Апертура]
    35' МЕКСИКА: Ліга де Еспансьйон МХ - Клаусура - плей-оф35'Атланте Табаско - Тепатітлан де Морелос [МЕКСИКА: Ліга де Еспансьйон МХ - Клаусура - плей-оф]
  ✔ 73' БРАЗИЛІЯ: Пауліста A2 - Плей-оф73'Ітуано - Ферровіарія [БРАЗИЛІЯ: Пауліста A2 - Плей-оф] id=SdE6EaPp
  ✔ 67' МЕКСИКА: Ліга Прем'єр Серія А - Плей-оф67'Інтер Плая-дель-Кармен - Аподака [МЕКСИКА: Ліга Прем'єр Серія А - Плей-оф] id=vax2JzzS
  Found: 2 candidates, 0 new, 7 permanently skipped

Done: 0 analyzed, 0 actionable, 0 TG sent

🔥 RUN #122: analyzed=0, signals=0
⏳ Next scan in 3m...
[02:37:24] Live scan
  Запуск live-скрапера (після ранкових Telegram, якщо були).
Opening: https://m.flashscore.ua/?s=2 (minute >= 60, 0:0 only)
Provider health [https://m.flashscore.ua/?s=2]: rows=12, 0:0 total=5, candidates=2
  ⏸ 0:0 ще рано (< 60'):
    38' ЕКВАДОР: Кубок Еквадору38'Депортіво Кіто - Гваласео [ЕКВАДОР: Кубок Еквадору]
    38' КОЛУМБІЯ: Прімера А - Апертура Таблиця38'Деп. Пасто - Санта-Фе [КОЛУМБІЯ: Прімера А - Апертура]
    38' МЕКСИКА: Ліга де Еспансьйон МХ - Клаусура - плей-оф38'Атланте Табаско - Тепатітлан де Морелос [МЕКСИКА: Ліга де Еспансьйон МХ - Клаусура - плей-оф]
  ✔ 77' БРАЗИЛІЯ: Пауліста A2 - Плей-оф77'Ітуано - Ферровіарія [БРАЗИЛІЯ: Пауліста A2 - Плей-оф] id=SdE6EaPp
  ✔ 70' МЕКСИКА: Ліга Прем'єр Серія А - Плей-оф70'Інтер Плая-дель-Кармен - Аподака [МЕКСИКА: Ліга Прем'єр Серія А - Плей-оф] id=vax2JzzS
  Found: 2 candidates, 0 new, 7 permanently skipped

Done: 0 analyzed, 0 actionable, 0 TG sent

🔥 RUN #123: analyzed=0, signals=0
⏳ Next scan in 3m...
[02:40:37] Live scan
  Запуск live-скрапера (після ранкових Telegram, якщо були).
Opening: https://m.flashscore.ua/?s=2 (minute >= 60, 0:0 only)
Provider health [https://m.flashscore.ua/?s=2]: rows=12, 0:0 total=5, candidates=2
  ⏸ 0:0 ще рано (< 60'):
    41' ЕКВАДОР: Кубок Еквадору41'Депортіво Кіто - Гваласео [ЕКВАДОР: Кубок Еквадору]
    41' КОЛУМБІЯ: Прімера А - Апертура Таблиця41'Деп. Пасто - Санта-Фе [КОЛУМБІЯ: Прімера А - Апертура]
    41' МЕКСИКА: Ліга де Еспансьйон МХ - Клаусура - плей-оф41'Атланте Табаско - Тепатітлан де Морелос [МЕКСИКА: Ліга де Еспансьйон МХ - Клаусура - плей-оф]
  ✔ 80' БРАЗИЛІЯ: Пауліста A2 - Плей-оф80'Ітуано - Ферровіарія [БРАЗИЛІЯ: Пауліста A2 - Плей-оф] id=SdE6EaPp
  ✔ 73' МЕКСИКА: Ліга Прем'єр Серія А - Плей-оф73'Інтер Плая-дель-Кармен - Аподака [МЕКСИКА: Ліга Прем'єр Серія А - Плей-оф] id=vax2JzzS
  Found: 2 candidates, 0 new, 7 permanently skipped

Done: 0 analyzed, 0 actionable, 0 TG sent

🔥 RUN #124: analyzed=0, signals=0
⏳ Next scan in 3m...
[02:43:49] Live scan
  Запуск live-скрапера (після ранкових Telegram, якщо були).
Opening: https://m.flashscore.ua/?s=2 (minute >= 60, 0:0 only)
Provider health [https://m.flashscore.ua/?s=2]: rows=12, 0:0 total=5, candidates=2
  ⏸ 0:0 ще рано (< 60'):
    44' ЕКВАДОР: Кубок Еквадору44'Депортіво Кіто - Гваласео [ЕКВАДОР: Кубок Еквадору]
    44' КОЛУМБІЯ: Прімера А - Апертура Таблиця44'Деп. Пасто - Санта-Фе [КОЛУМБІЯ: Прімера А - Апертура]
    44' МЕКСИКА: Ліга де Еспансьйон МХ - Клаусура - плей-оф44'Атланте Табаско - Тепатітлан де Морелос [МЕКСИКА: Ліга де Еспансьйон МХ - Клаусура - плей-оф]
  ✔ 83' БРАЗИЛІЯ: Пауліста A2 - Плей-оф83'Ітуано - Ферровіарія [БРАЗИЛІЯ: Пауліста A2 - Плей-оф] id=SdE6EaPp
  ✔ 76' МЕКСИКА: Ліга Прем'єр Серія А - Плей-оф76'Інтер Плая-дель-Кармен - Аподака [МЕКСИКА: Ліга Прем'єр Серія А - Плей-оф] id=vax2JzzS
  Found: 2 candidates, 0 new, 7 permanently skipped

Done: 0 analyzed, 0 actionable, 0 TG sent

🔥 RUN #125: analyzed=0, signals=0
⏳ Next scan in 3m...
[02:47:00] Live scan
  Запуск live-скрапера (після ранкових Telegram, якщо були).
Opening: https://m.flashscore.ua/?s=2 (minute >= 60, 0:0 only)
Provider health [https://m.flashscore.ua/?s=2]: rows=12, 0:0 total=5, candidates=2
  ⏸ 0:0 ще рано (< 60'):
    45' КОЛУМБІЯ: Прімера А - Апертура ТаблицяПерерваДеп. Пасто - Санта-Фе [КОЛУМБІЯ: Прімера А - Апертура]
  ✔ 86' БРАЗИЛІЯ: Пауліста A2 - Плей-оф86'Ітуано - Ферровіарія [БРАЗИЛІЯ: Пауліста A2 - Плей-оф] id=SdE6EaPp
  ✔ 79' МЕКСИКА: Ліга Прем'єр Серія А - Плей-оф79'Інтер Плая-дель-Кармен - Аподака [МЕКСИКА: Ліга Прем'єр Серія А - Плей-оф] id=vax2JzzS
  Found: 2 candidates, 0 new, 7 permanently skipped

Done: 0 analyzed, 0 actionable, 0 TG sent

🔥 RUN #126: analyzed=0, signals=0
⏳ Next scan in 3m...
[02:50:12] Live scan
  Запуск live-скрапера (після ранкових Telegram, якщо були).
Opening: https://m.flashscore.ua/?s=2 (minute >= 60, 0:0 only)
Provider health [https://m.flashscore.ua/?s=2]: rows=12, 0:0 total=5, candidates=2
  ⏸ 0:0 ще рано (< 60'):
    45' ЕКВАДОР: Кубок ЕквадоруПерерваДепортіво Кіто - Гваласео [ЕКВАДОР: Кубок Еквадору]
    45' КОЛУМБІЯ: Прімера А - Апертура ТаблицяПерерваДеп. Пасто - Санта-Фе [КОЛУМБІЯ: Прімера А - Апертура]
  ✔ 89' БРАЗИЛІЯ: Пауліста A2 - Плей-оф89'Ітуано - Ферровіарія [БРАЗИЛІЯ: Пауліста A2 - Плей-оф] id=SdE6EaPp
  ✔ 83' МЕКСИКА: Ліга Прем'єр Серія А - Плей-оф83'Інтер Плая-дель-Кармен - Аподака [МЕКСИКА: Ліга Прем'єр Серія А - Плей-оф] id=vax2JzzS
  Found: 2 candidates, 0 new, 7 permanently skipped

Done: 0 analyzed, 0 actionable, 0 TG sent

🔥 RUN #127: analyzed=0, signals=0
⏳ Next scan in 3m...
[02:53:24] Live scan
  Запуск live-скрапера (після ранкових Telegram, якщо були).
Opening: https://m.flashscore.ua/?s=2 (minute >= 60, 0:0 only)
Provider health [https://m.flashscore.ua/?s=2]: rows=11, 0:0 total=4, candidates=1
  ⏸ 0:0 ще рано (< 60'):
    45' ЕКВАДОР: Кубок ЕквадоруПерерваДепортіво Кіто - Гваласео [ЕКВАДОР: Кубок Еквадору]
    45' КОЛУМБІЯ: Прімера А - Апертура ТаблицяПерерваДеп. Пасто - Санта-Фе [КОЛУМБІЯ: Прімера А - Апертура]
  ✔ 86' МЕКСИКА: Ліга Прем'єр Серія А - Плей-оф86'Інтер Плая-дель-Кармен - Аподака [МЕКСИКА: Ліга Прем'єр Серія А - Плей-оф] id=vax2JzzS
  Found: 1 candidates, 0 new, 7 permanently skipped

Done: 0 analyzed, 0 actionable, 0 TG sent

🔥 RUN #128: analyzed=0, signals=0
⏳ Next scan in 3m...
[02:56:38] Live scan
  Запуск live-скрапера (після ранкових Telegram, якщо були).
Opening: https://m.flashscore.ua/?s=2 (minute >= 60, 0:0 only)
Provider health [https://m.flashscore.ua/?s=2]: rows=11, 0:0 total=4, candidates=1
  ⏸ 0:0 ще рано (< 60'):
    45' ЕКВАДОР: Кубок ЕквадоруПерерваДепортіво Кіто - Гваласео [ЕКВАДОР: Кубок Еквадору]
    45' КОЛУМБІЯ: Прімера А - Апертура ТаблицяПерерваДеп. Пасто - Санта-Фе [КОЛУМБІЯ: Прімера А - Апертура]
  ✔ 88' МЕКСИКА: Ліга Прем'єр Серія А - Плей-оф88'Інтер Плая-дель-Кармен - Аподака [МЕКСИКА: Ліга Прем'єр Серія А - Плей-оф] id=vax2JzzS
  Found: 1 candidates, 0 new, 7 permanently skipped

Done: 0 analyzed, 0 actionable, 0 TG sent

🔥 RUN #129: analyzed=0, signals=0
Message sent to Telegram
⏳ Next scan in 3m...
[02:59:50] Live scan
  Запуск live-скрапера (після ранкових Telegram, якщо були).
Opening: https://m.flashscore.ua/?s=2 (minute >= 60, 0:0 only)
Provider health [https://m.flashscore.ua/?s=2]: rows=10, 0:0 total=4, candidates=0
  ⏸ 0:0 ще рано (< 60'):
    45' ЕКВАДОР: Кубок ЕквадоруПерерваДепортіво Кіто - Гваласео [ЕКВАДОР: Кубок Еквадору]
    45' КОЛУМБІЯ: Прімера А - Апертура ТаблицяПерерваДеп. Пасто - Санта-Фе [КОЛУМБІЯ: Прімера А - Апертура]
    1' ЯМАЙКА: Прем'єр-ліга Таблиця1'Вотерхаус - Трежер Біч [ЯМАЙКА: Прем'єр-ліга]
  Found: 0 candidates, 0 new, 7 permanently skipped

Done: 0 analyzed, 0 actionable, 0 TG sent

🔥 RUN #130: analyzed=0, signals=0
⏳ Next scan in 3m...
[03:03:01] Live scan
  Запуск live-скрапера (після ранкових Telegram, якщо були).
Opening: https://m.flashscore.ua/?s=2 (minute >= 60, 0:0 only)
Provider health [https://m.flashscore.ua/?s=2]: rows=12, 0:0 total=6, candidates=0
  ⏸ 0:0 ще рано (< 60'):
    4' БОЛІВІЯ: Професійна ліга Таблиця4'Томаяпо - Стронгест [БОЛІВІЯ: Професійна ліга]
    4' ЕКВАДОР: Ліга Про Таблиця4'Універсідад Католіка - Макара [ЕКВАДОР: Ліга Про]
    45' ЕКВАДОР: Кубок ЕквадоруПерерваДепортіво Кіто - Гваласео [ЕКВАДОР: Кубок Еквадору]
    46' КОЛУМБІЯ: Прімера А - Апертура Таблиця46'Деп. Пасто - Санта-Фе [КОЛУМБІЯ: Прімера А - Апертура]
    4' ЯМАЙКА: Прем'єр-ліга Таблиця4'Вотерхаус - Трежер Біч [ЯМАЙКА: Прем'єр-ліга]
  Found: 0 candidates, 0 new, 7 permanently skipped

Done: 0 analyzed, 0 actionable, 0 TG sent

🔥 RUN #131: analyzed=0, signals=0
⏳ Next scan in 3m...
[03:06:14] Live scan
  Запуск live-скрапера (після ранкових Telegram, якщо були).
Opening: https://m.flashscore.ua/?s=2 (minute >= 60, 0:0 only)
Provider health [https://m.flashscore.ua/?s=2]: rows=11, 0:0 total=6, candidates=0
  ⏸ 0:0 ще рано (< 60'):
    7' БОЛІВІЯ: Професійна ліга Таблиця7'Томаяпо - Стронгест [БОЛІВІЯ: Професійна ліга]
    7' ЕКВАДОР: Ліга Про Таблиця7'Універсідад Католіка - Макара [ЕКВАДОР: Ліга Про]
    47' ЕКВАДОР: Кубок Еквадору47'Депортіво Кіто - Гваласео [ЕКВАДОР: Кубок Еквадору]
    49' КОЛУМБІЯ: Прімера А - Апертура Таблиця49'Деп. Пасто - Санта-Фе [КОЛУМБІЯ: Прімера А - Апертура]
    7' ЧИЛІ: Прімера Таблиця7'Палестіно - Д. Консепсьйон [ЧИЛІ: Прімера]
    7' ЯМАЙКА: Прем'єр-ліга Таблиця7'Вотерхаус - Трежер Біч [ЯМАЙКА: Прем'єр-ліга]
  Found: 0 candidates, 0 new, 7 permanently skipped

Done: 0 analyzed, 0 actionable, 0 TG sent

🔥 RUN #132: analyzed=0, signals=0
⏳ Next scan in 3m...
[03:09:27] Live scan
  Запуск live-скрапера (після ранкових Telegram, якщо були).
Opening: https://m.flashscore.ua/?s=2 (minute >= 60, 0:0 only)
Provider health [https://m.flashscore.ua/?s=2]: rows=11, 0:0 total=6, candidates=0
  ⏸ 0:0 ще рано (< 60'):
    10' БОЛІВІЯ: Професійна ліга Таблиця10'Томаяпо - Стронгест [БОЛІВІЯ: Професійна ліга]
    10' ЕКВАДОР: Ліга Про Таблиця10'Універсідад Католіка - Макара [ЕКВАДОР: Ліга Про]
    51' ЕКВАДОР: Кубок Еквадору51'Депортіво Кіто - Гваласео [ЕКВАДОР: Кубок Еквадору]
    52' КОЛУМБІЯ: Прімера А - Апертура Таблиця52'Деп. Пасто - Санта-Фе [КОЛУМБІЯ: Прімера А - Апертура]
    10' ЧИЛІ: Прімера Таблиця10'Палестіно - Д. Консепсьйон [ЧИЛІ: Прімера]
    10' ЯМАЙКА: Прем'єр-ліга Таблиця10'Вотерхаус - Трежер Біч [ЯМАЙКА: Прем'єр-ліга]
  Found: 0 candidates, 0 new, 7 permanently skipped

Done: 0 analyzed, 0 actionable, 0 TG sent

🔥 RUN #133: analyzed=0, signals=0
⏳ Next scan in 3m...
[03:12:40] Live scan
  Запуск live-скрапера (після ранкових Telegram, якщо були).
Opening: https://m.flashscore.ua/?s=2 (minute >= 60, 0:0 only)
Provider health [https://m.flashscore.ua/?s=2]: rows=11, 0:0 total=6, candidates=0
  ⏸ 0:0 ще рано (< 60'):
    13' БОЛІВІЯ: Професійна ліга Таблиця13'Томаяпо - Стронгест [БОЛІВІЯ: Професійна ліга]
    13' ЕКВАДОР: Ліга Про Таблиця13'Універсідад Католіка - Макара [ЕКВАДОР: Ліга Про]
    54' ЕКВАДОР: Кубок Еквадору54'Депортіво Кіто - Гваласео [ЕКВАДОР: Кубок Еквадору]
    55' КОЛУМБІЯ: Прімера А - Апертура Таблиця55'Деп. Пасто - Санта-Фе [КОЛУМБІЯ: Прімера А - Апертура]
    13' ЧИЛІ: Прімера Таблиця13'Палестіно - Д. Консепсьйон [ЧИЛІ: Прімера]
    13' ЯМАЙКА: Прем'єр-ліга Таблиця13'Вотерхаус - Трежер Біч [ЯМАЙКА: Прем'єр-ліга]
  Found: 0 candidates, 0 new, 7 permanently skipped

Done: 0 analyzed, 0 actionable, 0 TG sent

🔥 RUN #134: analyzed=0, signals=0
⏳ Next scan in 3m...
[03:15:52] Live scan
  Запуск live-скрапера (після ранкових Telegram, якщо були).
Opening: https://m.flashscore.ua/?s=2 (minute >= 60, 0:0 only)
Provider health [https://m.flashscore.ua/?s=2]: rows=11, 0:0 total=6, candidates=0
  ⏸ 0:0 ще рано (< 60'):
    16' БОЛІВІЯ: Професійна ліга Таблиця16'Томаяпо - Стронгест [БОЛІВІЯ: Професійна ліга]
    16' ЕКВАДОР: Ліга Про Таблиця16'Універсідад Католіка - Макара [ЕКВАДОР: Ліга Про]
    57' ЕКВАДОР: Кубок Еквадору57'Депортіво Кіто - Гваласео [ЕКВАДОР: Кубок Еквадору]
    58' КОЛУМБІЯ: Прімера А - Апертура Таблиця58'Деп. Пасто - Санта-Фе [КОЛУМБІЯ: Прімера А - Апертура]
    16' ЧИЛІ: Прімера Таблиця16'Палестіно - Д. Консепсьйон [ЧИЛІ: Прімера]
    16' ЯМАЙКА: Прем'єр-ліга Таблиця16'Вотерхаус - Трежер Біч [ЯМАЙКА: Прем'єр-ліга]
  Found: 0 candidates, 0 new, 7 permanently skipped

Done: 0 analyzed, 0 actionable, 0 TG sent

🔥 RUN #135: analyzed=0, signals=0
⏳ Next scan in 3m...
[03:19:05] Live scan
  Запуск live-скрапера (після ранкових Telegram, якщо були).
Opening: https://m.flashscore.ua/?s=2 (minute >= 60, 0:0 only)
Provider health [https://m.flashscore.ua/?s=2]: rows=11, 0:0 total=5, candidates=1
  ⏸ 0:0 ще рано (< 60'):
    20' БОЛІВІЯ: Професійна ліга Таблиця20'Томаяпо - Стронгест [БОЛІВІЯ: Професійна ліга]
    20' ЕКВАДОР: Ліга Про Таблиця20'Універсідад Католіка - Макара [ЕКВАДОР: Ліга Про]
    20' ЧИЛІ: Прімера Таблиця20'Палестіно - Д. Консепсьйон [ЧИЛІ: Прімера]
    20' ЯМАЙКА: Прем'єр-ліга Таблиця20'Вотерхаус - Трежер Біч [ЯМАЙКА: Прем'єр-ліга]
  ✔ 62' КОЛУМБІЯ: Прімера А - Апертура Таблиця62'Деп. Пасто - Санта-Фе [КОЛУМБІЯ: Прімера А - Апертура] id=WSntPUYA
  Found: 1 candidates, 1 new, 7 permanently skipped

→ КОЛУМБІЯ: Прімера А - Апертура Таблиця62'Деп. Пасто - Санта-Фе (62') [КОЛУМБІЯ: Прімера А - Апертура]
  Кф 1X2: 2.22 / 2.86 / 3.7
  Desktop: https://www.flashscore.ua/match/soccer/dep-pasto-GdemgvJl/santa-fe-6HbMPbJ1/?mid=WSntPUYA
  [stats] WSntPUYA → both, 32 metrics
  Features: quality=1, primary=6, status=both
  Model v2: pGoal=0.351, pDry=0.649 sq=0.7557 state=dry | 60-70 → SKIP

Done: 1 analyzed, 0 actionable, 0 TG sent

🔥 RUN #136: analyzed=1, signals=0
⏳ Next scan in 3m...
[03:22:36] Live scan
  Запуск live-скрапера (після ранкових Telegram, якщо були).
Opening: https://m.flashscore.ua/?s=2 (minute >= 60, 0:0 only)
Provider health [https://m.flashscore.ua/?s=2]: rows=11, 0:0 total=3, candidates=0
  ⏸ 0:0 ще рано (< 60'):
    23' БОЛІВІЯ: Професійна ліга Таблиця23'Томаяпо - Стронгест [БОЛІВІЯ: Професійна ліга]
    23' ЕКВАДОР: Ліга Про Таблиця23'Універсідад Католіка - Макара [ЕКВАДОР: Ліга Про]
    23' ЯМАЙКА: Прем'єр-ліга Таблиця23'Вотерхаус - Трежер Біч [ЯМАЙКА: Прем'єр-ліга]
  Found: 0 candidates, 0 new, 7 permanently skipped

Done: 0 analyzed, 0 actionable, 0 TG sent

🔥 RUN #137: analyzed=0, signals=0
⏳ Next scan in 3m...
[03:25:48] Live scan
  Запуск live-скрапера (після ранкових Telegram, якщо були).
Opening: https://m.flashscore.ua/?s=2 (minute >= 60, 0:0 only)
Provider health [https://m.flashscore.ua/?s=2]: rows=11, 0:0 total=2, candidates=0
  ⏸ 0:0 ще рано (< 60'):
    26' БОЛІВІЯ: Професійна ліга Таблиця26'Томаяпо - Стронгест [БОЛІВІЯ: Професійна ліга]
    26' ЕКВАДОР: Ліга Про Таблиця26'Універсідад Католіка - Макара [ЕКВАДОР: Ліга Про]
  Found: 0 candidates, 0 new, 7 permanently skipped

Done: 0 analyzed, 0 actionable, 0 TG sent

🔥 RUN #138: analyzed=0, signals=0
⏳ Next scan in 3m...
[03:29:01] Live scan
  Запуск live-скрапера (після ранкових Telegram, якщо були).
Opening: https://m.flashscore.ua/?s=2 (minute >= 60, 0:0 only)
Provider health [https://m.flashscore.ua/?s=2]: rows=11, 0:0 total=2, candidates=0
  ⏸ 0:0 ще рано (< 60'):
    30' БОЛІВІЯ: Професійна ліга Таблиця30'Томаяпо - Стронгест [БОЛІВІЯ: Професійна ліга]
    30' ЕКВАДОР: Ліга Про Таблиця30'Універсідад Католіка - Макара [ЕКВАДОР: Ліга Про]
  Found: 0 candidates, 0 new, 7 permanently skipped

Done: 0 analyzed, 0 actionable, 0 TG sent

🔥 RUN #139: analyzed=0, signals=0
⏳ Next scan in 3m...
[03:32:13] Live scan
  Запуск live-скрапера (після ранкових Telegram, якщо були).
Opening: https://m.flashscore.ua/?s=2 (minute >= 60, 0:0 only)
Provider health [https://m.flashscore.ua/?s=2]: rows=13, 0:0 total=4, candidates=0
  ⏸ 0:0 ще рано (< 60'):
    33' БОЛІВІЯ: Професійна ліга Таблиця33'Томаяпо - Стронгест [БОЛІВІЯ: Професійна ліга]
    3' Атлетіко ПР - Атлетіку Гояніенсе [БРАЗИЛІЯ: Betano Кубок Бразилії]
    3' Операріу - Флуміненсе [БРАЗИЛІЯ: Betano Кубок Бразилії]
    33' ЕКВАДОР: Ліга Про Таблиця33'Універсідад Католіка - Макара [ЕКВАДОР: Ліга Про]
  Found: 0 candidates, 0 new, 7 permanently skipped

Done: 0 analyzed, 0 actionable, 0 TG sent

🔥 RUN #140: analyzed=0, signals=0
⏳ Next scan in 3m...
[03:35:25] Live scan
  Запуск live-скрапера (після ранкових Telegram, якщо були).
Opening: https://m.flashscore.ua/?s=2 (minute >= 60, 0:0 only)
Provider health [https://m.flashscore.ua/?s=2]: rows=12, 0:0 total=4, candidates=0
  ⏸ 0:0 ще рано (< 60'):
    36' БОЛІВІЯ: Професійна ліга Таблиця36'Томаяпо - Стронгест [БОЛІВІЯ: Професійна ліга]
    6' БРАЗИЛІЯ: Betano Кубок Бразилії6'Атлетіко ПР - Атлетіку Гояніенсе [БРАЗИЛІЯ: Betano Кубок Бразилії]
    6' Операріу - Флуміненсе [БРАЗИЛІЯ: Betano Кубок Бразилії]
    36' ЕКВАДОР: Ліга Про Таблиця36'Універсідад Католіка - Макара [ЕКВАДОР: Ліга Про]
  Found: 0 candidates, 0 new, 7 permanently skipped

Done: 0 analyzed, 0 actionable, 0 TG sent

🔥 RUN #141: analyzed=0, signals=0
⏳ Next scan in 3m...
[03:38:38] Live scan
  Запуск live-скрапера (після ранкових Telegram, якщо були).
Opening: https://m.flashscore.ua/?s=2 (minute >= 60, 0:0 only)
Provider health [https://m.flashscore.ua/?s=2]: rows=12, 0:0 total=4, candidates=0
  ⏸ 0:0 ще рано (< 60'):
    39' БОЛІВІЯ: Професійна ліга Таблиця39'Томаяпо - Стронгест [БОЛІВІЯ: Професійна ліга]
    9' БРАЗИЛІЯ: Betano Кубок Бразилії9'Атлетіко ПР - Атлетіку Гояніенсе [БРАЗИЛІЯ: Betano Кубок Бразилії]
    9' Операріу - Флуміненсе [БРАЗИЛІЯ: Betano Кубок Бразилії]
    39' ЕКВАДОР: Ліга Про Таблиця39'Універсідад Католіка - Макара [ЕКВАДОР: Ліга Про]
  Found: 0 candidates, 0 new, 7 permanently skipped

Done: 0 analyzed, 0 actionable, 0 TG sent

🔥 RUN #142: analyzed=0, signals=0
⏳ Next scan in 3m...
[03:41:49] Live scan
  Запуск live-скрапера (після ранкових Telegram, якщо були).
Opening: https://m.flashscore.ua/?s=2 (minute >= 60, 0:0 only)
Provider health [https://m.flashscore.ua/?s=2]: rows=12, 0:0 total=4, candidates=0
  ⏸ 0:0 ще рано (< 60'):
    42' БОЛІВІЯ: Професійна ліга Таблиця42'Томаяпо - Стронгест [БОЛІВІЯ: Професійна ліга]
    12' БРАЗИЛІЯ: Betano Кубок Бразилії12'Атлетіко ПР - Атлетіку Гояніенсе [БРАЗИЛІЯ: Betano Кубок Бразилії]
    12' Операріу - Флуміненсе [БРАЗИЛІЯ: Betano Кубок Бразилії]
    42' ЕКВАДОР: Ліга Про Таблиця42'Універсідад Католіка - Макара [ЕКВАДОР: Ліга Про]
  Found: 0 candidates, 0 new, 7 permanently skipped

Done: 0 analyzed, 0 actionable, 0 TG sent

🔥 RUN #143: analyzed=0, signals=0
⏳ Next scan in 3m...
[03:45:02] Live scan
  Запуск live-скрапера (після ранкових Telegram, якщо були).
Opening: https://m.flashscore.ua/?s=2 (minute >= 60, 0:0 only)
Provider health [https://m.flashscore.ua/?s=2]: rows=12, 0:0 total=4, candidates=0
  ⏸ 0:0 ще рано (< 60'):
    16' БРАЗИЛІЯ: Betano Кубок Бразилії16'Атлетіко ПР - Атлетіку Гояніенсе [БРАЗИЛІЯ: Betano Кубок Бразилії]
    16' Операріу - Флуміненсе [БРАЗИЛІЯ: Betano Кубок Бразилії]
  Found: 0 candidates, 0 new, 7 permanently skipped

Done: 0 analyzed, 0 actionable, 0 TG sent

🔥 RUN #144: analyzed=0, signals=0
⏳ Next scan in 3m...
[03:48:13] Live scan
  Запуск live-скрапера (після ранкових Telegram, якщо були).
Opening: https://m.flashscore.ua/?s=2 (minute >= 60, 0:0 only)
Provider health [https://m.flashscore.ua/?s=2]: rows=12, 0:0 total=4, candidates=0
  ⏸ 0:0 ще рано (< 60'):
    45' БОЛІВІЯ: Професійна ліга ТаблицяПерерваТомаяпо - Стронгест [БОЛІВІЯ: Професійна ліга]
    19' БРАЗИЛІЯ: Betano Кубок Бразилії19'Атлетіко ПР - Атлетіку Гояніенсе [БРАЗИЛІЯ: Betano Кубок Бразилії]
    19' Операріу - Флуміненсе [БРАЗИЛІЯ: Betano Кубок Бразилії]
    45' ЕКВАДОР: Ліга Про ТаблицяПерерваУніверсідад Католіка - Макара [ЕКВАДОР: Ліга Про]
  Found: 0 candidates, 0 new, 7 permanently skipped

Done: 0 analyzed, 0 actionable, 0 TG sent

🔥 RUN #145: analyzed=0, signals=0
⏳ Next scan in 3m...
[03:51:26] Live scan
  Запуск live-скрапера (після ранкових Telegram, якщо були).
Opening: https://m.flashscore.ua/?s=2 (minute >= 60, 0:0 only)
Provider health [https://m.flashscore.ua/?s=2]: rows=12, 0:0 total=4, candidates=0
  ⏸ 0:0 ще рано (< 60'):
    45' БОЛІВІЯ: Професійна ліга ТаблицяПерерваТомаяпо - Стронгест [БОЛІВІЯ: Професійна ліга]
    22' БРАЗИЛІЯ: Betano Кубок Бразилії22'Атлетіко ПР - Атлетіку Гояніенсе [БРАЗИЛІЯ: Betano Кубок Бразилії]
    22' Операріу - Флуміненсе [БРАЗИЛІЯ: Betano Кубок Бразилії]
    45' ЕКВАДОР: Ліга Про ТаблицяПерерваУніверсідад Католіка - Макара [ЕКВАДОР: Ліга Про]
  Found: 0 candidates, 0 new, 7 permanently skipped

Done: 0 analyzed, 0 actionable, 0 TG sent

🔥 RUN #146: analyzed=0, signals=0
⏳ Next scan in 3m...
[03:54:38] Live scan
  Запуск live-скрапера (після ранкових Telegram, якщо були).
Opening: https://m.flashscore.ua/?s=2 (minute >= 60, 0:0 only)
Provider health [https://m.flashscore.ua/?s=2]: rows=12, 0:0 total=4, candidates=0
  ⏸ 0:0 ще рано (< 60'):
    45' БОЛІВІЯ: Професійна ліга ТаблицяПерерваТомаяпо - Стронгест [БОЛІВІЯ: Професійна ліга]
    25' БРАЗИЛІЯ: Betano Кубок Бразилії25'Атлетіко ПР - Атлетіку Гояніенсе [БРАЗИЛІЯ: Betano Кубок Бразилії]
    25' Операріу - Флуміненсе [БРАЗИЛІЯ: Betano Кубок Бразилії]
    45' ЕКВАДОР: Ліга Про ТаблицяПерерваУніверсідад Католіка - Макара [ЕКВАДОР: Ліга Про]
  Found: 0 candidates, 0 new, 7 permanently skipped

Done: 0 analyzed, 0 actionable, 0 TG sent

🔥 RUN #147: analyzed=0, signals=0
⏳ Next scan in 3m...
[03:57:49] Live scan
  Запуск live-скрапера (після ранкових Telegram, якщо були).
Opening: https://m.flashscore.ua/?s=2 (minute >= 60, 0:0 only)
Provider health [https://m.flashscore.ua/?s=2]: rows=11, 0:0 total=4, candidates=0
  ⏸ 0:0 ще рано (< 60'):
    45' БОЛІВІЯ: Професійна ліга ТаблицяПерерваТомаяпо - Стронгест [БОЛІВІЯ: Професійна ліга]
    28' БРАЗИЛІЯ: Betano Кубок Бразилії28'Атлетіко ПР - Атлетіку Гояніенсе [БРАЗИЛІЯ: Betano Кубок Бразилії]
    28' Операріу - Флуміненсе [БРАЗИЛІЯ: Betano Кубок Бразилії]
    45' ЕКВАДОР: Ліга Про ТаблицяПерерваУніверсідад Католіка - Макара [ЕКВАДОР: Ліга Про]
  Found: 0 candidates, 0 new, 7 permanently skipped

Done: 0 analyzed, 0 actionable, 0 TG sent

🔥 RUN #148: analyzed=0, signals=0
Message sent to Telegram
⏳ Next scan in 3m...
[04:01:01] Live scan
  Запуск live-скрапера (після ранкових Telegram, якщо були).
Opening: https://m.flashscore.ua/?s=2 (minute >= 60, 0:0 only)
Provider health [https://m.flashscore.ua/?s=2]: rows=9, 0:0 total=4, candidates=0
  ⏸ 0:0 ще рано (< 60'):
    45' БОЛІВІЯ: Професійна ліга ТаблицяПерерваТомаяпо - Стронгест [БОЛІВІЯ: Професійна ліга]
    32' БРАЗИЛІЯ: Betano Кубок Бразилії32'Атлетіко ПР - Атлетіку Гояніенсе [БРАЗИЛІЯ: Betano Кубок Бразилії]
    32' Операріу - Флуміненсе [БРАЗИЛІЯ: Betano Кубок Бразилії]
    45' ЕКВАДОР: Ліга Про ТаблицяПерерваУніверсідад Католіка - Макара [ЕКВАДОР: Ліга Про]
  Found: 0 candidates, 0 new, 7 permanently skipped

Done: 0 analyzed, 0 actionable, 0 TG sent

🔥 RUN #149: analyzed=0, signals=0
⏳ Next scan in 3m...
[04:04:15] Live scan
  Запуск live-скрапера (після ранкових Telegram, якщо були).
Opening: https://m.flashscore.ua/?s=2 (minute >= 60, 0:0 only)
Provider health [https://m.flashscore.ua/?s=2]: rows=10, 0:0 total=6, candidates=0
  ⏸ 0:0 ще рано (< 60'):
    46' БОЛІВІЯ: Професійна ліга Таблиця46'Томаяпо - Стронгест [БОЛІВІЯ: Професійна ліга]
    35' БРАЗИЛІЯ: Betano Кубок Бразилії35'Атлетіко ПР - Атлетіку Гояніенсе [БРАЗИЛІЯ: Betano Кубок Бразилії]
    35' Операріу - Флуміненсе [БРАЗИЛІЯ: Betano Кубок Бразилії]
    46' ЕКВАДОР: Ліга Про Таблиця46'Універсідад Католіка - Макара [ЕКВАДОР: Ліга Про]
    5' КОЛУМБІЯ: Прімера А - Апертура Таблиця5'Мільйонаріос - Депортес Толіма [КОЛУМБІЯ: Прімера А - Апертура]
    5' МЕКСИКА: Ліга де Еспансьйон МХ - Клаусура - плей-оф5'Тапатіо - Канкун [МЕКСИКА: Ліга де Еспансьйон МХ - Клаусура - плей-оф]
  Found: 0 candidates, 0 new, 7 permanently skipped

Done: 0 analyzed, 0 actionable, 0 TG sent

🔥 RUN #150: analyzed=0, signals=0
⏳ Next scan in 3m...
[04:07:28] Live scan
  Запуск live-скрапера (після ранкових Telegram, якщо були).
Opening: https://m.flashscore.ua/?s=2 (minute >= 60, 0:0 only)
Provider health [https://m.flashscore.ua/?s=2]: rows=10, 0:0 total=6, candidates=0
  ⏸ 0:0 ще рано (< 60'):
    50' БОЛІВІЯ: Професійна ліга Таблиця50'Томаяпо - Стронгест [БОЛІВІЯ: Професійна ліга]
    38' БРАЗИЛІЯ: Betano Кубок Бразилії38'Атлетіко ПР - Атлетіку Гояніенсе [БРАЗИЛІЯ: Betano Кубок Бразилії]
    38' Операріу - Флуміненсе [БРАЗИЛІЯ: Betano Кубок Бразилії]
    49' ЕКВАДОР: Ліга Про Таблиця49'Універсідад Католіка - Макара [ЕКВАДОР: Ліга Про]
    8' КОЛУМБІЯ: Прімера А - Апертура Таблиця8'Мільйонаріос - Депортес Толіма [КОЛУМБІЯ: Прімера А - Апертура]
    8' МЕКСИКА: Ліга де Еспансьйон МХ - Клаусура - плей-оф8'Тапатіо - Канкун [МЕКСИКА: Ліга де Еспансьйон МХ - Клаусура - плей-оф]
  Found: 0 candidates, 0 new, 7 permanently skipped

Done: 0 analyzed, 0 actionable, 0 TG sent

🔥 RUN #151: analyzed=0, signals=0
⏳ Next scan in 3m...
[04:10:40] Live scan
  Запуск live-скрапера (після ранкових Telegram, якщо були).
Opening: https://m.flashscore.ua/?s=2 (minute >= 60, 0:0 only)
Provider health [https://m.flashscore.ua/?s=2]: rows=9, 0:0 total=6, candidates=0
  ⏸ 0:0 ще рано (< 60'):
    53' БОЛІВІЯ: Професійна ліга Таблиця53'Томаяпо - Стронгест [БОЛІВІЯ: Професійна ліга]
    41' БРАЗИЛІЯ: Betano Кубок Бразилії41'Атлетіко ПР - Атлетіку Гояніенсе [БРАЗИЛІЯ: Betano Кубок Бразилії]
    41' Операріу - Флуміненсе [БРАЗИЛІЯ: Betano Кубок Бразилії]
    53' ЕКВАДОР: Ліга Про Таблиця53'Універсідад Католіка - Макара [ЕКВАДОР: Ліга Про]
    11' КОЛУМБІЯ: Прімера А - Апертура Таблиця11'Мільйонаріос - Депортес Толіма [КОЛУМБІЯ: Прімера А - Апертура]
    11' МЕКСИКА: Ліга де Еспансьйон МХ - Клаусура - плей-оф11'Тапатіо - Канкун [МЕКСИКА: Ліга де Еспансьйон МХ - Клаусура - плей-оф]
  Found: 0 candidates, 0 new, 7 permanently skipped

Done: 0 analyzed, 0 actionable, 0 TG sent

🔥 RUN #152: analyzed=0, signals=0
⏳ Next scan in 3m...
[04:13:52] Live scan
  Запуск live-скрапера (після ранкових Telegram, якщо були).
Opening: https://m.flashscore.ua/?s=2 (minute >= 60, 0:0 only)
Provider health [https://m.flashscore.ua/?s=2]: rows=9, 0:0 total=6, candidates=0
  ⏸ 0:0 ще рано (< 60'):
    55' БОЛІВІЯ: Професійна ліга Таблиця55'Томаяпо - Стронгест [БОЛІВІЯ: Професійна ліга]
    44' БРАЗИЛІЯ: Betano Кубок Бразилії44'Атлетіко ПР - Атлетіку Гояніенсе [БРАЗИЛІЯ: Betano Кубок Бразилії]
    44' Операріу - Флуміненсе [БРАЗИЛІЯ: Betano Кубок Бразилії]
    55' ЕКВАДОР: Ліга Про Таблиця55'Універсідад Католіка - Макара [ЕКВАДОР: Ліга Про]
    14' КОЛУМБІЯ: Прімера А - Апертура Таблиця14'Мільйонаріос - Депортес Толіма [КОЛУМБІЯ: Прімера А - Апертура]
    14' МЕКСИКА: Ліга де Еспансьйон МХ - Клаусура - плей-оф14'Тапатіо - Канкун [МЕКСИКА: Ліга де Еспансьйон МХ - Клаусура - плей-оф]
  Found: 0 candidates, 0 new, 7 permanently skipped

Done: 0 analyzed, 0 actionable, 0 TG sent

🔥 RUN #153: analyzed=0, signals=0
⏳ Next scan in 3m...
[04:17:03] Live scan
  Запуск live-скрапера (після ранкових Telegram, якщо були).
Opening: https://m.flashscore.ua/?s=2 (minute >= 60, 0:0 only)
Provider health [https://m.flashscore.ua/?s=2]: rows=10, 0:0 total=7, candidates=0
  ⏸ 0:0 ще рано (< 60'):
    59' БОЛІВІЯ: Професійна ліга Таблиця59'Томаяпо - Стронгест [БОЛІВІЯ: Професійна ліга]
    59' ЕКВАДОР: Ліга Про Таблиця59'Універсідад Католіка - Макара [ЕКВАДОР: Ліга Про]
    18' КОЛУМБІЯ: Прімера А - Апертура Таблиця18'Мільйонаріос - Депортес Толіма [КОЛУМБІЯ: Прімера А - Апертура]
    18' МЕКСИКА: Ліга де Еспансьйон МХ - Клаусура - плей-оф18'Тапатіо - Канкун [МЕКСИКА: Ліга де Еспансьйон МХ - Клаусура - плей-оф]
    18' САЛЬВАДОР: Кубок президента - Плей-оф18'Мунісіпаль Ліменьйо - Ель Робле [САЛЬВАДОР: Кубок президента - Плей-оф]
  Found: 0 candidates, 0 new, 7 permanently skipped

Done: 0 analyzed, 0 actionable, 0 TG sent

🔥 RUN #154: analyzed=0, signals=0
⏳ Next scan in 3m...
[04:20:15] Live scan
  Запуск live-скрапера (після ранкових Telegram, якщо були).
Opening: https://m.flashscore.ua/?s=2 (minute >= 60, 0:0 only)
Provider health [https://m.flashscore.ua/?s=2]: rows=10, 0:0 total=6, candidates=1
  ⏸ 0:0 ще рано (< 60'):
    21' КОЛУМБІЯ: Прімера А - Апертура Таблиця21'Мільйонаріос - Депортес Толіма [КОЛУМБІЯ: Прімера А - Апертура]
    21' МЕКСИКА: Ліга де Еспансьйон МХ - Клаусура - плей-оф21'Тапатіо - Канкун [МЕКСИКА: Ліга де Еспансьйон МХ - Клаусура - плей-оф]
    21' САЛЬВАДОР: Кубок президента - Плей-оф21'Мунісіпаль Ліменьйо - Ель Робле [САЛЬВАДОР: Кубок президента - Плей-оф]
  ✔ 62' БОЛІВІЯ: Професійна ліга Таблиця62'Томаяпо - Стронгест [БОЛІВІЯ: Професійна ліга] id=UioJmP8e
  Found: 1 candidates, 1 new, 7 permanently skipped

→ БОЛІВІЯ: Професійна ліга Таблиця62'Томаяпо - Стронгест (62') [БОЛІВІЯ: Професійна ліга]
  Кф 1X2: 3.66 / 4.27 / 1.78
  Desktop: https://www.flashscore.ua/match/soccer/the-strongest-Wfi42xS2/tomayapo-SlIKwGVI/?mid=UioJmP8e
  [stats] UioJmP8e → both, 32 metrics
  Features: quality=1, primary=6, status=both
  Model v2: pGoal=0.418, pDry=0.582 sq=0.6757 state=dry | 60-70 → SKIP

Done: 1 analyzed, 0 actionable, 0 TG sent

🔥 RUN #155: analyzed=1, signals=0
⏳ Next scan in 3m...
[04:23:42] Live scan
  Запуск live-скрапера (після ранкових Telegram, якщо були).
Opening: https://m.flashscore.ua/?s=2 (minute >= 60, 0:0 only)
Provider health [https://m.flashscore.ua/?s=2]: rows=10, 0:0 total=6, candidates=1
  ⏸ 0:0 ще рано (< 60'):
    45' БРАЗИЛІЯ: Betano Кубок БразиліїПерерваАтлетіко ПР - Атлетіку Гояніенсе [БРАЗИЛІЯ: Betano Кубок Бразилії]
    45' Операріу - Флуміненсе [БРАЗИЛІЯ: Betano Кубок Бразилії]
    24' КОЛУМБІЯ: Прімера А - Апертура Таблиця24'Мільйонаріос - Депортес Толіма [КОЛУМБІЯ: Прімера А - Апертура]
    24' МЕКСИКА: Ліга де Еспансьйон МХ - Клаусура - плей-оф24'Тапатіо - Канкун [МЕКСИКА: Ліга де Еспансьйон МХ - Клаусура - плей-оф]
    24' САЛЬВАДОР: Кубок президента - Плей-оф24'Мунісіпаль Ліменьйо - Ель Робле [САЛЬВАДОР: Кубок президента - Плей-оф]
  ✔ 66' БОЛІВІЯ: Професійна ліга Таблиця66'Томаяпо - Стронгест [БОЛІВІЯ: Професійна ліга] id=UioJmP8e
  Found: 1 candidates, 1 new, 7 permanently skipped

→ БОЛІВІЯ: Професійна ліга Таблиця66'Томаяпо - Стронгест (66') [БОЛІВІЯ: Професійна ліга]
  Кф 1X2: 3.66 / 4.27 / 1.78
  Desktop: https://www.flashscore.ua/match/soccer/the-strongest-Wfi42xS2/tomayapo-SlIKwGVI/?mid=UioJmP8e
  [stats] UioJmP8e → both, 33 metrics
  Features: quality=1, primary=6, status=both
  Model v2: pGoal=0.538, pDry=0.462 sq=0.6914 state=dry | 60-70 → SKIP | Δ2H SOT=1 xG=0.13 (Δ4′ матчу)
  🔔 dryAlert встановлено (стан dry@66')

Done: 1 analyzed, 0 actionable, 0 TG sent
📌 Tracking 1 active prediction(s)

🔥 RUN #156: analyzed=1, signals=0
⏳ Next scan in 3m...
[04:27:07] Live scan
  Запуск live-скрапера (після ранкових Telegram, якщо були).
Opening: https://m.flashscore.ua/?s=2 (minute >= 60, 0:0 only)
Provider health [https://m.flashscore.ua/?s=2]: rows=10, 0:0 total=6, candidates=1
  ⏸ 0:0 ще рано (< 60'):
    45' БРАЗИЛІЯ: Betano Кубок БразиліїПерерваАтлетіко ПР - Атлетіку Гояніенсе [БРАЗИЛІЯ: Betano Кубок Бразилії]
    45' Операріу - Флуміненсе [БРАЗИЛІЯ: Betano Кубок Бразилії]
    28' КОЛУМБІЯ: Прімера А - Апертура Таблиця28'Мільйонаріос - Депортес Толіма [КОЛУМБІЯ: Прімера А - Апертура]
    28' МЕКСИКА: Ліга де Еспансьйон МХ - Клаусура - плей-оф28'Тапатіо - Канкун [МЕКСИКА: Ліга де Еспансьйон МХ - Клаусура - плей-оф]
    28' САЛЬВАДОР: Кубок президента - Плей-оф28'Мунісіпаль Ліменьйо - Ель Робле [САЛЬВАДОР: Кубок президента - Плей-оф]
  ✔ 69' БОЛІВІЯ: Професійна ліга Таблиця69'Томаяпо - Стронгест [БОЛІВІЯ: Професійна ліга] id=UioJmP8e
  Found: 1 candidates, 1 new, 7 permanently skipped

→ БОЛІВІЯ: Професійна ліга Таблиця69'Томаяпо - Стронгест (69') [БОЛІВІЯ: Професійна ліга]
  Кф 1X2: 3.66 / 4.27 / 1.78
  Desktop: https://www.flashscore.ua/match/soccer/the-strongest-Wfi42xS2/tomayapo-SlIKwGVI/?mid=UioJmP8e
  [stats] UioJmP8e → both, 33 metrics
  Features: quality=1, primary=6, status=both
  Model v2: pGoal=0.468, pDry=0.532 sq=0.7071 state=dry | 60-70 → SKIP | Δ2H SOT=0 xG=0.04 (Δ3′ матчу)
  🔔 dryAlert встановлено (стан dry@69')

Done: 1 analyzed, 0 actionable, 0 TG sent
📌 Tracking 1 active prediction(s)

🔥 RUN #157: analyzed=1, signals=0
⏳ Next scan in 3m...
[04:30:33] Live scan
  Запуск live-скрапера (після ранкових Telegram, якщо були).
Opening: https://m.flashscore.ua/?s=2 (minute >= 60, 0:0 only)
Provider health [https://m.flashscore.ua/?s=2]: rows=11, 0:0 total=7, candidates=1
  ⏸ 0:0 ще рано (< 60'):
    45' БРАЗИЛІЯ: Betano Кубок БразиліїПерерваАтлетіко ПР - Атлетіку Гояніенсе [БРАЗИЛІЯ: Betano Кубок Бразилії]
    45' Операріу - Флуміненсе [БРАЗИЛІЯ: Betano Кубок Бразилії]
    1' ГОНДУРАС: Національна ліга - Клаусура Таблиця1'Оланчо - Мотагуа [ГОНДУРАС: Національна ліга - Клаусура]
    31' КОЛУМБІЯ: Прімера А - Апертура Таблиця31'Мільйонаріос - Депортес Толіма [КОЛУМБІЯ: Прімера А - Апертура]
    31' МЕКСИКА: Ліга де Еспансьйон МХ - Клаусура - плей-оф31'Тапатіо - Канкун [МЕКСИКА: Ліга де Еспансьйон МХ - Клаусура - плей-оф]
    31' САЛЬВАДОР: Кубок президента - Плей-оф31'Мунісіпаль Ліменьйо - Ель Робле [САЛЬВАДОР: Кубок президента - Плей-оф]
  ✔ 73' БОЛІВІЯ: Професійна ліга Таблиця73'Томаяпо - Стронгест [БОЛІВІЯ: Професійна ліга] id=UioJmP8e
  Found: 1 candidates, 1 new, 7 permanently skipped

→ БОЛІВІЯ: Професійна ліга Таблиця73'Томаяпо - Стронгест (73') [БОЛІВІЯ: Професійна ліга]
  Кф 1X2: 3.66 / 4.27 / 1.78
  Desktop: https://www.flashscore.ua/match/soccer/the-strongest-Wfi42xS2/tomayapo-SlIKwGVI/?mid=UioJmP8e
  [stats] UioJmP8e → both, 33 metrics
  Features: quality=1, primary=6, status=both
  Model v2: pGoal=0.438, pDry=0.562 sq=0.7229 state=dry | 70-80 → SKIP | Δ2H SOT=0 xG=0 (Δ4′ матчу)

Done: 1 analyzed, 0 actionable, 0 TG sent
📌 Tracking 1 active prediction(s)

🔥 RUN #158: analyzed=1, signals=0
⏳ Next scan in 3m...
[04:34:00] Live scan
  Запуск live-скрапера (після ранкових Telegram, якщо були).
Opening: https://m.flashscore.ua/?s=2 (minute >= 60, 0:0 only)
Provider health [https://m.flashscore.ua/?s=2]: rows=11, 0:0 total=7, candidates=1
  ⏸ 0:0 ще рано (< 60'):
    45' БРАЗИЛІЯ: Betano Кубок БразиліїПерерваАтлетіко ПР - Атлетіку Гояніенсе [БРАЗИЛІЯ: Betano Кубок Бразилії]
    45' Операріу - Флуміненсе [БРАЗИЛІЯ: Betano Кубок Бразилії]
    5' ГОНДУРАС: Національна ліга - Клаусура Таблиця5'Оланчо - Мотагуа [ГОНДУРАС: Національна ліга - Клаусура]
    35' КОЛУМБІЯ: Прімера А - Апертура Таблиця35'Мільйонаріос - Депортес Толіма [КОЛУМБІЯ: Прімера А - Апертура]
    35' МЕКСИКА: Ліга де Еспансьйон МХ - Клаусура - плей-оф35'Тапатіо - Канкун [МЕКСИКА: Ліга де Еспансьйон МХ - Клаусура - плей-оф]
    35' САЛЬВАДОР: Кубок президента - Плей-оф35'Мунісіпаль Ліменьйо - Ель Робле [САЛЬВАДОР: Кубок президента - Плей-оф]
  ✔ 76' БОЛІВІЯ: Професійна ліга Таблиця76'Томаяпо - Стронгест [БОЛІВІЯ: Професійна ліга] id=UioJmP8e
  Found: 1 candidates, 1 new, 7 permanently skipped

→ БОЛІВІЯ: Професійна ліга Таблиця76'Томаяпо - Стронгест (76') [БОЛІВІЯ: Професійна ліга]
  Кф 1X2: 3.66 / 4.27 / 1.78
  Desktop: https://www.flashscore.ua/match/soccer/the-strongest-Wfi42xS2/tomayapo-SlIKwGVI/?mid=UioJmP8e
  [stats] UioJmP8e → both, 34 metrics
  [incidents] UioJmP8e: 1H + 0A red cards
  Features: quality=1, primary=6, status=both | redCards=1H+0A
  Model v2: pGoal=0.423, pDry=0.577 sq=0.7386 state=dry | 70-80 → UNDER_0_5 | Δ2H SOT=0 xG=0 (Δ3′ матчу) [TG]
  [ggbet] Not found: БОЛІВІЯ: Професійна ліга Таблиця76'Томаяпо - Стронгест
Message sent to Telegram
  ✓ Telegram sent

Done: 1 analyzed, 1 actionable, 1 TG sent
📌 Tracking 1 active prediction(s)

🔥 RUN #159: analyzed=1, signals=1
⏳ Next scan in 3m...
[04:37:32] Live scan
  Запуск live-скрапера (після ранкових Telegram, якщо були).
Opening: https://m.flashscore.ua/?s=2 (minute >= 60, 0:0 only)
Provider health [https://m.flashscore.ua/?s=2]: rows=11, 0:0 total=7, candidates=1
  ⏸ 0:0 ще рано (< 60'):
    46' БРАЗИЛІЯ: Betano Кубок Бразилії46'Атлетіко ПР - Атлетіку Гояніенсе [БРАЗИЛІЯ: Betano Кубок Бразилії]
    45' Операріу - Флуміненсе [БРАЗИЛІЯ: Betano Кубок Бразилії]
    8' ГОНДУРАС: Національна ліга - Клаусура Таблиця8'Оланчо - Мотагуа [ГОНДУРАС: Національна ліга - Клаусура]
    38' КОЛУМБІЯ: Прімера А - Апертура Таблиця38'Мільйонаріос - Депортес Толіма [КОЛУМБІЯ: Прімера А - Апертура]
    38' МЕКСИКА: Ліга де Еспансьйон МХ - Клаусура - плей-оф38'Тапатіо - Канкун [МЕКСИКА: Ліга де Еспансьйон МХ - Клаусура - плей-оф]
    38' САЛЬВАДОР: Кубок президента - Плей-оф38'Мунісіпаль Ліменьйо - Ель Робле [САЛЬВАДОР: Кубок президента - Плей-оф]
  ✔ 80' БОЛІВІЯ: Професійна ліга Таблиця80'Томаяпо - Стронгест [БОЛІВІЯ: Професійна ліга] id=UioJmP8e
  Found: 1 candidates, 1 new, 7 permanently skipped

→ БОЛІВІЯ: Професійна ліга Таблиця80'Томаяпо - Стронгест (80') [БОЛІВІЯ: Професійна ліга]
  Кф 1X2: 3.66 / 4.27 / 1.78
  Desktop: https://www.flashscore.ua/match/soccer/the-strongest-Wfi42xS2/tomayapo-SlIKwGVI/?mid=UioJmP8e
  [stats] UioJmP8e → both, 34 metrics
  [incidents] UioJmP8e: 1H + 0A red cards
  Features: quality=1, primary=6, status=both | redCards=1H+0A
  Model v2: pGoal=0.623, pDry=0.377 sq=0.8343 state=lateSurge | 80-90+ → SKIP | Δ2H SOT=0 xG=0.05 (Δ4′ матчу)

Done: 1 analyzed, 0 actionable, 0 TG sent
📌 Tracking 1 active prediction(s)

🔥 RUN #160: analyzed=1, signals=0
⏳ Next scan in 3m...
[04:40:58] Live scan
  Запуск live-скрапера (після ранкових Telegram, якщо були).
Opening: https://m.flashscore.ua/?s=2 (minute >= 60, 0:0 only)
Provider health [https://m.flashscore.ua/?s=2]: rows=11, 0:0 total=7, candidates=1
  ⏸ 0:0 ще рано (< 60'):
    49' БРАЗИЛІЯ: Betano Кубок Бразилії49'Атлетіко ПР - Атлетіку Гояніенсе [БРАЗИЛІЯ: Betano Кубок Бразилії]
    49' Операріу - Флуміненсе [БРАЗИЛІЯ: Betano Кубок Бразилії]
    12' ГОНДУРАС: Національна ліга - Клаусура Таблиця12'Оланчо - Мотагуа [ГОНДУРАС: Національна ліга - Клаусура]
    42' КОЛУМБІЯ: Прімера А - Апертура Таблиця42'Мільйонаріос - Депортес Толіма [КОЛУМБІЯ: Прімера А - Апертура]
    42' МЕКСИКА: Ліга де Еспансьйон МХ - Клаусура - плей-оф42'Тапатіо - Канкун [МЕКСИКА: Ліга де Еспансьйон МХ - Клаусура - плей-оф]
    42' САЛЬВАДОР: Кубок президента - Плей-оф42'Мунісіпаль Ліменьйо - Ель Робле [САЛЬВАДОР: Кубок президента - Плей-оф]
  ✔ 83' БОЛІВІЯ: Професійна ліга Таблиця83'Томаяпо - Стронгест [БОЛІВІЯ: Професійна ліга] id=UioJmP8e
  Found: 1 candidates, 1 new, 7 permanently skipped

→ БОЛІВІЯ: Професійна ліга Таблиця83'Томаяпо - Стронгест (83') [БОЛІВІЯ: Професійна ліга]
  Кф 1X2: 3.66 / 4.27 / 1.78
  Desktop: https://www.flashscore.ua/match/soccer/the-strongest-Wfi42xS2/tomayapo-SlIKwGVI/?mid=UioJmP8e
  [stats] UioJmP8e → both, 34 metrics
  [incidents] UioJmP8e: 1H + 0A red cards
  Features: quality=1, primary=6, status=both | redCards=1H+0A
  Model v2: pGoal=0.423, pDry=0.577 sq=0.77 state=dry | 80-90+ → SKIP | Δ2H SOT=0 xG=0 (Δ3′ матчу)

Done: 1 analyzed, 0 actionable, 0 TG sent
📌 Tracking 1 active prediction(s)

🔥 RUN #161: analyzed=1, signals=0
⏳ Next scan in 3m...
[04:44:24] Live scan
  Запуск live-скрапера (після ранкових Telegram, якщо були).
Opening: https://m.flashscore.ua/?s=2 (minute >= 60, 0:0 only)
Provider health [https://m.flashscore.ua/?s=2]: rows=11, 0:0 total=6, candidates=1
  ⏸ 0:0 ще рано (< 60'):
    53' БРАЗИЛІЯ: Betano Кубок Бразилії53'Атлетіко ПР - Атлетіку Гояніенсе [БРАЗИЛІЯ: Betano Кубок Бразилії]
    52' Операріу - Флуміненсе [БРАЗИЛІЯ: Betano Кубок Бразилії]
    15' ГОНДУРАС: Національна ліга - Клаусура Таблиця15'Оланчо - Мотагуа [ГОНДУРАС: Національна ліга - Клаусура]
    45' МЕКСИКА: Ліга де Еспансьйон МХ - Клаусура - плей-оф45'Тапатіо - Канкун [МЕКСИКА: Ліга де Еспансьйон МХ - Клаусура - плей-оф]
    45' САЛЬВАДОР: Кубок президента - Плей-оф45'Мунісіпаль Ліменьйо - Ель Робле [САЛЬВАДОР: Кубок президента - Плей-оф]
  ✔ 87' БОЛІВІЯ: Професійна ліга Таблиця87'Томаяпо - Стронгест [БОЛІВІЯ: Професійна ліга] id=UioJmP8e
  Found: 1 candidates, 1 new, 7 permanently skipped

→ БОЛІВІЯ: Професійна ліга Таблиця87'Томаяпо - Стронгест (87') [БОЛІВІЯ: Професійна ліга]
  Кф 1X2: 3.66 / 4.27 / 1.78
  Desktop: https://www.flashscore.ua/match/soccer/the-strongest-Wfi42xS2/tomayapo-SlIKwGVI/?mid=UioJmP8e
  [stats] UioJmP8e → both, 34 metrics
  [incidents] UioJmP8e: 1H + 0A red cards
  Features: quality=1, primary=6, status=both | redCards=1H+0A
  Model v2: pGoal=0.423, pDry=0.577 sq=0.7857 state=dry | 80-90+ → SKIP | Δ2H SOT=0 xG=0 (Δ4′ матчу)

Done: 1 analyzed, 0 actionable, 0 TG sent
📌 Tracking 1 active prediction(s)

🔥 RUN #162: analyzed=1, signals=0
⏳ Next scan in 3m...
[04:47:55] Live scan
  Запуск live-скрапера (після ранкових Telegram, якщо були).
Opening: https://m.flashscore.ua/?s=2 (minute >= 60, 0:0 only)
Provider health [https://m.flashscore.ua/?s=2]: rows=11, 0:0 total=5, candidates=1
  ⏸ 0:0 ще рано (< 60'):
    56' БРАЗИЛІЯ: Betano Кубок Бразилії56'Атлетіко ПР - Атлетіку Гояніенсе [БРАЗИЛІЯ: Betano Кубок Бразилії]
    56' Операріу - Флуміненсе [БРАЗИЛІЯ: Betano Кубок Бразилії]
    18' ГОНДУРАС: Національна ліга - Клаусура Таблиця18'Оланчо - Мотагуа [ГОНДУРАС: Національна ліга - Клаусура]
  ✔ 90' БОЛІВІЯ: Професійна ліга Таблиця90'Томаяпо - Стронгест [БОЛІВІЯ: Професійна ліга] id=UioJmP8e
  Found: 1 candidates, 1 new, 7 permanently skipped

→ БОЛІВІЯ: Професійна ліга Таблиця90'Томаяпо - Стронгест (90') [БОЛІВІЯ: Професійна ліга]
  Кф 1X2: 3.66 / 4.27 / 1.78
  Desktop: https://www.flashscore.ua/match/soccer/the-strongest-Wfi42xS2/tomayapo-SlIKwGVI/?mid=UioJmP8e
  [stats] UioJmP8e → both, 34 metrics
  [incidents] UioJmP8e: 1H + 0A red cards
  Features: quality=1, primary=6, status=both | redCards=1H+0A
  Model v2: pGoal=0.423, pDry=0.577 sq=0.8014 state=dry | 80-90+ → SKIP | Δ2H SOT=0 xG=0 (Δ3′ матчу)

Done: 1 analyzed, 0 actionable, 0 TG sent
📌 Tracking 1 active prediction(s)

🔥 RUN #163: analyzed=1, signals=0
⏳ Next scan in 3m...
[04:51:22] Live scan
  Запуск live-скрапера (після ранкових Telegram, якщо були).
Opening: https://m.flashscore.ua/?s=2 (minute >= 60, 0:0 only)
Provider health [https://m.flashscore.ua/?s=2]: rows=11, 0:0 total=5, candidates=1
  ⏸ 0:0 ще рано (< 60'):
    59' Операріу - Флуміненсе [БРАЗИЛІЯ: Betano Кубок Бразилії]
    22' ГОНДУРАС: Національна ліга - Клаусура Таблиця22'Оланчо - Мотагуа [ГОНДУРАС: Національна ліга - Клаусура]
    45' МЕКСИКА: Ліга де Еспансьйон МХ - Клаусура - плей-офПерерваТапатіо - Канкун [МЕКСИКА: Ліга де Еспансьйон МХ - Клаусура - плей-оф]
  ✔ 60' БРАЗИЛІЯ: Betano Кубок Бразилії60'Атлетіко ПР - Атлетіку Гояніенсе [БРАЗИЛІЯ: Betano Кубок Бразилії] id=AHBfwCPp
  Found: 1 candidates, 1 new, 7 permanently skipped

→ БРАЗИЛІЯ: Betano Кубок Бразилії60'Атлетіко ПР - Атлетіку Гояніенсе (60') [БРАЗИЛІЯ: Betano Кубок Бразилії]
  Кф 1X2: 1.52 / 4.05 / 7.91
  Desktop: https://www.flashscore.ua/match/soccer/athletico-pr-UoAxb1Tq/atletico-go-8M0mP8nt/?mid=AHBfwCPp
  [stats] AHBfwCPp → both, 32 metrics
  Features: quality=1, primary=6, status=both
  Model v2: pGoal=0.432, pDry=0.568 sq=0.6757 state=dry | 60-70 → SKIP

Done: 1 analyzed, 0 actionable, 0 TG sent

🔍 Checking 1 possibly finished match(es)...
  ⏳ БОЛІВІЯ: Професійна ліга Таблиця76'Томаяпо - Стронгест: still live 0:0
📌 Tracking 1 active prediction(s)

🔥 RUN #164: analyzed=1, signals=0
⏳ Next scan in 3m...
[04:54:49] Live scan
  Запуск live-скрапера (після ранкових Telegram, якщо були).
Opening: https://m.flashscore.ua/?s=2 (minute >= 60, 0:0 only)
Provider health [https://m.flashscore.ua/?s=2]: rows=10, 0:0 total=5, candidates=2
  ⏸ 0:0 ще рано (< 60'):
    25' ГОНДУРАС: Національна ліга - Клаусура Таблиця25'Оланчо - Мотагуа [ГОНДУРАС: Національна ліга - Клаусура]
    45' МЕКСИКА: Ліга де Еспансьйон МХ - Клаусура - плей-офПерерваТапатіо - Канкун [МЕКСИКА: Ліга де Еспансьйон МХ - Клаусура - плей-оф]
  ✔ 63' БРАЗИЛІЯ: Betano Кубок Бразилії63'Атлетіко ПР - Атлетіку Гояніенсе [БРАЗИЛІЯ: Betano Кубок Бразилії] id=AHBfwCPp
  ✔ 62' Операріу - Флуміненсе [БРАЗИЛІЯ: Betano Кубок Бразилії] id=hvvPZH1e
  Found: 2 candidates, 2 new, 7 permanently skipped

→ БРАЗИЛІЯ: Betano Кубок Бразилії63'Атлетіко ПР - Атлетіку Гояніенсе (63') [БРАЗИЛІЯ: Betano Кубок Бразилії]

→ Операріу - Флуміненсе (62') [БРАЗИЛІЯ: Betano Кубок Бразилії]
  Кф 1X2: 4.21 / 3.05 / 2.15
  Кф 1X2: 1.52 / 4.05 / 7.91
  Desktop: https://www.flashscore.ua/match/soccer/athletico-pr-UoAxb1Tq/atletico-go-8M0mP8nt/?mid=AHBfwCPp
  Desktop: https://www.flashscore.ua/match/soccer/fluminense-EV9L3kU4/operario-pr-CW8Nm1GL/?mid=hvvPZH1e
  [stats] AHBfwCPp → both, 32 metrics
  [stats] hvvPZH1e → both, 33 metrics
  Features: quality=1, primary=6, status=both
  Model v2: pGoal=0.612, pDry=0.388 sq=0.7714 state=pressureGrowth | 60-70 → SKIP | Δ2H SOT=2 xG=0.25 (Δ3′ матчу)
  Features: quality=1, primary=6, status=both
  Model v2: pGoal=0.354, pDry=0.646 sq=0.7557 state=dry | 60-70 → SKIP

Done: 2 analyzed, 0 actionable, 0 TG sent

🔍 Checking 1 possibly finished match(es)...
  ⏳ БОЛІВІЯ: Професійна ліга Таблиця76'Томаяпо - Стронгест: still live 0:0
📌 Tracking 1 active prediction(s)

🔥 RUN #165: analyzed=2, signals=0
⏳ Next scan in 3m...
[04:58:20] Live scan
  Запуск live-скрапера (після ранкових Telegram, якщо були).
Opening: https://m.flashscore.ua/?s=2 (minute >= 60, 0:0 only)
Provider health [https://m.flashscore.ua/?s=2]: rows=9, 0:0 total=4, candidates=2
  ⏸ 0:0 ще рано (< 60'):
    29' ГОНДУРАС: Національна ліга - Клаусура Таблиця29'Оланчо - Мотагуа [ГОНДУРАС: Національна ліга - Клаусура]
    45' МЕКСИКА: Ліга де Еспансьйон МХ - Клаусура - плей-офПерерваТапатіо - Канкун [МЕКСИКА: Ліга де Еспансьйон МХ - Клаусура - плей-оф]
  ✔ 67' БРАЗИЛІЯ: Betano Кубок Бразилії67'Атлетіко ПР - Атлетіку Гояніенсе [БРАЗИЛІЯ: Betano Кубок Бразилії] id=AHBfwCPp
  ✔ 66' Операріу - Флуміненсе [БРАЗИЛІЯ: Betano Кубок Бразилії] id=hvvPZH1e
  Found: 2 candidates, 2 new, 7 permanently skipped

→ БРАЗИЛІЯ: Betano Кубок Бразилії67'Атлетіко ПР - Атлетіку Гояніенсе (67') [БРАЗИЛІЯ: Betano Кубок Бразилії]

→ Операріу - Флуміненсе (66') [БРАЗИЛІЯ: Betano Кубок Бразилії]
  Кф 1X2: 4.21 / 3.05 / 2.15
  Кф 1X2: 1.52 / 4.05 / 7.91
  Desktop: https://www.flashscore.ua/match/soccer/athletico-pr-UoAxb1Tq/atletico-go-8M0mP8nt/?mid=AHBfwCPp
  Desktop: https://www.flashscore.ua/match/soccer/fluminense-EV9L3kU4/operario-pr-CW8Nm1GL/?mid=hvvPZH1e
  [stats] AHBfwCPp → both, 32 metrics
  [stats] hvvPZH1e → both, 33 metrics
  Features: quality=1, primary=6, status=both
  Model v2: pGoal=0.522, pDry=0.478 sq=0.7071 state=pressureGrowth | 60-70 → SKIP | Δ2H SOT=0 xG=0.05 (Δ4′ матчу)
  Features: quality=1, primary=6, status=both
  Model v2: pGoal=0.294, pDry=0.706 sq=0.7714 state=dry | 60-70 → SKIP | Δ2H SOT=0 xG=0 (Δ4′ матчу)
  🔔 dryAlert встановлено (стан dry@66')

Done: 2 analyzed, 0 actionable, 0 TG sent

🔍 Checking 1 possibly finished match(es)...
  ⚽ БОЛІВІЯ: Професійна ліга Таблиця76'Томаяпо - Стронгест: 0:0 [FT] → ТМ:✅
Message sent to Telegram
  ✓ Telegram result sent (FT)
📌 Tracking 1 active prediction(s)

🔥 RUN #166: analyzed=2, signals=0
Message sent to Telegram
⏳ Next scan in 3m...
[05:01:50] Live scan
  Запуск live-скрапера (після ранкових Telegram, якщо були).
Opening: https://m.flashscore.ua/?s=2 (minute >= 60, 0:0 only)
Provider health [https://m.flashscore.ua/?s=2]: rows=8, 0:0 total=5, candidates=2
  ⏸ 0:0 ще рано (< 60'):
    32' ГОНДУРАС: Національна ліга - Клаусура Таблиця32'Оланчо - Мотагуа [ГОНДУРАС: Національна ліга - Клаусура]
    2' КОСТА-РИКА: Прімера - Клаусура Таблиця2'Алахуеленсе - ФК Пунтаренас [КОСТА-РИКА: Прімера - Клаусура]
    45' МЕКСИКА: Ліга де Еспансьйон МХ - Клаусура - плей-офПерерваТапатіо - Канкун [МЕКСИКА: Ліга де Еспансьйон МХ - Клаусура - плей-оф]
  ✔ 70' БРАЗИЛІЯ: Betano Кубок Бразилії70'Атлетіко ПР - Атлетіку Гояніенсе [БРАЗИЛІЯ: Betano Кубок Бразилії] id=AHBfwCPp
  ✔ 69' Операріу - Флуміненсе [БРАЗИЛІЯ: Betano Кубок Бразилії] id=hvvPZH1e
  Found: 2 candidates, 2 new, 7 permanently skipped

→ БРАЗИЛІЯ: Betano Кубок Бразилії70'Атлетіко ПР - Атлетіку Гояніенсе (70') [БРАЗИЛІЯ: Betano Кубок Бразилії]

→ Операріу - Флуміненсе (69') [БРАЗИЛІЯ: Betano Кубок Бразилії]
  Кф 1X2: 1.52 / 4.05 / 7.91
  Кф 1X2: 4.21 / 3.05 / 2.15
  Desktop: https://www.flashscore.ua/match/soccer/athletico-pr-UoAxb1Tq/atletico-go-8M0mP8nt/?mid=AHBfwCPp
  Desktop: https://www.flashscore.ua/match/soccer/fluminense-EV9L3kU4/operario-pr-CW8Nm1GL/?mid=hvvPZH1e
  [stats] AHBfwCPp → both, 32 metrics
  [stats] hvvPZH1e → both, 33 metrics
  Features: quality=1, primary=6, status=both
  Model v2: pGoal=0.682, pDry=0.318 sq=0.8029 state=pressureGrowth | 70-80 → OVER_0_5 | Δ2H SOT=1 xG=0.32 (Δ3′ матчу) [TG]
  Features: quality=1, primary=6, status=both
  Model v2: pGoal=0.294, pDry=0.706 sq=0.7871 state=dry | 60-70 → SKIP | Δ2H SOT=0 xG=0 (Δ3′ матчу)
  🔔 dryAlert встановлено (стан dry@69')
  [ggbet] Not found: БРАЗИЛІЯ: Betano Кубок Бразилії70'Атлетіко ПР - Атлетіку Гояніенсе
Message sent to Telegram
  ✓ Telegram sent

Done: 2 analyzed, 1 actionable, 1 TG sent
📌 Tracking 2 active prediction(s)

🔥 RUN #167: analyzed=2, signals=1
⏳ Next scan in 3m...
[05:05:23] Live scan
  Запуск live-скрапера (після ранкових Telegram, якщо були).
Opening: https://m.flashscore.ua/?s=2 (minute >= 60, 0:0 only)
Provider health [https://m.flashscore.ua/?s=2]: rows=7, 0:0 total=5, candidates=2
  ⏸ 0:0 ще рано (< 60'):
    36' ГОНДУРАС: Національна ліга - Клаусура Таблиця36'Оланчо - Мотагуа [ГОНДУРАС: Національна ліга - Клаусура]
    6' КОСТА-РИКА: Прімера - Клаусура Таблиця6'Алахуеленсе - ФК Пунтаренас [КОСТА-РИКА: Прімера - Клаусура]
    45' МЕКСИКА: Ліга де Еспансьйон МХ - Клаусура - плей-офПерерваТапатіо - Канкун [МЕКСИКА: Ліга де Еспансьйон МХ - Клаусура - плей-оф]
  ✔ 74' БРАЗИЛІЯ: Betano Кубок Бразилії74'Атлетіко ПР - Атлетіку Гояніенсе [БРАЗИЛІЯ: Betano Кубок Бразилії] id=AHBfwCPp
  ✔ 73' Операріу - Флуміненсе [БРАЗИЛІЯ: Betano Кубок Бразилії] id=hvvPZH1e
  Found: 2 candidates, 2 new, 7 permanently skipped

→ БРАЗИЛІЯ: Betano Кубок Бразилії74'Атлетіко ПР - Атлетіку Гояніенсе (74') [БРАЗИЛІЯ: Betano Кубок Бразилії]

→ Операріу - Флуміненсе (73') [БРАЗИЛІЯ: Betano Кубок Бразилії]
  Кф 1X2: 4.21 / 3.05 / 2.15
  Кф 1X2: 1.52 / 4.05 / 7.91
  Desktop: https://www.flashscore.ua/match/soccer/fluminense-EV9L3kU4/operario-pr-CW8Nm1GL/?mid=hvvPZH1e
  Desktop: https://www.flashscore.ua/match/soccer/athletico-pr-UoAxb1Tq/atletico-go-8M0mP8nt/?mid=AHBfwCPp
  [stats] AHBfwCPp → both, 32 metrics
  [stats] hvvPZH1e → both, 33 metrics
  Features: quality=1, primary=6, status=both
  Model v2: pGoal=0.612, pDry=0.388 sq=0.8186 state=pressureGrowth | 70-80 → OVER_0_5 | Δ2H SOT=1 xG=0.04 (Δ4′ матчу) [TG]
  ↻ Re-analysis done (no change)
  Features: quality=1, primary=6, status=both
  Model v2: pGoal=0.325, pDry=0.675 sq=0.8029 state=dry | 70-80 → SKIP | Δ2H SOT=0 xG=0 (Δ4′ матчу)

Done: 2 analyzed, 1 actionable, 0 TG sent
📌 Tracking 2 active prediction(s)

🔥 RUN #168: analyzed=2, signals=0
⏳ Next scan in 3m...
[05:08:51] Live scan
  Запуск live-скрапера (після ранкових Telegram, якщо були).
Opening: https://m.flashscore.ua/?s=2 (minute >= 60, 0:0 only)
Provider health [https://m.flashscore.ua/?s=2]: rows=7, 0:0 total=5, candidates=2
  ⏸ 0:0 ще рано (< 60'):
    39' ГОНДУРАС: Національна ліга - Клаусура Таблиця39'Оланчо - Мотагуа [ГОНДУРАС: Національна ліга - Клаусура]
    9' КОСТА-РИКА: Прімера - Клаусура Таблиця9'Алахуеленсе - ФК Пунтаренас [КОСТА-РИКА: Прімера - Клаусура]
    48' МЕКСИКА: Ліга де Еспансьйон МХ - Клаусура - плей-оф48'Тапатіо - Канкун [МЕКСИКА: Ліга де Еспансьйон МХ - Клаусура - плей-оф]
  ✔ 77' БРАЗИЛІЯ: Betano Кубок Бразилії77'Атлетіко ПР - Атлетіку Гояніенсе [БРАЗИЛІЯ: Betano Кубок Бразилії] id=AHBfwCPp
  ✔ 77' Операріу - Флуміненсе [БРАЗИЛІЯ: Betano Кубок Бразилії] id=hvvPZH1e
  Found: 2 candidates, 2 new, 7 permanently skipped

→ БРАЗИЛІЯ: Betano Кубок Бразилії77'Атлетіко ПР - Атлетіку Гояніенсе (77') [БРАЗИЛІЯ: Betano Кубок Бразилії]

→ Операріу - Флуміненсе (77') [БРАЗИЛІЯ: Betano Кубок Бразилії]
  Кф 1X2: 1.52 / 4.05 / 7.91
  Кф 1X2: 4.21 / 3.05 / 2.15
  Desktop: https://www.flashscore.ua/match/soccer/fluminense-EV9L3kU4/operario-pr-CW8Nm1GL/?mid=hvvPZH1e
  Desktop: https://www.flashscore.ua/match/soccer/athletico-pr-UoAxb1Tq/atletico-go-8M0mP8nt/?mid=AHBfwCPp
  [stats] AHBfwCPp → both, 32 metrics
  [stats] hvvPZH1e → both, 33 metrics
  Features: quality=1, primary=6, status=both
  Model v2: pGoal=0.552, pDry=0.448 sq=0.7543 state=pressureGrowth | 70-80 → SKIP | Δ2H SOT=0 xG=0 (Δ3′ матчу)
  Features: quality=1, primary=6, status=both
  Model v2: pGoal=0.325, pDry=0.675 sq=0.8186 state=dry | 70-80 → UNDER_0_5 | Δ2H SOT=0 xG=0 (Δ4′ матчу) [TG]
  [ggbet] Found: Операріу - Флуміненсе
  [ggbet] 0.5 odds not found on match page
Message sent to Telegram
  ✓ Telegram sent [+GGBet]

Done: 2 analyzed, 1 actionable, 1 TG sent
📌 Tracking 2 active prediction(s)

🔥 RUN #169: analyzed=2, signals=1
⏳ Next scan in 3m...
[05:12:27] Live scan
  Запуск live-скрапера (після ранкових Telegram, якщо були).
Opening: https://m.flashscore.ua/?s=2 (minute >= 60, 0:0 only)
Provider health [https://m.flashscore.ua/?s=2]: rows=7, 0:0 total=4, candidates=2
  ⏸ 0:0 ще рано (< 60'):
    43' ГОНДУРАС: Національна ліга - Клаусура Таблиця43'Оланчо - Мотагуа [ГОНДУРАС: Національна ліга - Клаусура]
    13' КОСТА-РИКА: Прімера - Клаусура Таблиця13'Алахуеленсе - ФК Пунтаренас [КОСТА-РИКА: Прімера - Клаусура]
  ✔ 81' БРАЗИЛІЯ: Betano Кубок Бразилії81'Атлетіко ПР - Атлетіку Гояніенсе [БРАЗИЛІЯ: Betano Кубок Бразилії] id=AHBfwCPp
  ✔ 80' Операріу - Флуміненсе [БРАЗИЛІЯ: Betano Кубок Бразилії] id=hvvPZH1e
  Found: 2 candidates, 2 new, 7 permanently skipped

→ БРАЗИЛІЯ: Betano Кубок Бразилії81'Атлетіко ПР - Атлетіку Гояніенсе (81') [БРАЗИЛІЯ: Betano Кубок Бразилії]

→ Операріу - Флуміненсе (80') [БРАЗИЛІЯ: Betano Кубок Бразилії]
  Кф 1X2: 4.21 / 3.05 / 2.15
  Кф 1X2: 1.52 / 4.05 / 7.91
  Desktop: https://www.flashscore.ua/match/soccer/athletico-pr-UoAxb1Tq/atletico-go-8M0mP8nt/?mid=AHBfwCPp
  Desktop: https://www.flashscore.ua/match/soccer/fluminense-EV9L3kU4/operario-pr-CW8Nm1GL/?mid=hvvPZH1e
  [stats] AHBfwCPp → both, 33 metrics
  [stats] hvvPZH1e → both, 33 metrics
  Features: quality=1, primary=6, status=both
  Model v2: pGoal=0.562, pDry=0.438 sq=0.71 state=neutral | 80-90+ → OVER_0_5 | Δ2H SOT=0 xG=0.03 (Δ4′ матчу) [TG]
  ↻ Re-analysis done (no change)
  Features: quality=1, primary=6, status=both
  Model v2: pGoal=0.325, pDry=0.675 sq=0.8343 state=dry | 80-90+ → SKIP | Δ2H SOT=0 xG=0 (Δ3′ матчу)

Done: 2 analyzed, 1 actionable, 0 TG sent
📌 Tracking 2 active prediction(s)

🔥 RUN #170: analyzed=2, signals=0
⏳ Next scan in 3m...
[05:15:55] Live scan
  Запуск live-скрапера (після ранкових Telegram, якщо були).
Opening: https://m.flashscore.ua/?s=2 (minute >= 60, 0:0 only)
Provider health [https://m.flashscore.ua/?s=2]: rows=7, 0:0 total=4, candidates=2
  ⏸ 0:0 ще рано (< 60'):
    16' КОСТА-РИКА: Прімера - Клаусура Таблиця16'Алахуеленсе - ФК Пунтаренас [КОСТА-РИКА: Прімера - Клаусура]
  ✔ 84' БРАЗИЛІЯ: Betano Кубок Бразилії84'Атлетіко ПР - Атлетіку Гояніенсе [БРАЗИЛІЯ: Betano Кубок Бразилії] id=AHBfwCPp
  ✔ 84' Операріу - Флуміненсе [БРАЗИЛІЯ: Betano Кубок Бразилії] id=hvvPZH1e
  Found: 2 candidates, 2 new, 7 permanently skipped

→ БРАЗИЛІЯ: Betano Кубок Бразилії84'Атлетіко ПР - Атлетіку Гояніенсе (84') [БРАЗИЛІЯ: Betano Кубок Бразилії]

→ Операріу - Флуміненсе (84') [БРАЗИЛІЯ: Betano Кубок Бразилії]
  Кф 1X2: 1.52 / 4.05 / 7.91
  Кф 1X2: 4.21 / 3.05 / 2.15
  Desktop: https://www.flashscore.ua/match/soccer/athletico-pr-UoAxb1Tq/atletico-go-8M0mP8nt/?mid=AHBfwCPp
  Desktop: https://www.flashscore.ua/match/soccer/fluminense-EV9L3kU4/operario-pr-CW8Nm1GL/?mid=hvvPZH1e
  [stats] AHBfwCPp → both, 33 metrics
  [stats] hvvPZH1e → both, 33 metrics
  Features: quality=1, primary=6, status=both
  Model v2: pGoal=0.552, pDry=0.448 sq=0.7857 state=accumulatedPressure | 80-90+ → OVER_0_5 | Δ2H SOT=1 xG=0.03 (Δ3′ матчу) [TG]
  ↻ Re-analysis done (no change)
  Features: quality=1, primary=6, status=both
  Model v2: pGoal=0.325, pDry=0.675 sq=0.85 state=dry | 80-90+ → SKIP | Δ2H SOT=0 xG=0.04 (Δ4′ матчу)

Done: 2 analyzed, 1 actionable, 0 TG sent
📌 Tracking 2 active prediction(s)

🔥 RUN #171: analyzed=2, signals=0
⏳ Next scan in 3m...
[05:19:24] Live scan
  Запуск live-скрапера (після ранкових Telegram, якщо були).
Opening: https://m.flashscore.ua/?s=2 (minute >= 60, 0:0 only)
Provider health [https://m.flashscore.ua/?s=2]: rows=7, 0:0 total=4, candidates=2
  ⏸ 0:0 ще рано (< 60'):
    45' ГОНДУРАС: Національна ліга - Клаусура ТаблицяПерерваОланчо - Мотагуа [ГОНДУРАС: Національна ліга - Клаусура]
    20' КОСТА-РИКА: Прімера - Клаусура Таблиця20'Алахуеленсе - ФК Пунтаренас [КОСТА-РИКА: Прімера - Клаусура]
  ✔ 88' БРАЗИЛІЯ: Betano Кубок Бразилії88'Атлетіко ПР - Атлетіку Гояніенсе [БРАЗИЛІЯ: Betano Кубок Бразилії] id=AHBfwCPp
  ✔ 87' Операріу - Флуміненсе [БРАЗИЛІЯ: Betano Кубок Бразилії] id=hvvPZH1e
  Found: 2 candidates, 2 new, 7 permanently skipped

→ БРАЗИЛІЯ: Betano Кубок Бразилії88'Атлетіко ПР - Атлетіку Гояніенсе (88') [БРАЗИЛІЯ: Betano Кубок Бразилії]

→ Операріу - Флуміненсе (87') [БРАЗИЛІЯ: Betano Кубок Бразилії]
  Кф 1X2: 1.52 / 4.05 / 7.91
  Кф 1X2: 4.21 / 3.05 / 2.15
  Desktop: https://www.flashscore.ua/match/soccer/fluminense-EV9L3kU4/operario-pr-CW8Nm1GL/?mid=hvvPZH1e
  Desktop: https://www.flashscore.ua/match/soccer/athletico-pr-UoAxb1Tq/atletico-go-8M0mP8nt/?mid=AHBfwCPp
  [stats] hvvPZH1e → both, 33 metrics
  [stats] AHBfwCPp → both, 33 metrics
  Features: quality=1, primary=6, status=both
  Model v2: pGoal=0.524, pDry=0.476 sq=0.7857 state=lateSurge | 80-90+ → SKIP | Δ2H SOT=0 xG=0.08 (Δ3′ матчу)
  Features: quality=1, primary=6, status=both
  Model v2: pGoal=0.752, pDry=0.248 sq=0.8814 state=lateSurge | 80-90+ → OVER_0_5 | Δ2H SOT=2 xG=0.12 (Δ4′ матчу) [TG]
  ↻ Re-analysis done (no change)

Done: 2 analyzed, 1 actionable, 0 TG sent
📌 Tracking 2 active prediction(s)

🔥 RUN #172: analyzed=2, signals=0
⏳ Next scan in 3m...
[05:22:52] Live scan
  Запуск live-скрапера (після ранкових Telegram, якщо були).
Opening: https://m.flashscore.ua/?s=2 (minute >= 60, 0:0 only)
Provider health [https://m.flashscore.ua/?s=2]: rows=7, 0:0 total=3, candidates=0
  ⏸ 0:0 ще рано (< 60'):
    45' ГОНДУРАС: Національна ліга - Клаусура ТаблицяПерерваОланчо - Мотагуа [ГОНДУРАС: Національна ліга - Клаусура]
  Found: 0 candidates, 0 new, 7 permanently skipped

Done: 0 analyzed, 0 actionable, 0 TG sent

🔍 Checking 2 possibly finished match(es)...
  ⏳ Операріу - Флуміненсе: still live 0:0
  ⏳ БРАЗИЛІЯ: Betano Кубок Бразилії88'Атлетіко ПР - Атлетіку Гояніенсе: still live 0:0
📌 Tracking 2 active prediction(s)

🔥 RUN #173: analyzed=0, signals=0
⏳ Next scan in 3m...
[05:26:08] Live scan
  Запуск live-скрапера (після ранкових Telegram, якщо були).
Opening: https://m.flashscore.ua/?s=2 (minute >= 60, 0:0 only)
Provider health [https://m.flashscore.ua/?s=2]: rows=7, 0:0 total=3, candidates=0
  ⏸ 0:0 ще рано (< 60'):
    45' ГОНДУРАС: Національна ліга - Клаусура ТаблицяПерерваОланчо - Мотагуа [ГОНДУРАС: Національна ліга - Клаусура]
  Found: 0 candidates, 0 new, 7 permanently skipped

Done: 0 analyzed, 0 actionable, 0 TG sent

🔍 Checking 2 possibly finished match(es)...
  ⏳ Операріу - Флуміненсе: still live 0:0
  ⏳ БРАЗИЛІЯ: Betano Кубок Бразилії88'Атлетіко ПР - Атлетіку Гояніенсе: still live 0:0
📌 Tracking 2 active prediction(s)

🔥 RUN #174: analyzed=0, signals=0
⏳ Next scan in 3m...
[05:29:23] Live scan
  Запуск live-скрапера (після ранкових Telegram, якщо були).
Opening: https://m.flashscore.ua/?s=2 (minute >= 60, 0:0 only)
Provider health [https://m.flashscore.ua/?s=2]: rows=6, 0:0 total=2, candidates=0
  ⏸ 0:0 ще рано (< 60'):
    45' ГОНДУРАС: Національна ліга - Клаусура ТаблицяПерерваОланчо - Мотагуа [ГОНДУРАС: Національна ліга - Клаусура]
  Found: 0 candidates, 0 new, 7 permanently skipped

Done: 0 analyzed, 0 actionable, 0 TG sent

🔍 Checking 2 possibly finished match(es)...
  ⚽ Операріу - Флуміненсе: 0:0 [FT] → ТМ:✅
Message sent to Telegram
  ✓ Telegram result sent (FT)
  ⚽ БРАЗИЛІЯ: Betano Кубок Бразилії88'Атлетіко ПР - Атлетіку Гояніенсе: 0:0 [FT] → ТБ:❌
Message sent to Telegram
  ✓ Telegram result sent (FT)

🔥 RUN #175: analyzed=0, signals=0
⏳ Next scan in 3m...
[05:32:39] Live scan
  Запуск live-скрапера (після ранкових Telegram, якщо були).
Opening: https://m.flashscore.ua/?s=2 (minute >= 60, 0:0 only)
Provider health [https://m.flashscore.ua/?s=2]: rows=5, 0:0 total=1, candidates=0
  ⏸ 0:0 ще рано (< 60'):
    47' ГОНДУРАС: Національна ліга - Клаусура Таблиця47'Оланчо - Мотагуа [ГОНДУРАС: Національна ліга - Клаусура]
  Found: 0 candidates, 0 new, 7 permanently skipped

Done: 0 analyzed, 0 actionable, 0 TG sent

🔥 RUN #176: analyzed=0, signals=0
⏳ Next scan in 3m...
[05:35:52] Live scan
  Запуск live-скрапера (після ранкових Telegram, якщо були).
Opening: https://m.flashscore.ua/?s=2 (minute >= 60, 0:0 only)
Provider health [https://m.flashscore.ua/?s=2]: rows=5, 0:0 total=1, candidates=0
  ⏸ 0:0 ще рано (< 60'):
    50' ГОНДУРАС: Національна ліга - Клаусура Таблиця50'Оланчо - Мотагуа [ГОНДУРАС: Національна ліга - Клаусура]
  Found: 0 candidates, 0 new, 7 permanently skipped

Done: 0 analyzed, 0 actionable, 0 TG sent

🔥 RUN #177: analyzed=0, signals=0
⏳ Next scan in 3m...
[05:39:04] Live scan
  Запуск live-скрапера (після ранкових Telegram, якщо були).
Opening: https://m.flashscore.ua/?s=2 (minute >= 60, 0:0 only)
Provider health [https://m.flashscore.ua/?s=2]: rows=5, 0:0 total=1, candidates=0
  ⏸ 0:0 ще рано (< 60'):
    53' ГОНДУРАС: Національна ліга - Клаусура Таблиця53'Оланчо - Мотагуа [ГОНДУРАС: Національна ліга - Клаусура]
  Found: 0 candidates, 0 new, 7 permanently skipped

Done: 0 analyzed, 0 actionable, 0 TG sent

🔥 RUN #178: analyzed=0, signals=0
⏳ Next scan in 3m...
[05:42:15] Live scan
  Запуск live-скрапера (після ранкових Telegram, якщо були).
Opening: https://m.flashscore.ua/?s=2 (minute >= 60, 0:0 only)
Provider health [https://m.flashscore.ua/?s=2]: rows=5, 0:0 total=1, candidates=0
  ⏸ 0:0 ще рано (< 60'):
    56' ГОНДУРАС: Національна ліга - Клаусура Таблиця56'Оланчо - Мотагуа [ГОНДУРАС: Національна ліга - Клаусура]
  Found: 0 candidates, 0 new, 7 permanently skipped

Done: 0 analyzed, 0 actionable, 0 TG sent

🔥 RUN #179: analyzed=0, signals=0
⏳ Next scan in 3m...
[05:45:29] Live scan
  Запуск live-скрапера (після ранкових Telegram, якщо були).
Opening: https://m.flashscore.ua/?s=2 (minute >= 60, 0:0 only)
Provider health [https://m.flashscore.ua/?s=2]: rows=5, 0:0 total=1, candidates=0
  ⏸ 0:0 ще рано (< 60'):
    59' ГОНДУРАС: Національна ліга - Клаусура Таблиця59'Оланчо - Мотагуа [ГОНДУРАС: Національна ліга - Клаусура]
  Found: 0 candidates, 0 new, 7 permanently skipped

Done: 0 analyzed, 0 actionable, 0 TG sent

🔥 RUN #180: analyzed=0, signals=0
⏳ Next scan in 3m...
[05:48:41] Live scan
  Запуск live-скрапера (після ранкових Telegram, якщо були).
Opening: https://m.flashscore.ua/?s=2 (minute >= 60, 0:0 only)
Provider health [https://m.flashscore.ua/?s=2]: rows=5, 0:0 total=1, candidates=1
  ✔ 63' ГОНДУРАС: Національна ліга - Клаусура Таблиця63'Оланчо - Мотагуа [ГОНДУРАС: Національна ліга - Клаусура] id=IXROVgCb
  Found: 1 candidates, 1 new, 7 permanently skipped

→ ГОНДУРАС: Національна ліга - Клаусура Таблиця63'Оланчо - Мотагуа (63') [ГОНДУРАС: Національна ліга - Клаусура]
  Кф 1X2: 2.36 / 3.35 / 2.88
  Desktop: https://www.flashscore.ua/match/soccer/motagua-pzqly0S1/olancho-zNptCNel/?mid=IXROVgCb
  [stats] IXROVgCb → both, 6 metrics
  [incidents] IXROVgCb: 1H + 0A red cards
  Features: quality=0.23, primary=2, status=both | redCards=1H+0A
  Model v2: pGoal=0.383, pDry=0.617 sq=0.5247 state=dry | 60-70 → SKIP

Done: 1 analyzed, 0 actionable, 0 TG sent

🔥 RUN #181: analyzed=1, signals=0
⏳ Next scan in 3m...
[05:52:07] Live scan
  Запуск live-скрапера (після ранкових Telegram, якщо були).
Opening: https://m.flashscore.ua/?s=2 (minute >= 60, 0:0 only)
Provider health [https://m.flashscore.ua/?s=2]: rows=5, 0:0 total=1, candidates=1
  ✔ 66' ГОНДУРАС: Національна ліга - Клаусура Таблиця66'Оланчо - Мотагуа [ГОНДУРАС: Національна ліга - Клаусура] id=IXROVgCb
  Found: 1 candidates, 1 new, 7 permanently skipped

→ ГОНДУРАС: Національна ліга - Клаусура Таблиця66'Оланчо - Мотагуа (66') [ГОНДУРАС: Національна ліга - Клаусура]
  Кф 1X2: 2.36 / 3.35 / 2.88
  Desktop: https://www.flashscore.ua/match/soccer/motagua-pzqly0S1/olancho-zNptCNel/?mid=IXROVgCb
  [stats] IXROVgCb → both, 7 metrics
  [incidents] IXROVgCb: 1H + 0A red cards
  Features: quality=0.23, primary=2, status=both | redCards=1H+0A
  Model v2: pGoal=0.453, pDry=0.547 sq=0.4604 state=dry | 60-70 → SKIP | Δ2H SOT=0 xG=— (Δ3′ матчу)
  🔔 dryAlert встановлено (стан dry@66')

Done: 1 analyzed, 0 actionable, 0 TG sent
📌 Tracking 1 active prediction(s)

🔥 RUN #182: analyzed=1, signals=0
⏳ Next scan in 3m...
[05:55:33] Live scan
  Запуск live-скрапера (після ранкових Telegram, якщо були).
Opening: https://m.flashscore.ua/?s=2 (minute >= 60, 0:0 only)
Provider health [https://m.flashscore.ua/?s=2]: rows=4, 0:0 total=1, candidates=1
  ✔ 69' ГОНДУРАС: Національна ліга - Клаусура Таблиця69'Оланчо - Мотагуа [ГОНДУРАС: Національна ліга - Клаусура] id=IXROVgCb
  Found: 1 candidates, 1 new, 7 permanently skipped

→ ГОНДУРАС: Національна ліга - Клаусура Таблиця69'Оланчо - Мотагуа (69') [ГОНДУРАС: Національна ліга - Клаусура]
  Кф 1X2: 2.36 / 3.35 / 2.88
  Desktop: https://www.flashscore.ua/match/soccer/motagua-pzqly0S1/olancho-zNptCNel/?mid=IXROVgCb
  [stats] IXROVgCb → both, 7 metrics
  [incidents] IXROVgCb: 1H + 0A red cards
  Features: quality=0.23, primary=2, status=both | redCards=1H+0A
  Model v2: pGoal=0.323, pDry=0.677 sq=0.5561 state=dry | 60-70 → SKIP | Δ2H SOT=0 xG=— (Δ3′ матчу)
  🔔 dryAlert встановлено (стан dry@69')

Done: 1 analyzed, 0 actionable, 0 TG sent
📌 Tracking 1 active prediction(s)

🔥 RUN #183: analyzed=1, signals=0
⏳ Next scan in 3m...
[05:58:59] Live scan
  Запуск live-скрапера (після ранкових Telegram, якщо були).
Opening: https://m.flashscore.ua/?s=2 (minute >= 60, 0:0 only)
Provider health [https://m.flashscore.ua/?s=2]: rows=3, 0:0 total=1, candidates=1
  ✔ 73' ГОНДУРАС: Національна ліга - Клаусура Таблиця73'Оланчо - Мотагуа [ГОНДУРАС: Національна ліга - Клаусура] id=IXROVgCb
  Found: 1 candidates, 1 new, 7 permanently skipped

→ ГОНДУРАС: Національна ліга - Клаусура Таблиця73'Оланчо - Мотагуа (73') [ГОНДУРАС: Національна ліга - Клаусура]
  Кф 1X2: 2.36 / 3.35 / 2.88
  Desktop: https://www.flashscore.ua/match/soccer/motagua-pzqly0S1/olancho-zNptCNel/?mid=IXROVgCb
  [stats] IXROVgCb → both, 7 metrics
  [incidents] IXROVgCb: 1H + 0A red cards
  Features: quality=0.23, primary=2, status=both | redCards=1H+0A
  Model v2: pGoal=0.383, pDry=0.617 sq=0.5719 state=dry | 70-80 → SKIP | Δ2H SOT=0 xG=— (Δ4′ матчу)

Done: 1 analyzed, 0 actionable, 0 TG sent
📌 Tracking 1 active prediction(s)

🔥 RUN #184: analyzed=1, signals=0
Message sent to Telegram
⏳ Next scan in 3m...
[06:02:26] Live scan
  Запуск live-скрапера (після ранкових Telegram, якщо були).
Opening: https://m.flashscore.ua/?s=2 (minute >= 60, 0:0 only)
Provider health [https://m.flashscore.ua/?s=2]: rows=3, 0:0 total=1, candidates=1
  ✔ 76' ГОНДУРАС: Національна ліга - Клаусура Таблиця76'Оланчо - Мотагуа [ГОНДУРАС: Національна ліга - Клаусура] id=IXROVgCb
  Found: 1 candidates, 1 new, 7 permanently skipped

→ ГОНДУРАС: Національна ліга - Клаусура Таблиця76'Оланчо - Мотагуа (76') [ГОНДУРАС: Національна ліга - Клаусура]
  Кф 1X2: 2.36 / 3.35 / 2.88
  Desktop: https://www.flashscore.ua/match/soccer/motagua-pzqly0S1/olancho-zNptCNel/?mid=IXROVgCb
  [stats] IXROVgCb → both, 6 metrics
  [incidents] IXROVgCb: 1H + 0A red cards
  Features: quality=0.23, primary=2, status=both | redCards=1H+0A
  Model v2: pGoal=0.523, pDry=0.477 sq=0.5076 state=lateSurge | 70-80 → SKIP | Δ2H SOT=0 xG=— (Δ3′ матчу)

Done: 1 analyzed, 0 actionable, 0 TG sent
📌 Tracking 1 active prediction(s)

🔥 RUN #185: analyzed=1, signals=0
⏳ Next scan in 3m...
[06:05:50] Live scan
  Запуск live-скрапера (після ранкових Telegram, якщо були).
Opening: https://m.flashscore.ua/?s=2 (minute >= 60, 0:0 only)
Provider health [https://m.flashscore.ua/?s=2]: rows=3, 0:0 total=1, candidates=1
  ✔ 80' ГОНДУРАС: Національна ліга - Клаусура Таблиця80'Оланчо - Мотагуа [ГОНДУРАС: Національна ліга - Клаусура] id=IXROVgCb
  Found: 1 candidates, 1 new, 7 permanently skipped

→ ГОНДУРАС: Національна ліга - Клаусура Таблиця80'Оланчо - Мотагуа (80') [ГОНДУРАС: Національна ліга - Клаусура]
  Кф 1X2: 2.36 / 3.35 / 2.88
  Desktop: https://www.flashscore.ua/match/soccer/motagua-pzqly0S1/olancho-zNptCNel/?mid=IXROVgCb
  [stats] IXROVgCb → both, 6 metrics
  [incidents] IXROVgCb: 1H + 0A red cards
  Features: quality=0.23, primary=2, status=both | redCards=1H+0A
  Model v2: pGoal=0.523, pDry=0.477 sq=0.5233 state=lateSurge | 80-90+ → SKIP | Δ2H SOT=1 xG=— (Δ4′ матчу)

Done: 1 analyzed, 0 actionable, 0 TG sent
📌 Tracking 1 active prediction(s)

🔥 RUN #186: analyzed=1, signals=0
⏳ Next scan in 3m...
[06:09:16] Live scan
  Запуск live-скрапера (після ранкових Telegram, якщо були).
Opening: https://m.flashscore.ua/?s=2 (minute >= 60, 0:0 only)
Provider health [https://m.flashscore.ua/?s=2]: rows=3, 0:0 total=1, candidates=1
  ✔ 83' ГОНДУРАС: Національна ліга - Клаусура Таблиця83'Оланчо - Мотагуа [ГОНДУРАС: Національна ліга - Клаусура] id=IXROVgCb
  Found: 1 candidates, 1 new, 7 permanently skipped

→ ГОНДУРАС: Національна ліга - Клаусура Таблиця83'Оланчо - Мотагуа (83') [ГОНДУРАС: Національна ліга - Клаусура]
  Кф 1X2: 2.36 / 3.35 / 2.88
  Desktop: https://www.flashscore.ua/match/soccer/motagua-pzqly0S1/olancho-zNptCNel/?mid=IXROVgCb
  [stats] IXROVgCb → both, 6 metrics
  [incidents] IXROVgCb: 1H + 0A red cards
  Features: quality=0.23, primary=2, status=both | redCards=1H+0A
  Model v2: pGoal=0.323, pDry=0.677 sq=0.619 state=dry | 80-90+ → SKIP | Δ2H SOT=0 xG=— (Δ3′ матчу)

Done: 1 analyzed, 0 actionable, 0 TG sent
📌 Tracking 1 active prediction(s)

🔥 RUN #187: analyzed=1, signals=0
⏳ Next scan in 3m...
[06:12:41] Live scan
  Запуск live-скрапера (після ранкових Telegram, якщо були).
Opening: https://m.flashscore.ua/?s=2 (minute >= 60, 0:0 only)
Provider health [https://m.flashscore.ua/?s=2]: rows=2, 0:0 total=1, candidates=1
  ✔ 86' ГОНДУРАС: Національна ліга - Клаусура Таблиця86'Оланчо - Мотагуа [ГОНДУРАС: Національна ліга - Клаусура] id=IXROVgCb
  Found: 1 candidates, 1 new, 7 permanently skipped

→ ГОНДУРАС: Національна ліга - Клаусура Таблиця86'Оланчо - Мотагуа (86') [ГОНДУРАС: Національна ліга - Клаусура]
  Кф 1X2: 2.36 / 3.35 / 2.88
  Desktop: https://www.flashscore.ua/match/soccer/motagua-pzqly0S1/olancho-zNptCNel/?mid=IXROVgCb
  [stats] IXROVgCb → both, 6 metrics
  [incidents] IXROVgCb: 1H + 0A red cards
  Features: quality=0.23, primary=2, status=both | redCards=1H+0A
  Model v2: pGoal=0.523, pDry=0.477 sq=0.5547 state=lateSurge | 80-90+ → SKIP | Δ2H SOT=0 xG=— (Δ3′ матчу)

Done: 1 analyzed, 0 actionable, 0 TG sent
📌 Tracking 1 active prediction(s)

🔥 RUN #188: analyzed=1, signals=0
⏳ Next scan in 3m...
[06:16:06] Live scan
  Запуск live-скрапера (після ранкових Telegram, якщо були).
Opening: https://m.flashscore.ua/?s=2 (minute >= 60, 0:0 only)
Provider health [https://m.flashscore.ua/?s=2]: rows=2, 0:0 total=1, candidates=1
  ✔ 90' ГОНДУРАС: Національна ліга - Клаусура Таблиця90'Оланчо - Мотагуа [ГОНДУРАС: Національна ліга - Клаусура] id=IXROVgCb
  Found: 1 candidates, 1 new, 7 permanently skipped

→ ГОНДУРАС: Національна ліга - Клаусура Таблиця90'Оланчо - Мотагуа (90') [ГОНДУРАС: Національна ліга - Клаусура]
  Кф 1X2: 2.36 / 3.35 / 2.88
  Desktop: https://www.flashscore.ua/match/soccer/motagua-pzqly0S1/olancho-zNptCNel/?mid=IXROVgCb
  [stats] IXROVgCb → both, 6 metrics
  [incidents] IXROVgCb: 1H + 0A red cards
  Features: quality=0.23, primary=2, status=both | redCards=1H+0A
  Model v2: pGoal=0.523, pDry=0.477 sq=0.5704 state=lateSurge | 80-90+ → SKIP | Δ2H SOT=1 xG=— (Δ4′ матчу)

Done: 1 analyzed, 0 actionable, 0 TG sent
📌 Tracking 1 active prediction(s)

🔥 RUN #189: analyzed=1, signals=0
⏳ Next scan in 3m...
[06:19:31] Live scan
  Запуск live-скрапера (після ранкових Telegram, якщо були).
Opening: https://m.flashscore.ua/?s=2 (minute >= 60, 0:0 only)
Provider health [https://m.flashscore.ua/?s=2]: rows=2, 0:0 total=1, candidates=0
⚠️ Live provider quality is low; parser fallback likely needed
  Found: 0 candidates, 0 new, 7 permanently skipped

Done: 0 analyzed, 0 actionable, 0 TG sent

🔍 Checking 1 possibly finished match(es)...
  ⏳ undefined - undefined: still live 0:0
📌 Tracking 1 active prediction(s)

🔥 RUN #190: analyzed=0, signals=0
⏳ Next scan in 3m...
[06:22:45] Live scan
  Запуск live-скрапера (після ранкових Telegram, якщо були).
Opening: https://m.flashscore.ua/?s=2 (minute >= 60, 0:0 only)
Provider health [https://m.flashscore.ua/?s=2]: rows=2, 0:0 total=1, candidates=0
⚠️ Live provider quality is low; parser fallback likely needed
  Found: 0 candidates, 0 new, 7 permanently skipped

Done: 0 analyzed, 0 actionable, 0 TG sent

🔍 Checking 1 possibly finished match(es)...
  ⚽ undefined - undefined: 0:0 [FT] → 

🔥 RUN #191: analyzed=0, signals=0
⏳ Next scan in 3m...
[06:25:59] Live scan
  Запуск live-скрапера (після ранкових Telegram, якщо були).
Opening: https://m.flashscore.ua/?s=2 (minute >= 60, 0:0 only)
Provider health [https://m.flashscore.ua/?s=2]: rows=1, 0:0 total=0, candidates=0
  Found: 0 candidates, 0 new, 7 permanently skipped

Done: 0 analyzed, 0 actionable, 0 TG sent

🔥 RUN #192: analyzed=0, signals=0
⏳ Next scan in 3m...
[06:29:11] Live scan
  Запуск live-скрапера (після ранкових Telegram, якщо були).
Opening: https://m.flashscore.ua/?s=2 (minute >= 60, 0:0 only)
Provider health [https://m.flashscore.ua/?s=2]: rows=1, 0:0 total=0, candidates=0
  Found: 0 candidates, 0 new, 7 permanently skipped

Done: 0 analyzed, 0 actionable, 0 TG sent

🔥 RUN #193: analyzed=0, signals=0
⏳ Next scan in 3m...
[06:32:22] Live scan
  Запуск live-скрапера (після ранкових Telegram, якщо були).
Opening: https://m.flashscore.ua/?s=2 (minute >= 60, 0:0 only)
Provider health [https://m.flashscore.ua/?s=2]: rows=1, 0:0 total=0, candidates=0
  Found: 0 candidates, 0 new, 7 permanently skipped

Done: 0 analyzed, 0 actionable, 0 TG sent

🔥 RUN #194: analyzed=0, signals=0
⏳ Next scan in 3m...
[06:35:34] Live scan
  Запуск live-скрапера (після ранкових Telegram, якщо були).
Opening: https://m.flashscore.ua/?s=2 (minute >= 60, 0:0 only)
Provider health [https://m.flashscore.ua/?s=2]: rows=1, 0:0 total=0, candidates=0
  Found: 0 candidates, 0 new, 7 permanently skipped

Done: 0 analyzed, 0 actionable, 0 TG sent

🔥 RUN #195: analyzed=0, signals=0
⏳ Next scan in 3m...
[06:38:46] Live scan
  Запуск live-скрапера (після ранкових Telegram, якщо були).
Opening: https://m.flashscore.ua/?s=2 (minute >= 60, 0:0 only)
Provider health [https://m.flashscore.ua/?s=2]: rows=1, 0:0 total=0, candidates=0
  Found: 0 candidates, 0 new, 7 permanently skipped

Done: 0 analyzed, 0 actionable, 0 TG sent

🔥 RUN #196: analyzed=0, signals=0
⏳ Next scan in 3m...
[06:41:57] Live scan
  Запуск live-скрапера (після ранкових Telegram, якщо були).
Opening: https://m.flashscore.ua/?s=2 (minute >= 60, 0:0 only)
Provider health [https://m.flashscore.ua/?s=2]: rows=1, 0:0 total=0, candidates=0
  Found: 0 candidates, 0 new, 7 permanently skipped

Done: 0 analyzed, 0 actionable, 0 TG sent

🔥 RUN #197: analyzed=0, signals=0
⏳ Next scan in 3m...
[06:45:09] Live scan
  Запуск live-скрапера (після ранкових Telegram, якщо були).
Opening: https://m.flashscore.ua/?s=2 (minute >= 60, 0:0 only)
Provider health [https://m.flashscore.ua/?s=2]: rows=1, 0:0 total=0, candidates=0
  Found: 0 candidates, 0 new, 7 permanently skipped

Done: 0 analyzed, 0 actionable, 0 TG sent

🔥 RUN #198: analyzed=0, signals=0
⏳ Next scan in 3m...
[06:48:20] Live scan
  Запуск live-скрапера (після ранкових Telegram, якщо були).
Opening: https://m.flashscore.ua/?s=2 (minute >= 60, 0:0 only)
Provider health [https://m.flashscore.ua/?s=2]: rows=1, 0:0 total=0, candidates=0
  Found: 0 candidates, 0 new, 7 permanently skipped

Done: 0 analyzed, 0 actionable, 0 TG sent

🔥 RUN #199: analyzed=0, signals=0
⏳ Next scan in 3m...
[06:51:32] Live scan
  Запуск live-скрапера (після ранкових Telegram, якщо були).
Opening: https://m.flashscore.ua/?s=2 (minute >= 60, 0:0 only)
Provider health [https://m.flashscore.ua/?s=2]: rows=1, 0:0 total=0, candidates=0
  Found: 0 candidates, 0 new, 7 permanently skipped

Done: 0 analyzed, 0 actionable, 0 TG sent

🔥 RUN #200: analyzed=0, signals=0
⏳ Next scan in 3m...
[06:54:44] Live scan
  Запуск live-скрапера (після ранкових Telegram, якщо були).
Opening: https://m.flashscore.ua/?s=2 (minute >= 60, 0:0 only)
Provider health [https://m.flashscore.ua/?s=2]: rows=1, 0:0 total=0, candidates=0
  Found: 0 candidates, 0 new, 7 permanently skipped

Done: 0 analyzed, 0 actionable, 0 TG sent

🔥 RUN #201: analyzed=0, signals=0
⏳ Next scan in 3m...
[06:57:56] Live scan
  Запуск live-скрапера (після ранкових Telegram, якщо були).
Opening: https://m.flashscore.ua/?s=2 (minute >= 60, 0:0 only)
Provider health [https://m.flashscore.ua/?s=2]: rows=1, 0:0 total=0, candidates=0
  Found: 0 candidates, 0 new, 7 permanently skipped

Done: 0 analyzed, 0 actionable, 0 TG sent

🔥 RUN #202: analyzed=0, signals=0
⏳ Next scan in 3m...
[07:01:08] Live scan
  Запуск live-скрапера (після ранкових Telegram, якщо були).
Opening: https://m.flashscore.ua/?s=2 (minute >= 60, 0:0 only)
Provider health [https://m.flashscore.ua/?s=2]: rows=0, 0:0 total=0, candidates=0
  Found: 0 candidates, 0 new, 7 permanently skipped

Done: 0 analyzed, 0 actionable, 0 TG sent

🔥 RUN #203: analyzed=0, signals=0
Message sent to Telegram
⏳ Next scan in 3m...
[07:04:20] Live scan
  Запуск live-скрапера (після ранкових Telegram, якщо були).
Opening: https://m.flashscore.ua/?s=2 (minute >= 60, 0:0 only)
Provider health [https://m.flashscore.ua/?s=2]: rows=0, 0:0 total=0, candidates=0
  Found: 0 candidates, 0 new, 7 permanently skipped

Done: 0 analyzed, 0 actionable, 0 TG sent

🔥 RUN #204: analyzed=0, signals=0
⏳ Next scan in 3m...
[07:07:32] Live scan
  Запуск live-скрапера (після ранкових Telegram, якщо були).
Opening: https://m.flashscore.ua/?s=2 (minute >= 60, 0:0 only)
Provider health [https://m.flashscore.ua/?s=2]: rows=0, 0:0 total=0, candidates=0
  Found: 0 candidates, 0 new, 7 permanently skipped

Done: 0 analyzed, 0 actionable, 0 TG sent

🔥 RUN #205: analyzed=0, signals=0
⏳ Next scan in 3m...
[07:10:48] Live scan
  Запуск live-скрапера (після ранкових Telegram, якщо були).
Opening: https://m.flashscore.ua/?s=2 (minute >= 60, 0:0 only)
Provider health [https://m.flashscore.ua/?s=2]: rows=0, 0:0 total=0, candidates=0
  Found: 0 candidates, 0 new, 7 permanently skipped

Done: 0 analyzed, 0 actionable, 0 TG sent

🔥 RUN #206: analyzed=0, signals=0
⏳ Next scan in 3m...
[07:14:00] Live scan
  Запуск live-скрапера (після ранкових Telegram, якщо були).
Opening: https://m.flashscore.ua/?s=2 (minute >= 60, 0:0 only)
Provider health [https://m.flashscore.ua/?s=2]: rows=0, 0:0 total=0, candidates=0
  Found: 0 candidates, 0 new, 7 permanently skipped

Done: 0 analyzed, 0 actionable, 0 TG sent

🔥 RUN #207: analyzed=0, signals=0
⏳ Next scan in 3m...
[07:17:12] Live scan
  Запуск live-скрапера (після ранкових Telegram, якщо були).
Opening: https://m.flashscore.ua/?s=2 (minute >= 60, 0:0 only)
Provider health [https://m.flashscore.ua/?s=2]: rows=0, 0:0 total=0, candidates=0
  Found: 0 candidates, 0 new, 7 permanently skipped

Done: 0 analyzed, 0 actionable, 0 TG sent

🔥 RUN #208: analyzed=0, signals=0
⏳ Next scan in 3m...
[07:20:24] Live scan
  Запуск live-скрапера (після ранкових Telegram, якщо були).
Opening: https://m.flashscore.ua/?s=2 (minute >= 60, 0:0 only)
Provider health [https://m.flashscore.ua/?s=2]: rows=0, 0:0 total=0, candidates=0
  Found: 0 candidates, 0 new, 7 permanently skipped

Done: 0 analyzed, 0 actionable, 0 TG sent

🔥 RUN #209: analyzed=0, signals=0
⏳ Next scan in 3m...
[07:23:37] Live scan
  Запуск live-скрапера (після ранкових Telegram, якщо були).
Opening: https://m.flashscore.ua/?s=2 (minute >= 60, 0:0 only)
Provider health [https://m.flashscore.ua/?s=2]: rows=0, 0:0 total=0, candidates=0
  Found: 0 candidates, 0 new, 7 permanently skipped

Done: 0 analyzed, 0 actionable, 0 TG sent

🔥 RUN #210: analyzed=0, signals=0
⏳ Next scan in 3m...
[07:26:49] Live scan
  Запуск live-скрапера (після ранкових Telegram, якщо були).
Opening: https://m.flashscore.ua/?s=2 (minute >= 60, 0:0 only)
Provider health [https://m.flashscore.ua/?s=2]: rows=0, 0:0 total=0, candidates=0
  Found: 0 candidates, 0 new, 7 permanently skipped

Done: 0 analyzed, 0 actionable, 0 TG sent

🔥 RUN #211: analyzed=0, signals=0
⏳ Next scan in 3m...
[07:30:01] Live scan
  Запуск live-скрапера (після ранкових Telegram, якщо були).
Opening: https://m.flashscore.ua/?s=2 (minute >= 60, 0:0 only)
Provider health [https://m.flashscore.ua/?s=2]: rows=0, 0:0 total=0, candidates=0
  Found: 0 candidates, 0 new, 7 permanently skipped

Done: 0 analyzed, 0 actionable, 0 TG sent

🔥 RUN #212: analyzed=0, signals=0
⏳ Next scan in 3m...
[07:33:13] Live scan
  Запуск live-скрапера (після ранкових Telegram, якщо були).
Opening: https://m.flashscore.ua/?s=2 (minute >= 60, 0:0 only)
Provider health [https://m.flashscore.ua/?s=2]: rows=0, 0:0 total=0, candidates=0
  Found: 0 candidates, 0 new, 7 permanently skipped

Done: 0 analyzed, 0 actionable, 0 TG sent

🔥 RUN #213: analyzed=0, signals=0
⏳ Next scan in 3m...
[07:36:26] Live scan
  Запуск live-скрапера (після ранкових Telegram, якщо були).
Opening: https://m.flashscore.ua/?s=2 (minute >= 60, 0:0 only)
Provider health [https://m.flashscore.ua/?s=2]: rows=0, 0:0 total=0, candidates=0
  Found: 0 candidates, 0 new, 7 permanently skipped

Done: 0 analyzed, 0 actionable, 0 TG sent

🔥 RUN #214: analyzed=0, signals=0
⏳ Next scan in 3m...
[07:39:37] Live scan
  Запуск live-скрапера (після ранкових Telegram, якщо були).
Opening: https://m.flashscore.ua/?s=2 (minute >= 60, 0:0 only)
Provider health [https://m.flashscore.ua/?s=2]: rows=0, 0:0 total=0, candidates=0
  Found: 0 candidates, 0 new, 7 permanently skipped

Done: 0 analyzed, 0 actionable, 0 TG sent

🔥 RUN #215: analyzed=0, signals=0
⏳ Next scan in 3m...
[07:42:49] Live scan
  Запуск live-скрапера (після ранкових Telegram, якщо були).
Opening: https://m.flashscore.ua/?s=2 (minute >= 60, 0:0 only)
Provider health [https://m.flashscore.ua/?s=2]: rows=0, 0:0 total=0, candidates=0
  Found: 0 candidates, 0 new, 7 permanently skipped

Done: 0 analyzed, 0 actionable, 0 TG sent

🔥 RUN #216: analyzed=0, signals=0
⏳ Next scan in 3m...
[07:46:00] Live scan
  Запуск live-скрапера (після ранкових Telegram, якщо були).
Opening: https://m.flashscore.ua/?s=2 (minute >= 60, 0:0 only)
Provider health [https://m.flashscore.ua/?s=2]: rows=0, 0:0 total=0, candidates=0
  Found: 0 candidates, 0 new, 7 permanently skipped

Done: 0 analyzed, 0 actionable, 0 TG sent

🔥 RUN #217: analyzed=0, signals=0
⏳ Next scan in 3m...
[07:49:12] Live scan
  Запуск live-скрапера (після ранкових Telegram, якщо були).
Opening: https://m.flashscore.ua/?s=2 (minute >= 60, 0:0 only)
Provider health [https://m.flashscore.ua/?s=2]: rows=0, 0:0 total=0, candidates=0
  Found: 0 candidates, 0 new, 7 permanently skipped

Done: 0 analyzed, 0 actionable, 0 TG sent

🔥 RUN #218: analyzed=0, signals=0
⏳ Next scan in 3m...
[07:52:25] Live scan
  Запуск live-скрапера (після ранкових Telegram, якщо були).
Opening: https://m.flashscore.ua/?s=2 (minute >= 60, 0:0 only)
Provider health [https://m.flashscore.ua/?s=2]: rows=0, 0:0 total=0, candidates=0
  Found: 0 candidates, 0 new, 7 permanently skipped

Done: 0 analyzed, 0 actionable, 0 TG sent

🔥 RUN #219: analyzed=0, signals=0
⏳ Next scan in 3m...
[07:55:37] Live scan
  Запуск live-скрапера (після ранкових Telegram, якщо були).
Opening: https://m.flashscore.ua/?s=2 (minute >= 60, 0:0 only)
Provider health [https://m.flashscore.ua/?s=2]: rows=0, 0:0 total=0, candidates=0
  Found: 0 candidates, 0 new, 7 permanently skipped

Done: 0 analyzed, 0 actionable, 0 TG sent

🔥 RUN #220: analyzed=0, signals=0
⏳ Next scan in 3m...
[07:58:49] Live scan
  Запуск live-скрапера (після ранкових Telegram, якщо були).
Opening: https://m.flashscore.ua/?s=2 (minute >= 60, 0:0 only)
Provider health [https://m.flashscore.ua/?s=2]: rows=0, 0:0 total=0, candidates=0
  Found: 0 candidates, 0 new, 7 permanently skipped

Done: 0 analyzed, 0 actionable, 0 TG sent

🔥 RUN #221: analyzed=0, signals=0
⏳ Next scan in 3m...
[08:02:01] Live scan
  Запуск live-скрапера (після ранкових Telegram, якщо були).
Opening: https://m.flashscore.ua/?s=2 (minute >= 60, 0:0 only)
Provider health [https://m.flashscore.ua/?s=2]: rows=0, 0:0 total=0, candidates=0
  Found: 0 candidates, 0 new, 7 permanently skipped

Done: 0 analyzed, 0 actionable, 0 TG sent

🔥 RUN #222: analyzed=0, signals=0
Message sent to Telegram
⏳ Next scan in 3m...
[08:05:14] Live scan
  Запуск live-скрапера (після ранкових Telegram, якщо були).
Opening: https://m.flashscore.ua/?s=2 (minute >= 60, 0:0 only)
Provider health [https://m.flashscore.ua/?s=2]: rows=0, 0:0 total=0, candidates=0
  Found: 0 candidates, 0 new, 7 permanently skipped

Done: 0 analyzed, 0 actionable, 0 TG sent

🔥 RUN #223: analyzed=0, signals=0
⏳ Next scan in 3m...
[08:08:25] Live scan
  Запуск live-скрапера (після ранкових Telegram, якщо були).
Opening: https://m.flashscore.ua/?s=2 (minute >= 60, 0:0 only)
Provider health [https://m.flashscore.ua/?s=2]: rows=0, 0:0 total=0, candidates=0
  Found: 0 candidates, 0 new, 7 permanently skipped

Done: 0 analyzed, 0 actionable, 0 TG sent

🔥 RUN #224: analyzed=0, signals=0
⏳ Next scan in 3m...
[08:11:38] Live scan
  Запуск live-скрапера (після ранкових Telegram, якщо були).
Opening: https://m.flashscore.ua/?s=2 (minute >= 60, 0:0 only)
Provider health [https://m.flashscore.ua/?s=2]: rows=0, 0:0 total=0, candidates=0
  Found: 0 candidates, 0 new, 7 permanently skipped

Done: 0 analyzed, 0 actionable, 0 TG sent

🔥 RUN #225: analyzed=0, signals=0
⏳ Next scan in 3m...
[08:14:51] Live scan
  Запуск live-скрапера (після ранкових Telegram, якщо були).
Opening: https://m.flashscore.ua/?s=2 (minute >= 60, 0:0 only)
Provider health [https://m.flashscore.ua/?s=2]: rows=0, 0:0 total=0, candidates=0
  Found: 0 candidates, 0 new, 7 permanently skipped

Done: 0 analyzed, 0 actionable, 0 TG sent

🔥 RUN #226: analyzed=0, signals=0
⏳ Next scan in 3m...
[08:18:03] Live scan
  Запуск live-скрапера (після ранкових Telegram, якщо були).
Opening: https://m.flashscore.ua/?s=2 (minute >= 60, 0:0 only)
Provider health [https://m.flashscore.ua/?s=2]: rows=0, 0:0 total=0, candidates=0
  Found: 0 candidates, 0 new, 7 permanently skipped

Done: 0 analyzed, 0 actionable, 0 TG sent

🔥 RUN #227: analyzed=0, signals=0
⏳ Next scan in 3m...
[08:21:15] Live scan
  Запуск live-скрапера (після ранкових Telegram, якщо були).
Opening: https://m.flashscore.ua/?s=2 (minute >= 60, 0:0 only)
Provider health [https://m.flashscore.ua/?s=2]: rows=0, 0:0 total=0, candidates=0
  Found: 0 candidates, 0 new, 7 permanently skipped

Done: 0 analyzed, 0 actionable, 0 TG sent

🔥 RUN #228: analyzed=0, signals=0
⏳ Next scan in 3m...
[08:24:27] Live scan
  Запуск live-скрапера (після ранкових Telegram, якщо були).
Opening: https://m.flashscore.ua/?s=2 (minute >= 60, 0:0 only)
Provider health [https://m.flashscore.ua/?s=2]: rows=0, 0:0 total=0, candidates=0
  Found: 0 candidates, 0 new, 7 permanently skipped

Done: 0 analyzed, 0 actionable, 0 TG sent

🔥 RUN #229: analyzed=0, signals=0
⏳ Next scan in 3m...
[08:27:38] Live scan
  Запуск live-скрапера (після ранкових Telegram, якщо були).
Opening: https://m.flashscore.ua/?s=2 (minute >= 60, 0:0 only)
Provider health [https://m.flashscore.ua/?s=2]: rows=0, 0:0 total=0, candidates=0
  Found: 0 candidates, 0 new, 7 permanently skipped

Done: 0 analyzed, 0 actionable, 0 TG sent

🔥 RUN #230: analyzed=0, signals=0
⏳ Next scan in 3m...
[08:30:52] Live scan
  Запуск live-скрапера (після ранкових Telegram, якщо були).
Opening: https://m.flashscore.ua/?s=2 (minute >= 60, 0:0 only)
Provider health [https://m.flashscore.ua/?s=2]: rows=0, 0:0 total=0, candidates=0
  Found: 0 candidates, 0 new, 7 permanently skipped

Done: 0 analyzed, 0 actionable, 0 TG sent

🔥 RUN #231: analyzed=0, signals=0
⏳ Next scan in 3m...
[08:34:05] Live scan
  Запуск live-скрапера (після ранкових Telegram, якщо були).
Opening: https://m.flashscore.ua/?s=2 (minute >= 60, 0:0 only)
Provider health [https://m.flashscore.ua/?s=2]: rows=0, 0:0 total=0, candidates=0
  Found: 0 candidates, 0 new, 7 permanently skipped

Done: 0 analyzed, 0 actionable, 0 TG sent

🔥 RUN #232: analyzed=0, signals=0
⏳ Next scan in 3m...
[08:37:17] Live scan
  Запуск live-скрапера (після ранкових Telegram, якщо були).
Opening: https://m.flashscore.ua/?s=2 (minute >= 60, 0:0 only)
Provider health [https://m.flashscore.ua/?s=2]: rows=0, 0:0 total=0, candidates=0
  Found: 0 candidates, 0 new, 7 permanently skipped

Done: 0 analyzed, 0 actionable, 0 TG sent

🔥 RUN #233: analyzed=0, signals=0
⏳ Next scan in 3m...
[08:40:29] Live scan
  Запуск live-скрапера (після ранкових Telegram, якщо були).
Opening: https://m.flashscore.ua/?s=2 (minute >= 60, 0:0 only)
Provider health [https://m.flashscore.ua/?s=2]: rows=0, 0:0 total=0, candidates=0
  Found: 0 candidates, 0 new, 7 permanently skipped

Done: 0 analyzed, 0 actionable, 0 TG sent

🔥 RUN #234: analyzed=0, signals=0
⏳ Next scan in 3m...
[08:43:40] Live scan
  Запуск live-скрапера (після ранкових Telegram, якщо були).
Opening: https://m.flashscore.ua/?s=2 (minute >= 60, 0:0 only)
Provider health [https://m.flashscore.ua/?s=2]: rows=0, 0:0 total=0, candidates=0
  Found: 0 candidates, 0 new, 7 permanently skipped

Done: 0 analyzed, 0 actionable, 0 TG sent

🔥 RUN #235: analyzed=0, signals=0
⏳ Next scan in 3m...
[08:46:52] Live scan
  Запуск live-скрапера (після ранкових Telegram, якщо були).
Opening: https://m.flashscore.ua/?s=2 (minute >= 60, 0:0 only)
Provider health [https://m.flashscore.ua/?s=2]: rows=0, 0:0 total=0, candidates=0
  Found: 0 candidates, 0 new, 7 permanently skipped

Done: 0 analyzed, 0 actionable, 0 TG sent

🔥 RUN #236: analyzed=0, signals=0
⏳ Next scan in 3m...
[08:50:03] Live scan
  Запуск live-скрапера (після ранкових Telegram, якщо були).
Opening: https://m.flashscore.ua/?s=2 (minute >= 60, 0:0 only)
Provider health [https://m.flashscore.ua/?s=2]: rows=0, 0:0 total=0, candidates=0
  Found: 0 candidates, 0 new, 7 permanently skipped

Done: 0 analyzed, 0 actionable, 0 TG sent

🔥 RUN #237: analyzed=0, signals=0
⏳ Next scan in 3m...
[08:53:16] Live scan
  Запуск live-скрапера (після ранкових Telegram, якщо були).
Opening: https://m.flashscore.ua/?s=2 (minute >= 60, 0:0 only)
Provider health [https://m.flashscore.ua/?s=2]: rows=0, 0:0 total=0, candidates=0
  Found: 0 candidates, 0 new, 7 permanently skipped

Done: 0 analyzed, 0 actionable, 0 TG sent

🔥 RUN #238: analyzed=0, signals=0
⏳ Next scan in 3m...
[08:56:27] Live scan
  Запуск live-скрапера (після ранкових Telegram, якщо були).
Opening: https://m.flashscore.ua/?s=2 (minute >= 60, 0:0 only)
Provider health [https://m.flashscore.ua/?s=2]: rows=0, 0:0 total=0, candidates=0
  Found: 0 candidates, 0 new, 7 permanently skipped

Done: 0 analyzed, 0 actionable, 0 TG sent

🔥 RUN #239: analyzed=0, signals=0
⏳ Next scan in 3m...
[08:59:40] Live scan
  Запуск live-скрапера (після ранкових Telegram, якщо були).
Opening: https://m.flashscore.ua/?s=2 (minute >= 60, 0:0 only)
Provider health [https://m.flashscore.ua/?s=2]: rows=0, 0:0 total=0, candidates=0
  Found: 0 candidates, 0 new, 7 permanently skipped

Done: 0 analyzed, 0 actionable, 0 TG sent

🔥 RUN #240: analyzed=0, signals=0
⏳ Next scan in 3m...
[09:02:52] Live scan
  Запуск live-скрапера (після ранкових Telegram, якщо були).
Opening: https://m.flashscore.ua/?s=2 (minute >= 60, 0:0 only)
Provider health [https://m.flashscore.ua/?s=2]: rows=0, 0:0 total=0, candidates=0
  Found: 0 candidates, 0 new, 7 permanently skipped

Done: 0 analyzed, 0 actionable, 0 TG sent

🔥 RUN #241: analyzed=0, signals=0
Message sent to Telegram
⏳ Next scan in 3m...
[09:06:05] Live scan
  Запуск live-скрапера (після ранкових Telegram, якщо були).
Opening: https://m.flashscore.ua/?s=2 (minute >= 60, 0:0 only)
Provider health [https://m.flashscore.ua/?s=2]: rows=0, 0:0 total=0, candidates=0
  Found: 0 candidates, 0 new, 7 permanently skipped

Done: 0 analyzed, 0 actionable, 0 TG sent

🔥 RUN #242: analyzed=0, signals=0
⏳ Next scan in 3m...
[09:09:17] Live scan
  Запуск live-скрапера (після ранкових Telegram, якщо були).
Opening: https://m.flashscore.ua/?s=2 (minute >= 60, 0:0 only)
Provider health [https://m.flashscore.ua/?s=2]: rows=0, 0:0 total=0, candidates=0
  Found: 0 candidates, 0 new, 7 permanently skipped

Done: 0 analyzed, 0 actionable, 0 TG sent

🔥 RUN #243: analyzed=0, signals=0
⏳ Next scan in 3m...
[09:12:30] Live scan
  Запуск live-скрапера (після ранкових Telegram, якщо були).
Opening: https://m.flashscore.ua/?s=2 (minute >= 60, 0:0 only)
Provider health [https://m.flashscore.ua/?s=2]: rows=0, 0:0 total=0, candidates=0
  Found: 0 candidates, 0 new, 7 permanently skipped

Done: 0 analyzed, 0 actionable, 0 TG sent

🔥 RUN #244: analyzed=0, signals=0
⏳ Next scan in 3m...
[09:15:43] Live scan
  Запуск live-скрапера (після ранкових Telegram, якщо були).
Opening: https://m.flashscore.ua/?s=2 (minute >= 60, 0:0 only)
Provider health [https://m.flashscore.ua/?s=2]: rows=0, 0:0 total=0, candidates=0
  Found: 0 candidates, 0 new, 7 permanently skipped

Done: 0 analyzed, 0 actionable, 0 TG sent

🔥 RUN #245: analyzed=0, signals=0
⏳ Next scan in 3m...
[09:18:56] Live scan
  Запуск live-скрапера (після ранкових Telegram, якщо були).
Opening: https://m.flashscore.ua/?s=2 (minute >= 60, 0:0 only)
Provider health [https://m.flashscore.ua/?s=2]: rows=0, 0:0 total=0, candidates=0
  Found: 0 candidates, 0 new, 7 permanently skipped

Done: 0 analyzed, 0 actionable, 0 TG sent

🔥 RUN #246: analyzed=0, signals=0
⏳ Next scan in 3m...
[09:22:07] Live scan
  Запуск live-скрапера (після ранкових Telegram, якщо були).
Opening: https://m.flashscore.ua/?s=2 (minute >= 60, 0:0 only)
Provider health [https://m.flashscore.ua/?s=2]: rows=0, 0:0 total=0, candidates=0
  Found: 0 candidates, 0 new, 7 permanently skipped

Done: 0 analyzed, 0 actionable, 0 TG sent

🔥 RUN #247: analyzed=0, signals=0
⏳ Next scan in 3m...
[09:25:19] Live scan
  Запуск live-скрапера (після ранкових Telegram, якщо були).
Opening: https://m.flashscore.ua/?s=2 (minute >= 60, 0:0 only)
Provider health [https://m.flashscore.ua/?s=2]: rows=0, 0:0 total=0, candidates=0
  Found: 0 candidates, 0 new, 7 permanently skipped

Done: 0 analyzed, 0 actionable, 0 TG sent

🔥 RUN #248: analyzed=0, signals=0
⏳ Next scan in 3m...
[09:28:31] Live scan
  Запуск live-скрапера (після ранкових Telegram, якщо були).
Opening: https://m.flashscore.ua/?s=2 (minute >= 60, 0:0 only)
Provider health [https://m.flashscore.ua/?s=2]: rows=0, 0:0 total=0, candidates=0
  Found: 0 candidates, 0 new, 7 permanently skipped

Done: 0 analyzed, 0 actionable, 0 TG sent

🔥 RUN #249: analyzed=0, signals=0
⏳ Next scan in 3m...
[09:31:43] Live scan
  Запуск live-скрапера (після ранкових Telegram, якщо були).
Opening: https://m.flashscore.ua/?s=2 (minute >= 60, 0:0 only)
Provider health [https://m.flashscore.ua/?s=2]: rows=0, 0:0 total=0, candidates=0
  Found: 0 candidates, 0 new, 7 permanently skipped

Done: 0 analyzed, 0 actionable, 0 TG sent

🔥 RUN #250: analyzed=0, signals=0
⏳ Next scan in 3m...
[09:34:54] Live scan
  Запуск live-скрапера (після ранкових Telegram, якщо були).
Opening: https://m.flashscore.ua/?s=2 (minute >= 60, 0:0 only)
Provider health [https://m.flashscore.ua/?s=2]: rows=0, 0:0 total=0, candidates=0
  Found: 0 candidates, 0 new, 7 permanently skipped

Done: 0 analyzed, 0 actionable, 0 TG sent

🔥 RUN #251: analyzed=0, signals=0
⏳ Next scan in 3m...
[09:38:06] Live scan
  Запуск live-скрапера (після ранкових Telegram, якщо були).
Opening: https://m.flashscore.ua/?s=2 (minute >= 60, 0:0 only)
Provider health [https://m.flashscore.ua/?s=2]: rows=0, 0:0 total=0, candidates=0
  Found: 0 candidates, 0 new, 7 permanently skipped

Done: 0 analyzed, 0 actionable, 0 TG sent

🔥 RUN #252: analyzed=0, signals=0
⏳ Next scan in 3m...
[09:41:18] Live scan
  Запуск live-скрапера (після ранкових Telegram, якщо були).
Opening: https://m.flashscore.ua/?s=2 (minute >= 60, 0:0 only)
Provider health [https://m.flashscore.ua/?s=2]: rows=0, 0:0 total=0, candidates=0
  Found: 0 candidates, 0 new, 7 permanently skipped

Done: 0 analyzed, 0 actionable, 0 TG sent

🔥 RUN #253: analyzed=0, signals=0
⏳ Next scan in 3m...
[09:44:30] Live scan
  Запуск live-скрапера (після ранкових Telegram, якщо були).
Opening: https://m.flashscore.ua/?s=2 (minute >= 60, 0:0 only)
Provider health [https://m.flashscore.ua/?s=2]: rows=0, 0:0 total=0, candidates=0
  Found: 0 candidates, 0 new, 7 permanently skipped

Done: 0 analyzed, 0 actionable, 0 TG sent

🔥 RUN #254: analyzed=0, signals=0
⏳ Next scan in 3m...
[09:47:42] Live scan
  Запуск live-скрапера (після ранкових Telegram, якщо були).
Opening: https://m.flashscore.ua/?s=2 (minute >= 60, 0:0 only)
Provider health [https://m.flashscore.ua/?s=2]: rows=0, 0:0 total=0, candidates=0
  Found: 0 candidates, 0 new, 7 permanently skipped

Done: 0 analyzed, 0 actionable, 0 TG sent

🔥 RUN #255: analyzed=0, signals=0
⏳ Next scan in 3m...
[09:50:54] Live scan
  Запуск live-скрапера (після ранкових Telegram, якщо були).
Opening: https://m.flashscore.ua/?s=2 (minute >= 60, 0:0 only)
Provider health [https://m.flashscore.ua/?s=2]: rows=0, 0:0 total=0, candidates=0
  Found: 0 candidates, 0 new, 7 permanently skipped

Done: 0 analyzed, 0 actionable, 0 TG sent

🔥 RUN #256: analyzed=0, signals=0
⏳ Next scan in 3m...
[09:54:06] Live scan
  Запуск live-скрапера (після ранкових Telegram, якщо були).
Opening: https://m.flashscore.ua/?s=2 (minute >= 60, 0:0 only)
Provider health [https://m.flashscore.ua/?s=2]: rows=0, 0:0 total=0, candidates=0
  Found: 0 candidates, 0 new, 7 permanently skipped

Done: 0 analyzed, 0 actionable, 0 TG sent

🔥 RUN #257: analyzed=0, signals=0
⏳ Next scan in 3m...
[09:57:17] Live scan
  Запуск live-скрапера (після ранкових Telegram, якщо були).
Opening: https://m.flashscore.ua/?s=2 (minute >= 60, 0:0 only)
Provider health [https://m.flashscore.ua/?s=2]: rows=0, 0:0 total=0, candidates=0
  Found: 0 candidates, 0 new, 7 permanently skipped

Done: 0 analyzed, 0 actionable, 0 TG sent

🔥 RUN #258: analyzed=0, signals=0
⏳ Next scan in 3m...
[10:00:29] Live scan
  10:00 — checking yesterday results
  [result] No unchecked predictions for 2026-04-23
  Yesterday: 6/10 hits (10 з прогнозом)
  Daily summary Telegram disabled (date=2026-04-23)
  Запуск live-скрапера (після ранкових Telegram, якщо були).
Opening: https://m.flashscore.ua/?s=2 (minute >= 60, 0:0 only)
Provider health [https://m.flashscore.ua/?s=2]: rows=0, 0:0 total=0, candidates=0
  Found: 0 candidates, 0 new, 7 permanently skipped

Done: 0 analyzed, 0 actionable, 0 TG sent

🔥 RUN #259: analyzed=0, signals=0
⏳ Next scan in 3m...
[10:03:43] Live scan
  Запуск live-скрапера (після ранкових Telegram, якщо були).
Opening: https://m.flashscore.ua/?s=2 (minute >= 60, 0:0 only)
Provider health [https://m.flashscore.ua/?s=2]: rows=1, 0:0 total=1, candidates=0
  ⏸ 0:0 ще рано (< 60'):
    4' КИТАЙ: League Two Таблиця4'Далянь Їнбо B - Чанчунь Сіду [КИТАЙ: League Two]
  Found: 0 candidates, 0 new, 7 permanently skipped

Done: 0 analyzed, 0 actionable, 0 TG sent

🔥 RUN #260: analyzed=0, signals=0
Message sent to Telegram
⏳ Next scan in 3m...
[10:06:55] Live scan
  Запуск live-скрапера (після ранкових Telegram, якщо були).
Opening: https://m.flashscore.ua/?s=2 (minute >= 60, 0:0 only)
Provider health [https://m.flashscore.ua/?s=2]: rows=1, 0:0 total=1, candidates=0
  ⏸ 0:0 ще рано (< 60'):
    7' КИТАЙ: League Two Таблиця7'Далянь Їнбо B - Чанчунь Сіду [КИТАЙ: League Two]
  Found: 0 candidates, 0 new, 7 permanently skipped

Done: 0 analyzed, 0 actionable, 0 TG sent

🔥 RUN #261: analyzed=0, signals=0
⏳ Next scan in 3m...
[10:10:07] Live scan
  Запуск live-скрапера (після ранкових Telegram, якщо були).
Opening: https://m.flashscore.ua/?s=2 (minute >= 60, 0:0 only)
Provider health [https://m.flashscore.ua/?s=2]: rows=1, 0:0 total=1, candidates=0
  ⏸ 0:0 ще рано (< 60'):
    11' КИТАЙ: League Two Таблиця11'Далянь Їнбо B - Чанчунь Сіду [КИТАЙ: League Two]
  Found: 0 candidates, 0 new, 7 permanently skipped

Done: 0 analyzed, 0 actionable, 0 TG sent

🔥 RUN #262: analyzed=0, signals=0
⏳ Next scan in 3m...
[10:13:19] Live scan
  Запуск live-скрапера (після ранкових Telegram, якщо були).
Opening: https://m.flashscore.ua/?s=2 (minute >= 60, 0:0 only)
Provider health [https://m.flashscore.ua/?s=2]: rows=1, 0:0 total=1, candidates=0
  ⏸ 0:0 ще рано (< 60'):
    13' КИТАЙ: League Two Таблиця13'Далянь Їнбо B - Чанчунь Сіду [КИТАЙ: League Two]
  Found: 0 candidates, 0 new, 7 permanently skipped

Done: 0 analyzed, 0 actionable, 0 TG sent

🔥 RUN #263: analyzed=0, signals=0
⏳ Next scan in 3m...
[10:16:31] Live scan
  Запуск live-скрапера (після ранкових Telegram, якщо були).
Opening: https://m.flashscore.ua/?s=2 (minute >= 60, 0:0 only)
Provider health [https://m.flashscore.ua/?s=2]: rows=1, 0:0 total=1, candidates=0
  ⏸ 0:0 ще рано (< 60'):
    17' КИТАЙ: League Two Таблиця17'Далянь Їнбо B - Чанчунь Сіду [КИТАЙ: League Two]
  Found: 0 candidates, 0 new, 7 permanently skipped

Done: 0 analyzed, 0 actionable, 0 TG sent

🔥 RUN #264: analyzed=0, signals=0
⏳ Next scan in 3m...
[10:19:43] Live scan
  Запуск live-скрапера (після ранкових Telegram, якщо були).
Opening: https://m.flashscore.ua/?s=2 (minute >= 60, 0:0 only)
Provider health [https://m.flashscore.ua/?s=2]: rows=1, 0:0 total=1, candidates=0
  ⏸ 0:0 ще рано (< 60'):
    20' КИТАЙ: League Two Таблиця20'Далянь Їнбо B - Чанчунь Сіду [КИТАЙ: League Two]
  Found: 0 candidates, 0 new, 7 permanently skipped

Done: 0 analyzed, 0 actionable, 0 TG sent

🔥 RUN #265: analyzed=0, signals=0
⏳ Next scan in 3m...
[10:22:53] Live scan
  Запуск live-скрапера (після ранкових Telegram, якщо були).
Opening: https://m.flashscore.ua/?s=2 (minute >= 60, 0:0 only)
