npm warn Unknown env config "devdir". This will stop working in the next major version of npm.

> parseodds@1.0.0 live:watch:10m
> LIVE_POLL_INTERVAL_MS=600000 node index.js --watch

🚀 Starting live scraping (watch mode)...
🧵 Worker started → Live matches analysis
Opening: https://m.flashscore.ua/?s=2
Provider health: rows=23, missingId=0, missingMinute=2, missingUrl=0
📌 Found 0 live matches (>=70', score 0:0)
💾 Saved to /Users/maralov/personal/parserFootballOdds/data/live_predictions.json
💾 Saved to /Users/maralov/personal/parserFootballOdds/data/live_goal_predictions.json
💾 Saved to /Users/maralov/personal/parserFootballOdds/data/runs/2026-03-31T14-27-58-794Z-2026-03-31T14-27-58-794Z-n6g35e/raw_matches.json
💾 Saved to /Users/maralov/personal/parserFootballOdds/data/runs/2026-03-31T14-27-58-794Z-2026-03-31T14-27-58-794Z-n6g35e/processed_matches.json
💾 Saved to /Users/maralov/personal/parserFootballOdds/data/runs/2026-03-31T14-27-58-794Z-2026-03-31T14-27-58-794Z-n6g35e/decisions.json
💾 Saved prediction batch. Total: 0, OVER_0_5 candidates: 0

🔥 LIVE RUN FINISHED:
{ runId: '2026-03-31T14-27-58-794Z-n6g35e', matchesProcessed: 0 }
⏳ Waiting 600000ms before next run
🧵 Worker started → Live matches analysis
Opening: https://m.flashscore.ua/?s=2
Provider health: rows=24, missingId=0, missingMinute=1, missingUrl=0
📌 Found 0 live matches (>=70', score 0:0)
💾 Saved to /Users/maralov/personal/parserFootballOdds/data/live_predictions.json
💾 Saved to /Users/maralov/personal/parserFootballOdds/data/live_goal_predictions.json
💾 Saved to /Users/maralov/personal/parserFootballOdds/data/runs/2026-03-31T14-38-02-151Z-2026-03-31T14-38-02-151Z-6icwpm/raw_matches.json
💾 Saved to /Users/maralov/personal/parserFootballOdds/data/runs/2026-03-31T14-38-02-151Z-2026-03-31T14-38-02-151Z-6icwpm/processed_matches.json
💾 Saved to /Users/maralov/personal/parserFootballOdds/data/runs/2026-03-31T14-38-02-151Z-2026-03-31T14-38-02-151Z-6icwpm/decisions.json
💾 Saved prediction batch. Total: 0, OVER_0_5 candidates: 0

🔥 LIVE RUN FINISHED:
{ runId: '2026-03-31T14-38-02-151Z-6icwpm', matchesProcessed: 0 }
⏳ Waiting 600000ms before next run
🧵 Worker started → Live matches analysis
Opening: https://m.flashscore.ua/?s=2
Provider health: rows=23, missingId=0, missingMinute=1, missingUrl=0
📌 Found 0 live matches (>=70', score 0:0)
💾 Saved to /Users/maralov/personal/parserFootballOdds/data/live_predictions.json
💾 Saved to /Users/maralov/personal/parserFootballOdds/data/live_goal_predictions.json
💾 Saved to /Users/maralov/personal/parserFootballOdds/data/runs/2026-03-31T14-48-05-115Z-2026-03-31T14-48-05-115Z-b1kt8p/raw_matches.json
💾 Saved to /Users/maralov/personal/parserFootballOdds/data/runs/2026-03-31T14-48-05-115Z-2026-03-31T14-48-05-115Z-b1kt8p/processed_matches.json
💾 Saved to /Users/maralov/personal/parserFootballOdds/data/runs/2026-03-31T14-48-05-115Z-2026-03-31T14-48-05-115Z-b1kt8p/decisions.json
💾 Saved prediction batch. Total: 0, OVER_0_5 candidates: 0

🔥 LIVE RUN FINISHED:
{ runId: '2026-03-31T14-48-05-115Z-b1kt8p', matchesProcessed: 0 }
⏳ Waiting 600000ms before next run
🧵 Worker started → Live matches analysis
Opening: https://m.flashscore.ua/?s=2
Provider health: rows=13, missingId=0, missingMinute=9, missingUrl=0
⚠️ Live provider quality is low; parser fallback likely needed
📌 Found 0 live matches (>=70', score 0:0)
💾 Saved to /Users/maralov/personal/parserFootballOdds/data/live_predictions.json
💾 Saved to /Users/maralov/personal/parserFootballOdds/data/live_goal_predictions.json
💾 Saved to /Users/maralov/personal/parserFootballOdds/data/runs/2026-03-31T14-58-08-207Z-2026-03-31T14-58-08-207Z-2w4vrz/raw_matches.json
💾 Saved to /Users/maralov/personal/parserFootballOdds/data/runs/2026-03-31T14-58-08-207Z-2026-03-31T14-58-08-207Z-2w4vrz/processed_matches.json
💾 Saved to /Users/maralov/personal/parserFootballOdds/data/runs/2026-03-31T14-58-08-207Z-2026-03-31T14-58-08-207Z-2w4vrz/decisions.json
💾 Saved prediction batch. Total: 0, OVER_0_5 candidates: 0

🔥 LIVE RUN FINISHED:
{ runId: '2026-03-31T14-58-08-207Z-2w4vrz', matchesProcessed: 0 }
⏳ Waiting 600000ms before next run
🧵 Worker started → Live matches analysis
Opening: https://m.flashscore.ua/?s=2
Provider health: rows=18, missingId=0, missingMinute=1, missingUrl=0
📌 Found 0 live matches (>=70', score 0:0)
💾 Saved to /Users/maralov/personal/parserFootballOdds/data/live_predictions.json
💾 Saved to /Users/maralov/personal/parserFootballOdds/data/live_goal_predictions.json
💾 Saved to /Users/maralov/personal/parserFootballOdds/data/runs/2026-03-31T15-08-11-852Z-2026-03-31T15-08-11-852Z-bm1mai/raw_matches.json
💾 Saved to /Users/maralov/personal/parserFootballOdds/data/runs/2026-03-31T15-08-11-852Z-2026-03-31T15-08-11-852Z-bm1mai/processed_matches.json
💾 Saved to /Users/maralov/personal/parserFootballOdds/data/runs/2026-03-31T15-08-11-852Z-2026-03-31T15-08-11-852Z-bm1mai/decisions.json
💾 Saved prediction batch. Total: 0, OVER_0_5 candidates: 0

🔥 LIVE RUN FINISHED:
{ runId: '2026-03-31T15-08-11-852Z-bm1mai', matchesProcessed: 0 }
⏳ Waiting 600000ms before next run
🧵 Worker started → Live matches analysis
Opening: https://m.flashscore.ua/?s=2
Provider health: rows=16, missingId=0, missingMinute=0, missingUrl=0
📌 Found 0 live matches (>=70', score 0:0)
💾 Saved to /Users/maralov/personal/parserFootballOdds/data/live_predictions.json
💾 Saved to /Users/maralov/personal/parserFootballOdds/data/live_goal_predictions.json
💾 Saved to /Users/maralov/personal/parserFootballOdds/data/runs/2026-03-31T15-18-15-313Z-2026-03-31T15-18-15-313Z-gcna9t/raw_matches.json
💾 Saved to /Users/maralov/personal/parserFootballOdds/data/runs/2026-03-31T15-18-15-313Z-2026-03-31T15-18-15-313Z-gcna9t/processed_matches.json
💾 Saved to /Users/maralov/personal/parserFootballOdds/data/runs/2026-03-31T15-18-15-313Z-2026-03-31T15-18-15-313Z-gcna9t/decisions.json
💾 Saved prediction batch. Total: 0, OVER_0_5 candidates: 0

🔥 LIVE RUN FINISHED:
{ runId: '2026-03-31T15-18-15-313Z-gcna9t', matchesProcessed: 0 }
⏳ Waiting 600000ms before next run
🧵 Worker started → Live matches analysis
Opening: https://m.flashscore.ua/?s=2
Provider health: rows=17, missingId=0, missingMinute=3, missingUrl=0
📌 Found 0 live matches (>=70', score 0:0)
💾 Saved to /Users/maralov/personal/parserFootballOdds/data/live_predictions.json
💾 Saved to /Users/maralov/personal/parserFootballOdds/data/live_goal_predictions.json
💾 Saved to /Users/maralov/personal/parserFootballOdds/data/runs/2026-03-31T15-28-18-772Z-2026-03-31T15-28-18-772Z-usyts4/raw_matches.json
💾 Saved to /Users/maralov/personal/parserFootballOdds/data/runs/2026-03-31T15-28-18-772Z-2026-03-31T15-28-18-772Z-usyts4/processed_matches.json
💾 Saved to /Users/maralov/personal/parserFootballOdds/data/runs/2026-03-31T15-28-18-772Z-2026-03-31T15-28-18-772Z-usyts4/decisions.json
💾 Saved prediction batch. Total: 0, OVER_0_5 candidates: 0

🔥 LIVE RUN FINISHED:
{ runId: '2026-03-31T15-28-18-772Z-usyts4', matchesProcessed: 0 }
⏳ Waiting 600000ms before next run
npm warn Unknown env config "devdir". This will stop working in the next major version of npm.
npm error Missing script: "live:watch:10m"
npm error
npm error Did you mean one of these?
npm error   npm run live:watch # run the "live:watch" package script
npm error   npm run live:watch:5m # run the "live:watch:5m" package script
npm error
npm error To see a list of scripts, run:
npm error   npm run
npm error A complete log of this run can be found in: /var/folders/g_/k8p9n8557c3b4t3rnc9fts6h0000gn/T/cursor-sandbox-cache/848cb97a049133200d63964a6a2342ec/npm/_logs/2026-04-05T09_07_16_210Z-debug-0.log
npm error Missing script: "live:watch:10m"
npm error
npm error Did you mean one of these?
npm error   npm run live:watch # run the "live:watch" package script
npm error   npm run live:watch:5m # run the "live:watch:5m" package script
npm error
npm error To see a list of scripts, run:
npm error   npm run
npm error A complete log of this run can be found in: /Users/maralov/.npm/_logs/2026-04-05T17_05_30_114Z-debug-0.log
npm warn Unknown env config "devdir". This will stop working in the next major version of npm.

> parseodds@1.0.0 live:watch:3m
> LIVE_POLL_INTERVAL_MS=180000 node index.js --watch

🚀 Starting live scraping (watch mode)...
Message sent to Telegram
[10:50:16] Live scan started
Opening: https://m.flashscore.ua/?s=2
Provider health: rows=0, missingId=0, missingMinute=0, missingUrl=0
Found: 0 total, 0 eligible → 0 to analyze

Done: 0 analyzed, 0 actionable, 0 Telegram sent

🔥 RUN #1: analyzed=0, signals=0
⏳ Next scan in 3m...
[10:53:21] Live scan started
Opening: https://m.flashscore.ua/?s=2
Provider health: rows=0, missingId=0, missingMinute=0, missingUrl=0
Found: 0 total, 0 eligible → 0 to analyze

Done: 0 analyzed, 0 actionable, 0 Telegram sent

🔥 RUN #2: analyzed=0, signals=0
⏳ Next scan in 3m...
[10:56:26] Live scan started
Opening: https://m.flashscore.ua/?s=2
Provider health: rows=0, missingId=0, missingMinute=0, missingUrl=0
Found: 0 total, 0 eligible → 0 to analyze

Done: 0 analyzed, 0 actionable, 0 Telegram sent

🔥 RUN #3: analyzed=0, signals=0
⏳ Next scan in 3m...
npm warn Unknown env config "devdir". This will stop working in the next major version of npm.

> parseodds@1.0.0 live:watch:3m
> LIVE_POLL_INTERVAL_MS=180000 node index.js --watch

🚀 Starting live scraping (watch mode)...
[21:33:24] Live scan
  First run — checking yesterday results
  [result] No unchecked predictions for 2026-04-09
  Yesterday: 23/33 hits (33 з прогнозом)
  Daily report already sent for 2026-04-09 — skip Telegram
Opening: https://m.flashscore.ua/?s=2 (minute >= 60, 0:0 only)
Provider health [https://m.flashscore.ua/?s=2]: rows=43, 0:0 total=9, candidates=0
  ⏸ 0:0 ще рано (< 60'):
    47' Кремзер - Вінер Вікторія [АВСТРІЯ: Регіональна ліга - Схід Таблиця]
    34' Фулгем U21 - Челсі U21 [АНГЛІЯ: Прем'єр-ліга 2 Таблиця]
    34' Спортінг Локерен - Серен Юнайтед [БЕЛЬГІЯ: Челленджер Про Ліга Таблиця]
    34' Ден Босх - Камбур [НІДЕРЛАНДИ: Еерсте Дивізі Таблиця]
    34' Маастрихт - Хелмонд [НІДЕРЛАНДИ: Еерсте Дивізі Таблиця]
    45' Дрохтерзен / Ассель - Ольденбург [НІМЕЧЧИНА: Регіональна ліга - Північ Таблиця]
    34' Аннесі - Монпельє [ФРАНЦІЯ: Ліга 2 Таблиця]
    45' Стад Бріошен - Вільфранш [ФРАНЦІЯ: Насьональ Таблиця]
    19' Етуаль Каруж - Лозанна Уші [ШВЕЙЦАРІЯ: Челлендж-ліга Таблиця]
  Found: 0 candidates, 0 new, 0 permanently skipped

Done: 0 analyzed, 0 actionable, 0 TG sent

🔥 RUN #1: analyzed=0, signals=0
⏳ Next scan in 3m...
[21:36:33] Live scan
Opening: https://m.flashscore.ua/?s=2 (minute >= 60, 0:0 only)
Provider health [https://m.flashscore.ua/?s=2]: rows=46, 0:0 total=11, candidates=0
  ⏸ 0:0 ще рано (< 60'):
    50' Кремзер - Вінер Вікторія [АВСТРІЯ: Регіональна ліга - Схід Таблиця]
    7' Лінієрс - Фландрія [АРГЕНТИНА: Прімера В Таблиця]
    7' УАІ Уркіса - Браун Адроге [АРГЕНТИНА: Прімера В Таблиця]
    37' Спортінг Локерен - Серен Юнайтед [БЕЛЬГІЯ: Челленджер Про Ліга Таблиця]
    7' Кортрейк U21 - РААЛ Ла-Лув'єр U21 [БЕЛЬГІЯ: Про Ліга U21 Таблиця]
    37' Ден Босх - Камбур [НІДЕРЛАНДИ: Еерсте Дивізі Таблиця]
    37' Маастрихт - Хелмонд [НІДЕРЛАНДИ: Еерсте Дивізі Таблиця]
    47' Дрохтерзен / Ассель - Ольденбург [НІМЕЧЧИНА: Регіональна ліга - Північ Таблиця]
    37' Аннесі - Монпельє [ФРАНЦІЯ: Ліга 2 Таблиця]
    48' Стад Бріошен - Вільфранш [ФРАНЦІЯ: Насьональ Таблиця]
    22' Етуаль Каруж - Лозанна Уші [ШВЕЙЦАРІЯ: Челлендж-ліга Таблиця]
  Found: 0 candidates, 0 new, 0 permanently skipped

Done: 0 analyzed, 0 actionable, 0 TG sent

🔥 RUN #2: analyzed=0, signals=0
⏳ Next scan in 3m...
[21:39:37] Live scan
Opening: https://m.flashscore.ua/?s=2 (minute >= 60, 0:0 only)
Provider health [https://m.flashscore.ua/?s=2]: rows=46, 0:0 total=11, candidates=0
  ⏸ 0:0 ще рано (< 60'):
    53' Кремзер - Вінер Вікторія [АВСТРІЯ: Регіональна ліга - Схід Таблиця]
    10' Лінієрс - Фландрія [АРГЕНТИНА: Прімера В Таблиця]
    10' УАІ Уркіса - Браун Адроге [АРГЕНТИНА: Прімера В Таблиця]
    40' Спортінг Локерен - Серен Юнайтед [БЕЛЬГІЯ: Челленджер Про Ліга Таблиця]
    10' Кортрейк U21 - РААЛ Ла-Лув'єр U21 [БЕЛЬГІЯ: Про Ліга U21 Таблиця]
    40' Ден Босх - Камбур [НІДЕРЛАНДИ: Еерсте Дивізі Таблиця]
    40' Маастрихт - Хелмонд [НІДЕРЛАНДИ: Еерсте Дивізі Таблиця]
    50' Дрохтерзен / Ассель - Ольденбург [НІМЕЧЧИНА: Регіональна ліга - Північ Таблиця]
    40' Аннесі - Монпельє [ФРАНЦІЯ: Ліга 2 Таблиця]
    51' Стад Бріошен - Вільфранш [ФРАНЦІЯ: Насьональ Таблиця]
    25' Етуаль Каруж - Лозанна Уші [ШВЕЙЦАРІЯ: Челлендж-ліга Таблиця]
  Found: 0 candidates, 0 new, 0 permanently skipped

Done: 0 analyzed, 0 actionable, 0 TG sent

🔥 RUN #3: analyzed=0, signals=0
⏳ Next scan in 3m...
[21:44:22] Live scan
Opening: https://m.flashscore.ua/?s=2 (minute >= 60, 0:0 only)
Provider health [https://m.flashscore.ua/?s=2]: rows=46, 0:0 total=11, candidates=0
  ⏸ 0:0 ще рано (< 60'):
    57' Кремзер - Вінер Вікторія [АВСТРІЯ: Регіональна ліга - Схід Таблиця]
    14' Лінієрс - Фландрія [АРГЕНТИНА: Прімера В Таблиця]
    14' УАІ Уркіса - Браун Адроге [АРГЕНТИНА: Прімера В Таблиця]
    44' Спортінг Локерен - Серен Юнайтед [БЕЛЬГІЯ: Челленджер Про Ліга Таблиця]
    14' Кортрейк U21 - РААЛ Ла-Лув'єр U21 [БЕЛЬГІЯ: Про Ліга U21 Таблиця]
    44' Ден Босх - Камбур [НІДЕРЛАНДИ: Еерсте Дивізі Таблиця]
    44' Маастрихт - Хелмонд [НІДЕРЛАНДИ: Еерсте Дивізі Таблиця]
    54' Дрохтерзен / Ассель - Ольденбург [НІМЕЧЧИНА: Регіональна ліга - Північ Таблиця]
    44' Аннесі - Монпельє [ФРАНЦІЯ: Ліга 2 Таблиця]
    55' Стад Бріошен - Вільфранш [ФРАНЦІЯ: Насьональ Таблиця]
    29' Етуаль Каруж - Лозанна Уші [ШВЕЙЦАРІЯ: Челлендж-ліга Таблиця]
  Found: 0 candidates, 0 new, 0 permanently skipped

Done: 0 analyzed, 0 actionable, 0 TG sent

🔥 RUN #4: analyzed=0, signals=0
⏳ Next scan in 3m...
[21:47:26] Live scan
Opening: https://m.flashscore.ua/?s=2 (minute >= 60, 0:0 only)
Provider health [https://m.flashscore.ua/?s=2]: rows=46, 0:0 total=11, candidates=1
  ⏸ 0:0 ще рано (< 60'):
    17' Лінієрс - Фландрія [АРГЕНТИНА: Прімера В Таблиця]
    17' УАІ Уркіса - Браун Адроге [АРГЕНТИНА: Прімера В Таблиця]
    17' Кортрейк U21 - РААЛ Ла-Лув'єр U21 [БЕЛЬГІЯ: Про Ліга U21 Таблиця]
    57' Дрохтерзен / Ассель - Ольденбург [НІМЕЧЧИНА: Регіональна ліга - Північ Таблиця]
    45' Аннесі - Монпельє [ФРАНЦІЯ: Ліга 2 Таблиця]
    58' Стад Бріошен - Вільфранш [ФРАНЦІЯ: Насьональ Таблиця]
    32' Етуаль Каруж - Лозанна Уші [ШВЕЙЦАРІЯ: Челлендж-ліга Таблиця]
  ✔ 60' Кремзер - Вінер Вікторія [АВСТРІЯ: Регіональна ліга - Схід Таблиця] id=2yNEGeNN
  Found: 1 candidates, 1 new, 0 permanently skipped

→ Кремзер - Вінер Вікторія (60') [АВСТРІЯ: Регіональна ліга - Схід Таблиця]
  Кф 1X2: 1.71 / 3.85 / 4.21
  Desktop: https://www.flashscore.ua/match/soccer/kremser-StFxH8UN/wiener-viktoria-2oqB4Qrp/?mid=2yNEGeNN
  [stats] 2yNEGeNN overall: no data-testid (old=0, any=0, body=148292)
  [stats] 2yNEGeNN secondHalf: no data-testid (old=0, any=0, body=148292)
  [stats] 2yNEGeNN → unavailable, 0 metrics
  Features: quality=0, primary=0, status=unavailable
  ✗ No stats at all → permanent skip

Done: 0 analyzed, 0 actionable, 0 TG sent

🔥 RUN #5: analyzed=0, signals=0
⏳ Next scan in 3m...
[21:51:07] Live scan
Opening: https://m.flashscore.ua/?s=2 (minute >= 60, 0:0 only)
Provider health [https://m.flashscore.ua/?s=2]: rows=45, 0:0 total=12, candidates=3
  ⏸ 0:0 ще рано (< 60'):
    21' Лінієрс - Фландрія [АРГЕНТИНА: Прімера В Таблиця]
    21' УАІ Уркіса - Браун Адроге [АРГЕНТИНА: Прімера В Таблиця]
    45' Спортінг Локерен - Серен Юнайтед [БЕЛЬГІЯ: Челленджер Про Ліга Таблиця]
    6' Дандолк - Деррі Сіті [ІРЛАНДІЯ: Прем'єр-дивізіон Таблиця]
    6' Керрі - ЮК Дублін [ІРЛАНДІЯ: Перший дивізіон Таблиця]
    6' Фінн Харпс - Коб Рамблерс [ІРЛАНДІЯ: Перший дивізіон Таблиця]
    45' Маастрихт - Хелмонд [НІДЕРЛАНДИ: Еерсте Дивізі Таблиця]
    45' Аннесі - Монпельє [ФРАНЦІЯ: Ліга 2 Таблиця]
    36' Етуаль Каруж - Лозанна Уші [ШВЕЙЦАРІЯ: Челлендж-ліга Таблиця]
  ✔ 64' Кремзер - Вінер Вікторія [АВСТРІЯ: Регіональна ліга - Схід Таблиця] id=2yNEGeNN
  ✔ 61' Дрохтерзен / Ассель - Ольденбург [НІМЕЧЧИНА: Регіональна ліга - Північ Таблиця] id=zDg5gOld
  ✔ 62' Стад Бріошен - Вільфранш [ФРАНЦІЯ: Насьональ Таблиця] id=CIWukazf
  Found: 3 candidates, 2 new, 1 permanently skipped

→ Дрохтерзен / Ассель - Ольденбург (61') [НІМЕЧЧИНА: Регіональна ліга - Північ Таблиця]

→ Стад Бріошен - Вільфранш (62') [ФРАНЦІЯ: Насьональ Таблиця]
  Кф 1X2: 1.93 / 3.6 / 3.28
  Кф 1X2: 2.29 / 3.22 / 3.12
  Desktop: https://www.flashscore.ua/match/soccer/drochtersen-assel-AexageOs/vfb-oldenburg-fLhfB37a/?mid=zDg5gOld
  Desktop: https://www.flashscore.ua/match/soccer/stade-briochin-CQxeodfa/villefranche-K6STnbAt/?mid=CIWukazf
  [stats] CIWukazf → both, 5 metrics
  Features: quality=0.23, primary=2, status=both
  Score (windowed): pGoal=0.247, pDry=0.753 | 60-70 → UNDER_0_5
  ⏸ очікування сильного сигналу (вікно 60-70, якість статистики: low)
  [stats] zDg5gOld overall: no data-testid (old=0, any=0, body=148367)
  [stats] zDg5gOld secondHalf: no data-testid (old=0, any=0, body=148367)
  [stats] zDg5gOld → unavailable, 0 metrics
  Features: quality=0, primary=0, status=unavailable
  ✗ No stats at all → permanent skip

Done: 1 analyzed, 1 actionable, 0 TG sent
📌 Tracking 1 active prediction(s)

🔥 RUN #6: analyzed=1, signals=0
⏳ Next scan in 3m...
[21:54:46] Live scan
Opening: https://m.flashscore.ua/?s=2 (minute >= 60, 0:0 only)
Provider health [https://m.flashscore.ua/?s=2]: rows=42, 0:0 total=12, candidates=3
  ⏸ 0:0 ще рано (< 60'):
    25' Лінієрс - Фландрія [АРГЕНТИНА: Прімера В Таблиця]
    25' УАІ Уркіса - Браун Адроге [АРГЕНТИНА: Прімера В Таблиця]
    45' Спортінг Локерен - Серен Юнайтед [БЕЛЬГІЯ: Челленджер Про Ліга Таблиця]
    10' Дандолк - Деррі Сіті [ІРЛАНДІЯ: Прем'єр-дивізіон Таблиця]
    10' Керрі - ЮК Дублін [ІРЛАНДІЯ: Перший дивізіон Таблиця]
    10' Фінн Харпс - Коб Рамблерс [ІРЛАНДІЯ: Перший дивізіон Таблиця]
    45' Маастрихт - Хелмонд [НІДЕРЛАНДИ: Еерсте Дивізі Таблиця]
    45' Аннесі - Монпельє [ФРАНЦІЯ: Ліга 2 Таблиця]
    40' Етуаль Каруж - Лозанна Уші [ШВЕЙЦАРІЯ: Челлендж-ліга Таблиця]
  ✔ 68' Кремзер - Вінер Вікторія [АВСТРІЯ: Регіональна ліга - Схід Таблиця] id=2yNEGeNN
  ✔ 65' Дрохтерзен / Ассель - Ольденбург [НІМЕЧЧИНА: Регіональна ліга - Північ Таблиця] id=zDg5gOld
  ✔ 66' Стад Бріошен - Вільфранш [ФРАНЦІЯ: Насьональ Таблиця] id=CIWukazf
  Found: 3 candidates, 1 new, 2 permanently skipped

→ Стад Бріошен - Вільфранш (66') [ФРАНЦІЯ: Насьональ Таблиця]
  Кф 1X2: 2.29 / 3.22 / 3.12
  Desktop: https://www.flashscore.ua/match/soccer/stade-briochin-CQxeodfa/villefranche-K6STnbAt/?mid=CIWukazf
  [stats] CIWukazf → both, 5 metrics
  Features: quality=0.23, primary=2, status=both
  Score (windowed): pGoal=0.338, pDry=0.662 | 60-70 → UNDER_0_5
  ⏸ очікування сильного сигналу (вікно 60-70, якість статистики: low)

Done: 1 analyzed, 1 actionable, 0 TG sent
📌 Tracking 1 active prediction(s)

🔥 RUN #7: analyzed=1, signals=0
⏳ Next scan in 3m...
[21:57:59] Live scan
Opening: https://m.flashscore.ua/?s=2 (minute >= 60, 0:0 only)
Provider health [https://m.flashscore.ua/?s=2]: rows=36, 0:0 total=11, candidates=2
  ⏸ 0:0 ще рано (< 60'):
    29' Лінієрс - Фландрія [АРГЕНТИНА: Прімера В Таблиця]
    29' УАІ Уркіса - Браун Адроге [АРГЕНТИНА: Прімера В Таблиця]
    45' Спортінг Локерен - Серен Юнайтед [БЕЛЬГІЯ: Челленджер Про Ліга Таблиця]
    14' Дандолк - Деррі Сіті [ІРЛАНДІЯ: Прем'єр-дивізіон Таблиця]
    14' Керрі - ЮК Дублін [ІРЛАНДІЯ: Перший дивізіон Таблиця]
    14' Фінн Харпс - Коб Рамблерс [ІРЛАНДІЯ: Перший дивізіон Таблиця]
    45' Маастрихт - Хелмонд [НІДЕРЛАНДИ: Еерсте Дивізі Таблиця]
    45' Аннесі - Монпельє [ФРАНЦІЯ: Ліга 2 Таблиця]
    44' Етуаль Каруж - Лозанна Уші [ШВЕЙЦАРІЯ: Челлендж-ліга Таблиця]
  ✔ 71' Кремзер - Вінер Вікторія [АВСТРІЯ: Регіональна ліга - Схід Таблиця] id=2yNEGeNN
  ✔ 69' Стад Бріошен - Вільфранш [ФРАНЦІЯ: Насьональ Таблиця] id=CIWukazf
  Found: 2 candidates, 1 new, 2 permanently skipped

→ Стад Бріошен - Вільфранш (69') [ФРАНЦІЯ: Насьональ Таблиця]
  Кф 1X2: 2.29 / 3.22 / 3.12
  Desktop: https://www.flashscore.ua/match/soccer/stade-briochin-CQxeodfa/villefranche-K6STnbAt/?mid=CIWukazf
  [stats] CIWukazf → both, 5 metrics
  Features: quality=0.23, primary=2, status=both
  Score (windowed): pGoal=0.338, pDry=0.662 | 60-70 → UNDER_0_5
  ⏸ очікування сильного сигналу (вікно 60-70, якість статистики: low)

Done: 1 analyzed, 1 actionable, 0 TG sent
📌 Tracking 1 active prediction(s)

🔥 RUN #8: analyzed=1, signals=0
⏳ Next scan in 3m...
[22:01:13] Live scan
Opening: https://m.flashscore.ua/?s=2 (minute >= 60, 0:0 only)
Provider health [https://m.flashscore.ua/?s=2]: rows=36, 0:0 total=11, candidates=2
  ⏸ 0:0 ще рано (< 60'):
    32' Лінієрс - Фландрія [АРГЕНТИНА: Прімера В Таблиця]
    32' УАІ Уркіса - Браун Адроге [АРГЕНТИНА: Прімера В Таблиця]
    45' Спортінг Локерен - Серен Юнайтед [БЕЛЬГІЯ: Челленджер Про Ліга Таблиця]
    17' Дандолк - Деррі Сіті [ІРЛАНДІЯ: Прем'єр-дивізіон Таблиця]
    17' Керрі - ЮК Дублін [ІРЛАНДІЯ: Перший дивізіон Таблиця]
    17' Фінн Харпс - Коб Рамблерс [ІРЛАНДІЯ: Перший дивізіон Таблиця]
    45' Маастрихт - Хелмонд [НІДЕРЛАНДИ: Еерсте Дивізі Таблиця]
    45' Аннесі - Монпельє [ФРАНЦІЯ: Ліга 2 Таблиця]
  ✔ 75' Кремзер - Вінер Вікторія [АВСТРІЯ: Регіональна ліга - Схід Таблиця] id=2yNEGeNN
  ✔ 73' Стад Бріошен - Вільфранш [ФРАНЦІЯ: Насьональ Таблиця] id=CIWukazf
  Found: 2 candidates, 1 new, 2 permanently skipped

→ Стад Бріошен - Вільфранш (73') [ФРАНЦІЯ: Насьональ Таблиця]
  Кф 1X2: 2.29 / 3.22 / 3.12
  Desktop: https://www.flashscore.ua/match/soccer/stade-briochin-CQxeodfa/villefranche-K6STnbAt/?mid=CIWukazf
  [stats] CIWukazf → both, 5 metrics
  Features: quality=0.23, primary=2, status=both
  Score (windowed): pGoal=0.368, pDry=0.632 | 70-80 → UNDER_0_5
  ⏸ очікування сильного сигналу (вікно 70-80, якість статистики: low)

Done: 1 analyzed, 1 actionable, 0 TG sent
📌 Tracking 1 active prediction(s)

🔥 RUN #9: analyzed=1, signals=0
⏳ Next scan in 3m...
[22:04:26] Live scan
Opening: https://m.flashscore.ua/?s=2 (minute >= 60, 0:0 only)
Provider health [https://m.flashscore.ua/?s=2]: rows=36, 0:0 total=11, candidates=2
  ⏸ 0:0 ще рано (< 60'):
    35' Лінієрс - Фландрія [АРГЕНТИНА: Прімера В Таблиця]
    35' УАІ Уркіса - Браун Адроге [АРГЕНТИНА: Прімера В Таблиця]
    47' Спортінг Локерен - Серен Юнайтед [БЕЛЬГІЯ: Челленджер Про Ліга Таблиця]
    5' Сент-Патрікс - Шемрок Роверс [ІРЛАНДІЯ: Прем'єр-дивізіон Таблиця]
    20' Керрі - ЮК Дублін [ІРЛАНДІЯ: Перший дивізіон Таблиця]
    20' Фінн Харпс - Коб Рамблерс [ІРЛАНДІЯ: Перший дивізіон Таблиця]
    45' Маастрихт - Хелмонд [НІДЕРЛАНДИ: Еерсте Дивізі Таблиця]
    49' Аннесі - Монпельє [ФРАНЦІЯ: Ліга 2 Таблиця]
    45' Етуаль Каруж - Лозанна Уші [ШВЕЙЦАРІЯ: Челлендж-ліга Таблиця]
  ✔ 78' Кремзер - Вінер Вікторія [АВСТРІЯ: Регіональна ліга - Схід Таблиця] id=2yNEGeNN
  ✔ 76' Стад Бріошен - Вільфранш [ФРАНЦІЯ: Насьональ Таблиця] id=CIWukazf
  Found: 2 candidates, 1 new, 2 permanently skipped

→ Стад Бріошен - Вільфранш (76') [ФРАНЦІЯ: Насьональ Таблиця]
  Кф 1X2: 2.29 / 3.22 / 3.12
  Desktop: https://www.flashscore.ua/match/soccer/stade-briochin-CQxeodfa/villefranche-K6STnbAt/?mid=CIWukazf
  [stats] CIWukazf → both, 6 metrics
  Features: quality=0.23, primary=2, status=both
  Score (windowed): pGoal=0.398, pDry=0.602 | 70-80 → UNDER_0_5
  ⏸ очікування сильного сигналу (вікно 70-80, якість статистики: low)

Done: 1 analyzed, 1 actionable, 0 TG sent
📌 Tracking 1 active prediction(s)

🔥 RUN #10: analyzed=1, signals=0
⏳ Next scan in 3m...
[22:07:40] Live scan
Opening: https://m.flashscore.ua/?s=2 (minute >= 60, 0:0 only)
Provider health [https://m.flashscore.ua/?s=2]: rows=36, 0:0 total=11, candidates=2
  ⏸ 0:0 ще рано (< 60'):
    38' Лінієрс - Фландрія [АРГЕНТИНА: Прімера В Таблиця]
    38' УАІ Уркіса - Браун Адроге [АРГЕНТИНА: Прімера В Таблиця]
    51' Спортінг Локерен - Серен Юнайтед [БЕЛЬГІЯ: Челленджер Про Ліга Таблиця]
    8' Сент-Патрікс - Шемрок Роверс [ІРЛАНДІЯ: Прем'єр-дивізіон Таблиця]
    23' Керрі - ЮК Дублін [ІРЛАНДІЯ: Перший дивізіон Таблиця]
    23' Фінн Харпс - Коб Рамблерс [ІРЛАНДІЯ: Перший дивізіон Таблиця]
    47' Маастрихт - Хелмонд [НІДЕРЛАНДИ: Еерсте Дивізі Таблиця]
    52' Аннесі - Монпельє [ФРАНЦІЯ: Ліга 2 Таблиця]
    45' Етуаль Каруж - Лозанна Уші [ШВЕЙЦАРІЯ: Челлендж-ліга Таблиця]
  ✔ 81' Кремзер - Вінер Вікторія [АВСТРІЯ: Регіональна ліга - Схід Таблиця] id=2yNEGeNN
  ✔ 79' Стад Бріошен - Вільфранш [ФРАНЦІЯ: Насьональ Таблиця] id=CIWukazf
  Found: 2 candidates, 1 new, 2 permanently skipped

→ Стад Бріошен - Вільфранш (79') [ФРАНЦІЯ: Насьональ Таблиця]
  Кф 1X2: 2.29 / 3.22 / 3.12
  Desktop: https://www.flashscore.ua/match/soccer/stade-briochin-CQxeodfa/villefranche-K6STnbAt/?mid=CIWukazf
  [stats] CIWukazf → both, 6 metrics
  Features: quality=0.23, primary=2, status=both
  Score (windowed): pGoal=0.398, pDry=0.602 | 70-80 → UNDER_0_5
  ⏸ очікування сильного сигналу (вікно 70-80, якість статистики: low)

Done: 1 analyzed, 1 actionable, 0 TG sent
📌 Tracking 1 active prediction(s)

🔥 RUN #11: analyzed=1, signals=0
⏳ Next scan in 3m...
[22:10:52] Live scan
Opening: https://m.flashscore.ua/?s=2 (minute >= 60, 0:0 only)
Provider health [https://m.flashscore.ua/?s=2]: rows=37, 0:0 total=11, candidates=2
  ⏸ 0:0 ще рано (< 60'):
    41' Лінієрс - Фландрія [АРГЕНТИНА: Прімера В Таблиця]
    41' УАІ Уркіса - Браун Адроге [АРГЕНТИНА: Прімера В Таблиця]
    54' Спортінг Локерен - Серен Юнайтед [БЕЛЬГІЯ: Челленджер Про Ліга Таблиця]
    26' Керрі - ЮК Дублін [ІРЛАНДІЯ: Перший дивізіон Таблиця]
    26' Фінн Харпс - Коб Рамблерс [ІРЛАНДІЯ: Перший дивізіон Таблиця]
    48' Ден Босх - Камбур [НІДЕРЛАНДИ: Еерсте Дивізі Таблиця]
    50' Маастрихт - Хелмонд [НІДЕРЛАНДИ: Еерсте Дивізі Таблиця]
    55' Аннесі - Монпельє [ФРАНЦІЯ: Ліга 2 Таблиця]
    45' Етуаль Каруж - Лозанна Уші [ШВЕЙЦАРІЯ: Челлендж-ліга Таблиця]
  ✔ 84' Кремзер - Вінер Вікторія [АВСТРІЯ: Регіональна ліга - Схід Таблиця] id=2yNEGeNN
  ✔ 82' Стад Бріошен - Вільфранш [ФРАНЦІЯ: Насьональ Таблиця] id=CIWukazf
  Found: 2 candidates, 1 new, 2 permanently skipped

→ Стад Бріошен - Вільфранш (82') [ФРАНЦІЯ: Насьональ Таблиця]
  Кф 1X2: 2.29 / 3.22 / 3.12
  Desktop: https://www.flashscore.ua/match/soccer/stade-briochin-CQxeodfa/villefranche-K6STnbAt/?mid=CIWukazf
  [stats] CIWukazf → both, 6 metrics
  Features: quality=0.23, primary=2, status=both
  Score (windowed): pGoal=0.43, pDry=0.57 | 80-90+ → SKIP

Done: 1 analyzed, 0 actionable, 0 TG sent
📌 Tracking 1 active prediction(s)

🔥 RUN #12: analyzed=1, signals=0
⏳ Next scan in 3m...
[22:14:05] Live scan
Opening: https://m.flashscore.ua/?s=2 (minute >= 60, 0:0 only)
Provider health [https://m.flashscore.ua/?s=2]: rows=37, 0:0 total=10, candidates=2
  ⏸ 0:0 ще рано (< 60'):
    44' Лінієрс - Фландрія [АРГЕНТИНА: Прімера В Таблиця]
    44' УАІ Уркіса - Браун Адроге [АРГЕНТИНА: Прімера В Таблиця]
    29' Керрі - ЮК Дублін [ІРЛАНДІЯ: Перший дивізіон Таблиця]
    29' Фінн Харпс - Коб Рамблерс [ІРЛАНДІЯ: Перший дивізіон Таблиця]
    50' Ден Босх - Камбур [НІДЕРЛАНДИ: Еерсте Дивізі Таблиця]
    53' Маастрихт - Хелмонд [НІДЕРЛАНДИ: Еерсте Дивізі Таблиця]
    58' Аннесі - Монпельє [ФРАНЦІЯ: Ліга 2 Таблиця]
    45' Етуаль Каруж - Лозанна Уші [ШВЕЙЦАРІЯ: Челлендж-ліга Таблиця]
  ✔ 87' Кремзер - Вінер Вікторія [АВСТРІЯ: Регіональна ліга - Схід Таблиця] id=2yNEGeNN
  ✔ 85' Стад Бріошен - Вільфранш [ФРАНЦІЯ: Насьональ Таблиця] id=CIWukazf
  Found: 2 candidates, 1 new, 2 permanently skipped

→ Стад Бріошен - Вільфранш (85') [ФРАНЦІЯ: Насьональ Таблиця]
  Кф 1X2: 2.29 / 3.22 / 3.12
  Desktop: https://www.flashscore.ua/match/soccer/stade-briochin-CQxeodfa/villefranche-K6STnbAt/?mid=CIWukazf
  [stats] CIWukazf → both, 6 metrics
  Features: quality=0.23, primary=2, status=both
  Score (windowed): pGoal=0.511, pDry=0.489 | 80-90+ → SKIP

Done: 1 analyzed, 0 actionable, 0 TG sent
📌 Tracking 1 active prediction(s)

🔥 RUN #13: analyzed=1, signals=0
⏳ Next scan in 3m...
[22:17:18] Live scan
Opening: https://m.flashscore.ua/?s=2 (minute >= 60, 0:0 only)
Provider health [https://m.flashscore.ua/?s=2]: rows=37, 0:0 total=9, candidates=2
  ⏸ 0:0 ще рано (< 60'):
    33' Керрі - ЮК Дублін [ІРЛАНДІЯ: Перший дивізіон Таблиця]
    33' Фінн Харпс - Коб Рамблерс [ІРЛАНДІЯ: Перший дивізіон Таблиця]
    57' Маастрихт - Хелмонд [НІДЕРЛАНДИ: Еерсте Дивізі Таблиця]
    45' Етуаль Каруж - Лозанна Уші [ШВЕЙЦАРІЯ: Челлендж-ліга Таблиця]
  ✔ 62' Аннесі - Монпельє [ФРАНЦІЯ: Ліга 2 Таблиця] id=zBfDPTQj
  ✔ 89' Стад Бріошен - Вільфранш [ФРАНЦІЯ: Насьональ Таблиця] id=CIWukazf
  Found: 2 candidates, 2 new, 2 permanently skipped

→ Аннесі - Монпельє (62') [ФРАНЦІЯ: Ліга 2 Таблиця]

→ Стад Бріошен - Вільфранш (89') [ФРАНЦІЯ: Насьональ Таблиця]
  Кф 1X2: 2.71 / 3.18 / 2.71
  Кф 1X2: 2.29 / 3.22 / 3.12
  Desktop: https://www.flashscore.ua/match/soccer/annecy-25dB6Eto/montpellier-Eyf00syR/?mid=zBfDPTQj
  Desktop: https://www.flashscore.ua/match/soccer/stade-briochin-CQxeodfa/villefranche-K6STnbAt/?mid=CIWukazf
  [stats] CIWukazf → both, 6 metrics
  Features: quality=0.23, primary=2, status=both
  Score (windowed): pGoal=0.511, pDry=0.489 | 80-90+ → SKIP
  [stats] zBfDPTQj → both, 33 metrics
  Features: quality=1, primary=6, status=both
  Score (windowed): pGoal=0.057, pDry=0.943 | 60-70 → UNDER_0_5 [TG]
Message sent to Telegram
  ✓ Telegram sent

Done: 2 analyzed, 1 actionable, 1 TG sent
📌 Tracking 2 active prediction(s)

🔥 RUN #14: analyzed=2, signals=1
⏳ Next scan in 3m...
[22:20:32] Live scan
Opening: https://m.flashscore.ua/?s=2 (minute >= 60, 0:0 only)
Provider health [https://m.flashscore.ua/?s=2]: rows=36, 0:0 total=8, candidates=2
  ⏸ 0:0 ще рано (< 60'):
    36' Керрі - ЮК Дублін [ІРЛАНДІЯ: Перший дивізіон Таблиця]
    36' Фінн Харпс - Коб Рамблерс [ІРЛАНДІЯ: Перший дивізіон Таблиця]
    49' Етуаль Каруж - Лозанна Уші [ШВЕЙЦАРІЯ: Челлендж-ліга Таблиця]
  ✔ 60' Маастрихт - Хелмонд [НІДЕРЛАНДИ: Еерсте Дивізі Таблиця] id=Yk44LxzI
  ✔ 65' Аннесі - Монпельє [ФРАНЦІЯ: Ліга 2 Таблиця] id=zBfDPTQj
  Found: 2 candidates, 2 new, 2 permanently skipped

→ Маастрихт - Хелмонд (60') [НІДЕРЛАНДИ: Еерсте Дивізі Таблиця]

→ Аннесі - Монпельє (65') [ФРАНЦІЯ: Ліга 2 Таблиця]
  Кф 1X2: 2.58 / 3.58 / 2.49
  Кф 1X2: 2.71 / 3.18 / 2.71
  Desktop: https://www.flashscore.ua/match/soccer/annecy-25dB6Eto/montpellier-Eyf00syR/?mid=zBfDPTQj
  Desktop: https://www.flashscore.ua/match/soccer/helmond-sport-SQGBcMU5/maastricht-YPQnAtpC/?mid=Yk44LxzI
  [stats] zBfDPTQj → both, 33 metrics
  Features: quality=1, primary=6, status=both
  Score (windowed): pGoal=0, pDry=1 | 60-70 → UNDER_0_5 [TG]
  ↻ Re-analysis done (no change)
  [stats] Yk44LxzI → both, 32 metrics
  Features: quality=1, primary=6, status=both
  Score (windowed): pGoal=0.197, pDry=0.803 | 60-70 → UNDER_0_5 [TG]
Message sent to Telegram
  ✓ Telegram sent

Done: 2 analyzed, 2 actionable, 1 TG sent

🔍 Checking 1 possibly finished match(es)...
  ⏳ Стад Бріошен - Вільфранш: still live 0:0
📌 Tracking 3 active prediction(s)

🔥 RUN #15: analyzed=2, signals=1
⏳ Next scan in 3m...
[22:23:47] Live scan
Opening: https://m.flashscore.ua/?s=2 (minute >= 60, 0:0 only)
Provider health [https://m.flashscore.ua/?s=2]: rows=36, 0:0 total=8, candidates=2
  ⏸ 0:0 ще рано (< 60'):
    38' Керрі - ЮК Дублін [ІРЛАНДІЯ: Перший дивізіон Таблиця]
    38' Фінн Харпс - Коб Рамблерс [ІРЛАНДІЯ: Перший дивізіон Таблиця]
    51' Етуаль Каруж - Лозанна Уші [ШВЕЙЦАРІЯ: Челлендж-ліга Таблиця]
  ✔ 62' Маастрихт - Хелмонд [НІДЕРЛАНДИ: Еерсте Дивізі Таблиця] id=Yk44LxzI
  ✔ 67' Аннесі - Монпельє [ФРАНЦІЯ: Ліга 2 Таблиця] id=zBfDPTQj
  Found: 2 candidates, 2 new, 2 permanently skipped

→ Маастрихт - Хелмонд (62') [НІДЕРЛАНДИ: Еерсте Дивізі Таблиця]

→ Аннесі - Монпельє (67') [ФРАНЦІЯ: Ліга 2 Таблиця]
  Кф 1X2: 2.71 / 3.18 / 2.71
  Кф 1X2: 2.58 / 3.58 / 2.49
  Desktop: https://www.flashscore.ua/match/soccer/helmond-sport-SQGBcMU5/maastricht-YPQnAtpC/?mid=Yk44LxzI
  Desktop: https://www.flashscore.ua/match/soccer/annecy-25dB6Eto/montpellier-Eyf00syR/?mid=zBfDPTQj
  [stats] zBfDPTQj → both, 33 metrics
  Features: quality=1, primary=6, status=both
  Score (windowed): pGoal=0, pDry=1 | 60-70 → UNDER_0_5 [TG]
  ↻ Re-analysis done (no change)
  [stats] Yk44LxzI → both, 32 metrics
  Features: quality=1, primary=6, status=both
  Score (windowed): pGoal=0.202, pDry=0.798 | 60-70 → UNDER_0_5 [TG]
  ↻ Re-analysis done (no change)

Done: 2 analyzed, 2 actionable, 0 TG sent

🔍 Checking 1 possibly finished match(es)...
  ⚽ Стад Бріошен - Вільфранш: 0:0 [FT] → ✅ HIT (bet=UNDER_0_5)
📌 Tracking 2 active prediction(s)

🔥 RUN #16: analyzed=2, signals=0
⏳ Next scan in 3m...
[22:27:02] Live scan
Opening: https://m.flashscore.ua/?s=2 (minute >= 60, 0:0 only)
Provider health [https://m.flashscore.ua/?s=2]: rows=24, 0:0 total=6, candidates=2
  ⏸ 0:0 ще рано (< 60'):
    45' Лінієрс - Фландрія [АРГЕНТИНА: Прімера В Таблиця]
    45' УАІ Уркіса - Браун Адроге [АРГЕНТИНА: Прімера В Таблиця]
    42' Керрі - ЮК Дублін [ІРЛАНДІЯ: Перший дивізіон Таблиця]
    42' Фінн Харпс - Коб Рамблерс [ІРЛАНДІЯ: Перший дивізіон Таблиця]
  ✔ 66' Маастрихт - Хелмонд [НІДЕРЛАНДИ: Еерсте Дивізі Таблиця] id=Yk44LxzI
  ✔ 71' Аннесі - Монпельє [ФРАНЦІЯ: Ліга 2 Таблиця] id=zBfDPTQj
  Found: 2 candidates, 2 new, 2 permanently skipped

→ Маастрихт - Хелмонд (66') [НІДЕРЛАНДИ: Еерсте Дивізі Таблиця]

→ Аннесі - Монпельє (71') [ФРАНЦІЯ: Ліга 2 Таблиця]
  Кф 1X2: 2.58 / 3.58 / 2.49
  Кф 1X2: 2.71 / 3.18 / 2.71
  Desktop: https://www.flashscore.ua/match/soccer/helmond-sport-SQGBcMU5/maastricht-YPQnAtpC/?mid=Yk44LxzI
  Desktop: https://www.flashscore.ua/match/soccer/annecy-25dB6Eto/montpellier-Eyf00syR/?mid=zBfDPTQj
  [stats] zBfDPTQj → both, 33 metrics
  Features: quality=1, primary=6, status=both
  Score (windowed): pGoal=0.101, pDry=0.899 | 70-80 → UNDER_0_5 [TG]
  ↻ Re-analysis done (no change)
  [stats] Yk44LxzI → both, 32 metrics
  Features: quality=1, primary=6, status=both
  Score (windowed): pGoal=0.244, pDry=0.756 | 60-70 → UNDER_0_5 [TG]
  ↻ Re-analysis done (no change)

Done: 2 analyzed, 2 actionable, 0 TG sent
📌 Tracking 2 active prediction(s)

🔥 RUN #17: analyzed=2, signals=0
⏳ Next scan in 3m...
[22:30:15] Live scan
Opening: https://m.flashscore.ua/?s=2 (minute >= 60, 0:0 only)
Provider health [https://m.flashscore.ua/?s=2]: rows=23, 0:0 total=6, candidates=2
  ⏸ 0:0 ще рано (< 60'):
    45' Лінієрс - Фландрія [АРГЕНТИНА: Прімера В Таблиця]
    45' УАІ Уркіса - Браун Адроге [АРГЕНТИНА: Прімера В Таблиця]
    45' Керрі - ЮК Дублін [ІРЛАНДІЯ: Перший дивізіон Таблиця]
    45' Фінн Харпс - Коб Рамблерс [ІРЛАНДІЯ: Перший дивізіон Таблиця]
  ✔ 69' Маастрихт - Хелмонд [НІДЕРЛАНДИ: Еерсте Дивізі Таблиця] id=Yk44LxzI
  ✔ 74' Аннесі - Монпельє [ФРАНЦІЯ: Ліга 2 Таблиця] id=zBfDPTQj
  Found: 2 candidates, 2 new, 2 permanently skipped

→ Маастрихт - Хелмонд (69') [НІДЕРЛАНДИ: Еерсте Дивізі Таблиця]

→ Аннесі - Монпельє (74') [ФРАНЦІЯ: Ліга 2 Таблиця]
  Кф 1X2: 2.71 / 3.18 / 2.71
  Кф 1X2: 2.58 / 3.58 / 2.49
  Desktop: https://www.flashscore.ua/match/soccer/helmond-sport-SQGBcMU5/maastricht-YPQnAtpC/?mid=Yk44LxzI
  [stats] Yk44LxzI → both, 33 metrics
  Features: quality=1, primary=6, status=both
  Score (windowed): pGoal=0.244, pDry=0.756 | 60-70 → UNDER_0_5 [TG]
  ↻ Re-analysis done (no change)
  ✗ Desktop URL resolve failed → permanent skip

Done: 1 analyzed, 1 actionable, 0 TG sent
📌 Tracking 2 active prediction(s)

🔥 RUN #18: analyzed=1, signals=0
⏳ Next scan in 3m...
[22:33:41] Live scan
Opening: https://m.flashscore.ua/?s=2 (minute >= 60, 0:0 only)
Provider health [https://m.flashscore.ua/?s=2]: rows=23, 0:0 total=6, candidates=2
  ⏸ 0:0 ще рано (< 60'):
    45' Лінієрс - Фландрія [АРГЕНТИНА: Прімера В Таблиця]
    45' УАІ Уркіса - Браун Адроге [АРГЕНТИНА: Прімера В Таблиця]
    45' Керрі - ЮК Дублін [ІРЛАНДІЯ: Перший дивізіон Таблиця]
  ✔ 73' Маастрихт - Хелмонд [НІДЕРЛАНДИ: Еерсте Дивізі Таблиця] id=Yk44LxzI
  ✔ 78' Аннесі - Монпельє [ФРАНЦІЯ: Ліга 2 Таблиця] id=zBfDPTQj
  Found: 2 candidates, 1 new, 3 permanently skipped

→ Маастрихт - Хелмонд (73') [НІДЕРЛАНДИ: Еерсте Дивізі Таблиця]
  Кф 1X2: 2.58 / 3.58 / 2.49
  Desktop: https://www.flashscore.ua/match/soccer/helmond-sport-SQGBcMU5/maastricht-YPQnAtpC/?mid=Yk44LxzI
  [stats] Yk44LxzI → both, 33 metrics
  Features: quality=1, primary=6, status=both
  Score (windowed): pGoal=0.048, pDry=0.952 | 70-80 → UNDER_0_5 [TG]
  ↻ Re-analysis done (no change)

Done: 1 analyzed, 1 actionable, 0 TG sent
📌 Tracking 2 active prediction(s)

🔥 RUN #19: analyzed=1, signals=0
Message sent to Telegram
⏳ Next scan in 3m...
[22:36:54] Live scan
Opening: https://m.flashscore.ua/?s=2 (minute >= 60, 0:0 only)
Provider health [https://m.flashscore.ua/?s=2]: rows=23, 0:0 total=6, candidates=2
  ⏸ 0:0 ще рано (< 60'):
    45' Лінієрс - Фландрія [АРГЕНТИНА: Прімера В Таблиця]
    45' УАІ Уркіса - Браун Адроге [АРГЕНТИНА: Прімера В Таблиця]
    45' Керрі - ЮК Дублін [ІРЛАНДІЯ: Перший дивізіон Таблиця]
    45' Фінн Харпс - Коб Рамблерс [ІРЛАНДІЯ: Перший дивізіон Таблиця]
  ✔ 76' Маастрихт - Хелмонд [НІДЕРЛАНДИ: Еерсте Дивізі Таблиця] id=Yk44LxzI
  ✔ 81' Аннесі - Монпельє [ФРАНЦІЯ: Ліга 2 Таблиця] id=zBfDPTQj
  Found: 2 candidates, 1 new, 3 permanently skipped

→ Маастрихт - Хелмонд (76') [НІДЕРЛАНДИ: Еерсте Дивізі Таблиця]
  Кф 1X2: 2.58 / 3.58 / 2.49
  Desktop: https://www.flashscore.ua/match/soccer/helmond-sport-SQGBcMU5/maastricht-YPQnAtpC/?mid=Yk44LxzI
  [stats] Yk44LxzI → both, 33 metrics
  Features: quality=1, primary=6, status=both
  Score (windowed): pGoal=0.117, pDry=0.883 | 70-80 → UNDER_0_5 [TG]
  ↻ Re-analysis done (no change)

Done: 1 analyzed, 1 actionable, 0 TG sent
📌 Tracking 2 active prediction(s)

🔥 RUN #20: analyzed=1, signals=0
⏳ Next scan in 3m...
[22:40:07] Live scan
Opening: https://m.flashscore.ua/?s=2 (minute >= 60, 0:0 only)
Provider health [https://m.flashscore.ua/?s=2]: rows=23, 0:0 total=6, candidates=2
  ⏸ 0:0 ще рано (< 60'):
    46' Лінієрс - Фландрія [АРГЕНТИНА: Прімера В Таблиця]
    47' УАІ Уркіса - Браун Адроге [АРГЕНТИНА: Прімера В Таблиця]
    45' Керрі - ЮК Дублін [ІРЛАНДІЯ: Перший дивізіон Таблиця]
    45' Фінн Харпс - Коб Рамблерс [ІРЛАНДІЯ: Перший дивізіон Таблиця]
  ✔ 79' Маастрихт - Хелмонд [НІДЕРЛАНДИ: Еерсте Дивізі Таблиця] id=Yk44LxzI
  ✔ 84' Аннесі - Монпельє [ФРАНЦІЯ: Ліга 2 Таблиця] id=zBfDPTQj
  Found: 2 candidates, 1 new, 3 permanently skipped

→ Маастрихт - Хелмонд (79') [НІДЕРЛАНДИ: Еерсте Дивізі Таблиця]
  Кф 1X2: 2.58 / 3.58 / 2.49
  Desktop: https://www.flashscore.ua/match/soccer/helmond-sport-SQGBcMU5/maastricht-YPQnAtpC/?mid=Yk44LxzI
  [stats] Yk44LxzI → both, 33 metrics
  Features: quality=1, primary=6, status=both
  Score (windowed): pGoal=0.191, pDry=0.809 | 70-80 → UNDER_0_5 [TG]
  ↻ Re-analysis done (no change)

Done: 1 analyzed, 1 actionable, 0 TG sent
📌 Tracking 2 active prediction(s)

🔥 RUN #21: analyzed=1, signals=0
⏳ Next scan in 3m...
[22:43:20] Live scan
Opening: https://m.flashscore.ua/?s=2 (minute >= 60, 0:0 only)
Provider health [https://m.flashscore.ua/?s=2]: rows=22, 0:0 total=5, candidates=1
  ⏸ 0:0 ще рано (< 60'):
    49' Лінієрс - Фландрія [АРГЕНТИНА: Прімера В Таблиця]
    50' УАІ Уркіса - Браун Адроге [АРГЕНТИНА: Прімера В Таблиця]
    45' Керрі - ЮК Дублін [ІРЛАНДІЯ: Перший дивізіон Таблиця]
    45' Фінн Харпс - Коб Рамблерс [ІРЛАНДІЯ: Перший дивізіон Таблиця]
  ✔ 87' Аннесі - Монпельє [ФРАНЦІЯ: Ліга 2 Таблиця] id=zBfDPTQj
  Found: 1 candidates, 0 new, 3 permanently skipped

Done: 0 analyzed, 0 actionable, 0 TG sent

🔍 Checking 1 possibly finished match(es)...
  ⏳ Маастрихт - Хелмонд: still live 0:0
📌 Tracking 2 active prediction(s)

🔥 RUN #22: analyzed=0, signals=0
⏳ Next scan in 3m...
[22:46:26] Live scan
Opening: https://m.flashscore.ua/?s=2 (minute >= 60, 0:0 only)
Provider health [https://m.flashscore.ua/?s=2]: rows=22, 0:0 total=5, candidates=1
  ⏸ 0:0 ще рано (< 60'):
    52' Лінієрс - Фландрія [АРГЕНТИНА: Прімера В Таблиця]
    53' УАІ Уркіса - Браун Адроге [АРГЕНТИНА: Прімера В Таблиця]
    45' Керрі - ЮК Дублін [ІРЛАНДІЯ: Перший дивізіон Таблиця]
    45' Фінн Харпс - Коб Рамблерс [ІРЛАНДІЯ: Перший дивізіон Таблиця]
  ✔ 90' Аннесі - Монпельє [ФРАНЦІЯ: Ліга 2 Таблиця] id=zBfDPTQj
  Found: 1 candidates, 0 new, 3 permanently skipped

Done: 0 analyzed, 0 actionable, 0 TG sent

🔍 Checking 1 possibly finished match(es)...
  ⏳ Маастрихт - Хелмонд: still live 0:0
📌 Tracking 2 active prediction(s)

🔥 RUN #23: analyzed=0, signals=0
⏳ Next scan in 3m...
[22:49:32] Live scan
Opening: https://m.flashscore.ua/?s=2 (minute >= 60, 0:0 only)
Provider health [https://m.flashscore.ua/?s=2]: rows=20, 0:0 total=5, candidates=0
  ⏸ 0:0 ще рано (< 60'):
    55' Лінієрс - Фландрія [АРГЕНТИНА: Прімера В Таблиця]
    56' УАІ Уркіса - Браун Адроге [АРГЕНТИНА: Прімера В Таблиця]
    45' Керрі - ЮК Дублін [ІРЛАНДІЯ: Перший дивізіон Таблиця]
    45' Фінн Харпс - Коб Рамблерс [ІРЛАНДІЯ: Перший дивізіон Таблиця]
  Found: 0 candidates, 0 new, 3 permanently skipped

Done: 0 analyzed, 0 actionable, 0 TG sent

🔍 Checking 2 possibly finished match(es)...
  ⏳ Аннесі - Монпельє: still live 0:0
  ⏳ Маастрихт - Хелмонд: still live 0:0
📌 Tracking 2 active prediction(s)

🔥 RUN #24: analyzed=0, signals=0
⏳ Next scan in 3m...
[22:52:40] Live scan
Opening: https://m.flashscore.ua/?s=2 (minute >= 60, 0:0 only)
Provider health [https://m.flashscore.ua/?s=2]: rows=18, 0:0 total=4, candidates=0
  ⏸ 0:0 ще рано (< 60'):
    58' Лінієрс - Фландрія [АРГЕНТИНА: Прімера В Таблиця]
    59' УАІ Уркіса - Браун Адроге [АРГЕНТИНА: Прімера В Таблиця]
    48' Керрі - ЮК Дублін [ІРЛАНДІЯ: Перший дивізіон Таблиця]
    47' Фінн Харпс - Коб Рамблерс [ІРЛАНДІЯ: Перший дивізіон Таблиця]
  Found: 0 candidates, 0 new, 3 permanently skipped

Done: 0 analyzed, 0 actionable, 0 TG sent

🔍 Checking 2 possibly finished match(es)...
  ⚽ Аннесі - Монпельє: 0:0 [FT] → ✅ HIT (bet=UNDER_0_5)
Message sent to Telegram
  ✓ Telegram result sent (FT)
  ⏳ Маастрихт - Хелмонд: still live 0:0
📌 Tracking 1 active prediction(s)

🔥 RUN #25: analyzed=0, signals=0
⏳ Next scan in 3m...
[22:55:49] Live scan
Opening: https://m.flashscore.ua/?s=2 (minute >= 60, 0:0 only)
Provider health [https://m.flashscore.ua/?s=2]: rows=12, 0:0 total=4, candidates=2
  ⏸ 0:0 ще рано (< 60'):
    52' Керрі - ЮК Дублін [ІРЛАНДІЯ: Перший дивізіон Таблиця]
    50' Фінн Харпс - Коб Рамблерс [ІРЛАНДІЯ: Перший дивізіон Таблиця]
  ✔ 61' Лінієрс - Фландрія [АРГЕНТИНА: Прімера В Таблиця] id=zVMys42E
  ✔ 62' УАІ Уркіса - Браун Адроге [АРГЕНТИНА: Прімера В Таблиця] id=SS1GZLfl
  Found: 2 candidates, 2 new, 3 permanently skipped

→ Лінієрс - Фландрія (61') [АРГЕНТИНА: Прімера В Таблиця]

→ УАІ Уркіса - Браун Адроге (62') [АРГЕНТИНА: Прімера В Таблиця]
  Кф 1X2: 2.35 / 2.94 / 3.06
  Кф 1X2: 2.5 / 2.94 / 3.05
  Desktop: https://www.flashscore.ua/match/soccer/flandria-6gXnhiqj/liniers-pbkBY1Me/?mid=zVMys42E
  Desktop: https://www.flashscore.ua/match/soccer/brown-adrogue-OdzWxYEj/uai-urquiza-Qyshek3E/?mid=SS1GZLfl
  [stats] zVMys42E → both, 6 metrics
  Features: quality=0.23, primary=2, status=both
  Score (windowed): pGoal=0.283, pDry=0.717 | 60-70 → UNDER_0_5
  ⏸ сигнал не пройшов (вікно 60-70, впевненість: low, bet: UNDER_0_5)
  [stats] SS1GZLfl → both, 6 metrics
  Features: quality=0.23, primary=2, status=both
  Score (windowed): pGoal=0.54, pDry=0.46 | 60-70 → SKIP

Done: 2 analyzed, 1 actionable, 0 TG sent

🔍 Checking 1 possibly finished match(es)...
  ⏳ Маастрихт - Хелмонд: still live 0:0
📌 Tracking 2 active prediction(s)

🔥 RUN #26: analyzed=2, signals=0
⏳ Next scan in 3m...
[22:59:03] Live scan
Opening: https://m.flashscore.ua/?s=2 (minute >= 60, 0:0 only)
Provider health [https://m.flashscore.ua/?s=2]: rows=9, 0:0 total=4, candidates=2
  ⏸ 0:0 ще рано (< 60'):
    55' Керрі - ЮК Дублін [ІРЛАНДІЯ: Перший дивізіон Таблиця]
    53' Фінн Харпс - Коб Рамблерс [ІРЛАНДІЯ: Перший дивізіон Таблиця]
  ✔ 64' Лінієрс - Фландрія [АРГЕНТИНА: Прімера В Таблиця] id=zVMys42E
  ✔ 65' УАІ Уркіса - Браун Адроге [АРГЕНТИНА: Прімера В Таблиця] id=SS1GZLfl
  Found: 2 candidates, 2 new, 3 permanently skipped

→ Лінієрс - Фландрія (64') [АРГЕНТИНА: Прімера В Таблиця]

→ УАІ Уркіса - Браун Адроге (65') [АРГЕНТИНА: Прімера В Таблиця]
  Кф 1X2: 2.35 / 2.94 / 3.06
  Кф 1X2: 2.5 / 2.94 / 3.05
  Desktop: https://www.flashscore.ua/match/soccer/brown-adrogue-OdzWxYEj/uai-urquiza-Qyshek3E/?mid=SS1GZLfl
  Desktop: https://www.flashscore.ua/match/soccer/flandria-6gXnhiqj/liniers-pbkBY1Me/?mid=zVMys42E
  [stats] zVMys42E → both, 6 metrics
  Features: quality=0.23, primary=2, status=both
  Score (windowed): pGoal=0.283, pDry=0.717 | 60-70 → UNDER_0_5
  ⏸ сигнал не пройшов (вікно 60-70, впевненість: low, bet: UNDER_0_5)
  [stats] SS1GZLfl → both, 6 metrics
  Features: quality=0.23, primary=2, status=both
  Score (windowed): pGoal=0.54, pDry=0.46 | 60-70 → SKIP

Done: 2 analyzed, 1 actionable, 0 TG sent

🔍 Checking 1 possibly finished match(es)...
  ⏳ Маастрихт - Хелмонд: still live 0:0
📌 Tracking 2 active prediction(s)

🔥 RUN #27: analyzed=2, signals=0
⏳ Next scan in 3m...
[23:02:17] Live scan

🔥 RUN #28: analyzed=0, signals=0
⏳ Next scan in 3m...
  Outside working hours → skip
[23:05:17] Live scan

🔥 RUN #29: analyzed=0, signals=0
⏳ Next scan in 3m...
  Outside working hours → skip
[23:08:18] Live scan

🔥 RUN #30: analyzed=0, signals=0
⏳ Next scan in 3m...
  Outside working hours → skip
[23:11:18] Live scan

🔥 RUN #31: analyzed=0, signals=0
⏳ Next scan in 3m...
  Outside working hours → skip
[23:14:19] Live scan

🔥 RUN #32: analyzed=0, signals=0
⏳ Next scan in 3m...
  Outside working hours → skip
[23:17:19] Live scan
  Outside working hours → skip

🔥 RUN #33: analyzed=0, signals=0
⏳ Next scan in 3m...
[23:20:19] Live scan

🔥 RUN #34: analyzed=0, signals=0
⏳ Next scan in 3m...
  Outside working hours → skip
[23:23:19] Live scan

🔥 RUN #35: analyzed=0, signals=0
⏳ Next scan in 3m...
  Outside working hours → skip
[23:26:19] Live scan
  Outside working hours → skip

🔥 RUN #36: analyzed=0, signals=0
⏳ Next scan in 3m...
[23:29:19] Live scan
  Outside working hours → skip

🔥 RUN #37: analyzed=0, signals=0
⏳ Next scan in 3m...
[23:32:20] Live scan
  Outside working hours → skip

🔥 RUN #38: analyzed=0, signals=0
⏳ Next scan in 3m...
[23:35:20] Live scan
  Outside working hours → skip

🔥 RUN #39: analyzed=0, signals=0
Message sent to Telegram
⏳ Next scan in 3m...
[23:38:20] Live scan
  Outside working hours → skip

🔥 RUN #40: analyzed=0, signals=0
⏳ Next scan in 3m...
[23:41:20] Live scan

🔥 RUN #41: analyzed=0, signals=0
⏳ Next scan in 3m...
  Outside working hours → skip
[23:44:21] Live scan

🔥 RUN #42: analyzed=0, signals=0
⏳ Next scan in 3m...
  Outside working hours → skip
[23:47:21] Live scan
  Outside working hours → skip

🔥 RUN #43: analyzed=0, signals=0
⏳ Next scan in 3m...
[23:50:21] Live scan
  Outside working hours → skip

🔥 RUN #44: analyzed=0, signals=0
⏳ Next scan in 3m...
[23:53:21] Live scan

🔥 RUN #45: analyzed=0, signals=0
⏳ Next scan in 3m...
  Outside working hours → skip
[23:56:21] Live scan
  Outside working hours → skip

🔥 RUN #46: analyzed=0, signals=0
⏳ Next scan in 3m...
[23:59:21] Live scan
  Outside working hours → skip

🔥 RUN #47: analyzed=0, signals=0
⏳ Next scan in 3m...
📅 New day — reset (skipped=3, tgSent=2, active=2)
[00:02:22] Live scan
  First run — checking yesterday results
  [result] Checking 3 predictions for 2026-04-10...
  [result] Аннесі - Монпельє: 0:0 → ✅ (UNDER_0_5, high)
  [result] Маастрихт - Хелмонд: 0:0 → ✅ (UNDER_0_5, high)
  [result] Аннесі - Монпельє: 0:0 → ✅ (UNDER_0_5, high)
  Yesterday: 3/6 hits (6 з прогнозом)
Message sent to Telegram
  Daily report Telegram sent (date=2026-04-10)
  Outside working hours → skip

🔥 RUN #48: analyzed=0, signals=0
⏳ Next scan in 3m...
[00:05:32] Live scan
  Outside working hours → skip

🔥 RUN #49: analyzed=0, signals=0
⏳ Next scan in 3m...
[00:08:32] Live scan
  Outside working hours → skip

🔥 RUN #50: analyzed=0, signals=0
⏳ Next scan in 3m...
[00:11:32] Live scan

🔥 RUN #51: analyzed=0, signals=0
⏳ Next scan in 3m...
  Outside working hours → skip
[00:14:33] Live scan
  Outside working hours → skip

🔥 RUN #52: analyzed=0, signals=0
⏳ Next scan in 3m...
[00:17:33] Live scan
  Outside working hours → skip

🔥 RUN #53: analyzed=0, signals=0
⏳ Next scan in 3m...
[00:20:33] Live scan
  Outside working hours → skip

🔥 RUN #54: analyzed=0, signals=0
⏳ Next scan in 3m...
[00:23:33] Live scan
  Outside working hours → skip

🔥 RUN #55: analyzed=0, signals=0
⏳ Next scan in 3m...
[00:26:33] Live scan
  Outside working hours → skip

🔥 RUN #56: analyzed=0, signals=0
⏳ Next scan in 3m...
[00:29:34] Live scan

🔥 RUN #57: analyzed=0, signals=0
⏳ Next scan in 3m...
  Outside working hours → skip
[00:32:34] Live scan
  Outside working hours → skip

🔥 RUN #58: analyzed=0, signals=0
⏳ Next scan in 3m...
[00:35:34] Live scan

🔥 RUN #59: analyzed=0, signals=0
  Outside working hours → skip
Message sent to Telegram
⏳ Next scan in 3m...
[00:38:34] Live scan
  Outside working hours → skip

🔥 RUN #60: analyzed=0, signals=0
⏳ Next scan in 3m...
[00:41:34] Live scan
  Outside working hours → skip

🔥 RUN #61: analyzed=0, signals=0
⏳ Next scan in 3m...
[00:44:35] Live scan
  Outside working hours → skip

🔥 RUN #62: analyzed=0, signals=0
⏳ Next scan in 3m...
[00:47:35] Live scan
  Outside working hours → skip

🔥 RUN #63: analyzed=0, signals=0
⏳ Next scan in 3m...
[00:50:35] Live scan
  Outside working hours → skip

🔥 RUN #64: analyzed=0, signals=0
⏳ Next scan in 3m...
[00:53:35] Live scan
  Outside working hours → skip

🔥 RUN #65: analyzed=0, signals=0
⏳ Next scan in 3m...
[00:56:35] Live scan
  Outside working hours → skip

🔥 RUN #66: analyzed=0, signals=0
⏳ Next scan in 3m...
[00:59:36] Live scan
  Outside working hours → skip

🔥 RUN #67: analyzed=0, signals=0
⏳ Next scan in 3m...
[01:02:36] Live scan

🔥 RUN #68: analyzed=0, signals=0
⏳ Next scan in 3m...
  Outside working hours → skip
[01:05:36] Live scan
  Outside working hours → skip

🔥 RUN #69: analyzed=0, signals=0
⏳ Next scan in 3m...
[01:08:36] Live scan

🔥 RUN #70: analyzed=0, signals=0
⏳ Next scan in 3m...
  Outside working hours → skip
[01:11:37] Live scan

🔥 RUN #71: analyzed=0, signals=0
⏳ Next scan in 3m...
  Outside working hours → skip
[01:14:37] Live scan
  Outside working hours → skip

🔥 RUN #72: analyzed=0, signals=0
⏳ Next scan in 3m...
[01:17:37] Live scan
  Outside working hours → skip

🔥 RUN #73: analyzed=0, signals=0
⏳ Next scan in 3m...
[01:20:37] Live scan
  Outside working hours → skip

🔥 RUN #74: analyzed=0, signals=0
⏳ Next scan in 3m...
[01:23:37] Live scan
  Outside working hours → skip

🔥 RUN #75: analyzed=0, signals=0
⏳ Next scan in 3m...
[01:26:38] Live scan
  Outside working hours → skip

🔥 RUN #76: analyzed=0, signals=0
⏳ Next scan in 3m...
[01:29:38] Live scan
  Outside working hours → skip

🔥 RUN #77: analyzed=0, signals=0
⏳ Next scan in 3m...
[01:32:39] Live scan

🔥 RUN #78: analyzed=0, signals=0
⏳ Next scan in 3m...
  Outside working hours → skip
[01:35:39] Live scan

🔥 RUN #79: analyzed=0, signals=0
  Outside working hours → skip
Message sent to Telegram
⏳ Next scan in 3m...
[01:38:39] Live scan
  Outside working hours → skip

🔥 RUN #80: analyzed=0, signals=0
⏳ Next scan in 3m...
[01:41:40] Live scan
  Outside working hours → skip

🔥 RUN #81: analyzed=0, signals=0
⏳ Next scan in 3m...
[01:44:40] Live scan
  Outside working hours → skip

🔥 RUN #82: analyzed=0, signals=0
⏳ Next scan in 3m...
[01:47:40] Live scan

🔥 RUN #83: analyzed=0, signals=0
⏳ Next scan in 3m...
  Outside working hours → skip
[01:50:40] Live scan

🔥 RUN #84: analyzed=0, signals=0
⏳ Next scan in 3m...
  Outside working hours → skip
[01:53:40] Live scan

🔥 RUN #85: analyzed=0, signals=0
⏳ Next scan in 3m...
  Outside working hours → skip
[01:56:40] Live scan

🔥 RUN #86: analyzed=0, signals=0
⏳ Next scan in 3m...
  Outside working hours → skip
[01:59:41] Live scan

🔥 RUN #87: analyzed=0, signals=0
⏳ Next scan in 3m...
  Outside working hours → skip
[02:02:41] Live scan

🔥 RUN #88: analyzed=0, signals=0
⏳ Next scan in 3m...
  Outside working hours → skip
[02:05:41] Live scan

🔥 RUN #89: analyzed=0, signals=0
⏳ Next scan in 3m...
  Outside working hours → skip
[02:08:41] Live scan

🔥 RUN #90: analyzed=0, signals=0
⏳ Next scan in 3m...
  Outside working hours → skip
[02:11:41] Live scan

🔥 RUN #91: analyzed=0, signals=0
⏳ Next scan in 3m...
  Outside working hours → skip
[02:14:41] Live scan

🔥 RUN #92: analyzed=0, signals=0
⏳ Next scan in 3m...
  Outside working hours → skip
[02:17:42] Live scan

🔥 RUN #93: analyzed=0, signals=0
⏳ Next scan in 3m...
  Outside working hours → skip
[02:20:42] Live scan

🔥 RUN #94: analyzed=0, signals=0
⏳ Next scan in 3m...
  Outside working hours → skip
[02:23:42] Live scan

🔥 RUN #95: analyzed=0, signals=0
⏳ Next scan in 3m...
  Outside working hours → skip
[02:26:42] Live scan

🔥 RUN #96: analyzed=0, signals=0
⏳ Next scan in 3m...
  Outside working hours → skip
[02:29:42] Live scan

🔥 RUN #97: analyzed=0, signals=0
⏳ Next scan in 3m...
  Outside working hours → skip
[02:32:42] Live scan

🔥 RUN #98: analyzed=0, signals=0
⏳ Next scan in 3m...
  Outside working hours → skip
[02:35:42] Live scan

🔥 RUN #99: analyzed=0, signals=0
  Outside working hours → skip
Message sent to Telegram
⏳ Next scan in 3m...
[02:38:43] Live scan

🔥 RUN #100: analyzed=0, signals=0
⏳ Next scan in 3m...
  Outside working hours → skip
[02:41:43] Live scan

🔥 RUN #101: analyzed=0, signals=0
⏳ Next scan in 3m...
  Outside working hours → skip
[02:44:43] Live scan

🔥 RUN #102: analyzed=0, signals=0
⏳ Next scan in 3m...
  Outside working hours → skip
[02:47:43] Live scan

🔥 RUN #103: analyzed=0, signals=0
⏳ Next scan in 3m...
  Outside working hours → skip
[02:50:43] Live scan

🔥 RUN #104: analyzed=0, signals=0
⏳ Next scan in 3m...
  Outside working hours → skip
[02:53:44] Live scan

🔥 RUN #105: analyzed=0, signals=0
⏳ Next scan in 3m...
  Outside working hours → skip
[02:56:44] Live scan

🔥 RUN #106: analyzed=0, signals=0
⏳ Next scan in 3m...
  Outside working hours → skip
[02:59:44] Live scan

🔥 RUN #107: analyzed=0, signals=0
⏳ Next scan in 3m...
  Outside working hours → skip
[03:02:44] Live scan

🔥 RUN #108: analyzed=0, signals=0
⏳ Next scan in 3m...
  Outside working hours → skip
[03:05:44] Live scan

🔥 RUN #109: analyzed=0, signals=0
⏳ Next scan in 3m...
  Outside working hours → skip
[03:08:44] Live scan

🔥 RUN #110: analyzed=0, signals=0
⏳ Next scan in 3m...
  Outside working hours → skip
[03:11:45] Live scan

🔥 RUN #111: analyzed=0, signals=0
⏳ Next scan in 3m...
  Outside working hours → skip
[03:14:46] Live scan

🔥 RUN #112: analyzed=0, signals=0
⏳ Next scan in 3m...
  Outside working hours → skip
[03:17:46] Live scan

🔥 RUN #113: analyzed=0, signals=0
⏳ Next scan in 3m...
  Outside working hours → skip
[03:20:46] Live scan

🔥 RUN #114: analyzed=0, signals=0
⏳ Next scan in 3m...
  Outside working hours → skip
[03:23:46] Live scan

🔥 RUN #115: analyzed=0, signals=0
⏳ Next scan in 3m...
  Outside working hours → skip
[03:26:47] Live scan

🔥 RUN #116: analyzed=0, signals=0
⏳ Next scan in 3m...
  Outside working hours → skip
[03:29:47] Live scan

🔥 RUN #117: analyzed=0, signals=0
⏳ Next scan in 3m...
  Outside working hours → skip
[03:32:47] Live scan

🔥 RUN #118: analyzed=0, signals=0
⏳ Next scan in 3m...
  Outside working hours → skip
[03:35:47] Live scan

🔥 RUN #119: analyzed=0, signals=0
  Outside working hours → skip
Message sent to Telegram
⏳ Next scan in 3m...
[03:38:48] Live scan

🔥 RUN #120: analyzed=0, signals=0
⏳ Next scan in 3m...
  Outside working hours → skip
[03:41:48] Live scan

🔥 RUN #121: analyzed=0, signals=0
⏳ Next scan in 3m...
  Outside working hours → skip
[03:44:48] Live scan

🔥 RUN #122: analyzed=0, signals=0
⏳ Next scan in 3m...
  Outside working hours → skip
[03:47:48] Live scan

🔥 RUN #123: analyzed=0, signals=0
⏳ Next scan in 3m...
  Outside working hours → skip
[03:50:48] Live scan

🔥 RUN #124: analyzed=0, signals=0
⏳ Next scan in 3m...
  Outside working hours → skip
[03:53:48] Live scan

🔥 RUN #125: analyzed=0, signals=0
⏳ Next scan in 3m...
  Outside working hours → skip
[03:56:49] Live scan

🔥 RUN #126: analyzed=0, signals=0
⏳ Next scan in 3m...
  Outside working hours → skip
[03:59:49] Live scan

🔥 RUN #127: analyzed=0, signals=0
⏳ Next scan in 3m...
  Outside working hours → skip
[04:02:49] Live scan

🔥 RUN #128: analyzed=0, signals=0
⏳ Next scan in 3m...
  Outside working hours → skip
[04:05:49] Live scan

🔥 RUN #129: analyzed=0, signals=0
⏳ Next scan in 3m...
  Outside working hours → skip
[04:08:49] Live scan

🔥 RUN #130: analyzed=0, signals=0
⏳ Next scan in 3m...
  Outside working hours → skip
[04:11:49] Live scan

🔥 RUN #131: analyzed=0, signals=0
⏳ Next scan in 3m...
  Outside working hours → skip
[04:14:49] Live scan

🔥 RUN #132: analyzed=0, signals=0
⏳ Next scan in 3m...
  Outside working hours → skip
[04:17:50] Live scan
  Outside working hours → skip

🔥 RUN #133: analyzed=0, signals=0
⏳ Next scan in 3m...
[04:20:50] Live scan

🔥 RUN #134: analyzed=0, signals=0
⏳ Next scan in 3m...
  Outside working hours → skip
[04:23:50] Live scan

🔥 RUN #135: analyzed=0, signals=0
⏳ Next scan in 3m...
  Outside working hours → skip
[04:26:50] Live scan

🔥 RUN #136: analyzed=0, signals=0
⏳ Next scan in 3m...
  Outside working hours → skip
[04:29:50] Live scan

🔥 RUN #137: analyzed=0, signals=0
⏳ Next scan in 3m...
  Outside working hours → skip
[04:32:51] Live scan

🔥 RUN #138: analyzed=0, signals=0
⏳ Next scan in 3m...
  Outside working hours → skip
[04:35:51] Live scan

🔥 RUN #139: analyzed=0, signals=0
  Outside working hours → skip
Message sent to Telegram
⏳ Next scan in 3m...
[04:38:51] Live scan

🔥 RUN #140: analyzed=0, signals=0
⏳ Next scan in 3m...
  Outside working hours → skip
[04:41:51] Live scan

🔥 RUN #141: analyzed=0, signals=0
⏳ Next scan in 3m...
  Outside working hours → skip
[04:44:51] Live scan

🔥 RUN #142: analyzed=0, signals=0
⏳ Next scan in 3m...
  Outside working hours → skip
[04:47:52] Live scan

🔥 RUN #143: analyzed=0, signals=0
⏳ Next scan in 3m...
  Outside working hours → skip
[04:50:52] Live scan

🔥 RUN #144: analyzed=0, signals=0
⏳ Next scan in 3m...
  Outside working hours → skip
[04:53:52] Live scan

🔥 RUN #145: analyzed=0, signals=0
⏳ Next scan in 3m...
  Outside working hours → skip
[04:56:52] Live scan

🔥 RUN #146: analyzed=0, signals=0
⏳ Next scan in 3m...
  Outside working hours → skip
[04:59:52] Live scan

🔥 RUN #147: analyzed=0, signals=0
⏳ Next scan in 3m...
  Outside working hours → skip
[05:02:52] Live scan

🔥 RUN #148: analyzed=0, signals=0
⏳ Next scan in 3m...
  Outside working hours → skip
[05:05:53] Live scan

🔥 RUN #149: analyzed=0, signals=0
⏳ Next scan in 3m...
  Outside working hours → skip
[05:08:53] Live scan

🔥 RUN #150: analyzed=0, signals=0
⏳ Next scan in 3m...
  Outside working hours → skip
[05:11:53] Live scan

🔥 RUN #151: analyzed=0, signals=0
⏳ Next scan in 3m...
  Outside working hours → skip
[05:14:53] Live scan

🔥 RUN #152: analyzed=0, signals=0
⏳ Next scan in 3m...
  Outside working hours → skip
[05:17:53] Live scan

🔥 RUN #153: analyzed=0, signals=0
⏳ Next scan in 3m...
  Outside working hours → skip
[05:20:53] Live scan

🔥 RUN #154: analyzed=0, signals=0
⏳ Next scan in 3m...
  Outside working hours → skip
[05:23:54] Live scan

🔥 RUN #155: analyzed=0, signals=0
⏳ Next scan in 3m...
  Outside working hours → skip
[05:26:54] Live scan

🔥 RUN #156: analyzed=0, signals=0
⏳ Next scan in 3m...
  Outside working hours → skip
[05:29:54] Live scan

🔥 RUN #157: analyzed=0, signals=0
⏳ Next scan in 3m...
  Outside working hours → skip
[05:32:54] Live scan

🔥 RUN #158: analyzed=0, signals=0
⏳ Next scan in 3m...
  Outside working hours → skip
[05:35:54] Live scan

🔥 RUN #159: analyzed=0, signals=0
  Outside working hours → skip
Message sent to Telegram
⏳ Next scan in 3m...
[05:38:55] Live scan

🔥 RUN #160: analyzed=0, signals=0
⏳ Next scan in 3m...
  Outside working hours → skip
[05:41:55] Live scan

🔥 RUN #161: analyzed=0, signals=0
⏳ Next scan in 3m...
  Outside working hours → skip
[05:44:55] Live scan

🔥 RUN #162: analyzed=0, signals=0
⏳ Next scan in 3m...
  Outside working hours → skip
[08:00:55] Live scan
  Outside working hours → skip

🔥 RUN #163: analyzed=0, signals=0
Error sending message to Telegram: AxiosError: getaddrinfo ENOTFOUND api.telegram.org
    at AxiosError.from (/Users/maralov/personal/parserFootballOdds/node_modules/axios/dist/node/axios.cjs:837:14)
    at RedirectableRequest.handleRequestError (/Users/maralov/personal/parserFootballOdds/node_modules/axios/dist/node/axios.cjs:3083:25)
    at RedirectableRequest.emit (node:events:518:28)
    at eventHandlers.<computed> (/Users/maralov/personal/parserFootballOdds/node_modules/follow-redirects/index.js:14:24)
    at ClientRequest.emit (node:events:518:28)
    at emitErrorEvent (node:_http_client:104:11)
    at TLSSocket.socketErrorListener (node:_http_client:518:5)
    at TLSSocket.emit (node:events:518:28)
    at emitErrorNT (node:internal/streams/destroy:170:8)
    at emitErrorCloseNT (node:internal/streams/destroy:129:3) {
  hostname: 'api.telegram.org',
  syscall: 'getaddrinfo',
  code: 'ENOTFOUND',
  errno: -3008,
  config: {
    transitional: {
      silentJSONParsing: true,
      forcedJSONParsing: true,
      clarifyTimeoutError: false
    },
    adapter: [ 'xhr', 'http' ],
    transformRequest: [ [Function: transformRequest] ],
    transformResponse: [ [Function: transformResponse] ],
    timeout: 0,
    xsrfCookieName: 'XSRF-TOKEN',
    xsrfHeaderName: 'X-XSRF-TOKEN',
    maxContentLength: -1,
    maxBodyLength: -1,
    env: { FormData: [Function], Blob: [class Blob] },
    validateStatus: [Function: validateStatus],
    headers: Object [AxiosHeaders] {
      Accept: 'application/json, text/plain, */*',
      'Content-Type': 'application/json',
      'User-Agent': 'axios/1.6.2',
      'Content-Length': '150',
      'Accept-Encoding': 'gzip, compress, deflate, br'
    },
    method: 'post',
    url: 'https://api.telegram.org/bot6988346590:AAHG4cq9RKXJ31rExoZk5t_2xcKJMfn7fm4/sendMessage',
    data: '{"chat_id":"81777186","text":"🟢 Парсер активний (08:00)\\nЦиклів: 163 | Skipped: 0 | TG: 0 | Active: 0","parse_mode":"Markdown"}'
  },
  request: <ref *1> Writable {
    _events: {
      close: undefined,
      error: [Function: handleRequestError],
      prefinish: undefined,
      finish: undefined,
      drain: undefined,
      response: [Function: handleResponse],
      socket: [Function: handleRequestSocket]
    },
    _writableState: WritableState {
      highWaterMark: 65536,
      length: 0,
      corked: 0,
      onwrite: [Function: bound onwrite],
      writelen: 0,
      bufferedIndex: 0,
      pendingcb: 0,
      [Symbol(kState)]: 17580812,
      [Symbol(kBufferedValue)]: null
    },
    _maxListeners: undefined,
    _options: {
      maxRedirects: 21,
      maxBodyLength: Infinity,
      protocol: 'https:',
      path: '/bot6988346590:AAHG4cq9RKXJ31rExoZk5t_2xcKJMfn7fm4/sendMessage',
      method: 'POST',
      headers: [Object: null prototype],
      agents: [Object],
      auth: undefined,
      family: undefined,
      beforeRedirect: [Function: dispatchBeforeRedirect],
      beforeRedirects: [Object],
      hostname: 'api.telegram.org',
      port: '',
      agent: undefined,
      nativeProtocols: [Object],
      pathname: '/bot6988346590:AAHG4cq9RKXJ31rExoZk5t_2xcKJMfn7fm4/sendMessage'
    },
    _ended: false,
    _ending: true,
    _redirectCount: 0,
    _redirects: [],
    _requestBodyLength: 150,
    _requestBodyBuffers: [ [Object] ],
    _eventsCount: 3,
    _onNativeResponse: [Function (anonymous)],
    _currentRequest: ClientRequest {
      _events: [Object: null prototype],
      _eventsCount: 7,
      _maxListeners: undefined,
      outputData: [],
      outputSize: 0,
      writable: true,
      destroyed: false,
      _last: false,
      chunkedEncoding: false,
      shouldKeepAlive: true,
      maxRequestsOnConnectionReached: false,
      _defaultKeepAlive: true,
      useChunkedEncodingByDefault: true,
      sendDate: false,
      _removedConnection: false,
      _removedContLen: false,
      _removedTE: false,
      strictContentLength: false,
      _contentLength: 150,
      _hasBody: true,
      _trailer: '',
      finished: false,
      _headerSent: true,
      _closed: false,
      _header: 'POST /bot6988346590:AAHG4cq9RKXJ31rExoZk5t_2xcKJMfn7fm4/sendMessage HTTP/1.1\r\n' +
        'Accept: application/json, text/plain, */*\r\n' +
        'Content-Type: application/json\r\n' +
        'User-Agent: axios/1.6.2\r\n' +
        'Content-Length: 150\r\n' +
        'Accept-Encoding: gzip, compress, deflate, br\r\n' +
        'Host: api.telegram.org\r\n' +
        'Connection: keep-alive\r\n' +
        '\r\n',
      _keepAliveTimeout: 0,
      _onPendingData: [Function: nop],
      agent: [Agent],
      socketPath: undefined,
      method: 'POST',
      maxHeaderSize: undefined,
      insecureHTTPParser: undefined,
      joinDuplicateHeaders: undefined,
      path: '/bot6988346590:AAHG4cq9RKXJ31rExoZk5t_2xcKJMfn7fm4/sendMessage',
      _ended: false,
      res: null,
      aborted: false,
      timeoutCb: [Function: emitRequestTimeout],
      upgradeOrConnect: false,
      parser: null,
      maxHeadersCount: null,
      reusedSocket: false,
      host: 'api.telegram.org',
      protocol: 'https:',
      _redirectable: [Circular *1],
      [Symbol(shapeMode)]: false,
      [Symbol(kCapture)]: false,
      [Symbol(kBytesWritten)]: 0,
      [Symbol(kNeedDrain)]: false,
      [Symbol(corked)]: 0,
      [Symbol(kChunkedBuffer)]: [],
      [Symbol(kChunkedLength)]: 0,
      [Symbol(kSocket)]: [TLSSocket],
      [Symbol(kOutHeaders)]: [Object: null prototype],
      [Symbol(errored)]: null,
      [Symbol(kHighWaterMark)]: 65536,
      [Symbol(kRejectNonStandardBodyWrites)]: false,
      [Symbol(kUniqueHeaders)]: null
    },
    _currentUrl: 'https://api.telegram.org/bot6988346590:AAHG4cq9RKXJ31rExoZk5t_2xcKJMfn7fm4/sendMessage',
    [Symbol(shapeMode)]: true,
    [Symbol(kCapture)]: false
  },
  cause: Error: getaddrinfo ENOTFOUND api.telegram.org
      at GetAddrInfoReqWrap.onlookupall [as oncomplete] (node:dns:122:26) {
    errno: -3008,
    code: 'ENOTFOUND',
    syscall: 'getaddrinfo',
    hostname: 'api.telegram.org'
  }
}
⏳ Next scan in 3m...
[08:03:56] Live scan

🔥 RUN #164: analyzed=0, signals=0
⏳ Next scan in 3m...
  Outside working hours → skip
[08:06:56] Live scan

🔥 RUN #165: analyzed=0, signals=0
⏳ Next scan in 3m...
  Outside working hours → skip
[08:09:56] Live scan

🔥 RUN #166: analyzed=0, signals=0
⏳ Next scan in 3m...
  Outside working hours → skip
[08:12:56] Live scan

🔥 RUN #167: analyzed=0, signals=0
⏳ Next scan in 3m...
  Outside working hours → skip
[08:15:56] Live scan
  Outside working hours → skip

🔥 RUN #168: analyzed=0, signals=0
⏳ Next scan in 3m...
[08:18:56] Live scan
  Outside working hours → skip

🔥 RUN #169: analyzed=0, signals=0
⏳ Next scan in 3m...
[08:21:57] Live scan
  Outside working hours → skip

🔥 RUN #170: analyzed=0, signals=0
⏳ Next scan in 3m...
[08:24:58] Live scan
  Outside working hours → skip

🔥 RUN #171: analyzed=0, signals=0
⏳ Next scan in 3m...
[08:27:59] Live scan

🔥 RUN #172: analyzed=0, signals=0
⏳ Next scan in 3m...
  Outside working hours → skip
[08:30:59] Live scan

🔥 RUN #173: analyzed=0, signals=0
⏳ Next scan in 3m...
  Outside working hours → skip
[08:34:00] Live scan

🔥 RUN #174: analyzed=0, signals=0
⏳ Next scan in 3m...
  Outside working hours → skip
[08:37:00] Live scan

🔥 RUN #175: analyzed=0, signals=0
⏳ Next scan in 3m...
  Outside working hours → skip
[08:40:00] Live scan

🔥 RUN #176: analyzed=0, signals=0
⏳ Next scan in 3m...
  Outside working hours → skip
[08:43:00] Live scan

🔥 RUN #177: analyzed=0, signals=0
⏳ Next scan in 3m...
  Outside working hours → skip
[08:46:00] Live scan

🔥 RUN #178: analyzed=0, signals=0
⏳ Next scan in 3m...
  Outside working hours → skip
[08:49:00] Live scan

🔥 RUN #179: analyzed=0, signals=0
⏳ Next scan in 3m...
  Outside working hours → skip
[08:52:01] Live scan

🔥 RUN #180: analyzed=0, signals=0
⏳ Next scan in 3m...
  Outside working hours → skip
[08:55:01] Live scan

🔥 RUN #181: analyzed=0, signals=0
⏳ Next scan in 3m...
  Outside working hours → skip
[08:58:01] Live scan

🔥 RUN #182: analyzed=0, signals=0
⏳ Next scan in 3m...
  Outside working hours → skip
[09:01:01] Live scan

🔥 RUN #183: analyzed=0, signals=0
  Outside working hours → skip
Message sent to Telegram
⏳ Next scan in 3m...
[09:04:01] Live scan

🔥 RUN #184: analyzed=0, signals=0
⏳ Next scan in 3m...
  Outside working hours → skip
[09:07:02] Live scan

🔥 RUN #185: analyzed=0, signals=0
⏳ Next scan in 3m...
  Outside working hours → skip
[09:10:02] Live scan

🔥 RUN #186: analyzed=0, signals=0
⏳ Next scan in 3m...
  Outside working hours → skip
[09:13:02] Live scan

🔥 RUN #187: analyzed=0, signals=0
⏳ Next scan in 3m...
  Outside working hours → skip
[09:16:02] Live scan

🔥 RUN #188: analyzed=0, signals=0
⏳ Next scan in 3m...
  Outside working hours → skip
[09:19:02] Live scan

🔥 RUN #189: analyzed=0, signals=0
⏳ Next scan in 3m...
  Outside working hours → skip
[09:22:02] Live scan

🔥 RUN #190: analyzed=0, signals=0
⏳ Next scan in 3m...
  Outside working hours → skip
[09:25:02] Live scan

🔥 RUN #191: analyzed=0, signals=0
⏳ Next scan in 3m...
  Outside working hours → skip
[09:28:03] Live scan

🔥 RUN #192: analyzed=0, signals=0
⏳ Next scan in 3m...
  Outside working hours → skip
[09:31:03] Live scan

🔥 RUN #193: analyzed=0, signals=0
⏳ Next scan in 3m...
  Outside working hours → skip
[09:34:03] Live scan

🔥 RUN #194: analyzed=0, signals=0
⏳ Next scan in 3m...
  Outside working hours → skip
[09:37:03] Live scan

🔥 RUN #195: analyzed=0, signals=0
⏳ Next scan in 3m...
  Outside working hours → skip
[09:40:03] Live scan
  Outside working hours → skip

🔥 RUN #196: analyzed=0, signals=0
⏳ Next scan in 3m...
[09:43:04] Live scan
  Outside working hours → skip

🔥 RUN #197: analyzed=0, signals=0
⏳ Next scan in 3m...
[09:46:04] Live scan

🔥 RUN #198: analyzed=0, signals=0
⏳ Next scan in 3m...
  Outside working hours → skip
[09:49:04] Live scan
  Outside working hours → skip

🔥 RUN #199: analyzed=0, signals=0
⏳ Next scan in 3m...
[09:52:04] Live scan

🔥 RUN #200: analyzed=0, signals=0
⏳ Next scan in 3m...
  Outside working hours → skip
[09:55:04] Live scan
  Outside working hours → skip

🔥 RUN #201: analyzed=0, signals=0
⏳ Next scan in 3m...
[09:58:04] Live scan

🔥 RUN #202: analyzed=0, signals=0
⏳ Next scan in 3m...
  Outside working hours → skip
[10:01:05] Live scan
  10:00 — checking yesterday results
  [result] No unchecked predictions for 2026-04-10
  Yesterday: 3/6 hits (6 з прогнозом)
  Daily report already sent for 2026-04-10 — skip Telegram
  Outside working hours → skip

🔥 RUN #203: analyzed=0, signals=0
Message sent to Telegram
⏳ Next scan in 3m...
[10:04:07] Live scan

🔥 RUN #204: analyzed=0, signals=0
⏳ Next scan in 3m...
  Outside working hours → skip
[10:07:07] Live scan
  Outside working hours → skip

🔥 RUN #205: analyzed=0, signals=0
⏳ Next scan in 3m...
[10:10:07] Live scan

🔥 RUN #206: analyzed=0, signals=0
⏳ Next scan in 3m...
  Outside working hours → skip
[10:13:07] Live scan
  Outside working hours → skip

🔥 RUN #207: analyzed=0, signals=0
⏳ Next scan in 3m...
[10:16:07] Live scan
  Outside working hours → skip

🔥 RUN #208: analyzed=0, signals=0
⏳ Next scan in 3m...
[10:19:08] Live scan
  Outside working hours → skip

🔥 RUN #209: analyzed=0, signals=0
⏳ Next scan in 3m...
[10:22:08] Live scan

🔥 RUN #210: analyzed=0, signals=0
⏳ Next scan in 3m...
  Outside working hours → skip
[10:25:08] Live scan

🔥 RUN #211: analyzed=0, signals=0
⏳ Next scan in 3m...
  Outside working hours → skip
[10:28:08] Live scan

🔥 RUN #212: analyzed=0, signals=0
⏳ Next scan in 3m...
  Outside working hours → skip
[10:31:08] Live scan
  Outside working hours → skip

🔥 RUN #213: analyzed=0, signals=0
⏳ Next scan in 3m...
[10:34:08] Live scan

🔥 RUN #214: analyzed=0, signals=0
⏳ Next scan in 3m...
  Outside working hours → skip
[10:37:09] Live scan
  Outside working hours → skip

🔥 RUN #215: analyzed=0, signals=0
⏳ Next scan in 3m...
[10:40:09] Live scan

🔥 RUN #216: analyzed=0, signals=0
⏳ Next scan in 3m...
  Outside working hours → skip
[10:43:09] Live scan
  Outside working hours → skip

🔥 RUN #217: analyzed=0, signals=0
⏳ Next scan in 3m...
[10:46:09] Live scan

🔥 RUN #218: analyzed=0, signals=0
⏳ Next scan in 3m...
  Outside working hours → skip
[10:49:09] Live scan
  Outside working hours → skip

🔥 RUN #219: analyzed=0, signals=0
⏳ Next scan in 3m...
[10:52:09] Live scan

🔥 RUN #220: analyzed=0, signals=0
⏳ Next scan in 3m...
  Outside working hours → skip
[10:55:10] Live scan

🔥 RUN #221: analyzed=0, signals=0
⏳ Next scan in 3m...
  Outside working hours → skip
[10:58:10] Live scan
  Outside working hours → skip

🔥 RUN #222: analyzed=0, signals=0
⏳ Next scan in 3m...
[11:01:10] Live scan
  Outside working hours → skip

🔥 RUN #223: analyzed=0, signals=0
Message sent to Telegram
⏳ Next scan in 3m...
[11:04:10] Live scan

🔥 RUN #224: analyzed=0, signals=0
⏳ Next scan in 3m...
  Outside working hours → skip
[11:07:10] Live scan

🔥 RUN #225: analyzed=0, signals=0
⏳ Next scan in 3m...
  Outside working hours → skip
[11:10:11] Live scan
  Outside working hours → skip

🔥 RUN #226: analyzed=0, signals=0
⏳ Next scan in 3m...
[11:13:11] Live scan
  Outside working hours → skip

🔥 RUN #227: analyzed=0, signals=0
⏳ Next scan in 3m...
[11:16:11] Live scan
  Outside working hours → skip

🔥 RUN #228: analyzed=0, signals=0
⏳ Next scan in 3m...
[11:19:11] Live scan
  Outside working hours → skip

🔥 RUN #229: analyzed=0, signals=0
⏳ Next scan in 3m...
[11:22:11] Live scan
  Outside working hours → skip

🔥 RUN #230: analyzed=0, signals=0
⏳ Next scan in 3m...
[11:25:12] Live scan

🔥 RUN #231: analyzed=0, signals=0
⏳ Next scan in 3m...
  Outside working hours → skip
[11:28:12] Live scan
  Outside working hours → skip

🔥 RUN #232: analyzed=0, signals=0
⏳ Next scan in 3m...
[11:31:12] Live scan
  Outside working hours → skip

🔥 RUN #233: analyzed=0, signals=0
⏳ Next scan in 3m...
[11:34:12] Live scan

🔥 RUN #234: analyzed=0, signals=0
⏳ Next scan in 3m...
  Outside working hours → skip
[11:37:12] Live scan

🔥 RUN #235: analyzed=0, signals=0
⏳ Next scan in 3m...
  Outside working hours → skip
[11:40:12] Live scan

🔥 RUN #236: analyzed=0, signals=0
⏳ Next scan in 3m...
  Outside working hours → skip
[11:43:13] Live scan
  Outside working hours → skip

🔥 RUN #237: analyzed=0, signals=0
⏳ Next scan in 3m...
[11:46:13] Live scan

🔥 RUN #238: analyzed=0, signals=0
⏳ Next scan in 3m...
  Outside working hours → skip
[11:49:13] Live scan
  Outside working hours → skip

🔥 RUN #239: analyzed=0, signals=0
⏳ Next scan in 3m...
[11:52:13] Live scan

🔥 RUN #240: analyzed=0, signals=0
⏳ Next scan in 3m...
  Outside working hours → skip
[11:55:13] Live scan

🔥 RUN #241: analyzed=0, signals=0
⏳ Next scan in 3m...
  Outside working hours → skip
[11:58:13] Live scan
  Outside working hours → skip

🔥 RUN #242: analyzed=0, signals=0
⏳ Next scan in 3m...
[12:01:14] Live scan
  Outside working hours → skip

🔥 RUN #243: analyzed=0, signals=0
Message sent to Telegram
⏳ Next scan in 3m...
[12:04:14] Live scan

🔥 RUN #244: analyzed=0, signals=0
⏳ Next scan in 3m...
  Outside working hours → skip
[12:07:14] Live scan
  Outside working hours → skip

🔥 RUN #245: analyzed=0, signals=0
⏳ Next scan in 3m...
[12:10:15] Live scan
  Outside working hours → skip

🔥 RUN #246: analyzed=0, signals=0
⏳ Next scan in 3m...
[12:13:15] Live scan
  Outside working hours → skip

🔥 RUN #247: analyzed=0, signals=0
⏳ Next scan in 3m...
[12:16:16] Live scan

🔥 RUN #248: analyzed=0, signals=0
⏳ Next scan in 3m...
  Outside working hours → skip
[12:19:16] Live scan
  Outside working hours → skip

🔥 RUN #249: analyzed=0, signals=0
⏳ Next scan in 3m...
[12:22:16] Live scan
  Outside working hours → skip

🔥 RUN #250: analyzed=0, signals=0
⏳ Next scan in 3m...
[12:25:16] Live scan

🔥 RUN #251: analyzed=0, signals=0
⏳ Next scan in 3m...
  Outside working hours → skip
[12:28:16] Live scan
  Outside working hours → skip

🔥 RUN #252: analyzed=0, signals=0
⏳ Next scan in 3m...
[12:31:16] Live scan

🔥 RUN #253: analyzed=0, signals=0
⏳ Next scan in 3m...
  Outside working hours → skip
[12:34:16] Live scan

🔥 RUN #254: analyzed=0, signals=0
⏳ Next scan in 3m...
  Outside working hours → skip
[12:37:17] Live scan
  Outside working hours → skip

🔥 RUN #255: analyzed=0, signals=0
⏳ Next scan in 3m...
[12:40:17] Live scan

🔥 RUN #256: analyzed=0, signals=0
⏳ Next scan in 3m...
  Outside working hours → skip
[12:43:17] Live scan
  Outside working hours → skip

🔥 RUN #257: analyzed=0, signals=0
⏳ Next scan in 3m...
[12:46:17] Live scan
  Outside working hours → skip

🔥 RUN #258: analyzed=0, signals=0
⏳ Next scan in 3m...
[12:49:17] Live scan

🔥 RUN #259: analyzed=0, signals=0
⏳ Next scan in 3m...
  Outside working hours → skip
[12:52:17] Live scan
  Outside working hours → skip

🔥 RUN #260: analyzed=0, signals=0
⏳ Next scan in 3m...
[12:55:18] Live scan
  Outside working hours → skip

🔥 RUN #261: analyzed=0, signals=0
⏳ Next scan in 3m...
[12:58:18] Live scan
  Outside working hours → skip

🔥 RUN #262: analyzed=0, signals=0
⏳ Next scan in 3m...
[13:01:18] Live scan
  Outside working hours → skip

🔥 RUN #263: analyzed=0, signals=0
Message sent to Telegram
⏳ Next scan in 3m...
[13:04:18] Live scan

🔥 RUN #264: analyzed=0, signals=0
⏳ Next scan in 3m...
  Outside working hours → skip
[13:07:18] Live scan
  Outside working hours → skip

🔥 RUN #265: analyzed=0, signals=0
⏳ Next scan in 3m...
[13:10:19] Live scan
  Outside working hours → skip

🔥 RUN #266: analyzed=0, signals=0
⏳ Next scan in 3m...
[13:13:19] Live scan
  Outside working hours → skip

🔥 RUN #267: analyzed=0, signals=0
⏳ Next scan in 3m...
[13:16:19] Live scan
  Outside working hours → skip

🔥 RUN #268: analyzed=0, signals=0
⏳ Next scan in 3m...
[13:19:19] Live scan

🔥 RUN #269: analyzed=0, signals=0
⏳ Next scan in 3m...
  Outside working hours → skip
[13:22:19] Live scan
  Outside working hours → skip

🔥 RUN #270: analyzed=0, signals=0
⏳ Next scan in 3m...
[13:25:20] Live scan
  Outside working hours → skip

🔥 RUN #271: analyzed=0, signals=0
⏳ Next scan in 3m...
[13:28:20] Live scan
  Outside working hours → skip

🔥 RUN #272: analyzed=0, signals=0
⏳ Next scan in 3m...
[13:31:20] Live scan
  Outside working hours → skip

🔥 RUN #273: analyzed=0, signals=0
⏳ Next scan in 3m...
[13:34:20] Live scan
  Outside working hours → skip

🔥 RUN #274: analyzed=0, signals=0
⏳ Next scan in 3m...
[13:37:20] Live scan
  Outside working hours → skip

🔥 RUN #275: analyzed=0, signals=0
⏳ Next scan in 3m...
[13:40:20] Live scan
  Outside working hours → skip

🔥 RUN #276: analyzed=0, signals=0
⏳ Next scan in 3m...
[13:43:21] Live scan
  Outside working hours → skip

🔥 RUN #277: analyzed=0, signals=0
⏳ Next scan in 3m...
[13:46:21] Live scan

🔥 RUN #278: analyzed=0, signals=0
⏳ Next scan in 3m...
  Outside working hours → skip
[13:49:21] Live scan
  Outside working hours → skip

🔥 RUN #279: analyzed=0, signals=0
⏳ Next scan in 3m...
[13:52:21] Live scan
  Outside working hours → skip

🔥 RUN #280: analyzed=0, signals=0
⏳ Next scan in 3m...
[13:55:21] Live scan

🔥 RUN #281: analyzed=0, signals=0
⏳ Next scan in 3m...
  Outside working hours → skip
[13:58:21] Live scan
  Outside working hours → skip

🔥 RUN #282: analyzed=0, signals=0
⏳ Next scan in 3m...
[14:01:22] Live scan
  Outside working hours → skip

🔥 RUN #283: analyzed=0, signals=0
Message sent to Telegram
⏳ Next scan in 3m...
[14:04:22] Live scan

🔥 RUN #284: analyzed=0, signals=0
⏳ Next scan in 3m...
  Outside working hours → skip
[14:07:22] Live scan

🔥 RUN #285: analyzed=0, signals=0
⏳ Next scan in 3m...
  Outside working hours → skip
[14:10:22] Live scan
  Outside working hours → skip

🔥 RUN #286: analyzed=0, signals=0
⏳ Next scan in 3m...
[14:13:23] Live scan
  Outside working hours → skip

🔥 RUN #287: analyzed=0, signals=0
⏳ Next scan in 3m...
[14:16:23] Live scan
  Outside working hours → skip

🔥 RUN #288: analyzed=0, signals=0
⏳ Next scan in 3m...
[14:19:23] Live scan
  Outside working hours → skip

🔥 RUN #289: analyzed=0, signals=0
⏳ Next scan in 3m...
[14:22:23] Live scan

🔥 RUN #290: analyzed=0, signals=0
⏳ Next scan in 3m...
  Outside working hours → skip
[14:25:23] Live scan

🔥 RUN #291: analyzed=0, signals=0
⏳ Next scan in 3m...
  Outside working hours → skip
[14:28:23] Live scan
  Outside working hours → skip

🔥 RUN #292: analyzed=0, signals=0
⏳ Next scan in 3m...
[14:31:24] Live scan
  Outside working hours → skip

🔥 RUN #293: analyzed=0, signals=0
⏳ Next scan in 3m...
[14:34:24] Live scan
  Outside working hours → skip

🔥 RUN #294: analyzed=0, signals=0
⏳ Next scan in 3m...
[14:37:24] Live scan
  Outside working hours → skip

🔥 RUN #295: analyzed=0, signals=0
⏳ Next scan in 3m...
[14:40:24] Live scan
  Outside working hours → skip

🔥 RUN #296: analyzed=0, signals=0
⏳ Next scan in 3m...
[14:43:24] Live scan
  Outside working hours → skip

🔥 RUN #297: analyzed=0, signals=0
⏳ Next scan in 3m...
[14:46:24] Live scan
  Outside working hours → skip

🔥 RUN #298: analyzed=0, signals=0
⏳ Next scan in 3m...
[14:49:25] Live scan

🔥 RUN #299: analyzed=0, signals=0
⏳ Next scan in 3m...
  Outside working hours → skip
[14:52:25] Live scan

🔥 RUN #300: analyzed=0, signals=0
⏳ Next scan in 3m...
  Outside working hours → skip
[14:55:25] Live scan

🔥 RUN #301: analyzed=0, signals=0
⏳ Next scan in 3m...
  Outside working hours → skip
[14:58:25] Live scan
  Outside working hours → skip

🔥 RUN #302: analyzed=0, signals=0
⏳ Next scan in 3m...
[15:01:25] Live scan

🔥 RUN #303: analyzed=0, signals=0
  Outside working hours → skip
Message sent to Telegram
⏳ Next scan in 3m...
[15:04:26] Live scan

🔥 RUN #304: analyzed=0, signals=0
⏳ Next scan in 3m...
  Outside working hours → skip
[15:07:26] Live scan

🔥 RUN #305: analyzed=0, signals=0
⏳ Next scan in 3m...
  Outside working hours → skip
[15:10:27] Live scan
  Outside working hours → skip

🔥 RUN #306: analyzed=0, signals=0
⏳ Next scan in 3m...
[15:13:27] Live scan

🔥 RUN #307: analyzed=0, signals=0
⏳ Next scan in 3m...
  Outside working hours → skip
[15:16:27] Live scan

🔥 RUN #308: analyzed=0, signals=0
⏳ Next scan in 3m...
  Outside working hours → skip
[15:19:28] Live scan
  Outside working hours → skip

🔥 RUN #309: analyzed=0, signals=0
⏳ Next scan in 3m...
[15:22:28] Live scan
  Outside working hours → skip

🔥 RUN #310: analyzed=0, signals=0
⏳ Next scan in 3m...
[15:25:28] Live scan
  Outside working hours → skip

🔥 RUN #311: analyzed=0, signals=0
⏳ Next scan in 3m...
[15:28:28] Live scan

🔥 RUN #312: analyzed=0, signals=0
⏳ Next scan in 3m...
  Outside working hours → skip
[15:31:28] Live scan

🔥 RUN #313: analyzed=0, signals=0
⏳ Next scan in 3m...
  Outside working hours → skip
[15:34:29] Live scan

🔥 RUN #314: analyzed=0, signals=0
⏳ Next scan in 3m...
  Outside working hours → skip
[15:37:29] Live scan
  Outside working hours → skip

🔥 RUN #315: analyzed=0, signals=0
⏳ Next scan in 3m...
[15:40:29] Live scan
  Outside working hours → skip

🔥 RUN #316: analyzed=0, signals=0
⏳ Next scan in 3m...
[15:43:29] Live scan

🔥 RUN #317: analyzed=0, signals=0
⏳ Next scan in 3m...
  Outside working hours → skip
[15:46:29] Live scan

🔥 RUN #318: analyzed=0, signals=0
⏳ Next scan in 3m...
  Outside working hours → skip
[15:49:30] Live scan
  Outside working hours → skip

🔥 RUN #319: analyzed=0, signals=0
⏳ Next scan in 3m...
[15:52:30] Live scan

🔥 RUN #320: analyzed=0, signals=0
⏳ Next scan in 3m...
  Outside working hours → skip
[15:55:30] Live scan

🔥 RUN #321: analyzed=0, signals=0
⏳ Next scan in 3m...
  Outside working hours → skip
[15:58:30] Live scan
  Outside working hours → skip

🔥 RUN #322: analyzed=0, signals=0
⏳ Next scan in 3m...
[16:01:30] Live scan
Opening: https://m.flashscore.ua/?s=2 (minute >= 60, 0:0 only)
Provider health [https://m.flashscore.ua/?s=2]: rows=74, 0:0 total=29, candidates=3
  ⏸ 0:0 ще рано (< 60'):
    32' Ліферінг - Флорідсдорфер [АВСТРІЯ: 2. Ліга Таблиця]
    2' Ілірія Круя - АФ Луфтетарі [АЛБАНІЯ: Перший дивізіон Таблиця]
    2' Кастріоті - Лачі [АЛБАНІЯ: Перший дивізіон Таблиця]
    32' Зарічне - Feodosiya [ЄВРОПА: Прем'єр-ліга (Крим) Таблиця]
    32' Трієстіна - Джана Ермініо [ІТАЛІЯ: Серія С - Група А Таблиця]
    32' Кампобассо - Бра [ІТАЛІЯ: Серія С - Група В Таблиця]
    2' Венеція U19 - Альбінолеффе U19 [ІТАЛІЯ: Прімавера 2 Таблиця]
    2' Піза U19 - Катандзаро U19 [ІТАЛІЯ: Прімавера 2 Таблиця]
    32' Ексельсіор Масслейс - Квик Бойз [НІДЕРЛАНДИ: Тведе Дивізі Таблиця]
    32' РКАВ Волендам - Ейсселмірвогелс [НІДЕРЛАНДИ: Тведе Дивізі Таблиця]
    32' ХСВ Хук - Козаккен Бойз [НІДЕРЛАНДИ: Тведе Дивізі Таблиця]
    45' ТСФ Гавельзе - Саарбрюкен [НІМЕЧЧИНА: 3. Ліга Таблиця]
    45' ФК 08 Хомбург - Фрайберг [НІМЕЧЧИНА: Регіональна ліга - Південний Захід Таблиця]
    45' Штутг. Кіккерс - ФСФ Франкфурт [НІМЕЧЧИНА: Регіональна ліга - Південний Захід Таблиця]
    45' Аугсбург II - Ашаффенбург [НІМЕЧЧИНА: Регіональна ліга - Баварія Таблиця]
    45' Фільцінг - Айхштет [НІМЕЧЧИНА: Регіональна ліга - Баварія Таблиця]
    45' Хаугесунн - Стремсгодсет [НОРВЕГІЯ: ОБОС-ліга Таблиця]
    45' Ус ТФ - Гнейст [НОРВЕГІЯ: Дивізіон 3 - Група 3 Таблиця]
    2' Спортіво Карапега - 3 де Нов'ємбре [ПАРАГВАЙ: Другий дивізіон Таблиця]
    45' Луганск - Майкоп [РОСІЯ: ФНЛ 2 - Дивізіон В - Група 1 Таблиця]
    45' Побєда Хасав'юрт - Кизилташ [РОСІЯ: ФНЛ 2 - Дивізіон В - Група 1 Таблиця]
    45' Шахтер - Ангушт Назрань [РОСІЯ: ФНЛ 2 - Дивізіон В - Група 1 Таблиця]
    2' Кумбран Селтік - Еберіствіт [УЕЛЬС: Кімру Південь Таблиця]
    2' СалПа - Тампере Юнайтед [ФІНЛЯНДІЯ: Юккьонен Таблиця]
    2' Гетеборг - Геккен [ШВЕЦІЯ: Аллсвенскан Таблиця]
    2' Юнайтед Нордік - Гельсінборг [ШВЕЦІЯ: Супереттан Таблиця]
  ✔ 74' КПР - Бристоль Сіті [АНГЛІЯ: Чемпіоншип Таблиця] id=rcFF8krB
  ✔ 74' Нантон Чжиюн - Сучжоу Донву [КИТАЙ: League One Таблиця] id=08X8MpLO
  ✔ 65' Накхонратчасіма - Бангкок Юнайтед [ТАЇЛАНД: Ліга Тайланду 1 Таблиця] id=KpuwbuY2
  Found: 3 candidates, 3 new, 0 permanently skipped

→ КПР - Бристоль Сіті (74') [АНГЛІЯ: Чемпіоншип Таблиця]

→ Нантон Чжиюн - Сучжоу Донву (74') [КИТАЙ: League One Таблиця]
  Кф 1X2: 1.64 / 3.86 / 4.96
  Кф 1X2: 2.39 / 3.43 / 3.12
  Desktop: https://www.flashscore.ua/match/soccer/bristol-city-MahqU27I/qpr-lrMHUHDc/?mid=rcFF8krB
  Desktop: https://www.flashscore.ua/match/soccer/nantong-zhiyun-YBKSajg4/suzhou-dongwu-tjVnmXO4/?mid=08X8MpLO
  [stats] rcFF8krB → both, 33 metrics
  [stats] 08X8MpLO → both, 32 metrics
  Features: quality=1, primary=6, status=both
  Score (windowed): pGoal=0.296, pDry=0.704 | 70-80 → UNDER_0_5 [TG]
  Features: quality=1, primary=6, status=both
  Score (windowed): pGoal=0.368, pDry=0.632 | 70-80 → UNDER_0_5 [TG]
Message sent to Telegram
  ✓ Telegram sent
Message sent to Telegram
  ✓ Telegram sent

→ Накхонратчасіма - Бангкок Юнайтед (65') [ТАЇЛАНД: Ліга Тайланду 1 Таблиця]
  Кф 1X2: 2.66 / 3.23 / 2.61
  Desktop: https://www.flashscore.ua/match/soccer/bangkok-utd-zsaenKWk/nakhon-ratchasima-hrxT3vbP/?mid=KpuwbuY2
  [stats] KpuwbuY2 → both, 31 metrics
  [incidents] KpuwbuY2: 1H + 1A red cards
  Features: quality=1, primary=6, status=both | redCards=1H+1A
  Score (windowed): pGoal=0.473, pDry=0.527 | 60-70 → UNDER_0_5 [TG]
Message sent to Telegram
  ✓ Telegram sent

Done: 3 analyzed, 3 actionable, 3 TG sent
📌 Tracking 3 active prediction(s)

🔥 RUN #323: analyzed=3, signals=3
Message sent to Telegram
⏳ Next scan in 3m...
[16:04:52] Live scan
Opening: https://m.flashscore.ua/?s=2 (minute >= 60, 0:0 only)
Provider health [https://m.flashscore.ua/?s=2]: rows=98, 0:0 total=50, candidates=2
  ⏸ 0:0 ще рано (< 60'):
    5' Торіно - Верона [ІТАЛІЯ: Серія А Таблиця]
    35' Ліферінг - Флорідсдорфер [АВСТРІЯ: 2. Ліга Таблиця]
    5' Кастріоті - Лачі [АЛБАНІЯ: Перший дивізіон Таблиця]
    35' Зарічне - Feodosiya [ЄВРОПА: Прем'єр-ліга (Крим) Таблиця]
    5' MAK - Спарта-КТ [ЄВРОПА: Прем'єр-ліга (Крим) Таблиця]
    5' Зюдтіроль - Модена [ІТАЛІЯ: Серія B Таблиця]
    5' Пескара - Сампдорія [ІТАЛІЯ: Серія B Таблиця]
    5' Юве Стабія - Чезена [ІТАЛІЯ: Серія B Таблиця]
    35' Трієстіна - Джана Ермініо [ІТАЛІЯ: Серія С - Група А Таблиця]
    35' Кампобассо - Бра [ІТАЛІЯ: Серія С - Група В Таблиця]
    5' Венеція U19 - Альбінолеффе U19 [ІТАЛІЯ: Прімавера 2 Таблиця]
    5' Віченца U19 - Комо U19 [ІТАЛІЯ: Прімавера 2 Таблиця]
    5' Модена U19 - Ентелла U19 [ІТАЛІЯ: Прімавера 2 Таблиця]
    5' Падова U19 - Чіттаделла U19 [ІТАЛІЯ: Прімавера 2 Таблиця]
    5' Піза U19 - Катандзаро U19 [ІТАЛІЯ: Прімавера 2 Таблиця]
    5' Сампдорія U19 - Реджана U19 [ІТАЛІЯ: Прімавера 2 Таблиця]
    5' Спеція U19 - Перуджа U19 [ІТАЛІЯ: Прімавера 2 Таблиця]
    5' Селангор - Сабах [МАЛАЙЗІЯ: Суперліга Таблиця]
    35' Ексельсіор Масслейс - Квик Бойз [НІДЕРЛАНДИ: Тведе Дивізі Таблиця]
    35' РКАВ Волендам - Ейсселмірвогелс [НІДЕРЛАНДИ: Тведе Дивізі Таблиця]
    5' Йонг Спарта Роттердам - АФК [НІДЕРЛАНДИ: Тведе Дивізі Таблиця]
    5' Спакенбург - Йонг Алмере Сіті [НІДЕРЛАНДИ: Тведе Дивізі Таблиця]
    46' ТСФ Гавельзе - Саарбрюкен [НІМЕЧЧИНА: 3. Ліга Таблиця]
    45' ФК 08 Хомбург - Фрайберг [НІМЕЧЧИНА: Регіональна ліга - Південний Захід Таблиця]
    45' Штутг. Кіккерс - ФСФ Франкфурт [НІМЕЧЧИНА: Регіональна ліга - Південний Захід Таблиця]
    45' Аугсбург II - Ашаффенбург [НІМЕЧЧИНА: Регіональна ліга - Баварія Таблиця]
    45' Фільцінг - Айхштет [НІМЕЧЧИНА: Регіональна ліга - Баварія Таблиця]
    46' Хаугесунн - Стремсгодсет [НОРВЕГІЯ: ОБОС-ліга Таблиця]
    5' Олесунн 2 - Квік [НОРВЕГІЯ: Дивізіон 3 - Група 2 Таблиця]
    45' Ус ТФ - Гнейст [НОРВЕГІЯ: Дивізіон 3 - Група 3 Таблиця]
    5' Віндб'ярт - Бродд [НОРВЕГІЯ: Дивізіон 3 - Група 4 Таблиця]
    5' Ліллехаммер - Ерн [НОРВЕГІЯ: Дивізіон 3 - Група 6 Таблиця]
    5' Релінген - Елверум [НОРВЕГІЯ: Дивізіон 3 - Група 6 Таблиця]
    5' Роде - Фрам [НОРВЕГІЯ: Дивізіон 3 - Група 6 Таблиця]
    5' Спортіво Карапега - 3 де Нов'ємбре [ПАРАГВАЙ: Другий дивізіон Таблиця]
    5' Голден Ерроуз - Дурбан Сіті [ПІВДЕННА АФРИКА: Прем'єр-ліга Таблиця]
    5' Чeрноморець Н. - С. Кострома [РОСІЯ: ФНЛ Таблиця]
    49' Луганск - Майкоп [РОСІЯ: ФНЛ 2 - Дивізіон В - Група 1 Таблиця]
    45' Побєда Хасав'юрт - Кизилташ [РОСІЯ: ФНЛ 2 - Дивізіон В - Група 1 Таблиця]
    46' Шахтер - Ангушт Назрань [РОСІЯ: ФНЛ 2 - Дивізіон В - Група 1 Таблиця]
    5' Сан-Джованні - Сан-Марино Академі U22 [САН-МАРИНО: Чемпіонат Таблиця]
    5' Тре Пенне - Кайлунго [САН-МАРИНО: Чемпіонат Таблиця]
    5' Кумбран Селтік - Еберіствіт [УЕЛЬС: Кімру Південь Таблиця]
    5' СалПа - Тампере Юнайтед [ФІНЛЯНДІЯ: Юккьонен Таблиця]
    5' Яблонець - Острава [ЧЕХІЯ: 1. Ліга Таблиця]
    5' Гетеборг - Геккен [ШВЕЦІЯ: Аллсвенскан Таблиця]
    5' М'єльбю - Ергрюте [ШВЕЦІЯ: Аллсвенскан Таблиця]
    5' Юнайтед Нордік - Гельсінборг [ШВЕЦІЯ: Супереттан Таблиця]
  ✔ 78' КПР - Бристоль Сіті [АНГЛІЯ: Чемпіоншип Таблиця] id=rcFF8krB
  ✔ 77' Нантон Чжиюн - Сучжоу Донву [КИТАЙ: League One Таблиця] id=08X8MpLO
  Found: 2 candidates, 2 new, 0 permanently skipped

→ КПР - Бристоль Сіті (78') [АНГЛІЯ: Чемпіоншип Таблиця]

→ Нантон Чжиюн - Сучжоу Донву (77') [КИТАЙ: League One Таблиця]
  Кф 1X2: 2.39 / 3.43 / 3.12
  Кф 1X2: 1.64 / 3.86 / 4.96
  Desktop: https://www.flashscore.ua/match/soccer/nantong-zhiyun-YBKSajg4/suzhou-dongwu-tjVnmXO4/?mid=08X8MpLO
  Desktop: https://www.flashscore.ua/match/soccer/bristol-city-MahqU27I/qpr-lrMHUHDc/?mid=rcFF8krB
  [stats] rcFF8krB → both, 33 metrics
  [stats] 08X8MpLO → both, 32 metrics
  Features: quality=1, primary=6, status=both
  Score (windowed): pGoal=0.131, pDry=0.869 | 70-80 → UNDER_0_5 [TG]
  ↻ Re-analysis done (no change)
  Features: quality=1, primary=6, status=both
  Score (windowed): pGoal=0.407, pDry=0.593 | 70-80 → SKIP

Done: 2 analyzed, 1 actionable, 0 TG sent

🔍 Checking 1 possibly finished match(es)...
  ⏳ Накхонратчасіма - Бангкок Юнайтед: still live 0:0
📌 Tracking 3 active prediction(s)

🔥 RUN #324: analyzed=2, signals=0
⏳ Next scan in 3m...
[16:08:09] Live scan
Opening: https://m.flashscore.ua/?s=2 (minute >= 60, 0:0 only)
Provider health [https://m.flashscore.ua/?s=2]: rows=103, 0:0 total=49, candidates=2
  ⏸ 0:0 ще рано (< 60'):
    8' Торіно - Верона [ІТАЛІЯ: Серія А Таблиця]
    38' Ліферінг - Флорідсдорфер [АВСТРІЯ: 2. Ліга Таблиця]
    8' MAK - Спарта-КТ [ЄВРОПА: Прем'єр-ліга (Крим) Таблиця]
    8' Зюдтіроль - Модена [ІТАЛІЯ: Серія B Таблиця]
    8' Пескара - Сампдорія [ІТАЛІЯ: Серія B Таблиця]
    8' Юве Стабія - Чезена [ІТАЛІЯ: Серія B Таблиця]
    38' Трієстіна - Джана Ермініо [ІТАЛІЯ: Серія С - Група А Таблиця]
    38' Кампобассо - Бра [ІТАЛІЯ: Серія С - Група В Таблиця]
    8' Барі U19 - Нуова Козенца U19 [ІТАЛІЯ: Прімавера 2 Таблиця]
    8' Віченца U19 - Комо U19 [ІТАЛІЯ: Прімавера 2 Таблиця]
    8' Лекко U19 - Удінезе U19 [ІТАЛІЯ: Прімавера 2 Таблиця]
    8' Модена U19 - Ентелла U19 [ІТАЛІЯ: Прімавера 2 Таблиця]
    8' Монополі U19 - Палермо U19 [ІТАЛІЯ: Прімавера 2 Таблиця]
    8' Падова U19 - Чіттаделла U19 [ІТАЛІЯ: Прімавера 2 Таблиця]
    8' Піза U19 - Катандзаро U19 [ІТАЛІЯ: Прімавера 2 Таблиця]
    8' Про Верчеллі U19 - Зюдтіроль U19 [ІТАЛІЯ: Прімавера 2 Таблиця]
    8' Салернітана U19 - Емполі U19 [ІТАЛІЯ: Прімавера 2 Таблиця]
    8' Сампдорія U19 - Реджана U19 [ІТАЛІЯ: Прімавера 2 Таблиця]
    8' Селангор - Сабах [МАЛАЙЗІЯ: Суперліга Таблиця]
    38' Ексельсіор Масслейс - Квик Бойз [НІДЕРЛАНДИ: Тведе Дивізі Таблиця]
    38' РКАВ Волендам - Ейсселмірвогелс [НІДЕРЛАНДИ: Тведе Дивізі Таблиця]
    8' Йонг Спарта Роттердам - АФК [НІДЕРЛАНДИ: Тведе Дивізі Таблиця]
    8' Спакенбург - Йонг Алмере Сіті [НІДЕРЛАНДИ: Тведе Дивізі Таблиця]
    49' ФК 08 Хомбург - Фрайберг [НІМЕЧЧИНА: Регіональна ліга - Південний Захід Таблиця]
    48' Штутг. Кіккерс - ФСФ Франкфурт [НІМЕЧЧИНА: Регіональна ліга - Південний Захід Таблиця]
    48' Аугсбург II - Ашаффенбург [НІМЕЧЧИНА: Регіональна ліга - Баварія Таблиця]
    48' Фільцінг - Айхштет [НІМЕЧЧИНА: Регіональна ліга - Баварія Таблиця]
    50' Хаугесунн - Стремсгодсет [НОРВЕГІЯ: ОБОС-ліга Таблиця]
    8' Олесунн 2 - Квік [НОРВЕГІЯ: Дивізіон 3 - Група 2 Таблиця]
    45' Ус ТФ - Гнейст [НОРВЕГІЯ: Дивізіон 3 - Група 3 Таблиця]
    8' В. Хаугесунн - Фюллінгсдален [НОРВЕГІЯ: Дивізіон 3 - Група 3 Таблиця]
    8' Віндб'ярт - Бродд [НОРВЕГІЯ: Дивізіон 3 - Група 4 Таблиця]
    8' Ліллехаммер - Ерн [НОРВЕГІЯ: Дивізіон 3 - Група 6 Таблиця]
    8' Релінген - Елверум [НОРВЕГІЯ: Дивізіон 3 - Група 6 Таблиця]
    8' Роде - Фрам [НОРВЕГІЯ: Дивізіон 3 - Група 6 Таблиця]
    8' Спортіво Карапега - 3 де Нов'ємбре [ПАРАГВАЙ: Другий дивізіон Таблиця]
    8' Голден Ерроуз - Дурбан Сіті [ПІВДЕННА АФРИКА: Прем'єр-ліга Таблиця]
    8' Чeрноморець Н. - С. Кострома [РОСІЯ: ФНЛ Таблиця]
    52' Луганск - Майкоп [РОСІЯ: ФНЛ 2 - Дивізіон В - Група 1 Таблиця]
    48' Побєда Хасав'юрт - Кизилташ [РОСІЯ: ФНЛ 2 - Дивізіон В - Група 1 Таблиця]
    50' Шахтер - Ангушт Назрань [РОСІЯ: ФНЛ 2 - Дивізіон В - Група 1 Таблиця]
    8' Сан-Джованні - Сан-Марино Академі U22 [САН-МАРИНО: Чемпіонат Таблиця]
    8' Тре Пенне - Кайлунго [САН-МАРИНО: Чемпіонат Таблиця]
    8' Кумбран Селтік - Еберіствіт [УЕЛЬС: Кімру Південь Таблиця]
    8' СалПа - Тампере Юнайтед [ФІНЛЯНДІЯ: Юккьонен Таблиця]
    8' Гетеборг - Геккен [ШВЕЦІЯ: Аллсвенскан Таблиця]
    8' М'єльбю - Ергрюте [ШВЕЦІЯ: Аллсвенскан Таблиця]
  ✔ 81' КПР - Бристоль Сіті [АНГЛІЯ: Чемпіоншип Таблиця] id=rcFF8krB
  ✔ 80' Нантон Чжиюн - Сучжоу Донву [КИТАЙ: League One Таблиця] id=08X8MpLO
  Found: 2 candidates, 2 new, 0 permanently skipped

→ КПР - Бристоль Сіті (81') [АНГЛІЯ: Чемпіоншип Таблиця]

→ Нантон Чжиюн - Сучжоу Донву (80') [КИТАЙ: League One Таблиця]
  Кф 1X2: 1.64 / 3.86 / 4.96
  Кф 1X2: 2.39 / 3.43 / 3.12
  Desktop: https://www.flashscore.ua/match/soccer/bristol-city-MahqU27I/qpr-lrMHUHDc/?mid=rcFF8krB
  Desktop: https://www.flashscore.ua/match/soccer/nantong-zhiyun-YBKSajg4/suzhou-dongwu-tjVnmXO4/?mid=08X8MpLO
  [stats] rcFF8krB → both, 33 metrics
  [stats] 08X8MpLO → both, 32 metrics
  Features: quality=1, primary=6, status=both
  Score (windowed): pGoal=0.158, pDry=0.842 | 80-90+ → SKIP
  Features: quality=1, primary=6, status=both
  Score (windowed): pGoal=0.407, pDry=0.593 | 80-90+ → SKIP

Done: 2 analyzed, 0 actionable, 0 TG sent

🔍 Checking 1 possibly finished match(es)...
  ⏳ Накхонратчасіма - Бангкок Юнайтед: still live 0:0
📌 Tracking 3 active prediction(s)

🔥 RUN #325: analyzed=2, signals=0
⏳ Next scan in 3m...
[16:11:27] Live scan
Opening: https://m.flashscore.ua/?s=2 (minute >= 60, 0:0 only)
Provider health [https://m.flashscore.ua/?s=2]: rows=108, 0:0 total=49, candidates=2
  ⏸ 0:0 ще рано (< 60'):
    42' Ліферінг - Флорідсдорфер [АВСТРІЯ: 2. Ліга Таблиця]
    12' Мінас Бока U20 - Сосіал U20 [БРАЗИЛІЯ: Мінейру U20 Таблиця]
    12' MAK - Спарта-КТ [ЄВРОПА: Прем'єр-ліга (Крим) Таблиця]
    12' Зюдтіроль - Модена [ІТАЛІЯ: Серія B Таблиця]
    12' Пескара - Сампдорія [ІТАЛІЯ: Серія B Таблиця]
    12' Юве Стабія - Чезена [ІТАЛІЯ: Серія B Таблиця]
    42' Кампобассо - Бра [ІТАЛІЯ: Серія С - Група В Таблиця]
    12' Сальві Ноале - Адрієзе [ІТАЛІЯ: Серія D - Група С Таблиця]
    12' Барі U19 - Нуова Козенца U19 [ІТАЛІЯ: Прімавера 2 Таблиця]
    12' Віченца U19 - Комо U19 [ІТАЛІЯ: Прімавера 2 Таблиця]
    12' Лекко U19 - Удінезе U19 [ІТАЛІЯ: Прімавера 2 Таблиця]
    12' Модена U19 - Ентелла U19 [ІТАЛІЯ: Прімавера 2 Таблиця]
    12' Монополі U19 - Палермо U19 [ІТАЛІЯ: Прімавера 2 Таблиця]
    12' Падова U19 - Чіттаделла U19 [ІТАЛІЯ: Прімавера 2 Таблиця]
    12' Піза U19 - Катандзаро U19 [ІТАЛІЯ: Прімавера 2 Таблиця]
    12' Про Верчеллі U19 - Зюдтіроль U19 [ІТАЛІЯ: Прімавера 2 Таблиця]
    12' Салернітана U19 - Емполі U19 [ІТАЛІЯ: Прімавера 2 Таблиця]
    12' Сампдорія U19 - Реджана U19 [ІТАЛІЯ: Прімавера 2 Таблиця]
    12' Едінг Спорт - Нгокетунджія [КАМЕРУН: Еліт 2 Таблиця]
    12' Селангор - Сабах [МАЛАЙЗІЯ: Суперліга Таблиця]
    42' Ексельсіор Масслейс - Квик Бойз [НІДЕРЛАНДИ: Тведе Дивізі Таблиця]
    12' Йонг Спарта Роттердам - АФК [НІДЕРЛАНДИ: Тведе Дивізі Таблиця]
    12' Спакенбург - Йонг Алмере Сіті [НІДЕРЛАНДИ: Тведе Дивізі Таблиця]
    52' ФК 08 Хомбург - Фрайберг [НІМЕЧЧИНА: Регіональна ліга - Південний Захід Таблиця]
    51' Штутг. Кіккерс - ФСФ Франкфурт [НІМЕЧЧИНА: Регіональна ліга - Південний Захід Таблиця]
    52' Аугсбург II - Ашаффенбург [НІМЕЧЧИНА: Регіональна ліга - Баварія Таблиця]
    52' Фільцінг - Айхштет [НІМЕЧЧИНА: Регіональна ліга - Баварія Таблиця]
    12' Олесунн 2 - Квік [НОРВЕГІЯ: Дивізіон 3 - Група 2 Таблиця]
    45' Ус ТФ - Гнейст [НОРВЕГІЯ: Дивізіон 3 - Група 3 Таблиця]
    12' В. Хаугесунн - Фюллінгсдален [НОРВЕГІЯ: Дивізіон 3 - Група 3 Таблиця]
    12' Віндб'ярт - Бродд [НОРВЕГІЯ: Дивізіон 3 - Група 4 Таблиця]
    12' Ліллехаммер - Ерн [НОРВЕГІЯ: Дивізіон 3 - Група 6 Таблиця]
    12' Релінген - Елверум [НОРВЕГІЯ: Дивізіон 3 - Група 6 Таблиця]
    12' Спортіво Карапега - 3 де Нов'ємбре [ПАРАГВАЙ: Другий дивізіон Таблиця]
    12' Голден Ерроуз - Дурбан Сіті [ПІВДЕННА АФРИКА: Прем'єр-ліга Таблиця]
    12' Чeрноморець Н. - С. Кострома [РОСІЯ: ФНЛ Таблиця]
    56' Луганск - Майкоп [РОСІЯ: ФНЛ 2 - Дивізіон В - Група 1 Таблиця]
    52' Побєда Хасав'юрт - Кизилташ [РОСІЯ: ФНЛ 2 - Дивізіон В - Група 1 Таблиця]
    53' Шахтер - Ангушт Назрань [РОСІЯ: ФНЛ 2 - Дивізіон В - Група 1 Таблиця]
    12' Сан-Джованні - Сан-Марино Академі U22 [САН-МАРИНО: Чемпіонат Таблиця]
    12' Тре Пенне - Кайлунго [САН-МАРИНО: Чемпіонат Таблиця]
    12' Фіорентіно - Фаетано [САН-МАРИНО: Чемпіонат Таблиця]
    12' Кумбран Селтік - Еберіствіт [УЕЛЬС: Кімру Південь Таблиця]
    12' СалПа - Тампере Юнайтед [ФІНЛЯНДІЯ: Юккьонен Таблиця]
    12' СУМУ - ЕПС [ФІНЛЯНДІЯ: Кубок Фінляндії]
    12' Гетеборг - Геккен [ШВЕЦІЯ: Аллсвенскан Таблиця]
    12' М'єльбю - Ергрюте [ШВЕЦІЯ: Аллсвенскан Таблиця]
  ✔ 85' КПР - Бристоль Сіті [АНГЛІЯ: Чемпіоншип Таблиця] id=rcFF8krB
  ✔ 84' Нантон Чжиюн - Сучжоу Донву [КИТАЙ: League One Таблиця] id=08X8MpLO
  Found: 2 candidates, 2 new, 0 permanently skipped

→ КПР - Бристоль Сіті (85') [АНГЛІЯ: Чемпіоншип Таблиця]

→ Нантон Чжиюн - Сучжоу Донву (84') [КИТАЙ: League One Таблиця]
  Кф 1X2: 2.39 / 3.43 / 3.12
  Кф 1X2: 1.64 / 3.86 / 4.96
  Desktop: https://www.flashscore.ua/match/soccer/bristol-city-MahqU27I/qpr-lrMHUHDc/?mid=rcFF8krB
  Desktop: https://www.flashscore.ua/match/soccer/nantong-zhiyun-YBKSajg4/suzhou-dongwu-tjVnmXO4/?mid=08X8MpLO
  [stats] rcFF8krB → both, 33 metrics
  [stats] 08X8MpLO → both, 32 metrics
  Features: quality=1, primary=6, status=both
  Score (windowed): pGoal=0.246, pDry=0.754 | 80-90+ → SKIP
  Features: quality=1, primary=6, status=both
  Score (windowed): pGoal=0.4, pDry=0.6 | 80-90+ → SKIP

Done: 2 analyzed, 0 actionable, 0 TG sent

🔍 Checking 1 possibly finished match(es)...
  ⏳ Накхонратчасіма - Бангкок Юнайтед: still live 0:0
📌 Tracking 3 active prediction(s)

🔥 RUN #326: analyzed=2, signals=0
⏳ Next scan in 3m...
[16:14:44] Live scan
Opening: https://m.flashscore.ua/?s=2 (minute >= 60, 0:0 only)
Provider health [https://m.flashscore.ua/?s=2]: rows=108, 0:0 total=44, candidates=2
  ⏸ 0:0 ще рано (< 60'):
    45' Ліферінг - Флорідсдорфер [АВСТРІЯ: 2. Ліга Таблиця]
    15' Мінас Бока U20 - Сосіал U20 [БРАЗИЛІЯ: Мінейру U20 Таблиця]
    15' MAK - Спарта-КТ [ЄВРОПА: Прем'єр-ліга (Крим) Таблиця]
    15' Зюдтіроль - Модена [ІТАЛІЯ: Серія B Таблиця]
    15' Пескара - Сампдорія [ІТАЛІЯ: Серія B Таблиця]
    15' Юве Стабія - Чезена [ІТАЛІЯ: Серія B Таблиця]
    45' Кампобассо - Бра [ІТАЛІЯ: Серія С - Група В Таблиця]
    15' Сальві Ноале - Адрієзе [ІТАЛІЯ: Серія D - Група С Таблиця]
    15' Барі U19 - Нуова Козенца U19 [ІТАЛІЯ: Прімавера 2 Таблиця]
    15' Віченца U19 - Комо U19 [ІТАЛІЯ: Прімавера 2 Таблиця]
    15' Лекко U19 - Удінезе U19 [ІТАЛІЯ: Прімавера 2 Таблиця]
    15' Модена U19 - Ентелла U19 [ІТАЛІЯ: Прімавера 2 Таблиця]
    15' Монополі U19 - Палермо U19 [ІТАЛІЯ: Прімавера 2 Таблиця]
    15' Падова U19 - Чіттаделла U19 [ІТАЛІЯ: Прімавера 2 Таблиця]
    15' Піза U19 - Катандзаро U19 [ІТАЛІЯ: Прімавера 2 Таблиця]
    15' Про Верчеллі U19 - Зюдтіроль U19 [ІТАЛІЯ: Прімавера 2 Таблиця]
    15' Салернітана U19 - Емполі U19 [ІТАЛІЯ: Прімавера 2 Таблиця]
    15' Сампдорія U19 - Реджана U19 [ІТАЛІЯ: Прімавера 2 Таблиця]
    15' Едінг Спорт - Нгокетунджія [КАМЕРУН: Еліт 2 Таблиця]
    15' Селангор - Сабах [МАЛАЙЗІЯ: Суперліга Таблиця]
    45' Ексельсіор Масслейс - Квик Бойз [НІДЕРЛАНДИ: Тведе Дивізі Таблиця]
    15' Спакенбург - Йонг Алмере Сіті [НІДЕРЛАНДИ: Тведе Дивізі Таблиця]
    55' ФК 08 Хомбург - Фрайберг [НІМЕЧЧИНА: Регіональна ліга - Південний Захід Таблиця]
    54' Штутг. Кіккерс - ФСФ Франкфурт [НІМЕЧЧИНА: Регіональна ліга - Південний Захід Таблиця]
    55' Аугсбург II - Ашаффенбург [НІМЕЧЧИНА: Регіональна ліга - Баварія Таблиця]
    55' Фільцінг - Айхштет [НІМЕЧЧИНА: Регіональна ліга - Баварія Таблиця]
    15' Олесунн 2 - Квік [НОРВЕГІЯ: Дивізіон 3 - Група 2 Таблиця]
    48' Ус ТФ - Гнейст [НОРВЕГІЯ: Дивізіон 3 - Група 3 Таблиця]
    15' Віндб'ярт - Бродд [НОРВЕГІЯ: Дивізіон 3 - Група 4 Таблиця]
    15' Ліллехаммер - Ерн [НОРВЕГІЯ: Дивізіон 3 - Група 6 Таблиця]
    15' Релінген - Елверум [НОРВЕГІЯ: Дивізіон 3 - Група 6 Таблиця]
    15' Спортіво Карапега - 3 де Нов'ємбре [ПАРАГВАЙ: Другий дивізіон Таблиця]
    15' Голден Ерроуз - Дурбан Сіті [ПІВДЕННА АФРИКА: Прем'єр-ліга Таблиця]
    59' Луганск - Майкоп [РОСІЯ: ФНЛ 2 - Дивізіон В - Група 1 Таблиця]
    55' Побєда Хасав'юрт - Кизилташ [РОСІЯ: ФНЛ 2 - Дивізіон В - Група 1 Таблиця]
    15' Сан-Джованні - Сан-Марино Академі U22 [САН-МАРИНО: Чемпіонат Таблиця]
    15' Тре Пенне - Кайлунго [САН-МАРИНО: Чемпіонат Таблиця]
    15' Фіорентіно - Фаетано [САН-МАРИНО: Чемпіонат Таблиця]
    15' СалПа - Тампере Юнайтед [ФІНЛЯНДІЯ: Юккьонен Таблиця]
    15' СУМУ - ЕПС [ФІНЛЯНДІЯ: Кубок Фінляндії]
    15' Гетеборг - Геккен [ШВЕЦІЯ: Аллсвенскан Таблиця]
    15' М'єльбю - Ергрюте [ШВЕЦІЯ: Аллсвенскан Таблиця]
  ✔ 88' КПР - Бристоль Сіті [АНГЛІЯ: Чемпіоншип Таблиця] id=rcFF8krB
  ✔ 87' Нантон Чжиюн - Сучжоу Донву [КИТАЙ: League One Таблиця] id=08X8MpLO
  Found: 2 candidates, 2 new, 0 permanently skipped

→ КПР - Бристоль Сіті (88') [АНГЛІЯ: Чемпіоншип Таблиця]

→ Нантон Чжиюн - Сучжоу Донву (87') [КИТАЙ: League One Таблиця]
  Кф 1X2: 1.64 / 3.86 / 4.96
  Кф 1X2: 2.39 / 3.43 / 3.12
  Desktop: https://www.flashscore.ua/match/soccer/bristol-city-MahqU27I/qpr-lrMHUHDc/?mid=rcFF8krB
  Desktop: https://www.flashscore.ua/match/soccer/nantong-zhiyun-YBKSajg4/suzhou-dongwu-tjVnmXO4/?mid=08X8MpLO
  [stats] rcFF8krB → both, 33 metrics
  [stats] 08X8MpLO → both, 32 metrics
  Features: quality=1, primary=6, status=both
  Score (windowed): pGoal=0.247, pDry=0.753 | 80-90+ → SKIP
  Features: quality=1, primary=6, status=both
  Score (windowed): pGoal=0.471, pDry=0.529 | 80-90+ → OVER_0_5 [TG]
Message sent to Telegram
  ✓ Telegram update sent (Фліп ТМ→ТБ (оновлення сценарію))

Done: 2 analyzed, 1 actionable, 1 TG sent

🔍 Checking 1 possibly finished match(es)...
  ⚽ Накхонратчасіма - Бангкок Юнайтед: 1:0 [GOAL→resolved] → ❌ MISS (bet=UNDER_0_5)
Message sent to Telegram
  ✓ Telegram result sent (1:0 (ще тривае, гол вирішив))
📌 Tracking 2 active prediction(s)

🔥 RUN #327: analyzed=2, signals=1
⏳ Next scan in 3m...
[16:17:59] Live scan
Opening: https://m.flashscore.ua/?s=2 (minute >= 60, 0:0 only)
Provider health [https://m.flashscore.ua/?s=2]: rows=109, 0:0 total=40, candidates=2
  ⏸ 0:0 ще рано (< 60'):
    45' Ліферінг - Флорідсдорфер [АВСТРІЯ: 2. Ліга Таблиця]
    18' Мінас Бока U20 - Сосіал U20 [БРАЗИЛІЯ: Мінейру U20 Таблиця]
    18' MAK - Спарта-КТ [ЄВРОПА: Прем'єр-ліга (Крим) Таблиця]
    18' Зюдтіроль - Модена [ІТАЛІЯ: Серія B Таблиця]
    18' Пескара - Сампдорія [ІТАЛІЯ: Серія B Таблиця]
    18' Юве Стабія - Чезена [ІТАЛІЯ: Серія B Таблиця]
    18' Сальві Ноале - Адрієзе [ІТАЛІЯ: Серія D - Група С Таблиця]
    18' Віченца U19 - Комо U19 [ІТАЛІЯ: Прімавера 2 Таблиця]
    18' Лекко U19 - Удінезе U19 [ІТАЛІЯ: Прімавера 2 Таблиця]
    18' Модена U19 - Ентелла U19 [ІТАЛІЯ: Прімавера 2 Таблиця]
    18' Монополі U19 - Палермо U19 [ІТАЛІЯ: Прімавера 2 Таблиця]
    18' Падова U19 - Чіттаделла U19 [ІТАЛІЯ: Прімавера 2 Таблиця]
    18' Піза U19 - Катандзаро U19 [ІТАЛІЯ: Прімавера 2 Таблиця]
    18' Про Верчеллі U19 - Зюдтіроль U19 [ІТАЛІЯ: Прімавера 2 Таблиця]
    18' Салернітана U19 - Емполі U19 [ІТАЛІЯ: Прімавера 2 Таблиця]
    18' Сампдорія U19 - Реджана U19 [ІТАЛІЯ: Прімавера 2 Таблиця]
    18' Едінг Спорт - Нгокетунджія [КАМЕРУН: Еліт 2 Таблиця]
    18' Селангор - Сабах [МАЛАЙЗІЯ: Суперліга Таблиця]
    18' Спакенбург - Йонг Алмере Сіті [НІДЕРЛАНДИ: Тведе Дивізі Таблиця]
    58' ФК 08 Хомбург - Фрайберг [НІМЕЧЧИНА: Регіональна ліга - Південний Захід Таблиця]
    57' Штутг. Кіккерс - ФСФ Франкфурт [НІМЕЧЧИНА: Регіональна ліга - Південний Захід Таблиця]
    58' Аугсбург II - Ашаффенбург [НІМЕЧЧИНА: Регіональна ліга - Баварія Таблиця]
    58' Фільцінг - Айхштет [НІМЕЧЧИНА: Регіональна ліга - Баварія Таблиця]
    18' Олесунн 2 - Квік [НОРВЕГІЯ: Дивізіон 3 - Група 2 Таблиця]
    18' Віндб'ярт - Бродд [НОРВЕГІЯ: Дивізіон 3 - Група 4 Таблиця]
    18' Релінген - Елверум [НОРВЕГІЯ: Дивізіон 3 - Група 6 Таблиця]
    18' Спортіво Карапега - 3 де Нов'ємбре [ПАРАГВАЙ: Другий дивізіон Таблиця]
    18' Голден Ерроуз - Дурбан Сіті [ПІВДЕННА АФРИКА: Прем'єр-ліга Таблиця]
    58' Побєда Хасав'юрт - Кизилташ [РОСІЯ: ФНЛ 2 - Дивізіон В - Група 1 Таблиця]
    18' Сан-Джованні - Сан-Марино Академі U22 [САН-МАРИНО: Чемпіонат Таблиця]
    18' Фіорентіно - Фаетано [САН-МАРИНО: Чемпіонат Таблиця]
    18' Сандур - Хойвік [ФАРЕРСЬКІ ОСТРОВИ: 1. Дейлд Таблиця]
    18' СалПа - Тампере Юнайтед [ФІНЛЯНДІЯ: Юккьонен Таблиця]
    18' СУМУ - ЕПС [ФІНЛЯНДІЯ: Кубок Фінляндії]
    18' М'єльбю - Ергрюте [ШВЕЦІЯ: Аллсвенскан Таблиця]
  ✔ 90' Нантон Чжиюн - Сучжоу Донву [КИТАЙ: League One Таблиця] id=08X8MpLO
  ✔ 62' Луганск - Майкоп [РОСІЯ: ФНЛ 2 - Дивізіон В - Група 1 Таблиця] id=WIxA6KRE
  Found: 2 candidates, 2 new, 0 permanently skipped

→ Нантон Чжиюн - Сучжоу Донву (90') [КИТАЙ: League One Таблиця]

→ Луганск - Майкоп (62') [РОСІЯ: ФНЛ 2 - Дивізіон В - Група 1 Таблиця]
  Кф 1X2: 4.49 / 3.34 / 1.73
  Кф 1X2: 1.64 / 3.86 / 4.96
  Desktop: https://www.flashscore.ua/match/soccer/maykop-tAOa9TLD/zarya-lugansk-WKvvFpB6/?mid=WIxA6KRE
  Desktop: https://www.flashscore.ua/match/soccer/nantong-zhiyun-YBKSajg4/suzhou-dongwu-tjVnmXO4/?mid=08X8MpLO
  [stats] 08X8MpLO → both, 32 metrics
  [stats] WIxA6KRE overall: no data-testid (old=0, any=0, body=883)
  Features: quality=1, primary=6, status=both
  Score (windowed): pGoal=0.48, pDry=0.52 | 80-90+ → OVER_0_5 [TG]
  ↻ Re-analysis done (no change)
  [stats] WIxA6KRE secondHalf: no data-testid (old=0, any=0, body=883)
  [stats] WIxA6KRE → unavailable, 0 metrics
  Features: quality=0, primary=0, status=unavailable
  ✗ No stats at all → permanent skip

Done: 1 analyzed, 1 actionable, 0 TG sent

🔍 Checking 1 possibly finished match(es)...
  ⏳ КПР - Бристоль Сіті: still live 0:0
📌 Tracking 2 active prediction(s)

🔥 RUN #328: analyzed=1, signals=0
⏳ Next scan in 3m...
[16:21:36] Live scan
Opening: https://m.flashscore.ua/?s=2 (minute >= 60, 0:0 only)
Provider health [https://m.flashscore.ua/?s=2]: rows=109, 0:0 total=39, candidates=5
  ⏸ 0:0 ще рано (< 60'):
    45' Ліферінг - Флорідсдорфер [АВСТРІЯ: 2. Ліга Таблиця]
    22' Мінас Бока U20 - Сосіал U20 [БРАЗИЛІЯ: Мінейру U20 Таблиця]
    22' MAK - Спарта-КТ [ЄВРОПА: Прем'єр-ліга (Крим) Таблиця]
    22' Зюдтіроль - Модена [ІТАЛІЯ: Серія B Таблиця]
    22' Пескара - Сампдорія [ІТАЛІЯ: Серія B Таблиця]
    22' Юве Стабія - Чезена [ІТАЛІЯ: Серія B Таблиця]
    22' Сальві Ноале - Адрієзе [ІТАЛІЯ: Серія D - Група С Таблиця]
    22' Віченца U19 - Комо U19 [ІТАЛІЯ: Прімавера 2 Таблиця]
    22' Лекко U19 - Удінезе U19 [ІТАЛІЯ: Прімавера 2 Таблиця]
    22' Монополі U19 - Палермо U19 [ІТАЛІЯ: Прімавера 2 Таблиця]
    22' Падова U19 - Чіттаделла U19 [ІТАЛІЯ: Прімавера 2 Таблиця]
    22' Піза U19 - Катандзаро U19 [ІТАЛІЯ: Прімавера 2 Таблиця]
    22' Про Верчеллі U19 - Зюдтіроль U19 [ІТАЛІЯ: Прімавера 2 Таблиця]
    22' Салернітана U19 - Емполі U19 [ІТАЛІЯ: Прімавера 2 Таблиця]
    22' Сампдорія U19 - Реджана U19 [ІТАЛІЯ: Прімавера 2 Таблиця]
    22' Едінг Спорт - Нгокетунджія [КАМЕРУН: Еліт 2 Таблиця]
    22' Селангор - Сабах [МАЛАЙЗІЯ: Суперліга Таблиця]
    45' Ексельсіор Масслейс - Квик Бойз [НІДЕРЛАНДИ: Тведе Дивізі Таблиця]
    22' Спакенбург - Йонг Алмере Сіті [НІДЕРЛАНДИ: Тведе Дивізі Таблиця]
    22' Олесунн 2 - Квік [НОРВЕГІЯ: Дивізіон 3 - Група 2 Таблиця]
    22' Віндб'ярт - Бродд [НОРВЕГІЯ: Дивізіон 3 - Група 4 Таблиця]
    22' Релінген - Елверум [НОРВЕГІЯ: Дивізіон 3 - Група 6 Таблиця]
    22' Спортіво Карапега - 3 де Нов'ємбре [ПАРАГВАЙ: Другий дивізіон Таблиця]
    22' Голден Ерроуз - Дурбан Сіті [ПІВДЕННА АФРИКА: Прем'єр-ліга Таблиця]
    22' Сан-Джованні - Сан-Марино Академі U22 [САН-МАРИНО: Чемпіонат Таблиця]
    22' Тре Пенне - Кайлунго [САН-МАРИНО: Чемпіонат Таблиця]
    22' Фіорентіно - Фаетано [САН-МАРИНО: Чемпіонат Таблиця]
    22' Сандур - Хойвік [ФАРЕРСЬКІ ОСТРОВИ: 1. Дейлд Таблиця]
    22' СалПа - Тампере Юнайтед [ФІНЛЯНДІЯ: Юккьонен Таблиця]
    22' СУМУ - ЕПС [ФІНЛЯНДІЯ: Кубок Фінляндії]
    22' М'єльбю - Ергрюте [ШВЕЦІЯ: Аллсвенскан Таблиця]
  ✔ 62' ФК 08 Хомбург - Фрайберг [НІМЕЧЧИНА: Регіональна ліга - Південний Захід Таблиця] id=j3AraclR
  ✔ 62' Аугсбург II - Ашаффенбург [НІМЕЧЧИНА: Регіональна ліга - Баварія Таблиця] id=hd6qzc6N
  ✔ 62' Фільцінг - Айхштет [НІМЕЧЧИНА: Регіональна ліга - Баварія Таблиця] id=OvcFUzUp
  ✔ 65' Луганск - Майкоп [РОСІЯ: ФНЛ 2 - Дивізіон В - Група 1 Таблиця] id=WIxA6KRE
  ✔ 62' Побєда Хасав'юрт - Кизилташ [РОСІЯ: ФНЛ 2 - Дивізіон В - Група 1 Таблиця] id=lMcknjt0
  Found: 5 candidates, 4 new, 1 permanently skipped

→ ФК 08 Хомбург - Фрайберг (62') [НІМЕЧЧИНА: Регіональна ліга - Південний Захід Таблиця]

→ Аугсбург II - Ашаффенбург (62') [НІМЕЧЧИНА: Регіональна ліга - Баварія Таблиця]
  Кф 1X2: 1.45 / 4.4 / 5.43
  Кф 1X2: 2.01 / 3.4 / 3.23
  Desktop: https://www.flashscore.ua/match/soccer/aschaffenburg-SUKxdGAI/augsburg-EekvEtnc/?mid=hd6qzc6N
  Desktop: https://www.flashscore.ua/match/soccer/fc-08-homburg-UwJodqmQ/freiberg-xU1QLwXs/?mid=j3AraclR
  [stats] hd6qzc6N overall: no data-testid (old=0, any=0, body=148254)
  [stats] j3AraclR overall: no data-testid (old=0, any=0, body=148266)
  [stats] hd6qzc6N secondHalf: no data-testid (old=0, any=0, body=148254)
  [stats] j3AraclR secondHalf: no data-testid (old=0, any=0, body=148266)
  [stats] hd6qzc6N → unavailable, 0 metrics
  [stats] j3AraclR → unavailable, 0 metrics
  Features: quality=0, primary=0, status=unavailable
  ✗ No stats at all → permanent skip

→ Фільцінг - Айхштет (62') [НІМЕЧЧИНА: Регіональна ліга - Баварія Таблиця]
  Features: quality=0, primary=0, status=unavailable
  ✗ No stats at all → permanent skip

→ Побєда Хасав'юрт - Кизилташ (62') [РОСІЯ: ФНЛ 2 - Дивізіон В - Група 1 Таблиця]
  Кф 1X2: 2.06 / 3.4 / 3.11
  Кф 1X2: 2.64 / 3.15 / 2.4
  Desktop: https://www.flashscore.ua/match/soccer/fk-pobeda-SIEr7LZd/kyzyltash-C2V9hiu7/?mid=lMcknjt0
  Desktop: https://www.flashscore.ua/match/soccer/vfb-eichstatt-Q38h1iA5/vilzing-MRbctC8n/?mid=OvcFUzUp
  [stats] lMcknjt0 overall: no data-testid (old=0, any=0, body=883)
  [stats] OvcFUzUp overall: no data-testid (old=0, any=0, body=148194)
  [stats] lMcknjt0 secondHalf: no data-testid (old=0, any=0, body=883)
  [stats] OvcFUzUp secondHalf: no data-testid (old=0, any=0, body=148194)
  [stats] lMcknjt0 → unavailable, 0 metrics
  Features: quality=0, primary=0, status=unavailable
  ✗ No stats at all → permanent skip
  [stats] OvcFUzUp → unavailable, 0 metrics
  Features: quality=0, primary=0, status=unavailable
  ✗ No stats at all → permanent skip

Done: 0 analyzed, 0 actionable, 0 TG sent

🔍 Checking 2 possibly finished match(es)...
  ⏳ КПР - Бристоль Сіті: still live 0:0
  ⚽ Нантон Чжиюн - Сучжоу Донву: 1:0 [GOAL→resolved] → ✅ HIT (bet=OVER_0_5)
Message sent to Telegram
  ✓ Telegram result sent (1:0 (ще тривае, гол вирішив))
📌 Tracking 1 active prediction(s)

🔥 RUN #329: analyzed=0, signals=0
⏳ Next scan in 3m...
[16:25:51] Live scan
Opening: https://m.flashscore.ua/?s=2 (minute >= 60, 0:0 only)
Provider health [https://m.flashscore.ua/?s=2]: rows=107, 0:0 total=35, candidates=5
  ⏸ 0:0 ще рано (< 60'):
    45' Ліферінг - Флорідсдорфер [АВСТРІЯ: 2. Ліга Таблиця]
    26' Мінас Бока U20 - Сосіал U20 [БРАЗИЛІЯ: Мінейру U20 Таблиця]
    26' MAK - Спарта-КТ [ЄВРОПА: Прем'єр-ліга (Крим) Таблиця]
    26' Пескара - Сампдорія [ІТАЛІЯ: Серія B Таблиця]
    26' Юве Стабія - Чезена [ІТАЛІЯ: Серія B Таблиця]
    45' Кампобассо - Бра [ІТАЛІЯ: Серія С - Група В Таблиця]
    26' Сальві Ноале - Адрієзе [ІТАЛІЯ: Серія D - Група С Таблиця]
    26' Віченца U19 - Комо U19 [ІТАЛІЯ: Прімавера 2 Таблиця]
    26' Лекко U19 - Удінезе U19 [ІТАЛІЯ: Прімавера 2 Таблиця]
    26' Монополі U19 - Палермо U19 [ІТАЛІЯ: Прімавера 2 Таблиця]
    26' Падова U19 - Чіттаделла U19 [ІТАЛІЯ: Прімавера 2 Таблиця]
    26' Піза U19 - Катандзаро U19 [ІТАЛІЯ: Прімавера 2 Таблиця]
    26' Про Верчеллі U19 - Зюдтіроль U19 [ІТАЛІЯ: Прімавера 2 Таблиця]
    26' Салернітана U19 - Емполі U19 [ІТАЛІЯ: Прімавера 2 Таблиця]
    26' Сампдорія U19 - Реджана U19 [ІТАЛІЯ: Прімавера 2 Таблиця]
    26' Едінг Спорт - Нгокетунджія [КАМЕРУН: Еліт 2 Таблиця]
    26' Селангор - Сабах [МАЛАЙЗІЯ: Суперліга Таблиця]
    45' Ексельсіор Масслейс - Квик Бойз [НІДЕРЛАНДИ: Тведе Дивізі Таблиця]
    26' Спакенбург - Йонг Алмере Сіті [НІДЕРЛАНДИ: Тведе Дивізі Таблиця]
    26' Олесунн 2 - Квік [НОРВЕГІЯ: Дивізіон 3 - Група 2 Таблиця]
    26' Віндб'ярт - Бродд [НОРВЕГІЯ: Дивізіон 3 - Група 4 Таблиця]
    26' Релінген - Елверум [НОРВЕГІЯ: Дивізіон 3 - Група 6 Таблиця]
    26' Спортіво Карапега - 3 де Нов'ємбре [ПАРАГВАЙ: Другий дивізіон Таблиця]
    26' Голден Ерроуз - Дурбан Сіті [ПІВДЕННА АФРИКА: Прем'єр-ліга Таблиця]
    26' Сан-Джованні - Сан-Марино Академі U22 [САН-МАРИНО: Чемпіонат Таблиця]
    26' Тре Пенне - Кайлунго [САН-МАРИНО: Чемпіонат Таблиця]
    26' Фіорентіно - Фаетано [САН-МАРИНО: Чемпіонат Таблиця]
    26' Сандур - Хойвік [ФАРЕРСЬКІ ОСТРОВИ: 1. Дейлд Таблиця]
    26' СалПа - Тампере Юнайтед [ФІНЛЯНДІЯ: Юккьонен Таблиця]
    26' СУМУ - ЕПС [ФІНЛЯНДІЯ: Кубок Фінляндії]
  ✔ 66' ФК 08 Хомбург - Фрайберг [НІМЕЧЧИНА: Регіональна ліга - Південний Захід Таблиця] id=j3AraclR
  ✔ 66' Аугсбург II - Ашаффенбург [НІМЕЧЧИНА: Регіональна ліга - Баварія Таблиця] id=hd6qzc6N
  ✔ 66' Фільцінг - Айхштет [НІМЕЧЧИНА: Регіональна ліга - Баварія Таблиця] id=OvcFUzUp
  ✔ 70' Луганск - Майкоп [РОСІЯ: ФНЛ 2 - Дивізіон В - Група 1 Таблиця] id=WIxA6KRE
  ✔ 66' Побєда Хасав'юрт - Кизилташ [РОСІЯ: ФНЛ 2 - Дивізіон В - Група 1 Таблиця] id=lMcknjt0
  Found: 5 candidates, 0 new, 5 permanently skipped

Done: 0 analyzed, 0 actionable, 0 TG sent

🔍 Checking 1 possibly finished match(es)...
  ⚽ КПР - Бристоль Сіті: 0:0 [FT] → ✅ HIT (bet=UNDER_0_5)
Message sent to Telegram
  ✓ Telegram result sent (FT)

🔥 RUN #330: analyzed=0, signals=0
⏳ Next scan in 3m...
[16:28:57] Live scan
Opening: https://m.flashscore.ua/?s=2 (minute >= 60, 0:0 only)
Provider health [https://m.flashscore.ua/?s=2]: rows=98, 0:0 total=31, candidates=4
  ⏸ 0:0 ще рано (< 60'):
    45' Ліферінг - Флорідсдорфер [АВСТРІЯ: 2. Ліга Таблиця]
    29' Мінас Бока U20 - Сосіал U20 [БРАЗИЛІЯ: Мінейру U20 Таблиця]
    29' MAK - Спарта-КТ [ЄВРОПА: Прем'єр-ліга (Крим) Таблиця]
    29' Пескара - Сампдорія [ІТАЛІЯ: Серія B Таблиця]
    29' Юве Стабія - Чезена [ІТАЛІЯ: Серія B Таблиця]
    45' Кампобассо - Бра [ІТАЛІЯ: Серія С - Група В Таблиця]
    29' Сальві Ноале - Адрієзе [ІТАЛІЯ: Серія D - Група С Таблиця]
    29' Віченца U19 - Комо U19 [ІТАЛІЯ: Прімавера 2 Таблиця]
    29' Лекко U19 - Удінезе U19 [ІТАЛІЯ: Прімавера 2 Таблиця]
    29' Монополі U19 - Палермо U19 [ІТАЛІЯ: Прімавера 2 Таблиця]
    29' Падова U19 - Чіттаделла U19 [ІТАЛІЯ: Прімавера 2 Таблиця]
    29' Піза U19 - Катандзаро U19 [ІТАЛІЯ: Прімавера 2 Таблиця]
    29' Про Верчеллі U19 - Зюдтіроль U19 [ІТАЛІЯ: Прімавера 2 Таблиця]
    29' Салернітана U19 - Емполі U19 [ІТАЛІЯ: Прімавера 2 Таблиця]
    29' Сампдорія U19 - Реджана U19 [ІТАЛІЯ: Прімавера 2 Таблиця]
    29' Едінг Спорт - Нгокетунджія [КАМЕРУН: Еліт 2 Таблиця]
    29' Селангор - Сабах [МАЛАЙЗІЯ: Суперліга Таблиця]
    45' Ексельсіор Масслейс - Квик Бойз [НІДЕРЛАНДИ: Тведе Дивізі Таблиця]
    29' Спакенбург - Йонг Алмере Сіті [НІДЕРЛАНДИ: Тведе Дивізі Таблиця]
    29' Олесунн 2 - Квік [НОРВЕГІЯ: Дивізіон 3 - Група 2 Таблиця]
    29' Віндб'ярт - Бродд [НОРВЕГІЯ: Дивізіон 3 - Група 4 Таблиця]
    29' Релінген - Елверум [НОРВЕГІЯ: Дивізіон 3 - Група 6 Таблиця]
    29' Спортіво Карапега - 3 де Нов'ємбре [ПАРАГВАЙ: Другий дивізіон Таблиця]
    29' Голден Ерроуз - Дурбан Сіті [ПІВДЕННА АФРИКА: Прем'єр-ліга Таблиця]
    29' Сандур - Хойвік [ФАРЕРСЬКІ ОСТРОВИ: 1. Дейлд Таблиця]
    29' СалПа - Тампере Юнайтед [ФІНЛЯНДІЯ: Юккьонен Таблиця]
    29' СУМУ - ЕПС [ФІНЛЯНДІЯ: Кубок Фінляндії]
  ✔ 69' ФК 08 Хомбург - Фрайберг [НІМЕЧЧИНА: Регіональна ліга - Південний Захід Таблиця] id=j3AraclR
  ✔ 69' Аугсбург II - Ашаффенбург [НІМЕЧЧИНА: Регіональна ліга - Баварія Таблиця] id=hd6qzc6N
  ✔ 69' Фільцінг - Айхштет [НІМЕЧЧИНА: Регіональна ліга - Баварія Таблиця] id=OvcFUzUp
  ✔ 69' Побєда Хасав'юрт - Кизилташ [РОСІЯ: ФНЛ 2 - Дивізіон В - Група 1 Таблиця] id=lMcknjt0
  Found: 4 candidates, 0 new, 5 permanently skipped

Done: 0 analyzed, 0 actionable, 0 TG sent

🔥 RUN #331: analyzed=0, signals=0
⏳ Next scan in 3m...
[16:32:01] Live scan
Opening: https://m.flashscore.ua/?s=2 (minute >= 60, 0:0 only)
Provider health [https://m.flashscore.ua/?s=2]: rows=99, 0:0 total=31, candidates=3
  ⏸ 0:0 ще рано (< 60'):
    2' Гайденгайм - Уніон Берлін [НІМЕЧЧИНА: Бундесліга Таблиця]
    45' Ліферінг - Флорідсдорфер [АВСТРІЯ: 2. Ліга Таблиця]
    32' Мінас Бока U20 - Сосіал U20 [БРАЗИЛІЯ: Мінейру U20 Таблиця]
    32' MAK - Спарта-КТ [ЄВРОПА: Прем'єр-ліга (Крим) Таблиця]
    32' Пескара - Сампдорія [ІТАЛІЯ: Серія B Таблиця]
    32' Юве Стабія - Чезена [ІТАЛІЯ: Серія B Таблиця]
    45' Кампобассо - Бра [ІТАЛІЯ: Серія С - Група В Таблиця]
    32' Сальві Ноале - Адрієзе [ІТАЛІЯ: Серія D - Група С Таблиця]
    32' Віченца U19 - Комо U19 [ІТАЛІЯ: Прімавера 2 Таблиця]
    32' Лекко U19 - Удінезе U19 [ІТАЛІЯ: Прімавера 2 Таблиця]
    32' Монополі U19 - Палермо U19 [ІТАЛІЯ: Прімавера 2 Таблиця]
    32' Падова U19 - Чіттаделла U19 [ІТАЛІЯ: Прімавера 2 Таблиця]
    32' Піза U19 - Катандзаро U19 [ІТАЛІЯ: Прімавера 2 Таблиця]
    32' Про Верчеллі U19 - Зюдтіроль U19 [ІТАЛІЯ: Прімавера 2 Таблиця]
    32' Салернітана U19 - Емполі U19 [ІТАЛІЯ: Прімавера 2 Таблиця]
    32' Сампдорія U19 - Реджана U19 [ІТАЛІЯ: Прімавера 2 Таблиця]
    32' Едінг Спорт - Нгокетунджія [КАМЕРУН: Еліт 2 Таблиця]
    32' Селангор - Сабах [МАЛАЙЗІЯ: Суперліга Таблиця]
    45' Ексельсіор Масслейс - Квик Бойз [НІДЕРЛАНДИ: Тведе Дивізі Таблиця]
    32' Спакенбург - Йонг Алмере Сіті [НІДЕРЛАНДИ: Тведе Дивізі Таблиця]
    32' Олесунн 2 - Квік [НОРВЕГІЯ: Дивізіон 3 - Група 2 Таблиця]
    32' Віндб'ярт - Бродд [НОРВЕГІЯ: Дивізіон 3 - Група 4 Таблиця]
    32' Релінген - Елверум [НОРВЕГІЯ: Дивізіон 3 - Група 6 Таблиця]
    32' Спортіво Карапега - 3 де Нов'ємбре [ПАРАГВАЙ: Другий дивізіон Таблиця]
    32' Голден Ерроуз - Дурбан Сіті [ПІВДЕННА АФРИКА: Прем'єр-ліга Таблиця]
    32' Сандур - Хойвік [ФАРЕРСЬКІ ОСТРОВИ: 1. Дейлд Таблиця]
    32' СалПа - Тампере Юнайтед [ФІНЛЯНДІЯ: Юккьонен Таблиця]
    32' СУМУ - ЕПС [ФІНЛЯНДІЯ: Кубок Фінляндії]
  ✔ 72' ФК 08 Хомбург - Фрайберг [НІМЕЧЧИНА: Регіональна ліга - Південний Захід Таблиця] id=j3AraclR
  ✔ 72' Фільцінг - Айхштет [НІМЕЧЧИНА: Регіональна ліга - Баварія Таблиця] id=OvcFUzUp
  ✔ 72' Побєда Хасав'юрт - Кизилташ [РОСІЯ: ФНЛ 2 - Дивізіон В - Група 1 Таблиця] id=lMcknjt0
  Found: 3 candidates, 0 new, 5 permanently skipped

Done: 0 analyzed, 0 actionable, 0 TG sent

🔥 RUN #332: analyzed=0, signals=0
⏳ Next scan in 3m...
[16:35:05] Live scan
Opening: https://m.flashscore.ua/?s=2 (minute >= 60, 0:0 only)
Provider health [https://m.flashscore.ua/?s=2]: rows=107, 0:0 total=37, candidates=2
  ⏸ 0:0 ще рано (< 60'):
    5' Вольфсбург - Айнтрахт Франкфурт [НІМЕЧЧИНА: Бундесліга Таблиця]
    5' Гайденгайм - Уніон Берлін [НІМЕЧЧИНА: Бундесліга Таблиця]
    5' РБ Лейпциг - Боруссія М. [НІМЕЧЧИНА: Бундесліга Таблиця]
    47' Ліферінг - Флорідсдорфер [АВСТРІЯ: 2. Ліга Таблиця]
    35' Мінас Бока U20 - Сосіал U20 [БРАЗИЛІЯ: Мінейру U20 Таблиця]
    35' MAK - Спарта-КТ [ЄВРОПА: Прем'єр-ліга (Крим) Таблиця]
    35' Пескара - Сампдорія [ІТАЛІЯ: Серія B Таблиця]
    35' Юве Стабія - Чезена [ІТАЛІЯ: Серія B Таблиця]
    45' Кампобассо - Бра [ІТАЛІЯ: Серія С - Група В Таблиця]
    35' Сальві Ноале - Адрієзе [ІТАЛІЯ: Серія D - Група С Таблиця]
    35' Віченца U19 - Комо U19 [ІТАЛІЯ: Прімавера 2 Таблиця]
    35' Монополі U19 - Палермо U19 [ІТАЛІЯ: Прімавера 2 Таблиця]
    35' Падова U19 - Чіттаделла U19 [ІТАЛІЯ: Прімавера 2 Таблиця]
    35' Піза U19 - Катандзаро U19 [ІТАЛІЯ: Прімавера 2 Таблиця]
    35' Про Верчеллі U19 - Зюдтіроль U19 [ІТАЛІЯ: Прімавера 2 Таблиця]
    35' Салернітана U19 - Емполі U19 [ІТАЛІЯ: Прімавера 2 Таблиця]
    35' Сампдорія U19 - Реджана U19 [ІТАЛІЯ: Прімавера 2 Таблиця]
    35' Едінг Спорт - Нгокетунджія [КАМЕРУН: Еліт 2 Таблиця]
    45' Ексельсіор Масслейс - Квик Бойз [НІДЕРЛАНДИ: Тведе Дивізі Таблиця]
    35' Спакенбург - Йонг Алмере Сіті [НІДЕРЛАНДИ: Тведе Дивізі Таблиця]
    35' Олесунн 2 - Квік [НОРВЕГІЯ: Дивізіон 3 - Група 2 Таблиця]
    35' Віндб'ярт - Бродд [НОРВЕГІЯ: Дивізіон 3 - Група 4 Таблиця]
    35' Релінген - Елверум [НОРВЕГІЯ: Дивізіон 3 - Група 6 Таблиця]
    35' Спортіво Карапега - 3 де Нов'ємбре [ПАРАГВАЙ: Другий дивізіон Таблиця]
    35' Голден Ерроуз - Дурбан Сіті [ПІВДЕННА АФРИКА: Прем'єр-ліга Таблиця]
    5' Сілекс - Башкімі [ПІВНІЧНА МАКЕДОНІЯ: 1. МФЛ Таблиця]
    5' Тренчин - Прешов [СЛОВАЧЧИНА: Nike liga - Група вибування Таблиця]
    5' Ньютаун - Лландадно [УЕЛЬС: Кімру Північ Таблиця]
    5' Пенрінкок - Гресфорд [УЕЛЬС: Кімру Північ Таблиця]
    35' Сандур - Хойвік [ФАРЕРСЬКІ ОСТРОВИ: 1. Дейлд Таблиця]
    35' СалПа - Тампере Юнайтед [ФІНЛЯНДІЯ: Юккьонен Таблиця]
    35' СУМУ - ЕПС [ФІНЛЯНДІЯ: Кубок Фінляндії]
    5' Бланско - Брно B [ЧЕХІЯ: 3. МСФЛ Таблиця]
    5' Глубіна - Злін B [ЧЕХІЯ: 3. МСФЛ Таблиця]
    5' Годонін - Карвіна B [ЧЕХІЯ: 3. МСФЛ Таблиця]
  ✔ 75' Фільцінг - Айхштет [НІМЕЧЧИНА: Регіональна ліга - Баварія Таблиця] id=OvcFUzUp
  ✔ 75' Побєда Хасав'юрт - Кизилташ [РОСІЯ: ФНЛ 2 - Дивізіон В - Група 1 Таблиця] id=lMcknjt0
  Found: 2 candidates, 0 new, 5 permanently skipped

Done: 0 analyzed, 0 actionable, 0 TG sent

🔥 RUN #333: analyzed=0, signals=0
⏳ Next scan in 3m...
[16:38:08] Live scan
Opening: https://m.flashscore.ua/?s=2 (minute >= 60, 0:0 only)
Provider health [https://m.flashscore.ua/?s=2]: rows=106, 0:0 total=36, candidates=2
  ⏸ 0:0 ще рано (< 60'):
    8' Вольфсбург - Айнтрахт Франкфурт [НІМЕЧЧИНА: Бундесліга Таблиця]
    8' Гайденгайм - Уніон Берлін [НІМЕЧЧИНА: Бундесліга Таблиця]
    8' РБ Лейпциг - Боруссія М. [НІМЕЧЧИНА: Бундесліга Таблиця]
    50' Ліферінг - Флорідсдорфер [АВСТРІЯ: 2. Ліга Таблиця]
    38' Мінас Бока U20 - Сосіал U20 [БРАЗИЛІЯ: Мінейру U20 Таблиця]
    38' MAK - Спарта-КТ [ЄВРОПА: Прем'єр-ліга (Крим) Таблиця]
    38' Пескара - Сампдорія [ІТАЛІЯ: Серія B Таблиця]
    38' Юве Стабія - Чезена [ІТАЛІЯ: Серія B Таблиця]
    45' Кампобассо - Бра [ІТАЛІЯ: Серія С - Група В Таблиця]
    38' Сальві Ноале - Адрієзе [ІТАЛІЯ: Серія D - Група С Таблиця]
    38' Віченца U19 - Комо U19 [ІТАЛІЯ: Прімавера 2 Таблиця]
    38' Монополі U19 - Палермо U19 [ІТАЛІЯ: Прімавера 2 Таблиця]
    38' Падова U19 - Чіттаделла U19 [ІТАЛІЯ: Прімавера 2 Таблиця]
    38' Піза U19 - Катандзаро U19 [ІТАЛІЯ: Прімавера 2 Таблиця]
    38' Про Верчеллі U19 - Зюдтіроль U19 [ІТАЛІЯ: Прімавера 2 Таблиця]
    38' Салернітана U19 - Емполі U19 [ІТАЛІЯ: Прімавера 2 Таблиця]
    38' Сампдорія U19 - Реджана U19 [ІТАЛІЯ: Прімавера 2 Таблиця]
    48' Ексельсіор Масслейс - Квик Бойз [НІДЕРЛАНДИ: Тведе Дивізі Таблиця]
    38' Спакенбург - Йонг Алмере Сіті [НІДЕРЛАНДИ: Тведе Дивізі Таблиця]
    38' Олесунн 2 - Квік [НОРВЕГІЯ: Дивізіон 3 - Група 2 Таблиця]
    38' Віндб'ярт - Бродд [НОРВЕГІЯ: Дивізіон 3 - Група 4 Таблиця]
    38' Релінген - Елверум [НОРВЕГІЯ: Дивізіон 3 - Група 6 Таблиця]
    38' Спортіво Карапега - 3 де Нов'ємбре [ПАРАГВАЙ: Другий дивізіон Таблиця]
    38' Голден Ерроуз - Дурбан Сіті [ПІВДЕННА АФРИКА: Прем'єр-ліга Таблиця]
    8' Сілекс - Башкімі [ПІВНІЧНА МАКЕДОНІЯ: 1. МФЛ Таблиця]
    8' Тренчин - Прешов [СЛОВАЧЧИНА: Nike liga - Група вибування Таблиця]
    8' Ньютаун - Лландадно [УЕЛЬС: Кімру Північ Таблиця]
    8' Пенрінкок - Гресфорд [УЕЛЬС: Кімру Північ Таблиця]
    38' Сандур - Хойвік [ФАРЕРСЬКІ ОСТРОВИ: 1. Дейлд Таблиця]
    38' СалПа - Тампере Юнайтед [ФІНЛЯНДІЯ: Юккьонен Таблиця]
    38' СУМУ - ЕПС [ФІНЛЯНДІЯ: Кубок Фінляндії]
    8' Бланско - Брно B [ЧЕХІЯ: 3. МСФЛ Таблиця]
    8' Глубіна - Злін B [ЧЕХІЯ: 3. МСФЛ Таблиця]
    8' Годонін - Карвіна B [ЧЕХІЯ: 3. МСФЛ Таблиця]
  ✔ 78' Фільцінг - Айхштет [НІМЕЧЧИНА: Регіональна ліга - Баварія Таблиця] id=OvcFUzUp
  ✔ 78' Побєда Хасав'юрт - Кизилташ [РОСІЯ: ФНЛ 2 - Дивізіон В - Група 1 Таблиця] id=lMcknjt0
  Found: 2 candidates, 0 new, 5 permanently skipped

Done: 0 analyzed, 0 actionable, 0 TG sent

🔥 RUN #334: analyzed=0, signals=0
⏳ Next scan in 3m...
[16:41:12] Live scan
Opening: https://m.flashscore.ua/?s=2 (minute >= 60, 0:0 only)
Provider health [https://m.flashscore.ua/?s=2]: rows=106, 0:0 total=28, candidates=1
  ⏸ 0:0 ще рано (< 60'):
    11' Вольфсбург - Айнтрахт Франкфурт [НІМЕЧЧИНА: Бундесліга Таблиця]
    11' РБ Лейпциг - Боруссія М. [НІМЕЧЧИНА: Бундесліга Таблиця]
    53' Ліферінг - Флорідсдорфер [АВСТРІЯ: 2. Ліга Таблиця]
    41' Мінас Бока U20 - Сосіал U20 [БРАЗИЛІЯ: Мінейру U20 Таблиця]
    41' MAK - Спарта-КТ [ЄВРОПА: Прем'єр-ліга (Крим) Таблиця]
    41' Пескара - Сампдорія [ІТАЛІЯ: Серія B Таблиця]
    41' Юве Стабія - Чезена [ІТАЛІЯ: Серія B Таблиця]
    50' Кампобассо - Бра [ІТАЛІЯ: Серія С - Група В Таблиця]
    41' Сальві Ноале - Адрієзе [ІТАЛІЯ: Серія D - Група С Таблиця]
    41' Монополі U19 - Палермо U19 [ІТАЛІЯ: Прімавера 2 Таблиця]
    41' Падова U19 - Чіттаделла U19 [ІТАЛІЯ: Прімавера 2 Таблиця]
    41' Піза U19 - Катандзаро U19 [ІТАЛІЯ: Прімавера 2 Таблиця]
    41' Про Верчеллі U19 - Зюдтіроль U19 [ІТАЛІЯ: Прімавера 2 Таблиця]
    41' Салернітана U19 - Емполі U19 [ІТАЛІЯ: Прімавера 2 Таблиця]
    41' Сампдорія U19 - Реджана U19 [ІТАЛІЯ: Прімавера 2 Таблиця]
    51' Ексельсіор Масслейс - Квик Бойз [НІДЕРЛАНДИ: Тведе Дивізі Таблиця]
    41' Спакенбург - Йонг Алмере Сіті [НІДЕРЛАНДИ: Тведе Дивізі Таблиця]
    41' Віндб'ярт - Бродд [НОРВЕГІЯ: Дивізіон 3 - Група 4 Таблиця]
    11' Сілекс - Башкімі [ПІВНІЧНА МАКЕДОНІЯ: 1. МФЛ Таблиця]
    11' Тренчин - Прешов [СЛОВАЧЧИНА: Nike liga - Група вибування Таблиця]
    11' Ньютаун - Лландадно [УЕЛЬС: Кімру Північ Таблиця]
    41' Сандур - Хойвік [ФАРЕРСЬКІ ОСТРОВИ: 1. Дейлд Таблиця]
    41' СалПа - Тампере Юнайтед [ФІНЛЯНДІЯ: Юккьонен Таблиця]
    41' СУМУ - ЕПС [ФІНЛЯНДІЯ: Кубок Фінляндії]
    11' Бланско - Брно B [ЧЕХІЯ: 3. МСФЛ Таблиця]
    11' Глубіна - Злін B [ЧЕХІЯ: 3. МСФЛ Таблиця]
    11' Годонін - Карвіна B [ЧЕХІЯ: 3. МСФЛ Таблиця]
  ✔ 82' Побєда Хасав'юрт - Кизилташ [РОСІЯ: ФНЛ 2 - Дивізіон В - Група 1 Таблиця] id=lMcknjt0
  Found: 1 candidates, 0 new, 5 permanently skipped

Done: 0 analyzed, 0 actionable, 0 TG sent

🔥 RUN #335: analyzed=0, signals=0
⏳ Next scan in 3m...
[16:44:16] Live scan
Opening: https://m.flashscore.ua/?s=2 (minute >= 60, 0:0 only)
Provider health [https://m.flashscore.ua/?s=2]: rows=105, 0:0 total=23, candidates=1
  ⏸ 0:0 ще рано (< 60'):
    14' Вольфсбург - Айнтрахт Франкфурт [НІМЕЧЧИНА: Бундесліга Таблиця]
    14' РБ Лейпциг - Боруссія М. [НІМЕЧЧИНА: Бундесліга Таблиця]
    56' Ліферінг - Флорідсдорфер [АВСТРІЯ: 2. Ліга Таблиця]
    44' Мінас Бока U20 - Сосіал U20 [БРАЗИЛІЯ: Мінейру U20 Таблиця]
    44' MAK - Спарта-КТ [ЄВРОПА: Прем'єр-ліга (Крим) Таблиця]
    44' Пескара - Сампдорія [ІТАЛІЯ: Серія B Таблиця]
    44' Юве Стабія - Чезена [ІТАЛІЯ: Серія B Таблиця]
    53' Кампобассо - Бра [ІТАЛІЯ: Серія С - Група В Таблиця]
    44' Падова U19 - Чіттаделла U19 [ІТАЛІЯ: Прімавера 2 Таблиця]
    44' Піза U19 - Катандзаро U19 [ІТАЛІЯ: Прімавера 2 Таблиця]
    44' Про Верчеллі U19 - Зюдтіроль U19 [ІТАЛІЯ: Прімавера 2 Таблиця]
    44' Салернітана U19 - Емполі U19 [ІТАЛІЯ: Прімавера 2 Таблиця]
    54' Ексельсіор Масслейс - Квик Бойз [НІДЕРЛАНДИ: Тведе Дивізі Таблиця]
    44' Спакенбург - Йонг Алмере Сіті [НІДЕРЛАНДИ: Тведе Дивізі Таблиця]
    44' Віндб'ярт - Бродд [НОРВЕГІЯ: Дивізіон 3 - Група 4 Таблиця]
    14' Сілекс - Башкімі [ПІВНІЧНА МАКЕДОНІЯ: 1. МФЛ Таблиця]
    14' Тренчин - Прешов [СЛОВАЧЧИНА: Nike liga - Група вибування Таблиця]
    44' Сандур - Хойвік [ФАРЕРСЬКІ ОСТРОВИ: 1. Дейлд Таблиця]
    44' СалПа - Тампере Юнайтед [ФІНЛЯНДІЯ: Юккьонен Таблиця]
    44' СУМУ - ЕПС [ФІНЛЯНДІЯ: Кубок Фінляндії]
    14' Бланско - Брно B [ЧЕХІЯ: 3. МСФЛ Таблиця]
    14' Глубіна - Злін B [ЧЕХІЯ: 3. МСФЛ Таблиця]
  ✔ 85' Побєда Хасав'юрт - Кизилташ [РОСІЯ: ФНЛ 2 - Дивізіон В - Група 1 Таблиця] id=lMcknjt0
  Found: 1 candidates, 0 new, 5 permanently skipped

Done: 0 analyzed, 0 actionable, 0 TG sent

🔥 RUN #336: analyzed=0, signals=0
⏳ Next scan in 3m...
[16:47:20] Live scan
Opening: https://m.flashscore.ua/?s=2 (minute >= 60, 0:0 only)
Provider health [https://m.flashscore.ua/?s=2]: rows=105, 0:0 total=21, candidates=1
  ⏸ 0:0 ще рано (< 60'):
    18' Вольфсбург - Айнтрахт Франкфурт [НІМЕЧЧИНА: Бундесліга Таблиця]
    18' РБ Лейпциг - Боруссія М. [НІМЕЧЧИНА: Бундесліга Таблиця]
    59' Ліферінг - Флорідсдорфер [АВСТРІЯ: 2. Ліга Таблиця]
    45' MAK - Спарта-КТ [ЄВРОПА: Прем'єр-ліга (Крим) Таблиця]
    56' Кампобассо - Бра [ІТАЛІЯ: Серія С - Група В Таблиця]
    45' Піза U19 - Катандзаро U19 [ІТАЛІЯ: Прімавера 2 Таблиця]
    57' Ексельсіор Масслейс - Квик Бойз [НІДЕРЛАНДИ: Тведе Дивізі Таблиця]
    18' Сілекс - Башкімі [ПІВНІЧНА МАКЕДОНІЯ: 1. МФЛ Таблиця]
    18' Тренчин - Прешов [СЛОВАЧЧИНА: Nike liga - Група вибування Таблиця]
    18' Глубіна - Злін B [ЧЕХІЯ: 3. МСФЛ Таблиця]
  ✔ 88' Побєда Хасав'юрт - Кизилташ [РОСІЯ: ФНЛ 2 - Дивізіон В - Група 1 Таблиця] id=lMcknjt0
  Found: 1 candidates, 0 new, 5 permanently skipped

Done: 0 analyzed, 0 actionable, 0 TG sent

🔥 RUN #337: analyzed=0, signals=0
⏳ Next scan in 3m...
[16:50:24] Live scan
Opening: https://m.flashscore.ua/?s=2 (minute >= 60, 0:0 only)
Provider health [https://m.flashscore.ua/?s=2]: rows=103, 0:0 total=22, candidates=2
  ⏸ 0:0 ще рано (< 60'):
    21' Вольфсбург - Айнтрахт Франкфурт [НІМЕЧЧИНА: Бундесліга Таблиця]
    21' РБ Лейпциг - Боруссія М. [НІМЕЧЧИНА: Бундесліга Таблиця]
    45' MAK - Спарта-КТ [ЄВРОПА: Прем'єр-ліга (Крим) Таблиця]
    59' Кампобассо - Бра [ІТАЛІЯ: Серія С - Група В Таблиця]
    45' Падова U19 - Чіттаделла U19 [ІТАЛІЯ: Прімавера 2 Таблиця]
    45' Піза U19 - Катандзаро U19 [ІТАЛІЯ: Прімавера 2 Таблиця]
    1' Маджд ФК - Аль-Іттіфак [ОБ’ЄДНАНІ АРАБСЬКІ ЕМІРАТИ: Дивізіон 1 Таблиця]
    21' Сілекс - Башкімі [ПІВНІЧНА МАКЕДОНІЯ: 1. МФЛ Таблиця]
    21' Тренчин - Прешов [СЛОВАЧЧИНА: Nike liga - Група вибування Таблиця]
    45' СалПа - Тампере Юнайтед [ФІНЛЯНДІЯ: Юккьонен Таблиця]
    45' СУМУ - ЕПС [ФІНЛЯНДІЯ: Кубок Фінляндії]
    21' Глубіна - Злін B [ЧЕХІЯ: 3. МСФЛ Таблиця]
  ✔ 63' Ліферінг - Флорідсдорфер [АВСТРІЯ: 2. Ліга Таблиця] id=vH8B5gR9
  ✔ 60' Ексельсіор Масслейс - Квик Бойз [НІДЕРЛАНДИ: Тведе Дивізі Таблиця] id=dhsFueQh
  Found: 2 candidates, 2 new, 5 permanently skipped

→ Ліферінг - Флорідсдорфер (63') [АВСТРІЯ: 2. Ліга Таблиця]

→ Ексельсіор Масслейс - Квик Бойз (60') [НІДЕРЛАНДИ: Тведе Дивізі Таблиця]
  Кф 1X2: 2.11 / 3.52 / 3.22
  Кф 1X2: 4.56 / 3.58 / 1.75
  Desktop: https://www.flashscore.ua/match/soccer/excelsior-maassluis-UDZPfSMg/quick-boys-EFbfPyCk/?mid=dhsFueQh
  Desktop: https://www.flashscore.ua/match/soccer/fc-liefering-Cv27lapN/floridsdorfer-ac-wien-r9HwRaWH/?mid=vH8B5gR9
  [stats] vH8B5gR9 → both, 5 metrics
  [stats] dhsFueQh → both, 6 metrics
  Features: quality=0.23, primary=2, status=both
  Score (windowed): pGoal=0.283, pDry=0.717 | 60-70 → UNDER_0_5
  ⏸ сигнал не пройшов (вікно 60-70, впевненість: low, bet: UNDER_0_5)
  Features: quality=0.23, primary=2, status=both
  Score (windowed): pGoal=0.628, pDry=0.372 | 60-70 → SKIP

Done: 2 analyzed, 1 actionable, 0 TG sent
📌 Tracking 1 active prediction(s)

🔥 RUN #338: analyzed=2, signals=0
⏳ Next scan in 3m...
[16:53:38] Live scan
Opening: https://m.flashscore.ua/?s=2 (minute >= 60, 0:0 only)
Provider health [https://m.flashscore.ua/?s=2]: rows=99, 0:0 total=23, candidates=2
  ⏸ 0:0 ще рано (< 60'):
    24' РБ Лейпциг - Боруссія М. [НІМЕЧЧИНА: Бундесліга Таблиця]
    45' MAK - Спарта-КТ [ЄВРОПА: Прем'єр-ліга (Крим) Таблиця]
    45' Юве Стабія - Чезена [ІТАЛІЯ: Серія B Таблиця]
    45' Падова U19 - Чіттаделла U19 [ІТАЛІЯ: Прімавера 2 Таблиця]
    45' Піза U19 - Катандзаро U19 [ІТАЛІЯ: Прімавера 2 Таблиця]
    45' Про Верчеллі U19 - Зюдтіроль U19 [ІТАЛІЯ: Прімавера 2 Таблиця]
    45' Спакенбург - Йонг Алмере Сіті [НІДЕРЛАНДИ: Тведе Дивізі Таблиця]
    45' Віндб'ярт - Бродд [НОРВЕГІЯ: Дивізіон 3 - Група 4 Таблиця]
    4' Дібба - Галф Юнайтед [ОБ’ЄДНАНІ АРАБСЬКІ ЕМІРАТИ: Дивізіон 1 Таблиця]
    4' Емірейтс Клаб - Юнайтед ФК [ОБ’ЄДНАНІ АРАБСЬКІ ЕМІРАТИ: Дивізіон 1 Таблиця]
    4' Маджд ФК - Аль-Іттіфак [ОБ’ЄДНАНІ АРАБСЬКІ ЕМІРАТИ: Дивізіон 1 Таблиця]
    4' Хатта - Масфут [ОБ’ЄДНАНІ АРАБСЬКІ ЕМІРАТИ: Дивізіон 1 Таблиця]
    24' Сілекс - Башкімі [ПІВНІЧНА МАКЕДОНІЯ: 1. МФЛ Таблиця]
    24' Тренчин - Прешов [СЛОВАЧЧИНА: Nike liga - Група вибування Таблиця]
    24' Б36 Торсхавн 2 - ТБ/ФКС/Ройн [ФАРЕРСЬКІ ОСТРОВИ: 1. Дейлд Таблиця]
    45' СалПа - Тампере Юнайтед [ФІНЛЯНДІЯ: Юккьонен Таблиця]
    45' СУМУ - ЕПС [ФІНЛЯНДІЯ: Кубок Фінляндії]
    24' Глубіна - Злін B [ЧЕХІЯ: 3. МСФЛ Таблиця]
  ✔ 66' Ліферінг - Флорідсдорфер [АВСТРІЯ: 2. Ліга Таблиця] id=vH8B5gR9
  ✔ 62' Кампобассо - Бра [ІТАЛІЯ: Серія С - Група В Таблиця] id=KztTunSP
  Found: 2 candidates, 2 new, 5 permanently skipped

→ Ліферінг - Флорідсдорфер (66') [АВСТРІЯ: 2. Ліга Таблиця]

→ Кампобассо - Бра (62') [ІТАЛІЯ: Серія С - Група В Таблиця]
  Кф 1X2: 1.65 / 3.67 / 5.25
  Кф 1X2: 2.11 / 3.52 / 3.22
  Desktop: https://www.flashscore.ua/match/soccer/fc-liefering-Cv27lapN/floridsdorfer-ac-wien-r9HwRaWH/?mid=vH8B5gR9
  Desktop: https://www.flashscore.ua/match/soccer/bra-pjfae9TJ/campobasso-8rNMmUnk/?mid=KztTunSP
  [stats] vH8B5gR9 → both, 5 metrics
  [stats] KztTunSP → both, 6 metrics
  Features: quality=0.23, primary=2, status=both
  Score (windowed): pGoal=0.285, pDry=0.715 | 60-70 → UNDER_0_5
  ⏸ сигнал не пройшов (вікно 60-70, впевненість: low, bet: UNDER_0_5)
  Features: quality=0.23, primary=2, status=both
  Score (windowed): pGoal=0.411, pDry=0.589 | 60-70 → UNDER_0_5
  ⏸ сигнал не пройшов (вікно 60-70, впевненість: low, bet: UNDER_0_5)

Done: 2 analyzed, 2 actionable, 0 TG sent
📌 Tracking 2 active prediction(s)

🔥 RUN #339: analyzed=2, signals=0
⏳ Next scan in 3m...
[16:56:51] Live scan
Opening: https://m.flashscore.ua/?s=2 (minute >= 60, 0:0 only)
Provider health [https://m.flashscore.ua/?s=2]: rows=77, 0:0 total=19, candidates=2
  ⏸ 0:0 ще рано (< 60'):
    27' РБ Лейпциг - Боруссія М. [НІМЕЧЧИНА: Бундесліга Таблиця]
    45' Мінас Бока U20 - Сосіал U20 [БРАЗИЛІЯ: Мінейру U20 Таблиця]
    45' MAK - Спарта-КТ [ЄВРОПА: Прем'єр-ліга (Крим) Таблиця]
    45' Юве Стабія - Чезена [ІТАЛІЯ: Серія B Таблиця]
    45' Падова U19 - Чіттаделла U19 [ІТАЛІЯ: Прімавера 2 Таблиця]
    45' Піза U19 - Катандзаро U19 [ІТАЛІЯ: Прімавера 2 Таблиця]
    45' Про Верчеллі U19 - Зюдтіроль U19 [ІТАЛІЯ: Прімавера 2 Таблиця]
    45' Спакенбург - Йонг Алмере Сіті [НІДЕРЛАНДИ: Тведе Дивізі Таблиця]
    7' Дібба - Галф Юнайтед [ОБ’ЄДНАНІ АРАБСЬКІ ЕМІРАТИ: Дивізіон 1 Таблиця]
    7' Емірейтс Клаб - Юнайтед ФК [ОБ’ЄДНАНІ АРАБСЬКІ ЕМІРАТИ: Дивізіон 1 Таблиця]
    7' Хатта - Масфут [ОБ’ЄДНАНІ АРАБСЬКІ ЕМІРАТИ: Дивізіон 1 Таблиця]
    27' Сілекс - Башкімі [ПІВНІЧНА МАКЕДОНІЯ: 1. МФЛ Таблиця]
    27' Тренчин - Прешов [СЛОВАЧЧИНА: Nike liga - Група вибування Таблиця]
    27' Б36 Торсхавн 2 - ТБ/ФКС/Ройн [ФАРЕРСЬКІ ОСТРОВИ: 1. Дейлд Таблиця]
    45' СУМУ - ЕПС [ФІНЛЯНДІЯ: Кубок Фінляндії]
    27' Глубіна - Злін B [ЧЕХІЯ: 3. МСФЛ Таблиця]
  ✔ 69' Ліферінг - Флорідсдорфер [АВСТРІЯ: 2. Ліга Таблиця] id=vH8B5gR9
  ✔ 66' Кампобассо - Бра [ІТАЛІЯ: Серія С - Група В Таблиця] id=KztTunSP
  Found: 2 candidates, 2 new, 5 permanently skipped

→ Ліферінг - Флорідсдорфер (69') [АВСТРІЯ: 2. Ліга Таблиця]

→ Кампобассо - Бра (66') [ІТАЛІЯ: Серія С - Група В Таблиця]
  Кф 1X2: 2.11 / 3.52 / 3.22
  Кф 1X2: 1.65 / 3.67 / 5.25
  Desktop: https://www.flashscore.ua/match/soccer/fc-liefering-Cv27lapN/floridsdorfer-ac-wien-r9HwRaWH/?mid=vH8B5gR9
  Desktop: https://www.flashscore.ua/match/soccer/bra-pjfae9TJ/campobasso-8rNMmUnk/?mid=KztTunSP
  [stats] vH8B5gR9 → both, 6 metrics
  [stats] KztTunSP → both, 6 metrics
  Features: quality=0.23, primary=2, status=both
  Score (windowed): pGoal=0.285, pDry=0.715 | 60-70 → UNDER_0_5
  ⏸ сигнал не пройшов (вікно 60-70, впевненість: low, bet: UNDER_0_5)
  Features: quality=0.23, primary=2, status=both
  Score (windowed): pGoal=0.411, pDry=0.589 | 60-70 → UNDER_0_5
  ⏸ сигнал не пройшов (вікно 60-70, впевненість: low, bet: UNDER_0_5)

Done: 2 analyzed, 2 actionable, 0 TG sent
📌 Tracking 2 active prediction(s)

🔥 RUN #340: analyzed=2, signals=0
⏳ Next scan in 3m...
[17:00:05] Live scan
Opening: https://m.flashscore.ua/?s=2 (minute >= 60, 0:0 only)
Provider health [https://m.flashscore.ua/?s=2]: rows=69, 0:0 total=18, candidates=2
  ⏸ 0:0 ще рано (< 60'):
    30' РБ Лейпциг - Боруссія М. [НІМЕЧЧИНА: Бундесліга Таблиця]
    45' Мінас Бока U20 - Сосіал U20 [БРАЗИЛІЯ: Мінейру U20 Таблиця]
    45' MAK - Спарта-КТ [ЄВРОПА: Прем'єр-ліга (Крим) Таблиця]
    45' Юве Стабія - Чезена [ІТАЛІЯ: Серія B Таблиця]
    45' Падова U19 - Чіттаделла U19 [ІТАЛІЯ: Прімавера 2 Таблиця]
    47' Піза U19 - Катандзаро U19 [ІТАЛІЯ: Прімавера 2 Таблиця]
    45' Про Верчеллі U19 - Зюдтіроль U19 [ІТАЛІЯ: Прімавера 2 Таблиця]
    1' РФШ 2 - Метта [ЛАТВІЯ: Nakotnes liga Таблиця]
    45' Спакенбург - Йонг Алмере Сіті [НІДЕРЛАНДИ: Тведе Дивізі Таблиця]
    5' Аль-Джазіра - Дібба Аль-Фуджейра [ОБ’ЄДНАНІ АРАБСЬКІ ЕМІРАТИ: Ліга ОАЕ Таблиця]
    10' Дібба - Галф Юнайтед [ОБ’ЄДНАНІ АРАБСЬКІ ЕМІРАТИ: Дивізіон 1 Таблиця]
    10' Емірейтс Клаб - Юнайтед ФК [ОБ’ЄДНАНІ АРАБСЬКІ ЕМІРАТИ: Дивізіон 1 Таблиця]
    30' Сілекс - Башкімі [ПІВНІЧНА МАКЕДОНІЯ: 1. МФЛ Таблиця]
    30' Тренчин - Прешов [СЛОВАЧЧИНА: Nike liga - Група вибування Таблиця]
    30' Б36 Торсхавн 2 - ТБ/ФКС/Ройн [ФАРЕРСЬКІ ОСТРОВИ: 1. Дейлд Таблиця]
  ✔ 72' Ліферінг - Флорідсдорфер [АВСТРІЯ: 2. Ліга Таблиця] id=vH8B5gR9
  ✔ 69' Кампобассо - Бра [ІТАЛІЯ: Серія С - Група В Таблиця] id=KztTunSP
  Found: 2 candidates, 2 new, 5 permanently skipped

→ Ліферінг - Флорідсдорфер (72') [АВСТРІЯ: 2. Ліга Таблиця]

→ Кампобассо - Бра (69') [ІТАЛІЯ: Серія С - Група В Таблиця]
  Кф 1X2: 2.11 / 3.52 / 3.22
  Кф 1X2: 1.65 / 3.67 / 5.25
  Desktop: https://www.flashscore.ua/match/soccer/fc-liefering-Cv27lapN/floridsdorfer-ac-wien-r9HwRaWH/?mid=vH8B5gR9
  Desktop: https://www.flashscore.ua/match/soccer/bra-pjfae9TJ/campobasso-8rNMmUnk/?mid=KztTunSP
  [stats] vH8B5gR9 → both, 6 metrics
  [stats] KztTunSP → both, 6 metrics
  Features: quality=0.23, primary=2, status=both
  Score (windowed): pGoal=0.315, pDry=0.685 | 70-80 → UNDER_0_5
  ⏸ сигнал не пройшов (вікно 70-80, впевненість: low, bet: UNDER_0_5)
  Features: quality=0.23, primary=2, status=both
  Score (windowed): pGoal=0.411, pDry=0.589 | 60-70 → UNDER_0_5
  ⏸ сигнал не пройшов (вікно 60-70, впевненість: low, bet: UNDER_0_5)

Done: 2 analyzed, 2 actionable, 0 TG sent
📌 Tracking 2 active prediction(s)

🔥 RUN #341: analyzed=2, signals=0
⏳ Next scan in 3m...
[17:03:20] Live scan
Opening: https://m.flashscore.ua/?s=2 (minute >= 60, 0:0 only)
Provider health [https://m.flashscore.ua/?s=2]: rows=185, 0:0 total=130, candidates=2
  ⏸ 0:0 ще рано (< 60'):
    4' Брентфорд - Евертон [АНГЛІЯ: Прем'єр-ліга Таблиця]
    34' РБ Лейпциг - Боруссія М. [НІМЕЧЧИНА: Бундесліга Таблиця]
    4' Параду - Саура [АЛЖИР: Дивізіон 1 Таблиця]
    4' Мідлсбро - Портсмут [АНГЛІЯ: Чемпіоншип Таблиця]
    4' Оксфорд Юнайтед - Вотфорд [АНГЛІЯ: Чемпіоншип Таблиця]
    4' Саутгемптон - Дербі [АНГЛІЯ: Чемпіоншип Таблиця]
    4' Сток Сіті - Блекберн [АНГЛІЯ: Чемпіоншип Таблиця]
    4' Чарльтон - Престон [АНГЛІЯ: Чемпіоншип Таблиця]
    4' Шеффілд Юнайтед - Халл [АНГЛІЯ: Чемпіоншип Таблиця]
    4' Бредфорд - Стівенедж [АНГЛІЯ: Перша ліга Таблиця]
    4' Віган - Менсфілд [АНГЛІЯ: Перша ліга Таблиця]
    4' Донкастер - Редінг [АНГЛІЯ: Перша ліга Таблиця]
    4' Ротергем - Барнслі [АНГЛІЯ: Перша ліга Таблиця]
    4' Хаддерсфілд - Віком [АНГЛІЯ: Перша ліга Таблиця]
    4' Барнет - Барроу [АНГЛІЯ: Друга ліга Таблиця]
    4' Волсолл - Челтнем [АНГЛІЯ: Друга ліга Таблиця]
    4' Грімсбі - Крю [АНГЛІЯ: Друга ліга Таблиця]
    4' Ньюпорт - Харрогейт [АНГЛІЯ: Друга ліга Таблиця]
    4' Солфорд - Гіллінгем [АНГЛІЯ: Друга ліга Таблиця]
    4' Честерфілд - Транмер [АНГЛІЯ: Друга ліга Таблиця]
    4' Шрусбері - Олдем [АНГЛІЯ: Друга ліга Таблиця]
    4' Вокінг - Моркем [АНГЛІЯ: Національна ліга Таблиця]
    4' Йовіл - Галіфакс [АНГЛІЯ: Національна ліга Таблиця]
    4' Карлайл - Саттон [АНГЛІЯ: Національна ліга Таблиця]
    4' Олдершот - Гейтсхед [АНГЛІЯ: Національна ліга Таблиця]
    4' Олтрінчем - Істлі [АНГЛІЯ: Національна ліга Таблиця]
    4' Саутенд - Соліхалл [АНГЛІЯ: Національна ліга Таблиця]
    4' Сканторп - Бреклі Таун [АНГЛІЯ: Національна ліга Таблиця]
    4' Форест Грін - Брейнтрі [АНГЛІЯ: Національна ліга Таблиця]
    4' Бедфорд - Херефорд [АНГЛІЯ: Національна ліга - Північ Таблиця]
    4' Дарлінгтон - Марін [АНГЛІЯ: Національна ліга - Північ Таблиця]
    4' Кіддермінстер - Кінгс Лінн [АНГЛІЯ: Національна ліга - Північ Таблиця]
    4' Мертир Таун - Маклсфілд [АНГЛІЯ: Національна ліга - Північ Таблиця]
    4' Олфретон - Оксфорд Сіті [АНГЛІЯ: Національна ліга - Північ Таблиця]
    4' Пітерборо Спортс - Телфорд [АНГЛІЯ: Національна ліга - Північ Таблиця]
    4' Редкліфф - Саут Шілдс [АНГЛІЯ: Національна ліга - Північ Таблиця]
    4' Саутпорт - Лімінгтон [АНГЛІЯ: Національна ліга - Північ Таблиця]
    4' Спеннімур - Ворксоп [АНГЛІЯ: Національна ліга - Північ Таблиця]
    4' Честер - Файлд [АНГЛІЯ: Національна ліга - Північ Таблиця]
    4' Чорлі - Керзон Ештон [АНГЛІЯ: Національна ліга - Північ Таблиця]
    4' Гемптон енд Річмонд - Чіппенгем [АНГЛІЯ: Національна ліга - Південь Таблиця]
    4' Довер - Фарнборо [АНГЛІЯ: Національна ліга - Південь Таблиця]
    4' Хорнчерч - Еббсфліт [АНГЛІЯ: Національна ліга - Південь Таблиця]
    4' Воррінгтон Райлендс - Стоксбридж [АНГЛІЯ: ПчПЛ Прем'єр-дивізіон Таблиця]
    4' Гайзлі - ФК Юнайтед [АНГЛІЯ: ПчПЛ Прем'єр-дивізіон Таблиця]
    4' Ілкстон - Бамбер Бридж [АНГЛІЯ: ПчПЛ Прем'єр-дивізіон Таблиця]
    4' Лік - Прескот [АНГЛІЯ: ПчПЛ Прем'єр-дивізіон Таблиця]
    4' Стоктон - Рашолл [АНГЛІЯ: ПчПЛ Прем'єр-дивізіон Таблиця]
    4' Бенбері - Садбері [АНГЛІЯ: Південна ліга - Прем'єр дивізіон Центр Таблиця]
    4' Бері Таун - Стемфорд [АНГЛІЯ: Південна ліга - Прем'єр дивізіон Центр Таблиця]
    4' Кворн - Лейстон [АНГЛІЯ: Південна ліга - Прем'єр дивізіон Центр Таблиця]
    4' Кеттерінг - Вустер [АНГЛІЯ: Південна ліга - Прем'єр дивізіон Центр Таблиця]
    4' Нідгем Маркет - Барвелл [АНГЛІЯ: Південна ліга - Прем'єр дивізіон Центр Таблиця]
    4' Реддіч - Реал Бедфорд [АНГЛІЯ: Південна ліга - Прем'єр дивізіон Центр Таблиця]
    4' Сент-Айвс - Бромсгроув [АНГЛІЯ: Південна ліга - Прем'єр дивізіон Центр Таблиця]
    4' Сполдінг Юнайтед - Стретфорд [АНГЛІЯ: Південна ліга - Прем'єр дивізіон Центр Таблиця]
    4' Стаурбридж - Бішопс Стортфорд [АНГЛІЯ: Південна ліга - Прем'єр дивізіон Центр Таблиця]
    4' Хейлсовен - Харборо [АНГЛІЯ: Південна ліга - Прем'єр дивізіон Центр Таблиця]
    4' Вімборн - Беркхамстед [АНГЛІЯ: Південна ліга - Прем'єр дивізіон Південь Таблиця]
    4' Госпорт - Єйт Таун [АНГЛІЯ: Південна ліга - Прем'єр дивізіон Південь Таблиця]
    4' Дорчестер - Глостер [АНГЛІЯ: Південна ліга - Прем'єр дивізіон Південь Таблиця]
    4' Івшем - Волтон енд Хершем [АНГЛІЯ: Південна ліга - Прем'єр дивізіон Південь Таблиця]
    4' Плімут Парквей - Хевент енд В. [АНГЛІЯ: Південна ліга - Прем'єр дивізіон Південь Таблиця]
    4' Тонтон - Аксбридж [АНГЛІЯ: Південна ліга - Прем'єр дивізіон Південь Таблиця]
    4' Ханвелл Таун - Веймут [АНГЛІЯ: Південна ліга - Прем'єр дивізіон Південь Таблиця]
    4' Хангерфорд - Бейсінгсток [АНГЛІЯ: Південна ліга - Прем'єр дивізіон Південь Таблиця]
    4' Чертсі - Пул [АНГЛІЯ: Південна ліга - Прем'єр дивізіон Південь Таблиця]
    4' Шолінг - Фарнем [АНГЛІЯ: Південна ліга - Прем'єр дивізіон Південь Таблиця]
    4' Кенві - Дартфорд [АНГЛІЯ: Істмійська ліга - Прем'єр дивізіон Таблиця]
    4' Крей Вондерерс - Льюїс [АНГЛІЯ: Істмійська ліга - Прем'єр дивізіон Таблиця]
    4' Поттерс - Чічестер [АНГЛІЯ: Істмійська ліга - Прем'єр дивізіон Таблиця]
    4' Ремсгейт - Біллерікі [АНГЛІЯ: Істмійська ліга - Прем'єр дивізіон Таблиця]
    4' Сент-Олбанс - Ейвлі [АНГЛІЯ: Істмійська ліга - Прем'єр дивізіон Таблиця]
    4' Хештег - Крей Веллі Пейпер Міллс [АНГЛІЯ: Істмійська ліга - Прем'єр дивізіон Таблиця]
    4' Чатем - Вінгейт енд Фінчлі [АНГЛІЯ: Істмійська ліга - Прем'єр дивізіон Таблиця]
    45' Мінас Бока U20 - Сосіал U20 [БРАЗИЛІЯ: Мінейру U20 Таблиця]
    45' MAK - Спарта-КТ [ЄВРОПА: Прем'єр-ліга (Крим) Таблиця]
    45' Юве Стабія - Чезена [ІТАЛІЯ: Серія B Таблиця]
    45' Падова U19 - Чіттаделла U19 [ІТАЛІЯ: Прімавера 2 Таблиця]
    50' Піза U19 - Катандзаро U19 [ІТАЛІЯ: Прімавера 2 Таблиця]
    45' Про Верчеллі U19 - Зюдтіроль U19 [ІТАЛІЯ: Прімавера 2 Таблиця]
    4' РФШ 2 - Метта [ЛАТВІЯ: Nakotnes liga Таблиця]
    45' Спакенбург - Йонг Алмере Сіті [НІДЕРЛАНДИ: Тведе Дивізі Таблиця]
    9' Аль-Джазіра - Дібба Аль-Фуджейра [ОБ’ЄДНАНІ АРАБСЬКІ ЕМІРАТИ: Ліга ОАЕ Таблиця]
    14' Дібба - Галф Юнайтед [ОБ’ЄДНАНІ АРАБСЬКІ ЕМІРАТИ: Дивізіон 1 Таблиця]
    4' Колрейн - Кліфтонвілл [ПІВНІЧНА ІРЛАНДІЯ: Прем'єр-ліга - Чемпіонська група Таблиця]
    34' Сілекс - Башкімі [ПІВНІЧНА МАКЕДОНІЯ: 1. МФЛ Таблиця]
    4' Свіднічанка Свідник - Авіа Свіднік [ПОЛЬЩА: III Ліга - Група IV Таблиця]
    4' Чарні Поланец - Краковія II [ПОЛЬЩА: III Ліга - Група IV Таблиця]
    4' Санжуаненсе - АД Фафе [ПОРТУГАЛІЯ: Ліга 3 - Група вибування Таблиця]
    4' Челябінськ - СКА Хабаровськ [РОСІЯ: ФНЛ Таблиця]
    34' Тренчин - Прешов [СЛОВАЧЧИНА: Nike liga - Група вибування Таблиця]
    4' Любовня - Інтер Б. [СЛОВАЧЧИНА: Друга ліга Таблиця]
    4' Пухов - Петржалка [СЛОВАЧЧИНА: Друга ліга Таблиця]
    4' Шаморин - Банська Бистріца [СЛОВАЧЧИНА: Друга ліга Таблиця]
    4' Олімпік Беджа - Етуаль Сахель [ТУНІС: Професійна ліга 1 Таблиця]
    4' Стад Тунізьєн - КА Бізертен [ТУНІС: Професійна ліга 1 Таблиця]
    4' Кассерін - Прогрес Сак'єт [ТУНІС: Ліга 2 Таблиця]
    4' Мокнін - Стад Габезьєн [ТУНІС: Ліга 2 Таблиця]
    4' Будафок - Мезекевешд-Жорі [УГОРЩИНА: NB II. Таблиця]
    4' Сентльорінц - Вашаш [УГОРЩИНА: NB II. Таблиця]
    4' Папай Перуц - Балатонфюред [УГОРЩИНА: НБ III - Північний захід Таблиця]
    4' СК Будайорш - Мошонмадяровар ТЕ [УГОРЩИНА: НБ III - Північний захід Таблиця]
    4' Стреймур 2 - НСІ Рунавік 2 [ФАРЕРСЬКІ ОСТРОВИ: 1. Дейлд Таблиця]
    4' Рованіємі - Турку 2 [ФІНЛЯНДІЯ: Юккьонен Таблиця]
    4' ТПВ - КПВ Коккола [ФІНЛЯНДІЯ: Юккьонен Таблиця]
    4' КоПа - МюПа [ФІНЛЯНДІЯ: Кубок Фінляндії]
    4' МПС - ЕБК [ФІНЛЯНДІЯ: Кубок Фінляндії]
    4' Кройцлінген - Люцерн II [ШВЕЙЦАРІЯ: Ліга підвищення Таблиця]
    4' Єфле - АФК Ескільстуна [ШВЕЦІЯ: Дивізіон 1 - Північ Таблиця]
    4' Стоксунд - Хаммарбю ТФФ [ШВЕЦІЯ: Дивізіон 1 - Північ Таблиця]
    4' Лундс - Отвідаберг [ШВЕЦІЯ: Дивізіон 1 - Південь Таблиця]
    4' Олімпік - Тролльхеттан [ШВЕЦІЯ: Дивізіон 1 - Південь Таблиця]
    4' Данді Юнайтед - Лівінгстон [ШОТЛАНДІЯ: Прем'єр-ліга Таблиця]
    4' Кілмарнок - ФК Данді [ШОТЛАНДІЯ: Прем'єр-ліга Таблиця]
    4' Селтік - Сент-Міррен [ШОТЛАНДІЯ: Прем'єр-ліга Таблиця]
    4' Хартс - Мотервелл [ШОТЛАНДІЯ: Прем'єр-ліга Таблиця]
    4' Партік - Данфермлін [ШОТЛАНДІЯ: Чемпіоншип Таблиця]
    4' Рейт - Мортон [ШОТЛАНДІЯ: Чемпіоншип Таблиця]
    4' Сент-Джонстон - Ейрдріоніанс [ШОТЛАНДІЯ: Чемпіоншип Таблиця]
    4' Іст Файф - Пітерхед [ШОТЛАНДІЯ: Перша ліга Таблиця]
    4' Квін оф Саут - Коув Рейнджерс [ШОТЛАНДІЯ: Перша ліга Таблиця]
    4' Келті Хартс - Монтроз [ШОТЛАНДІЯ: Перша ліга Таблиця]
    4' Едінбург Сіті - Клайд [ШОТЛАНДІЯ: Друга ліга Таблиця]
    4' Елгін Сіті - Аннан [ШОТЛАНДІЯ: Друга ліга Таблиця]
    4' Спартанс - Странрар [ШОТЛАНДІЯ: Друга ліга Таблиця]
    4' Форфар Атлетік - Іст Кілбрайд [ШОТЛАНДІЯ: Друга ліга Таблиця]
  ✔ 76' Ліферінг - Флорідсдорфер [АВСТРІЯ: 2. Ліга Таблиця] id=vH8B5gR9
  ✔ 72' Кампобассо - Бра [ІТАЛІЯ: Серія С - Група В Таблиця] id=KztTunSP
  Found: 2 candidates, 2 new, 5 permanently skipped

→ Ліферінг - Флорідсдорфер (76') [АВСТРІЯ: 2. Ліга Таблиця]

→ Кампобассо - Бра (72') [ІТАЛІЯ: Серія С - Група В Таблиця]
  Кф 1X2: 1.65 / 3.67 / 5.25
  Кф 1X2: 2.11 / 3.52 / 3.22
  Desktop: https://www.flashscore.ua/match/soccer/fc-liefering-Cv27lapN/floridsdorfer-ac-wien-r9HwRaWH/?mid=vH8B5gR9
  Desktop: https://www.flashscore.ua/match/soccer/bra-pjfae9TJ/campobasso-8rNMmUnk/?mid=KztTunSP
  [stats] KztTunSP → both, 6 metrics
  [stats] vH8B5gR9 → both, 6 metrics
  Features: quality=0.23, primary=2, status=both
  Score (windowed): pGoal=0.441, pDry=0.559 | 70-80 → SKIP
  Features: quality=0.23, primary=2, status=both
  Score (windowed): pGoal=0.35, pDry=0.65 | 70-80 → UNDER_0_5
  ⏸ сигнал не пройшов (вікно 70-80, впевненість: low, bet: UNDER_0_5)

Done: 2 analyzed, 1 actionable, 0 TG sent
📌 Tracking 2 active prediction(s)

🔥 RUN #342: analyzed=2, signals=0
Message sent to Telegram
⏳ Next scan in 3m...
[17:06:34] Live scan
Opening: https://m.flashscore.ua/?s=2 (minute >= 60, 0:0 only)
Provider health [https://m.flashscore.ua/?s=2]: rows=198, 0:0 total=136, candidates=2
  ⏸ 0:0 ще рано (< 60'):
    37' РБ Лейпциг - Боруссія М. [НІМЕЧЧИНА: Бундесліга Таблиця]
    7' Параду - Саура [АЛЖИР: Дивізіон 1 Таблиця]
    7' Мідлсбро - Портсмут [АНГЛІЯ: Чемпіоншип Таблиця]
    7' Оксфорд Юнайтед - Вотфорд [АНГЛІЯ: Чемпіоншип Таблиця]
    7' Саутгемптон - Дербі [АНГЛІЯ: Чемпіоншип Таблиця]
    7' Сток Сіті - Блекберн [АНГЛІЯ: Чемпіоншип Таблиця]
    7' Чарльтон - Престон [АНГЛІЯ: Чемпіоншип Таблиця]
    7' Бредфорд - Стівенедж [АНГЛІЯ: Перша ліга Таблиця]
    7' Віган - Менсфілд [АНГЛІЯ: Перша ліга Таблиця]
    7' Донкастер - Редінг [АНГЛІЯ: Перша ліга Таблиця]
    7' Ротергем - Барнслі [АНГЛІЯ: Перша ліга Таблиця]
    7' Хаддерсфілд - Віком [АНГЛІЯ: Перша ліга Таблиця]
    7' Волсолл - Челтнем [АНГЛІЯ: Друга ліга Таблиця]
    7' Грімсбі - Крю [АНГЛІЯ: Друга ліга Таблиця]
    7' Ньюпорт - Харрогейт [АНГЛІЯ: Друга ліга Таблиця]
    7' Солфорд - Гіллінгем [АНГЛІЯ: Друга ліга Таблиця]
    7' Честерфілд - Транмер [АНГЛІЯ: Друга ліга Таблиця]
    7' Шрусбері - Олдем [АНГЛІЯ: Друга ліга Таблиця]
    7' Вокінг - Моркем [АНГЛІЯ: Національна ліга Таблиця]
    7' Йовіл - Галіфакс [АНГЛІЯ: Національна ліга Таблиця]
    7' Карлайл - Саттон [АНГЛІЯ: Національна ліга Таблиця]
    7' Олдершот - Гейтсхед [АНГЛІЯ: Національна ліга Таблиця]
    7' Олтрінчем - Істлі [АНГЛІЯ: Національна ліга Таблиця]
    7' Саутенд - Соліхалл [АНГЛІЯ: Національна ліга Таблиця]
    7' Сканторп - Бреклі Таун [АНГЛІЯ: Національна ліга Таблиця]
    7' Форест Грін - Брейнтрі [АНГЛІЯ: Національна ліга Таблиця]
    7' Бедфорд - Херефорд [АНГЛІЯ: Національна ліга - Північ Таблиця]
    7' Дарлінгтон - Марін [АНГЛІЯ: Національна ліга - Північ Таблиця]
    7' Кіддермінстер - Кінгс Лінн [АНГЛІЯ: Національна ліга - Північ Таблиця]
    7' Мертир Таун - Маклсфілд [АНГЛІЯ: Національна ліга - Північ Таблиця]
    7' Олфретон - Оксфорд Сіті [АНГЛІЯ: Національна ліга - Північ Таблиця]
    7' Пітерборо Спортс - Телфорд [АНГЛІЯ: Національна ліга - Північ Таблиця]
    7' Саутпорт - Лімінгтон [АНГЛІЯ: Національна ліга - Північ Таблиця]
    7' Спеннімур - Ворксоп [АНГЛІЯ: Національна ліга - Північ Таблиця]
    7' Честер - Файлд [АНГЛІЯ: Національна ліга - Північ Таблиця]
    7' Чорлі - Керзон Ештон [АНГЛІЯ: Національна ліга - Північ Таблиця]
    7' Вестон-сьюпер-Мер - Енфілд Таун [АНГЛІЯ: Національна ліга - Південь Таблиця]
    7' Вортінг - Дагенем енд Ред. [АНГЛІЯ: Національна ліга - Південь Таблиця]
    7' Гемптон енд Річмонд - Чіппенгем [АНГЛІЯ: Національна ліга - Південь Таблиця]
    7' Слау - Торкі [АНГЛІЯ: Національна ліга - Південь Таблиця]
    7' Тонбридж - Солсбері [АНГЛІЯ: Національна ліга - Південь Таблиця]
    7' Хорнчерч - Еббсфліт [АНГЛІЯ: Національна ліга - Південь Таблиця]
    7' Хоршем - Мейдстоун [АНГЛІЯ: Національна ліга - Південь Таблиця]
    7' Челмсфорд - Мейденгед [АНГЛІЯ: Національна ліга - Південь Таблиця]
    7' Воррінгтон Райлендс - Стоксбридж [АНГЛІЯ: ПчПЛ Прем'єр-дивізіон Таблиця]
    7' Гайзлі - ФК Юнайтед [АНГЛІЯ: ПчПЛ Прем'єр-дивізіон Таблиця]
    7' Ештон Юнайтед - Воркінгтон [АНГЛІЯ: ПчПЛ Прем'єр-дивізіон Таблиця]
    7' Ілкстон - Бамбер Бридж [АНГЛІЯ: ПчПЛ Прем'єр-дивізіон Таблиця]
    7' Кліторпс - Хебберн Таун [АНГЛІЯ: ПчПЛ Прем'єр-дивізіон Таблиця]
    7' Ланкастер - Гейнсборо [АНГЛІЯ: ПчПЛ Прем'єр-дивізіон Таблиця]
    7' Лік - Прескот [АНГЛІЯ: ПчПЛ Прем'єр-дивізіон Таблиця]
    7' Стоктон - Рашолл [АНГЛІЯ: ПчПЛ Прем'єр-дивізіон Таблиця]
    7' Хенсфорд - Морпет [АНГЛІЯ: ПчПЛ Прем'єр-дивізіон Таблиця]
    7' Бенбері - Садбері [АНГЛІЯ: Південна ліга - Прем'єр дивізіон Центр Таблиця]
    7' Бері Таун - Стемфорд [АНГЛІЯ: Південна ліга - Прем'єр дивізіон Центр Таблиця]
    7' Кворн - Лейстон [АНГЛІЯ: Південна ліга - Прем'єр дивізіон Центр Таблиця]
    7' Кеттерінг - Вустер [АНГЛІЯ: Південна ліга - Прем'єр дивізіон Центр Таблиця]
    7' Нідгем Маркет - Барвелл [АНГЛІЯ: Південна ліга - Прем'єр дивізіон Центр Таблиця]
    7' Реддіч - Реал Бедфорд [АНГЛІЯ: Південна ліга - Прем'єр дивізіон Центр Таблиця]
    7' Сент-Айвс - Бромсгроув [АНГЛІЯ: Південна ліга - Прем'єр дивізіон Центр Таблиця]
    7' Сполдінг Юнайтед - Стретфорд [АНГЛІЯ: Південна ліга - Прем'єр дивізіон Центр Таблиця]
    7' Стаурбридж - Бішопс Стортфорд [АНГЛІЯ: Південна ліга - Прем'єр дивізіон Центр Таблиця]
    7' Хейлсовен - Харборо [АНГЛІЯ: Південна ліга - Прем'єр дивізіон Центр Таблиця]
    7' Вімборн - Беркхамстед [АНГЛІЯ: Південна ліга - Прем'єр дивізіон Південь Таблиця]
    7' Госпорт - Єйт Таун [АНГЛІЯ: Південна ліга - Прем'єр дивізіон Південь Таблиця]
    7' Дорчестер - Глостер [АНГЛІЯ: Південна ліга - Прем'єр дивізіон Південь Таблиця]
    7' Івшем - Волтон енд Хершем [АНГЛІЯ: Південна ліга - Прем'єр дивізіон Південь Таблиця]
    7' Плімут Парквей - Хевент енд В. [АНГЛІЯ: Південна ліга - Прем'єр дивізіон Південь Таблиця]
    7' Тонтон - Аксбридж [АНГЛІЯ: Південна ліга - Прем'єр дивізіон Південь Таблиця]
    7' Ханвелл Таун - Веймут [АНГЛІЯ: Південна ліга - Прем'єр дивізіон Південь Таблиця]
    7' Хангерфорд - Бейсінгсток [АНГЛІЯ: Південна ліга - Прем'єр дивізіон Південь Таблиця]
    7' Чертсі - Пул [АНГЛІЯ: Південна ліга - Прем'єр дивізіон Південь Таблиця]
    7' Шолінг - Фарнем [АНГЛІЯ: Південна ліга - Прем'єр дивізіон Південь Таблиця]
    7' Вайтхок - Фолкстоун [АНГЛІЯ: Істмійська ліга - Прем'єр дивізіон Таблиця]
    7' Веллінг - Далвіч Гамлет [АНГЛІЯ: Істмійська ліга - Прем'єр дивізіон Таблиця]
    7' Кенві - Дартфорд [АНГЛІЯ: Істмійська ліга - Прем'єр дивізіон Таблиця]
    7' Поттерс - Чічестер [АНГЛІЯ: Істмійська ліга - Прем'єр дивізіон Таблиця]
    7' Ремсгейт - Біллерікі [АНГЛІЯ: Істмійська ліга - Прем'єр дивізіон Таблиця]
    7' Сент-Олбанс - Ейвлі [АНГЛІЯ: Істмійська ліга - Прем'єр дивізіон Таблиця]
    7' Хештег - Крей Веллі Пейпер Міллс [АНГЛІЯ: Істмійська ліга - Прем'єр дивізіон Таблиця]
    7' Чатем - Вінгейт енд Фінчлі [АНГЛІЯ: Істмійська ліга - Прем'єр дивізіон Таблиця]
    45' Мінас Бока U20 - Сосіал U20 [БРАЗИЛІЯ: Мінейру U20 Таблиця]
    48' MAK - Спарта-КТ [ЄВРОПА: Прем'єр-ліга (Крим) Таблиця]
    45' Юве Стабія - Чезена [ІТАЛІЯ: Серія B Таблиця]
    45' Падова U19 - Чіттаделла U19 [ІТАЛІЯ: Прімавера 2 Таблиця]
    45' Про Верчеллі U19 - Зюдтіроль U19 [ІТАЛІЯ: Прімавера 2 Таблиця]
    7' РФШ 2 - Метта [ЛАТВІЯ: Nakotnes liga Таблиця]
    45' Спакенбург - Йонг Алмере Сіті [НІДЕРЛАНДИ: Тведе Дивізі Таблиця]
    12' Аль-Джазіра - Дібба Аль-Фуджейра [ОБ’ЄДНАНІ АРАБСЬКІ ЕМІРАТИ: Ліга ОАЕ Таблиця]
    17' Дібба - Галф Юнайтед [ОБ’ЄДНАНІ АРАБСЬКІ ЕМІРАТИ: Дивізіон 1 Таблиця]
    7' Колрейн - Кліфтонвілл [ПІВНІЧНА ІРЛАНДІЯ: Прем'єр-ліга - Чемпіонська група Таблиця]
    37' Сілекс - Башкімі [ПІВНІЧНА МАКЕДОНІЯ: 1. МФЛ Таблиця]
    7' Свіднічанка Свідник - Авіа Свіднік [ПОЛЬЩА: III Ліга - Група IV Таблиця]
    7' Чарні Поланец - Краковія II [ПОЛЬЩА: III Ліга - Група IV Таблиця]
    7' Санжуаненсе - АД Фафе [ПОРТУГАЛІЯ: Ліга 3 - Група вибування Таблиця]
    7' Челябінськ - СКА Хабаровськ [РОСІЯ: ФНЛ Таблиця]
    37' Тренчин - Прешов [СЛОВАЧЧИНА: Nike liga - Група вибування Таблиця]
    7' Любовня - Інтер Б. [СЛОВАЧЧИНА: Друга ліга Таблиця]
    7' Пухов - Петржалка [СЛОВАЧЧИНА: Друга ліга Таблиця]
    7' Шаморин - Банська Бистріца [СЛОВАЧЧИНА: Друга ліга Таблиця]
    7' Олімпік Беджа - Етуаль Сахель [ТУНІС: Професійна ліга 1 Таблиця]
    7' Стад Тунізьєн - КА Бізертен [ТУНІС: Професійна ліга 1 Таблиця]
    7' Кассерін - Прогрес Сак'єт [ТУНІС: Ліга 2 Таблиця]
    7' Корба - Аріана [ТУНІС: Ліга 2 Таблиця]
    7' Мокнін - Стад Габезьєн [ТУНІС: Ліга 2 Таблиця]
    7' Будафок - Мезекевешд-Жорі [УГОРЩИНА: NB II. Таблиця]
    7' Сентльорінц - Вашаш [УГОРЩИНА: NB II. Таблиця]
    7' Галадаш ВСЕ - Шопрон [УГОРЩИНА: НБ III - Північний захід Таблиця]
    7' СК Будайорш - Мошонмадяровар ТЕ [УГОРЩИНА: НБ III - Північний захід Таблиця]
    7' Стреймур 2 - НСІ Рунавік 2 [ФАРЕРСЬКІ ОСТРОВИ: 1. Дейлд Таблиця]
    7' Рованіємі - Турку 2 [ФІНЛЯНДІЯ: Юккьонен Таблиця]
    7' ТПВ - КПВ Коккола [ФІНЛЯНДІЯ: Юккьонен Таблиця]
    7' КоПа - МюПа [ФІНЛЯНДІЯ: Кубок Фінляндії]
    7' МПС - ЕБК [ФІНЛЯНДІЯ: Кубок Фінляндії]
    7' Кройцлінген - Люцерн II [ШВЕЙЦАРІЯ: Ліга підвищення Таблиця]
    7' Єфле - АФК Ескільстуна [ШВЕЦІЯ: Дивізіон 1 - Північ Таблиця]
    7' Стоксунд - Хаммарбю ТФФ [ШВЕЦІЯ: Дивізіон 1 - Північ Таблиця]
    7' Лундс - Отвідаберг [ШВЕЦІЯ: Дивізіон 1 - Південь Таблиця]
    7' Олімпік - Тролльхеттан [ШВЕЦІЯ: Дивізіон 1 - Південь Таблиця]
    7' Данді Юнайтед - Лівінгстон [ШОТЛАНДІЯ: Прем'єр-ліга Таблиця]
    7' Кілмарнок - ФК Данді [ШОТЛАНДІЯ: Прем'єр-ліга Таблиця]
    7' Селтік - Сент-Міррен [ШОТЛАНДІЯ: Прем'єр-ліга Таблиця]
    7' Хартс - Мотервелл [ШОТЛАНДІЯ: Прем'єр-ліга Таблиця]
    7' Партік - Данфермлін [ШОТЛАНДІЯ: Чемпіоншип Таблиця]
    7' Рейт - Мортон [ШОТЛАНДІЯ: Чемпіоншип Таблиця]
    7' Сент-Джонстон - Ейрдріоніанс [ШОТЛАНДІЯ: Чемпіоншип Таблиця]
    7' Іст Файф - Пітерхед [ШОТЛАНДІЯ: Перша ліга Таблиця]
    7' Квін оф Саут - Коув Рейнджерс [ШОТЛАНДІЯ: Перша ліга Таблиця]
    7' Келті Хартс - Монтроз [ШОТЛАНДІЯ: Перша ліга Таблиця]
    7' Едінбург Сіті - Клайд [ШОТЛАНДІЯ: Друга ліга Таблиця]
    7' Елгін Сіті - Аннан [ШОТЛАНДІЯ: Друга ліга Таблиця]
    7' Спартанс - Странрар [ШОТЛАНДІЯ: Друга ліга Таблиця]
    7' Форфар Атлетік - Іст Кілбрайд [ШОТЛАНДІЯ: Друга ліга Таблиця]
  ✔ 79' Ліферінг - Флорідсдорфер [АВСТРІЯ: 2. Ліга Таблиця] id=vH8B5gR9
  ✔ 75' Кампобассо - Бра [ІТАЛІЯ: Серія С - Група В Таблиця] id=KztTunSP
  Found: 2 candidates, 2 new, 5 permanently skipped

→ Ліферінг - Флорідсдорфер (79') [АВСТРІЯ: 2. Ліга Таблиця]

→ Кампобассо - Бра (75') [ІТАЛІЯ: Серія С - Група В Таблиця]
  Кф 1X2: 1.65 / 3.67 / 5.25
  Кф 1X2: 2.11 / 3.52 / 3.22
  Desktop: https://www.flashscore.ua/match/soccer/fc-liefering-Cv27lapN/floridsdorfer-ac-wien-r9HwRaWH/?mid=vH8B5gR9
  Desktop: https://www.flashscore.ua/match/soccer/bra-pjfae9TJ/campobasso-8rNMmUnk/?mid=KztTunSP
  [stats] KztTunSP → both, 6 metrics
  [stats] vH8B5gR9 → both, 6 metrics
  Features: quality=0.23, primary=2, status=both
  Score (windowed): pGoal=0.63, pDry=0.37 | 70-80 → OVER_0_5
  ⏸ сигнал не пройшов (вікно 70-80, впевненість: low, bet: OVER_0_5)
  Features: quality=0.23, primary=2, status=both
  Score (windowed): pGoal=0.35, pDry=0.65 | 70-80 → UNDER_0_5
  ⏸ сигнал не пройшов (вікно 70-80, впевненість: low, bet: UNDER_0_5)

Done: 2 analyzed, 2 actionable, 0 TG sent
📌 Tracking 2 active prediction(s)

🔥 RUN #343: analyzed=2, signals=0
⏳ Next scan in 3m...
[17:09:48] Live scan
Opening: https://m.flashscore.ua/?s=2 (minute >= 60, 0:0 only)
Provider health [https://m.flashscore.ua/?s=2]: rows=205, 0:0 total=132, candidates=2
  ⏸ 0:0 ще рано (< 60'):
    40' РБ Лейпциг - Боруссія М. [НІМЕЧЧИНА: Бундесліга Таблиця]
    10' Параду - Саура [АЛЖИР: Дивізіон 1 Таблиця]
    10' Мідлсбро - Портсмут [АНГЛІЯ: Чемпіоншип Таблиця]
    10' Оксфорд Юнайтед - Вотфорд [АНГЛІЯ: Чемпіоншип Таблиця]
    10' Саутгемптон - Дербі [АНГЛІЯ: Чемпіоншип Таблиця]
    10' Сток Сіті - Блекберн [АНГЛІЯ: Чемпіоншип Таблиця]
    10' Чарльтон - Престон [АНГЛІЯ: Чемпіоншип Таблиця]
    10' Бредфорд - Стівенедж [АНГЛІЯ: Перша ліга Таблиця]
    10' Віган - Менсфілд [АНГЛІЯ: Перша ліга Таблиця]
    10' Донкастер - Редінг [АНГЛІЯ: Перша ліга Таблиця]
    10' Ротергем - Барнслі [АНГЛІЯ: Перша ліга Таблиця]
    10' Хаддерсфілд - Віком [АНГЛІЯ: Перша ліга Таблиця]
    10' Волсолл - Челтнем [АНГЛІЯ: Друга ліга Таблиця]
    10' Грімсбі - Крю [АНГЛІЯ: Друга ліга Таблиця]
    10' Солфорд - Гіллінгем [АНГЛІЯ: Друга ліга Таблиця]
    10' Честерфілд - Транмер [АНГЛІЯ: Друга ліга Таблиця]
    10' Шрусбері - Олдем [АНГЛІЯ: Друга ліга Таблиця]
    10' Вокінг - Моркем [АНГЛІЯ: Національна ліга Таблиця]
    10' Йовіл - Галіфакс [АНГЛІЯ: Національна ліга Таблиця]
    10' Карлайл - Саттон [АНГЛІЯ: Національна ліга Таблиця]
    10' Олдершот - Гейтсхед [АНГЛІЯ: Національна ліга Таблиця]
    10' Олтрінчем - Істлі [АНГЛІЯ: Національна ліга Таблиця]
    10' Саутенд - Соліхалл [АНГЛІЯ: Національна ліга Таблиця]
    10' Сканторп - Бреклі Таун [АНГЛІЯ: Національна ліга Таблиця]
    10' Форест Грін - Брейнтрі [АНГЛІЯ: Національна ліга Таблиця]
    10' Бедфорд - Херефорд [АНГЛІЯ: Національна ліга - Північ Таблиця]
    10' Дарлінгтон - Марін [АНГЛІЯ: Національна ліга - Північ Таблиця]
    10' Мертир Таун - Маклсфілд [АНГЛІЯ: Національна ліга - Північ Таблиця]
    10' Спеннімур - Ворксоп [АНГЛІЯ: Національна ліга - Північ Таблиця]
    10' Честер - Файлд [АНГЛІЯ: Національна ліга - Північ Таблиця]
    10' Чорлі - Керзон Ештон [АНГЛІЯ: Національна ліга - Північ Таблиця]
    10' Вестон-сьюпер-Мер - Енфілд Таун [АНГЛІЯ: Національна ліга - Південь Таблиця]
    10' Вортінг - Дагенем енд Ред. [АНГЛІЯ: Національна ліга - Південь Таблиця]
    10' Гемптон енд Річмонд - Чіппенгем [АНГЛІЯ: Національна ліга - Південь Таблиця]
    10' Слау - Торкі [АНГЛІЯ: Національна ліга - Південь Таблиця]
    10' Тонбридж - Солсбері [АНГЛІЯ: Національна ліга - Південь Таблиця]
    10' Хорнчерч - Еббсфліт [АНГЛІЯ: Національна ліга - Південь Таблиця]
    10' Хоршем - Мейдстоун [АНГЛІЯ: Національна ліга - Південь Таблиця]
    10' Челмсфорд - Мейденгед [АНГЛІЯ: Національна ліга - Південь Таблиця]
    10' Воррінгтон Райлендс - Стоксбридж [АНГЛІЯ: ПчПЛ Прем'єр-дивізіон Таблиця]
    10' Гайзлі - ФК Юнайтед [АНГЛІЯ: ПчПЛ Прем'єр-дивізіон Таблиця]
    10' Ештон Юнайтед - Воркінгтон [АНГЛІЯ: ПчПЛ Прем'єр-дивізіон Таблиця]
    10' Ілкстон - Бамбер Бридж [АНГЛІЯ: ПчПЛ Прем'єр-дивізіон Таблиця]
    10' Кліторпс - Хебберн Таун [АНГЛІЯ: ПчПЛ Прем'єр-дивізіон Таблиця]
    10' Ланкастер - Гейнсборо [АНГЛІЯ: ПчПЛ Прем'єр-дивізіон Таблиця]
    10' Лік - Прескот [АНГЛІЯ: ПчПЛ Прем'єр-дивізіон Таблиця]
    10' Стоктон - Рашолл [АНГЛІЯ: ПчПЛ Прем'єр-дивізіон Таблиця]
    10' Хенсфорд - Морпет [АНГЛІЯ: ПчПЛ Прем'єр-дивізіон Таблиця]
    10' Бенбері - Садбері [АНГЛІЯ: Південна ліга - Прем'єр дивізіон Центр Таблиця]
    10' Бері Таун - Стемфорд [АНГЛІЯ: Південна ліга - Прем'єр дивізіон Центр Таблиця]
    10' Кворн - Лейстон [АНГЛІЯ: Південна ліга - Прем'єр дивізіон Центр Таблиця]
    10' Кеттерінг - Вустер [АНГЛІЯ: Південна ліга - Прем'єр дивізіон Центр Таблиця]
    10' Нідгем Маркет - Барвелл [АНГЛІЯ: Південна ліга - Прем'єр дивізіон Центр Таблиця]
    10' Реддіч - Реал Бедфорд [АНГЛІЯ: Південна ліга - Прем'єр дивізіон Центр Таблиця]
    10' Сент-Айвс - Бромсгроув [АНГЛІЯ: Південна ліга - Прем'єр дивізіон Центр Таблиця]
    10' Сполдінг Юнайтед - Стретфорд [АНГЛІЯ: Південна ліга - Прем'єр дивізіон Центр Таблиця]
    10' Стаурбридж - Бішопс Стортфорд [АНГЛІЯ: Південна ліга - Прем'єр дивізіон Центр Таблиця]
    10' Хейлсовен - Харборо [АНГЛІЯ: Південна ліга - Прем'єр дивізіон Центр Таблиця]
    10' Вімборн - Беркхамстед [АНГЛІЯ: Південна ліга - Прем'єр дивізіон Південь Таблиця]
    10' Госпорт - Єйт Таун [АНГЛІЯ: Південна ліга - Прем'єр дивізіон Південь Таблиця]
    10' Дорчестер - Глостер [АНГЛІЯ: Південна ліга - Прем'єр дивізіон Південь Таблиця]
    10' Івшем - Волтон енд Хершем [АНГЛІЯ: Південна ліга - Прем'єр дивізіон Південь Таблиця]
    10' Плімут Парквей - Хевент енд В. [АНГЛІЯ: Південна ліга - Прем'єр дивізіон Південь Таблиця]
    10' Тонтон - Аксбридж [АНГЛІЯ: Південна ліга - Прем'єр дивізіон Південь Таблиця]
    10' Ханвелл Таун - Веймут [АНГЛІЯ: Південна ліга - Прем'єр дивізіон Південь Таблиця]
    10' Хангерфорд - Бейсінгсток [АНГЛІЯ: Південна ліга - Прем'єр дивізіон Південь Таблиця]
    10' Чертсі - Пул [АНГЛІЯ: Південна ліга - Прем'єр дивізіон Південь Таблиця]
    10' Шолінг - Фарнем [АНГЛІЯ: Південна ліга - Прем'єр дивізіон Південь Таблиця]
    10' Вайтхок - Фолкстоун [АНГЛІЯ: Істмійська ліга - Прем'єр дивізіон Таблиця]
    10' Веллінг - Далвіч Гамлет [АНГЛІЯ: Істмійська ліга - Прем'єр дивізіон Таблиця]
    10' Каршолтон - Брентвуд [АНГЛІЯ: Істмійська ліга - Прем'єр дивізіон Таблиця]
    10' Кенві - Дартфорд [АНГЛІЯ: Істмійська ліга - Прем'єр дивізіон Таблиця]
    10' Поттерс - Чічестер [АНГЛІЯ: Істмійська ліга - Прем'єр дивізіон Таблиця]
    10' Ремсгейт - Біллерікі [АНГЛІЯ: Істмійська ліга - Прем'єр дивізіон Таблиця]
    10' Сент-Олбанс - Ейвлі [АНГЛІЯ: Істмійська ліга - Прем'єр дивізіон Таблиця]
    10' Хештег - Крей Веллі Пейпер Міллс [АНГЛІЯ: Істмійська ліга - Прем'єр дивізіон Таблиця]
    10' Чатем - Вінгейт енд Фінчлі [АНГЛІЯ: Істмійська ліга - Прем'єр дивізіон Таблиця]
    45' Мінас Бока U20 - Сосіал U20 [БРАЗИЛІЯ: Мінейру U20 Таблиця]
    47' Юве Стабія - Чезена [ІТАЛІЯ: Серія B Таблиця]
    50' Падова U19 - Чіттаделла U19 [ІТАЛІЯ: Прімавера 2 Таблиця]
    48' Про Верчеллі U19 - Зюдтіроль U19 [ІТАЛІЯ: Прімавера 2 Таблиця]
    10' Авіон Академі - Тонер [КАМЕРУН: Еліт 2 Таблиця]
    10' РФШ 2 - Метта [ЛАТВІЯ: Nakotnes liga Таблиця]
    49' Спакенбург - Йонг Алмере Сіті [НІДЕРЛАНДИ: Тведе Дивізі Таблиця]
    10' Емден - Санкт-Паулі II [НІМЕЧЧИНА: Регіональна ліга - Північ Таблиця]
    15' Аль-Джазіра - Дібба Аль-Фуджейра [ОБ’ЄДНАНІ АРАБСЬКІ ЕМІРАТИ: Ліга ОАЕ Таблиця]
    20' Дібба - Галф Юнайтед [ОБ’ЄДНАНІ АРАБСЬКІ ЕМІРАТИ: Дивізіон 1 Таблиця]
    10' Крузейдерс - Портадаун [ПІВНІЧНА ІРЛАНДІЯ: Прем'єр-ліга - Група вибування Таблиця]
    10' ФК Бангор - Гленавон [ПІВНІЧНА ІРЛАНДІЯ: Прем'єр-ліга - Група вибування Таблиця]
    40' Сілекс - Башкімі [ПІВНІЧНА МАКЕДОНІЯ: 1. МФЛ Таблиця]
    10' Свіднічанка Свідник - Авіа Свіднік [ПОЛЬЩА: III Ліга - Група IV Таблиця]
    10' Чарні Поланец - Краковія II [ПОЛЬЩА: III Ліга - Група IV Таблиця]
    10' Санжуаненсе - АД Фафе [ПОРТУГАЛІЯ: Ліга 3 - Група вибування Таблиця]
    10' Челябінськ - СКА Хабаровськ [РОСІЯ: ФНЛ Таблиця]
    10' Родіна 3 - Обнінськ [РОСІЯ: ФНЛ 2 - Дивізіон В - Група 3 Таблиця]
    40' Тренчин - Прешов [СЛОВАЧЧИНА: Nike liga - Група вибування Таблиця]
    10' Любовня - Інтер Б. [СЛОВАЧЧИНА: Друга ліга Таблиця]
    10' Пухов - Петржалка [СЛОВАЧЧИНА: Друга ліга Таблиця]
    10' Шаморин - Банська Бистріца [СЛОВАЧЧИНА: Друга ліга Таблиця]
    10' Олімпік Беджа - Етуаль Сахель [ТУНІС: Професійна ліга 1 Таблиця]
    10' Стад Тунізьєн - КА Бізертен [ТУНІС: Професійна ліга 1 Таблиця]
    10' Кассерін - Прогрес Сак'єт [ТУНІС: Ліга 2 Таблиця]
    10' Корба - Аріана [ТУНІС: Ліга 2 Таблиця]
    10' Мокнін - Стад Габезьєн [ТУНІС: Ліга 2 Таблиця]
    10' Будафок - Мезекевешд-Жорі [УГОРЩИНА: NB II. Таблиця]
    10' Сентльорінц - Вашаш [УГОРЩИНА: NB II. Таблиця]
    10' Галадаш ВСЕ - Шопрон [УГОРЩИНА: НБ III - Північний захід Таблиця]
    10' СК Будайорш - Мошонмадяровар ТЕ [УГОРЩИНА: НБ III - Північний захід Таблиця]
    10' Стреймур 2 - НСІ Рунавік 2 [ФАРЕРСЬКІ ОСТРОВИ: 1. Дейлд Таблиця]
    10' Рованіємі - Турку 2 [ФІНЛЯНДІЯ: Юккьонен Таблиця]
    10' ТПВ - КПВ Коккола [ФІНЛЯНДІЯ: Юккьонен Таблиця]
    10' КоПа - МюПа [ФІНЛЯНДІЯ: Кубок Фінляндії]
    10' Бавуа - Янг Бойз II [ШВЕЙЦАРІЯ: Ліга підвищення Таблиця]
    10' Кройцлінген - Люцерн II [ШВЕЙЦАРІЯ: Ліга підвищення Таблиця]
    10' Єфле - АФК Ескільстуна [ШВЕЦІЯ: Дивізіон 1 - Північ Таблиця]
    10' Стоксунд - Хаммарбю ТФФ [ШВЕЦІЯ: Дивізіон 1 - Північ Таблиця]
    10' Лундс - Отвідаберг [ШВЕЦІЯ: Дивізіон 1 - Південь Таблиця]
    10' Олімпік - Тролльхеттан [ШВЕЦІЯ: Дивізіон 1 - Південь Таблиця]
    10' Данді Юнайтед - Лівінгстон [ШОТЛАНДІЯ: Прем'єр-ліга Таблиця]
    10' Кілмарнок - ФК Данді [ШОТЛАНДІЯ: Прем'єр-ліга Таблиця]
    10' Селтік - Сент-Міррен [ШОТЛАНДІЯ: Прем'єр-ліга Таблиця]
    10' Хартс - Мотервелл [ШОТЛАНДІЯ: Прем'єр-ліга Таблиця]
    10' Партік - Данфермлін [ШОТЛАНДІЯ: Чемпіоншип Таблиця]
    10' Рейт - Мортон [ШОТЛАНДІЯ: Чемпіоншип Таблиця]
    10' Сент-Джонстон - Ейрдріоніанс [ШОТЛАНДІЯ: Чемпіоншип Таблиця]
    10' Іст Файф - Пітерхед [ШОТЛАНДІЯ: Перша ліга Таблиця]
    10' Квін оф Саут - Коув Рейнджерс [ШОТЛАНДІЯ: Перша ліга Таблиця]
    10' Келті Хартс - Монтроз [ШОТЛАНДІЯ: Перша ліга Таблиця]
    10' Елгін Сіті - Аннан [ШОТЛАНДІЯ: Друга ліга Таблиця]
  ✔ 82' Ліферінг - Флорідсдорфер [АВСТРІЯ: 2. Ліга Таблиця] id=vH8B5gR9
  ✔ 78' Кампобассо - Бра [ІТАЛІЯ: Серія С - Група В Таблиця] id=KztTunSP
  Found: 2 candidates, 2 new, 5 permanently skipped

→ Ліферінг - Флорідсдорфер (82') [АВСТРІЯ: 2. Ліга Таблиця]

→ Кампобассо - Бра (78') [ІТАЛІЯ: Серія С - Група В Таблиця]
  Кф 1X2: 1.65 / 3.67 / 5.25
  Кф 1X2: 2.11 / 3.52 / 3.22
  Desktop: https://www.flashscore.ua/match/soccer/bra-pjfae9TJ/campobasso-8rNMmUnk/?mid=KztTunSP
  Desktop: https://www.flashscore.ua/match/soccer/fc-liefering-Cv27lapN/floridsdorfer-ac-wien-r9HwRaWH/?mid=vH8B5gR9
  [stats] KztTunSP → both, 6 metrics
  [stats] vH8B5gR9 → both, 6 metrics
  Features: quality=0.23, primary=2, status=both
  Score (windowed): pGoal=0.503, pDry=0.497 | 80-90+ → SKIP
  Features: quality=0.23, primary=2, status=both
  Score (windowed): pGoal=0.66, pDry=0.34 | 70-80 → OVER_0_5
  ⏸ сигнал не пройшов (вікно 70-80, впевненість: low, bet: OVER_0_5)

Done: 2 analyzed, 1 actionable, 0 TG sent
📌 Tracking 2 active prediction(s)

🔥 RUN #344: analyzed=2, signals=0
⏳ Next scan in 3m...
[17:13:02] Live scan
Opening: https://m.flashscore.ua/?s=2 (minute >= 60, 0:0 only)
Provider health [https://m.flashscore.ua/?s=2]: rows=206, 0:0 total=112, candidates=1
  ⏸ 0:0 ще рано (< 60'):
    44' РБ Лейпциг - Боруссія М. [НІМЕЧЧИНА: Бундесліга Таблиця]
    14' Параду - Саура [АЛЖИР: Дивізіон 1 Таблиця]
    14' Мідлсбро - Портсмут [АНГЛІЯ: Чемпіоншип Таблиця]
    14' Оксфорд Юнайтед - Вотфорд [АНГЛІЯ: Чемпіоншип Таблиця]
    14' Саутгемптон - Дербі [АНГЛІЯ: Чемпіоншип Таблиця]
    14' Сток Сіті - Блекберн [АНГЛІЯ: Чемпіоншип Таблиця]
    14' Чарльтон - Престон [АНГЛІЯ: Чемпіоншип Таблиця]
    14' Бредфорд - Стівенедж [АНГЛІЯ: Перша ліга Таблиця]
    14' Віган - Менсфілд [АНГЛІЯ: Перша ліга Таблиця]
    14' Донкастер - Редінг [АНГЛІЯ: Перша ліга Таблиця]
    14' Ротергем - Барнслі [АНГЛІЯ: Перша ліга Таблиця]
    14' Хаддерсфілд - Віком [АНГЛІЯ: Перша ліга Таблиця]
    14' Волсолл - Челтнем [АНГЛІЯ: Друга ліга Таблиця]
    14' Солфорд - Гіллінгем [АНГЛІЯ: Друга ліга Таблиця]
    14' Честерфілд - Транмер [АНГЛІЯ: Друга ліга Таблиця]
    14' Шрусбері - Олдем [АНГЛІЯ: Друга ліга Таблиця]
    14' Йовіл - Галіфакс [АНГЛІЯ: Національна ліга Таблиця]
    14' Олтрінчем - Істлі [АНГЛІЯ: Національна ліга Таблиця]
    14' Саутенд - Соліхалл [АНГЛІЯ: Національна ліга Таблиця]
    14' Форест Грін - Брейнтрі [АНГЛІЯ: Національна ліга Таблиця]
    14' Бедфорд - Херефорд [АНГЛІЯ: Національна ліга - Північ Таблиця]
    14' Мертир Таун - Маклсфілд [АНГЛІЯ: Національна ліга - Північ Таблиця]
    14' Спеннімур - Ворксоп [АНГЛІЯ: Національна ліга - Північ Таблиця]
    14' Честер - Файлд [АНГЛІЯ: Національна ліга - Північ Таблиця]
    14' Чорлі - Керзон Ештон [АНГЛІЯ: Національна ліга - Північ Таблиця]
    14' Вестон-сьюпер-Мер - Енфілд Таун [АНГЛІЯ: Національна ліга - Південь Таблиця]
    14' Тонбридж - Солсбері [АНГЛІЯ: Національна ліга - Південь Таблиця]
    14' Хемел Хемпстед - Істборн Боро [АНГЛІЯ: Національна ліга - Південь Таблиця]
    14' Хорнчерч - Еббсфліт [АНГЛІЯ: Національна ліга - Південь Таблиця]
    14' Хоршем - Мейдстоун [АНГЛІЯ: Національна ліга - Південь Таблиця]
    14' Челмсфорд - Мейденгед [АНГЛІЯ: Національна ліга - Південь Таблиця]
    14' Ештон Юнайтед - Воркінгтон [АНГЛІЯ: ПчПЛ Прем'єр-дивізіон Таблиця]
    14' Ілкстон - Бамбер Бридж [АНГЛІЯ: ПчПЛ Прем'єр-дивізіон Таблиця]
    14' Кліторпс - Хебберн Таун [АНГЛІЯ: ПчПЛ Прем'єр-дивізіон Таблиця]
    14' Ланкастер - Гейнсборо [АНГЛІЯ: ПчПЛ Прем'єр-дивізіон Таблиця]
    14' Лік - Прескот [АНГЛІЯ: ПчПЛ Прем'єр-дивізіон Таблиця]
    14' Стоктон - Рашолл [АНГЛІЯ: ПчПЛ Прем'єр-дивізіон Таблиця]
    14' Бенбері - Садбері [АНГЛІЯ: Південна ліга - Прем'єр дивізіон Центр Таблиця]
    14' Бері Таун - Стемфорд [АНГЛІЯ: Південна ліга - Прем'єр дивізіон Центр Таблиця]
    14' Кворн - Лейстон [АНГЛІЯ: Південна ліга - Прем'єр дивізіон Центр Таблиця]
    14' Реддіч - Реал Бедфорд [АНГЛІЯ: Південна ліга - Прем'єр дивізіон Центр Таблиця]
    14' Сент-Айвс - Бромсгроув [АНГЛІЯ: Південна ліга - Прем'єр дивізіон Центр Таблиця]
    14' Сполдінг Юнайтед - Стретфорд [АНГЛІЯ: Південна ліга - Прем'єр дивізіон Центр Таблиця]
    14' Стаурбридж - Бішопс Стортфорд [АНГЛІЯ: Південна ліга - Прем'єр дивізіон Центр Таблиця]
    14' Хейлсовен - Харборо [АНГЛІЯ: Південна ліга - Прем'єр дивізіон Центр Таблиця]
    14' Вімборн - Беркхамстед [АНГЛІЯ: Південна ліга - Прем'єр дивізіон Південь Таблиця]
    14' Госпорт - Єйт Таун [АНГЛІЯ: Південна ліга - Прем'єр дивізіон Південь Таблиця]
    14' Дорчестер - Глостер [АНГЛІЯ: Південна ліга - Прем'єр дивізіон Південь Таблиця]
    14' Івшем - Волтон енд Хершем [АНГЛІЯ: Південна ліга - Прем'єр дивізіон Південь Таблиця]
    14' Плімут Парквей - Хевент енд В. [АНГЛІЯ: Південна ліга - Прем'єр дивізіон Південь Таблиця]
    14' Тонтон - Аксбридж [АНГЛІЯ: Південна ліга - Прем'єр дивізіон Південь Таблиця]
    14' Ханвелл Таун - Веймут [АНГЛІЯ: Південна ліга - Прем'єр дивізіон Південь Таблиця]
    14' Чертсі - Пул [АНГЛІЯ: Південна ліга - Прем'єр дивізіон Південь Таблиця]
    14' Шолінг - Фарнем [АНГЛІЯ: Південна ліга - Прем'єр дивізіон Південь Таблиця]
    14' Вайтхок - Фолкстоун [АНГЛІЯ: Істмійська ліга - Прем'єр дивізіон Таблиця]
    14' Веллінг - Далвіч Гамлет [АНГЛІЯ: Істмійська ліга - Прем'єр дивізіон Таблиця]
    14' Каршолтон - Брентвуд [АНГЛІЯ: Істмійська ліга - Прем'єр дивізіон Таблиця]
    14' Поттерс - Чічестер [АНГЛІЯ: Істмійська ліга - Прем'єр дивізіон Таблиця]
    14' Ремсгейт - Біллерікі [АНГЛІЯ: Істмійська ліга - Прем'єр дивізіон Таблиця]
    14' Сент-Олбанс - Ейвлі [АНГЛІЯ: Істмійська ліга - Прем'єр дивізіон Таблиця]
    14' Хештег - Крей Веллі Пейпер Міллс [АНГЛІЯ: Істмійська ліга - Прем'єр дивізіон Таблиця]
    14' Чатем - Вінгейт енд Фінчлі [АНГЛІЯ: Істмійська ліга - Прем'єр дивізіон Таблиця]
    49' Мінас Бока U20 - Сосіал U20 [БРАЗИЛІЯ: Мінейру U20 Таблиця]
    50' Юве Стабія - Чезена [ІТАЛІЯ: Серія B Таблиця]
    53' Падова U19 - Чіттаделла U19 [ІТАЛІЯ: Прімавера 2 Таблиця]
    52' Про Верчеллі U19 - Зюдтіроль U19 [ІТАЛІЯ: Прімавера 2 Таблиця]
    14' Авіон Академі - Тонер [КАМЕРУН: Еліт 2 Таблиця]
    14' Бафуссам - Kumba [КАМЕРУН: Еліт 2 Таблиця]
    52' Спакенбург - Йонг Алмере Сіті [НІДЕРЛАНДИ: Тведе Дивізі Таблиця]
    14' Емден - Санкт-Паулі II [НІМЕЧЧИНА: Регіональна ліга - Північ Таблиця]
    24' Дібба - Галф Юнайтед [ОБ’ЄДНАНІ АРАБСЬКІ ЕМІРАТИ: Дивізіон 1 Таблиця]
    14' Крузейдерс - Портадаун [ПІВНІЧНА ІРЛАНДІЯ: Прем'єр-ліга - Група вибування Таблиця]
    14' ФК Бангор - Гленавон [ПІВНІЧНА ІРЛАНДІЯ: Прем'єр-ліга - Група вибування Таблиця]
    44' Сілекс - Башкімі [ПІВНІЧНА МАКЕДОНІЯ: 1. МФЛ Таблиця]
    14' Чарні Поланец - Краковія II [ПОЛЬЩА: III Ліга - Група IV Таблиця]
    14' Санжуаненсе - АД Фафе [ПОРТУГАЛІЯ: Ліга 3 - Група вибування Таблиця]
    14' Челябінськ - СКА Хабаровськ [РОСІЯ: ФНЛ Таблиця]
    14' Родіна 3 - Обнінськ [РОСІЯ: ФНЛ 2 - Дивізіон В - Група 3 Таблиця]
    44' Тренчин - Прешов [СЛОВАЧЧИНА: Nike liga - Група вибування Таблиця]
    14' Любовня - Інтер Б. [СЛОВАЧЧИНА: Друга ліга Таблиця]
    14' Пухов - Петржалка [СЛОВАЧЧИНА: Друга ліга Таблиця]
    14' Шаморин - Банська Бистріца [СЛОВАЧЧИНА: Друга ліга Таблиця]
    14' Олімпік Беджа - Етуаль Сахель [ТУНІС: Професійна ліга 1 Таблиця]
    14' Стад Тунізьєн - КА Бізертен [ТУНІС: Професійна ліга 1 Таблиця]
    14' Корба - Аріана [ТУНІС: Ліга 2 Таблиця]
    14' Мокнін - Стад Габезьєн [ТУНІС: Ліга 2 Таблиця]
    14' Сентльорінц - Вашаш [УГОРЩИНА: NB II. Таблиця]
    14' Галадаш ВСЕ - Шопрон [УГОРЩИНА: НБ III - Північний захід Таблиця]
    14' СК Будайорш - Мошонмадяровар ТЕ [УГОРЩИНА: НБ III - Північний захід Таблиця]
    14' Стреймур 2 - НСІ Рунавік 2 [ФАРЕРСЬКІ ОСТРОВИ: 1. Дейлд Таблиця]
    14' Рованіємі - Турку 2 [ФІНЛЯНДІЯ: Юккьонен Таблиця]
    14' ТПВ - КПВ Коккола [ФІНЛЯНДІЯ: Юккьонен Таблиця]
    14' КоПа - МюПа [ФІНЛЯНДІЯ: Кубок Фінляндії]
    14' Бавуа - Янг Бойз II [ШВЕЙЦАРІЯ: Ліга підвищення Таблиця]
    14' Кройцлінген - Люцерн II [ШВЕЙЦАРІЯ: Ліга підвищення Таблиця]
    14' Єфле - АФК Ескільстуна [ШВЕЦІЯ: Дивізіон 1 - Північ Таблиця]
    14' Стоксунд - Хаммарбю ТФФ [ШВЕЦІЯ: Дивізіон 1 - Північ Таблиця]
    14' Лундс - Отвідаберг [ШВЕЦІЯ: Дивізіон 1 - Південь Таблиця]
    14' Олімпік - Тролльхеттан [ШВЕЦІЯ: Дивізіон 1 - Південь Таблиця]
    14' Данді Юнайтед - Лівінгстон [ШОТЛАНДІЯ: Прем'єр-ліга Таблиця]
    14' Кілмарнок - ФК Данді [ШОТЛАНДІЯ: Прем'єр-ліга Таблиця]
    14' Селтік - Сент-Міррен [ШОТЛАНДІЯ: Прем'єр-ліга Таблиця]
    14' Хартс - Мотервелл [ШОТЛАНДІЯ: Прем'єр-ліга Таблиця]
    14' Партік - Данфермлін [ШОТЛАНДІЯ: Чемпіоншип Таблиця]
    14' Рейт - Мортон [ШОТЛАНДІЯ: Чемпіоншип Таблиця]
    14' Сент-Джонстон - Ейрдріоніанс [ШОТЛАНДІЯ: Чемпіоншип Таблиця]
    14' Іст Файф - Пітерхед [ШОТЛАНДІЯ: Перша ліга Таблиця]
    14' Квін оф Саут - Коув Рейнджерс [ШОТЛАНДІЯ: Перша ліга Таблиця]
    14' Келті Хартс - Монтроз [ШОТЛАНДІЯ: Перша ліга Таблиця]
    14' Елгін Сіті - Аннан [ШОТЛАНДІЯ: Друга ліга Таблиця]
  ✔ 82' Кампобассо - Бра [ІТАЛІЯ: Серія С - Група В Таблиця] id=KztTunSP
  Found: 1 candidates, 1 new, 5 permanently skipped

→ Кампобассо - Бра (82') [ІТАЛІЯ: Серія С - Група В Таблиця]
  Кф 1X2: 1.65 / 3.67 / 5.25
  Desktop: https://www.flashscore.ua/match/soccer/bra-pjfae9TJ/campobasso-8rNMmUnk/?mid=KztTunSP
  [stats] KztTunSP → both, 6 metrics
  Features: quality=0.23, primary=2, status=both
  Score (windowed): pGoal=0.68, pDry=0.32 | 80-90+ → OVER_0_5
  ⏸ сигнал не пройшов (вікно 80-90+, впевненість: low, bet: OVER_0_5)

Done: 1 analyzed, 1 actionable, 0 TG sent

🔍 Checking 1 possibly finished match(es)...
  ⚽ Ліферінг - Флорідсдорфер: 0:1 [GOAL→resolved] → ❌ MISS (bet=UNDER_0_5)
📌 Tracking 1 active prediction(s)

🔥 RUN #345: analyzed=1, signals=0
⏳ Next scan in 3m...
[17:16:17] Live scan
Opening: https://m.flashscore.ua/?s=2 (minute >= 60, 0:0 only)
Provider health [https://m.flashscore.ua/?s=2]: rows=206, 0:0 total=110, candidates=1
  ⏸ 0:0 ще рано (< 60'):
    17' Параду - Саура [АЛЖИР: Дивізіон 1 Таблиця]
    17' Мідлсбро - Портсмут [АНГЛІЯ: Чемпіоншип Таблиця]
    17' Оксфорд Юнайтед - Вотфорд [АНГЛІЯ: Чемпіоншип Таблиця]
    17' Саутгемптон - Дербі [АНГЛІЯ: Чемпіоншип Таблиця]
    17' Сток Сіті - Блекберн [АНГЛІЯ: Чемпіоншип Таблиця]
    17' Чарльтон - Престон [АНГЛІЯ: Чемпіоншип Таблиця]
    17' Бредфорд - Стівенедж [АНГЛІЯ: Перша ліга Таблиця]
    17' Віган - Менсфілд [АНГЛІЯ: Перша ліга Таблиця]
    17' Донкастер - Редінг [АНГЛІЯ: Перша ліга Таблиця]
    17' Ротергем - Барнслі [АНГЛІЯ: Перша ліга Таблиця]
    17' Хаддерсфілд - Віком [АНГЛІЯ: Перша ліга Таблиця]
    17' Волсолл - Челтнем [АНГЛІЯ: Друга ліга Таблиця]
    17' Солфорд - Гіллінгем [АНГЛІЯ: Друга ліга Таблиця]
    17' Честерфілд - Транмер [АНГЛІЯ: Друга ліга Таблиця]
    17' Шрусбері - Олдем [АНГЛІЯ: Друга ліга Таблиця]
    17' Йовіл - Галіфакс [АНГЛІЯ: Національна ліга Таблиця]
    17' Олтрінчем - Істлі [АНГЛІЯ: Національна ліга Таблиця]
    17' Саутенд - Соліхалл [АНГЛІЯ: Національна ліга Таблиця]
    17' Форест Грін - Брейнтрі [АНГЛІЯ: Національна ліга Таблиця]
    17' Бедфорд - Херефорд [АНГЛІЯ: Національна ліга - Північ Таблиця]
    17' Мертир Таун - Маклсфілд [АНГЛІЯ: Національна ліга - Північ Таблиця]
    17' Спеннімур - Ворксоп [АНГЛІЯ: Національна ліга - Північ Таблиця]
    17' Честер - Файлд [АНГЛІЯ: Національна ліга - Північ Таблиця]
    17' Чорлі - Керзон Ештон [АНГЛІЯ: Національна ліга - Північ Таблиця]
    17' Вестон-сьюпер-Мер - Енфілд Таун [АНГЛІЯ: Національна ліга - Південь Таблиця]
    17' Тонбридж - Солсбері [АНГЛІЯ: Національна ліга - Південь Таблиця]
    17' Хемел Хемпстед - Істборн Боро [АНГЛІЯ: Національна ліга - Південь Таблиця]
    17' Хорнчерч - Еббсфліт [АНГЛІЯ: Національна ліга - Південь Таблиця]
    17' Хоршем - Мейдстоун [АНГЛІЯ: Національна ліга - Південь Таблиця]
    17' Челмсфорд - Мейденгед [АНГЛІЯ: Національна ліга - Південь Таблиця]
    17' Ештон Юнайтед - Воркінгтон [АНГЛІЯ: ПчПЛ Прем'єр-дивізіон Таблиця]
    17' Ілкстон - Бамбер Бридж [АНГЛІЯ: ПчПЛ Прем'єр-дивізіон Таблиця]
    17' Кліторпс - Хебберн Таун [АНГЛІЯ: ПчПЛ Прем'єр-дивізіон Таблиця]
    17' Ланкастер - Гейнсборо [АНГЛІЯ: ПчПЛ Прем'єр-дивізіон Таблиця]
    17' Лік - Прескот [АНГЛІЯ: ПчПЛ Прем'єр-дивізіон Таблиця]
    17' Стоктон - Рашолл [АНГЛІЯ: ПчПЛ Прем'єр-дивізіон Таблиця]
    17' Бенбері - Садбері [АНГЛІЯ: Південна ліга - Прем'єр дивізіон Центр Таблиця]
    17' Бері Таун - Стемфорд [АНГЛІЯ: Південна ліга - Прем'єр дивізіон Центр Таблиця]
    17' Кворн - Лейстон [АНГЛІЯ: Південна ліга - Прем'єр дивізіон Центр Таблиця]
    17' Реддіч - Реал Бедфорд [АНГЛІЯ: Південна ліга - Прем'єр дивізіон Центр Таблиця]
    17' Сент-Айвс - Бромсгроув [АНГЛІЯ: Південна ліга - Прем'єр дивізіон Центр Таблиця]
    17' Сполдінг Юнайтед - Стретфорд [АНГЛІЯ: Південна ліга - Прем'єр дивізіон Центр Таблиця]
    17' Стаурбридж - Бішопс Стортфорд [АНГЛІЯ: Південна ліга - Прем'єр дивізіон Центр Таблиця]
    17' Хейлсовен - Харборо [АНГЛІЯ: Південна ліга - Прем'єр дивізіон Центр Таблиця]
    17' Вімборн - Беркхамстед [АНГЛІЯ: Південна ліга - Прем'єр дивізіон Південь Таблиця]
    17' Госпорт - Єйт Таун [АНГЛІЯ: Південна ліга - Прем'єр дивізіон Південь Таблиця]
    17' Дорчестер - Глостер [АНГЛІЯ: Південна ліга - Прем'єр дивізіон Південь Таблиця]
    17' Івшем - Волтон енд Хершем [АНГЛІЯ: Південна ліга - Прем'єр дивізіон Південь Таблиця]
    17' Плімут Парквей - Хевент енд В. [АНГЛІЯ: Південна ліга - Прем'єр дивізіон Південь Таблиця]
    17' Тонтон - Аксбридж [АНГЛІЯ: Південна ліга - Прем'єр дивізіон Південь Таблиця]
    17' Ханвелл Таун - Веймут [АНГЛІЯ: Південна ліга - Прем'єр дивізіон Південь Таблиця]
    17' Чертсі - Пул [АНГЛІЯ: Південна ліга - Прем'єр дивізіон Південь Таблиця]
    17' Шолінг - Фарнем [АНГЛІЯ: Південна ліга - Прем'єр дивізіон Південь Таблиця]
    17' Вайтхок - Фолкстоун [АНГЛІЯ: Істмійська ліга - Прем'єр дивізіон Таблиця]
    17' Веллінг - Далвіч Гамлет [АНГЛІЯ: Істмійська ліга - Прем'єр дивізіон Таблиця]
    17' Каршолтон - Брентвуд [АНГЛІЯ: Істмійська ліга - Прем'єр дивізіон Таблиця]
    17' Поттерс - Чічестер [АНГЛІЯ: Істмійська ліга - Прем'єр дивізіон Таблиця]
    17' Ремсгейт - Біллерікі [АНГЛІЯ: Істмійська ліга - Прем'єр дивізіон Таблиця]
    17' Сент-Олбанс - Ейвлі [АНГЛІЯ: Істмійська ліга - Прем'єр дивізіон Таблиця]
    17' Хештег - Крей Веллі Пейпер Міллс [АНГЛІЯ: Істмійська ліга - Прем'єр дивізіон Таблиця]
    17' Чатем - Вінгейт енд Фінчлі [АНГЛІЯ: Істмійська ліга - Прем'єр дивізіон Таблиця]
    52' Мінас Бока U20 - Сосіал U20 [БРАЗИЛІЯ: Мінейру U20 Таблиця]
    56' Падова U19 - Чіттаделла U19 [ІТАЛІЯ: Прімавера 2 Таблиця]
    55' Про Верчеллі U19 - Зюдтіроль U19 [ІТАЛІЯ: Прімавера 2 Таблиця]
    17' Авіон Академі - Тонер [КАМЕРУН: Еліт 2 Таблиця]
    17' Бафуссам - Kumba [КАМЕРУН: Еліт 2 Таблиця]
    55' Спакенбург - Йонг Алмере Сіті [НІДЕРЛАНДИ: Тведе Дивізі Таблиця]
    17' Емден - Санкт-Паулі II [НІМЕЧЧИНА: Регіональна ліга - Північ Таблиця]
    27' Дібба - Галф Юнайтед [ОБ’ЄДНАНІ АРАБСЬКІ ЕМІРАТИ: Дивізіон 1 Таблиця]
    17' Крузейдерс - Портадаун [ПІВНІЧНА ІРЛАНДІЯ: Прем'єр-ліга - Група вибування Таблиця]
    17' ФК Бангор - Гленавон [ПІВНІЧНА ІРЛАНДІЯ: Прем'єр-ліга - Група вибування Таблиця]
    17' Чарні Поланец - Краковія II [ПОЛЬЩА: III Ліга - Група IV Таблиця]
    17' Санжуаненсе - АД Фафе [ПОРТУГАЛІЯ: Ліга 3 - Група вибування Таблиця]
    17' Челябінськ - СКА Хабаровськ [РОСІЯ: ФНЛ Таблиця]
    17' Родіна 3 - Обнінськ [РОСІЯ: ФНЛ 2 - Дивізіон В - Група 3 Таблиця]
    17' Любовня - Інтер Б. [СЛОВАЧЧИНА: Друга ліга Таблиця]
    17' Пухов - Петржалка [СЛОВАЧЧИНА: Друга ліга Таблиця]
    17' Шаморин - Банська Бистріца [СЛОВАЧЧИНА: Друга ліга Таблиця]
    17' Олімпік Беджа - Етуаль Сахель [ТУНІС: Професійна ліга 1 Таблиця]
    17' Стад Тунізьєн - КА Бізертен [ТУНІС: Професійна ліга 1 Таблиця]
    17' Корба - Аріана [ТУНІС: Ліга 2 Таблиця]
    17' Мокнін - Стад Габезьєн [ТУНІС: Ліга 2 Таблиця]
    17' Сентльорінц - Вашаш [УГОРЩИНА: NB II. Таблиця]
    17' Галадаш ВСЕ - Шопрон [УГОРЩИНА: НБ III - Північний захід Таблиця]
    17' СК Будайорш - Мошонмадяровар ТЕ [УГОРЩИНА: НБ III - Північний захід Таблиця]
    17' Стреймур 2 - НСІ Рунавік 2 [ФАРЕРСЬКІ ОСТРОВИ: 1. Дейлд Таблиця]
    17' Рованіємі - Турку 2 [ФІНЛЯНДІЯ: Юккьонен Таблиця]
    17' ТПВ - КПВ Коккола [ФІНЛЯНДІЯ: Юккьонен Таблиця]
    17' КоПа - МюПа [ФІНЛЯНДІЯ: Кубок Фінляндії]
    17' Бавуа - Янг Бойз II [ШВЕЙЦАРІЯ: Ліга підвищення Таблиця]
    17' Кройцлінген - Люцерн II [ШВЕЙЦАРІЯ: Ліга підвищення Таблиця]
    17' Єфле - АФК Ескільстуна [ШВЕЦІЯ: Дивізіон 1 - Північ Таблиця]
    17' Стоксунд - Хаммарбю ТФФ [ШВЕЦІЯ: Дивізіон 1 - Північ Таблиця]
    17' Лундс - Отвідаберг [ШВЕЦІЯ: Дивізіон 1 - Південь Таблиця]
    17' Олімпік - Тролльхеттан [ШВЕЦІЯ: Дивізіон 1 - Південь Таблиця]
    17' Данді Юнайтед - Лівінгстон [ШОТЛАНДІЯ: Прем'єр-ліга Таблиця]
    17' Кілмарнок - ФК Данді [ШОТЛАНДІЯ: Прем'єр-ліга Таблиця]
    17' Селтік - Сент-Міррен [ШОТЛАНДІЯ: Прем'єр-ліга Таблиця]
    17' Хартс - Мотервелл [ШОТЛАНДІЯ: Прем'єр-ліга Таблиця]
    17' Партік - Данфермлін [ШОТЛАНДІЯ: Чемпіоншип Таблиця]
    17' Рейт - Мортон [ШОТЛАНДІЯ: Чемпіоншип Таблиця]
    17' Сент-Джонстон - Ейрдріоніанс [ШОТЛАНДІЯ: Чемпіоншип Таблиця]
    17' Іст Файф - Пітерхед [ШОТЛАНДІЯ: Перша ліга Таблиця]
    17' Квін оф Саут - Коув Рейнджерс [ШОТЛАНДІЯ: Перша ліга Таблиця]
    17' Келті Хартс - Монтроз [ШОТЛАНДІЯ: Перша ліга Таблиця]
    17' Елгін Сіті - Аннан [ШОТЛАНДІЯ: Друга ліга Таблиця]
  ✔ 85' Кампобассо - Бра [ІТАЛІЯ: Серія С - Група В Таблиця] id=KztTunSP
  Found: 1 candidates, 1 new, 5 permanently skipped

→ Кампобассо - Бра (85') [ІТАЛІЯ: Серія С - Група В Таблиця]
  Кф 1X2: 1.65 / 3.67 / 5.25
  Desktop: https://www.flashscore.ua/match/soccer/bra-pjfae9TJ/campobasso-8rNMmUnk/?mid=KztTunSP
  [stats] KztTunSP → both, 6 metrics
  Features: quality=0.23, primary=2, status=both
  Score (windowed): pGoal=0.75, pDry=0.25 | 80-90+ → OVER_0_5
  ⏸ сигнал не пройшов (вікно 80-90+, впевненість: low, bet: OVER_0_5)

Done: 1 analyzed, 1 actionable, 0 TG sent
📌 Tracking 1 active prediction(s)

🔥 RUN #346: analyzed=1, signals=0
⏳ Next scan in 3m...
[17:19:30] Live scan
Opening: https://m.flashscore.ua/?s=2 (minute >= 60, 0:0 only)
Provider health [https://m.flashscore.ua/?s=2]: rows=208, 0:0 total=99, candidates=2
  ⏸ 0:0 ще рано (< 60'):
    45' РБ Лейпциг - Боруссія М. [НІМЕЧЧИНА: Бундесліга Таблиця]
    20' Параду - Саура [АЛЖИР: Дивізіон 1 Таблиця]
    20' Мідлсбро - Портсмут [АНГЛІЯ: Чемпіоншип Таблиця]
    20' Оксфорд Юнайтед - Вотфорд [АНГЛІЯ: Чемпіоншип Таблиця]
    20' Саутгемптон - Дербі [АНГЛІЯ: Чемпіоншип Таблиця]
    20' Сток Сіті - Блекберн [АНГЛІЯ: Чемпіоншип Таблиця]
    20' Чарльтон - Престон [АНГЛІЯ: Чемпіоншип Таблиця]
    20' Бредфорд - Стівенедж [АНГЛІЯ: Перша ліга Таблиця]
    20' Віган - Менсфілд [АНГЛІЯ: Перша ліга Таблиця]
    20' Донкастер - Редінг [АНГЛІЯ: Перша ліга Таблиця]
    20' Ротергем - Барнслі [АНГЛІЯ: Перша ліга Таблиця]
    20' Хаддерсфілд - Віком [АНГЛІЯ: Перша ліга Таблиця]
    20' Волсолл - Челтнем [АНГЛІЯ: Друга ліга Таблиця]
    20' Солфорд - Гіллінгем [АНГЛІЯ: Друга ліга Таблиця]
    20' Честерфілд - Транмер [АНГЛІЯ: Друга ліга Таблиця]
    20' Шрусбері - Олдем [АНГЛІЯ: Друга ліга Таблиця]
    20' Йовіл - Галіфакс [АНГЛІЯ: Національна ліга Таблиця]
    20' Саутенд - Соліхалл [АНГЛІЯ: Національна ліга Таблиця]
    20' Форест Грін - Брейнтрі [АНГЛІЯ: Національна ліга Таблиця]
    20' Бедфорд - Херефорд [АНГЛІЯ: Національна ліга - Північ Таблиця]
    20' Мертир Таун - Маклсфілд [АНГЛІЯ: Національна ліга - Північ Таблиця]
    20' Спеннімур - Ворксоп [АНГЛІЯ: Національна ліга - Північ Таблиця]
    20' Честер - Файлд [АНГЛІЯ: Національна ліга - Північ Таблиця]
    20' Чорлі - Керзон Ештон [АНГЛІЯ: Національна ліга - Північ Таблиця]
    20' Вестон-сьюпер-Мер - Енфілд Таун [АНГЛІЯ: Національна ліга - Південь Таблиця]
    20' Хемел Хемпстед - Істборн Боро [АНГЛІЯ: Національна ліга - Південь Таблиця]
    20' Хорнчерч - Еббсфліт [АНГЛІЯ: Національна ліга - Південь Таблиця]
    20' Хоршем - Мейдстоун [АНГЛІЯ: Національна ліга - Південь Таблиця]
    20' Челмсфорд - Мейденгед [АНГЛІЯ: Національна ліга - Південь Таблиця]
    20' Ештон Юнайтед - Воркінгтон [АНГЛІЯ: ПчПЛ Прем'єр-дивізіон Таблиця]
    20' Ілкстон - Бамбер Бридж [АНГЛІЯ: ПчПЛ Прем'єр-дивізіон Таблиця]
    20' Ланкастер - Гейнсборо [АНГЛІЯ: ПчПЛ Прем'єр-дивізіон Таблиця]
    20' Лік - Прескот [АНГЛІЯ: ПчПЛ Прем'єр-дивізіон Таблиця]
    20' Стоктон - Рашолл [АНГЛІЯ: ПчПЛ Прем'єр-дивізіон Таблиця]
    20' Бенбері - Садбері [АНГЛІЯ: Південна ліга - Прем'єр дивізіон Центр Таблиця]
    20' Бері Таун - Стемфорд [АНГЛІЯ: Південна ліга - Прем'єр дивізіон Центр Таблиця]
    20' Кворн - Лейстон [АНГЛІЯ: Південна ліга - Прем'єр дивізіон Центр Таблиця]
    20' Реддіч - Реал Бедфорд [АНГЛІЯ: Південна ліга - Прем'єр дивізіон Центр Таблиця]
    20' Сент-Айвс - Бромсгроув [АНГЛІЯ: Південна ліга - Прем'єр дивізіон Центр Таблиця]
    20' Стаурбридж - Бішопс Стортфорд [АНГЛІЯ: Південна ліга - Прем'єр дивізіон Центр Таблиця]
    20' Хейлсовен - Харборо [АНГЛІЯ: Південна ліга - Прем'єр дивізіон Центр Таблиця]
    20' Госпорт - Єйт Таун [АНГЛІЯ: Південна ліга - Прем'єр дивізіон Південь Таблиця]
    20' Дорчестер - Глостер [АНГЛІЯ: Південна ліга - Прем'єр дивізіон Південь Таблиця]
    20' Івшем - Волтон енд Хершем [АНГЛІЯ: Південна ліга - Прем'єр дивізіон Південь Таблиця]
    20' Плімут Парквей - Хевент енд В. [АНГЛІЯ: Південна ліга - Прем'єр дивізіон Південь Таблиця]
    20' Тонтон - Аксбридж [АНГЛІЯ: Південна ліга - Прем'єр дивізіон Південь Таблиця]
    20' Ханвелл Таун - Веймут [АНГЛІЯ: Південна ліга - Прем'єр дивізіон Південь Таблиця]
    20' Чертсі - Пул [АНГЛІЯ: Південна ліга - Прем'єр дивізіон Південь Таблиця]
    20' Шолінг - Фарнем [АНГЛІЯ: Південна ліга - Прем'єр дивізіон Південь Таблиця]
    20' Вайтхок - Фолкстоун [АНГЛІЯ: Істмійська ліга - Прем'єр дивізіон Таблиця]
    20' Веллінг - Далвіч Гамлет [АНГЛІЯ: Істмійська ліга - Прем'єр дивізіон Таблиця]
    20' Каршолтон - Брентвуд [АНГЛІЯ: Істмійська ліга - Прем'єр дивізіон Таблиця]
    20' Поттерс - Чічестер [АНГЛІЯ: Істмійська ліга - Прем'єр дивізіон Таблиця]
    20' Ремсгейт - Біллерікі [АНГЛІЯ: Істмійська ліга - Прем'єр дивізіон Таблиця]
    20' Сент-Олбанс - Ейвлі [АНГЛІЯ: Істмійська ліга - Прем'єр дивізіон Таблиця]
    20' Хештег - Крей Веллі Пейпер Міллс [АНГЛІЯ: Істмійська ліга - Прем'єр дивізіон Таблиця]
    20' Чатем - Вінгейт енд Фінчлі [АНГЛІЯ: Істмійська ліга - Прем'єр дивізіон Таблиця]
    56' Мінас Бока U20 - Сосіал U20 [БРАЗИЛІЯ: Мінейру U20 Таблиця]
    5' Леганес - Альбасете [ІСПАНІЯ: Ла Ліга 2 Таблиця]
    5' Оуренсе - Луго [ІСПАНІЯ: Прімера КІФФ - Група 1 Таблиця]
    58' Про Верчеллі U19 - Зюдтіроль U19 [ІТАЛІЯ: Прімавера 2 Таблиця]
    20' Авіон Академі - Тонер [КАМЕРУН: Еліт 2 Таблиця]
    20' Бафуссам - Kumba [КАМЕРУН: Еліт 2 Таблиця]
    59' Спакенбург - Йонг Алмере Сіті [НІДЕРЛАНДИ: Тведе Дивізі Таблиця]
    20' Емден - Санкт-Паулі II [НІМЕЧЧИНА: Регіональна ліга - Північ Таблиця]
    30' Дібба - Галф Юнайтед [ОБ’ЄДНАНІ АРАБСЬКІ ЕМІРАТИ: Дивізіон 1 Таблиця]
    20' ФК Бангор - Гленавон [ПІВНІЧНА ІРЛАНДІЯ: Прем'єр-ліга - Група вибування Таблиця]
    45' Сілекс - Башкімі [ПІВНІЧНА МАКЕДОНІЯ: 1. МФЛ Таблиця]
    20' Чарні Поланец - Краковія II [ПОЛЬЩА: III Ліга - Група IV Таблиця]
    20' Челябінськ - СКА Хабаровськ [РОСІЯ: ФНЛ Таблиця]
    45' Тренчин - Прешов [СЛОВАЧЧИНА: Nike liga - Група вибування Таблиця]
    20' Любовня - Інтер Б. [СЛОВАЧЧИНА: Друга ліга Таблиця]
    20' Пухов - Петржалка [СЛОВАЧЧИНА: Друга ліга Таблиця]
    20' Шаморин - Банська Бистріца [СЛОВАЧЧИНА: Друга ліга Таблиця]
    20' Олімпік Беджа - Етуаль Сахель [ТУНІС: Професійна ліга 1 Таблиця]
    20' Стад Тунізьєн - КА Бізертен [ТУНІС: Професійна ліга 1 Таблиця]
    20' Корба - Аріана [ТУНІС: Ліга 2 Таблиця]
    20' Мокнін - Стад Габезьєн [ТУНІС: Ліга 2 Таблиця]
    20' Сентльорінц - Вашаш [УГОРЩИНА: NB II. Таблиця]
    20' Галадаш ВСЕ - Шопрон [УГОРЩИНА: НБ III - Північний захід Таблиця]
    20' СК Будайорш - Мошонмадяровар ТЕ [УГОРЩИНА: НБ III - Північний захід Таблиця]
    20' Стреймур 2 - НСІ Рунавік 2 [ФАРЕРСЬКІ ОСТРОВИ: 1. Дейлд Таблиця]
    20' Рованіємі - Турку 2 [ФІНЛЯНДІЯ: Юккьонен Таблиця]
    20' ТПВ - КПВ Коккола [ФІНЛЯНДІЯ: Юккьонен Таблиця]
    20' КоПа - МюПа [ФІНЛЯНДІЯ: Кубок Фінляндії]
    20' Бавуа - Янг Бойз II [ШВЕЙЦАРІЯ: Ліга підвищення Таблиця]
    20' Кройцлінген - Люцерн II [ШВЕЙЦАРІЯ: Ліга підвищення Таблиця]
    20' Єфле - АФК Ескільстуна [ШВЕЦІЯ: Дивізіон 1 - Північ Таблиця]
    20' Стоксунд - Хаммарбю ТФФ [ШВЕЦІЯ: Дивізіон 1 - Північ Таблиця]
    20' Олімпік - Тролльхеттан [ШВЕЦІЯ: Дивізіон 1 - Південь Таблиця]
    20' Данді Юнайтед - Лівінгстон [ШОТЛАНДІЯ: Прем'єр-ліга Таблиця]
    20' Хартс - Мотервелл [ШОТЛАНДІЯ: Прем'єр-ліга Таблиця]
    20' Рейт - Мортон [ШОТЛАНДІЯ: Чемпіоншип Таблиця]
    20' Іст Файф - Пітерхед [ШОТЛАНДІЯ: Перша ліга Таблиця]
    20' Квін оф Саут - Коув Рейнджерс [ШОТЛАНДІЯ: Перша ліга Таблиця]
    20' Келті Хартс - Монтроз [ШОТЛАНДІЯ: Перша ліга Таблиця]
    20' Елгін Сіті - Аннан [ШОТЛАНДІЯ: Друга ліга Таблиця]
  ✔ 88' Кампобассо - Бра [ІТАЛІЯ: Серія С - Група В Таблиця] id=KztTunSP
  ✔ 60' Падова U19 - Чіттаделла U19 [ІТАЛІЯ: Прімавера 2 Таблиця] id=61LzBQuK
  Found: 2 candidates, 2 new, 5 permanently skipped

→ Кампобассо - Бра (88') [ІТАЛІЯ: Серія С - Група В Таблиця]

→ Падова U19 - Чіттаделла U19 (60') [ІТАЛІЯ: Прімавера 2 Таблиця]
  Кф 1X2: 1.65 / 3.67 / 5.25
  Кф 1X2: 2.29 / 3.75 / 2.73
  Desktop: https://www.flashscore.ua/match/soccer/cittadella-Op6tbGVd/padova-WQhugQNf/?mid=61LzBQuK
  Desktop: https://www.flashscore.ua/match/soccer/bra-pjfae9TJ/campobasso-8rNMmUnk/?mid=KztTunSP
  [stats] KztTunSP → both, 6 metrics
  Features: quality=0.23, primary=2, status=both
  Score (windowed): pGoal=0.75, pDry=0.25 | 80-90+ → OVER_0_5
  ⏸ сигнал не пройшов (вікно 80-90+, впевненість: low, bet: OVER_0_5)
  [stats] 61LzBQuK overall: no data-testid (old=0, any=0, body=148257)
  [stats] 61LzBQuK secondHalf: no data-testid (old=0, any=0, body=148257)
  [stats] 61LzBQuK → unavailable, 0 metrics
  Features: quality=0, primary=0, status=unavailable
  ✗ No stats at all → permanent skip

Done: 1 analyzed, 1 actionable, 0 TG sent
📌 Tracking 1 active prediction(s)

🔥 RUN #347: analyzed=1, signals=0
⏳ Next scan in 3m...
[17:23:11] Live scan
Opening: https://m.flashscore.ua/?s=2 (minute >= 60, 0:0 only)
Provider health [https://m.flashscore.ua/?s=2]: rows=210, 0:0 total=87, candidates=2
  ⏸ 0:0 ще рано (< 60'):
    45' РБ Лейпциг - Боруссія М. [НІМЕЧЧИНА: Бундесліга Таблиця]
    24' Параду - Саура [АЛЖИР: Дивізіон 1 Таблиця]
    24' Мідлсбро - Портсмут [АНГЛІЯ: Чемпіоншип Таблиця]
    24' Саутгемптон - Дербі [АНГЛІЯ: Чемпіоншип Таблиця]
    24' Бредфорд - Стівенедж [АНГЛІЯ: Перша ліга Таблиця]
    24' Віган - Менсфілд [АНГЛІЯ: Перша ліга Таблиця]
    24' Донкастер - Редінг [АНГЛІЯ: Перша ліга Таблиця]
    24' Ротергем - Барнслі [АНГЛІЯ: Перша ліга Таблиця]
    24' Хаддерсфілд - Віком [АНГЛІЯ: Перша ліга Таблиця]
    24' Волсолл - Челтнем [АНГЛІЯ: Друга ліга Таблиця]
    24' Солфорд - Гіллінгем [АНГЛІЯ: Друга ліга Таблиця]
    24' Честерфілд - Транмер [АНГЛІЯ: Друга ліга Таблиця]
    24' Шрусбері - Олдем [АНГЛІЯ: Друга ліга Таблиця]
    24' Йовіл - Галіфакс [АНГЛІЯ: Національна ліга Таблиця]
    24' Саутенд - Соліхалл [АНГЛІЯ: Національна ліга Таблиця]
    24' Форест Грін - Брейнтрі [АНГЛІЯ: Національна ліга Таблиця]
    24' Мертир Таун - Маклсфілд [АНГЛІЯ: Національна ліга - Північ Таблиця]
    24' Спеннімур - Ворксоп [АНГЛІЯ: Національна ліга - Північ Таблиця]
    24' Честер - Файлд [АНГЛІЯ: Національна ліга - Північ Таблиця]
    24' Чорлі - Керзон Ештон [АНГЛІЯ: Національна ліга - Північ Таблиця]
    24' Вестон-сьюпер-Мер - Енфілд Таун [АНГЛІЯ: Національна ліга - Південь Таблиця]
    24' Хемел Хемпстед - Істборн Боро [АНГЛІЯ: Національна ліга - Південь Таблиця]
    24' Хорнчерч - Еббсфліт [АНГЛІЯ: Національна ліга - Південь Таблиця]
    24' Хоршем - Мейдстоун [АНГЛІЯ: Національна ліга - Південь Таблиця]
    24' Челмсфорд - Мейденгед [АНГЛІЯ: Національна ліга - Південь Таблиця]
    24' Ештон Юнайтед - Воркінгтон [АНГЛІЯ: ПчПЛ Прем'єр-дивізіон Таблиця]
    24' Ілкстон - Бамбер Бридж [АНГЛІЯ: ПчПЛ Прем'єр-дивізіон Таблиця]
    24' Ланкастер - Гейнсборо [АНГЛІЯ: ПчПЛ Прем'єр-дивізіон Таблиця]
    24' Лік - Прескот [АНГЛІЯ: ПчПЛ Прем'єр-дивізіон Таблиця]
    24' Бенбері - Садбері [АНГЛІЯ: Південна ліга - Прем'єр дивізіон Центр Таблиця]
    24' Бері Таун - Стемфорд [АНГЛІЯ: Південна ліга - Прем'єр дивізіон Центр Таблиця]
    24' Кворн - Лейстон [АНГЛІЯ: Південна ліга - Прем'єр дивізіон Центр Таблиця]
    24' Реддіч - Реал Бедфорд [АНГЛІЯ: Південна ліга - Прем'єр дивізіон Центр Таблиця]
    24' Сент-Айвс - Бромсгроув [АНГЛІЯ: Південна ліга - Прем'єр дивізіон Центр Таблиця]
    24' Стаурбридж - Бішопс Стортфорд [АНГЛІЯ: Південна ліга - Прем'єр дивізіон Центр Таблиця]
    24' Хейлсовен - Харборо [АНГЛІЯ: Південна ліга - Прем'єр дивізіон Центр Таблиця]
    24' Госпорт - Єйт Таун [АНГЛІЯ: Південна ліга - Прем'єр дивізіон Південь Таблиця]
    24' Дорчестер - Глостер [АНГЛІЯ: Південна ліга - Прем'єр дивізіон Південь Таблиця]
    24' Івшем - Волтон енд Хершем [АНГЛІЯ: Південна ліга - Прем'єр дивізіон Південь Таблиця]
    24' Тонтон - Аксбридж [АНГЛІЯ: Південна ліга - Прем'єр дивізіон Південь Таблиця]
    24' Ханвелл Таун - Веймут [АНГЛІЯ: Південна ліга - Прем'єр дивізіон Південь Таблиця]
    24' Чертсі - Пул [АНГЛІЯ: Південна ліга - Прем'єр дивізіон Південь Таблиця]
    24' Шолінг - Фарнем [АНГЛІЯ: Південна ліга - Прем'єр дивізіон Південь Таблиця]
    24' Вайтхок - Фолкстоун [АНГЛІЯ: Істмійська ліга - Прем'єр дивізіон Таблиця]
    24' Веллінг - Далвіч Гамлет [АНГЛІЯ: Істмійська ліга - Прем'єр дивізіон Таблиця]
    24' Поттерс - Чічестер [АНГЛІЯ: Істмійська ліга - Прем'єр дивізіон Таблиця]
    24' Ремсгейт - Біллерікі [АНГЛІЯ: Істмійська ліга - Прем'єр дивізіон Таблиця]
    24' Сент-Олбанс - Ейвлі [АНГЛІЯ: Істмійська ліга - Прем'єр дивізіон Таблиця]
    24' Хештег - Крей Веллі Пейпер Міллс [АНГЛІЯ: Істмійська ліга - Прем'єр дивізіон Таблиця]
    59' Мінас Бока U20 - Сосіал U20 [БРАЗИЛІЯ: Мінейру U20 Таблиця]
    9' Леганес - Альбасете [ІСПАНІЯ: Ла Ліга 2 Таблиця]
    9' Оуренсе - Луго [ІСПАНІЯ: Прімера КІФФ - Група 1 Таблиця]
    24' Авіон Академі - Тонер [КАМЕРУН: Еліт 2 Таблиця]
    24' Бафуссам - Kumba [КАМЕРУН: Еліт 2 Таблиця]
    24' Емден - Санкт-Паулі II [НІМЕЧЧИНА: Регіональна ліга - Північ Таблиця]
    34' Дібба - Галф Юнайтед [ОБ’ЄДНАНІ АРАБСЬКІ ЕМІРАТИ: Дивізіон 1 Таблиця]
    24' ФК Бангор - Гленавон [ПІВНІЧНА ІРЛАНДІЯ: Прем'єр-ліга - Група вибування Таблиця]
    45' Сілекс - Башкімі [ПІВНІЧНА МАКЕДОНІЯ: 1. МФЛ Таблиця]
    24' Чарні Поланец - Краковія II [ПОЛЬЩА: III Ліга - Група IV Таблиця]
    24' Челябінськ - СКА Хабаровськ [РОСІЯ: ФНЛ Таблиця]
    45' Тренчин - Прешов [СЛОВАЧЧИНА: Nike liga - Група вибування Таблиця]
    24' Любовня - Інтер Б. [СЛОВАЧЧИНА: Друга ліга Таблиця]
    24' Пухов - Петржалка [СЛОВАЧЧИНА: Друга ліга Таблиця]
    24' Шаморин - Банська Бистріца [СЛОВАЧЧИНА: Друга ліга Таблиця]
    24' Олімпік Беджа - Етуаль Сахель [ТУНІС: Професійна ліга 1 Таблиця]
    24' Стад Тунізьєн - КА Бізертен [ТУНІС: Професійна ліга 1 Таблиця]
    24' Гафса - Редеєф [ТУНІС: Ліга 2 Таблиця]
    24' Калаа - Джельма [ТУНІС: Ліга 2 Таблиця]
    24' Корба - Аріана [ТУНІС: Ліга 2 Таблиця]
    24' Мокнін - Стад Габезьєн [ТУНІС: Ліга 2 Таблиця]
    24' Галадаш ВСЕ - Шопрон [УГОРЩИНА: НБ III - Північний захід Таблиця]
    24' СК Будайорш - Мошонмадяровар ТЕ [УГОРЩИНА: НБ III - Північний захід Таблиця]
    24' Стреймур 2 - НСІ Рунавік 2 [ФАРЕРСЬКІ ОСТРОВИ: 1. Дейлд Таблиця]
    24' Рованіємі - Турку 2 [ФІНЛЯНДІЯ: Юккьонен Таблиця]
    24' ТПВ - КПВ Коккола [ФІНЛЯНДІЯ: Юккьонен Таблиця]
    24' КоПа - МюПа [ФІНЛЯНДІЯ: Кубок Фінляндії]
    24' Бавуа - Янг Бойз II [ШВЕЙЦАРІЯ: Ліга підвищення Таблиця]
    24' Кройцлінген - Люцерн II [ШВЕЙЦАРІЯ: Ліга підвищення Таблиця]
    24' Данді Юнайтед - Лівінгстон [ШОТЛАНДІЯ: Прем'єр-ліга Таблиця]
    24' Хартс - Мотервелл [ШОТЛАНДІЯ: Прем'єр-ліга Таблиця]
    24' Рейт - Мортон [ШОТЛАНДІЯ: Чемпіоншип Таблиця]
    24' Квін оф Саут - Коув Рейнджерс [ШОТЛАНДІЯ: Перша ліга Таблиця]
    24' Келті Хартс - Монтроз [ШОТЛАНДІЯ: Перша ліга Таблиця]
    24' Елгін Сіті - Аннан [ШОТЛАНДІЯ: Друга ліга Таблиця]
  ✔ 63' Падова U19 - Чіттаделла U19 [ІТАЛІЯ: Прімавера 2 Таблиця] id=61LzBQuK
  ✔ 62' Спакенбург - Йонг Алмере Сіті [НІДЕРЛАНДИ: Тведе Дивізі Таблиця] id=4IpNwZf5
  Found: 2 candidates, 1 new, 6 permanently skipped

→ Спакенбург - Йонг Алмере Сіті (62') [НІДЕРЛАНДИ: Тведе Дивізі Таблиця]
  Кф 1X2: 1.63 / 4.37 / 4.37
  Desktop: https://www.flashscore.ua/match/soccer/jong-almere-city-WvtVUUns/spakenburg-AolLPeRe/?mid=4IpNwZf5
  [stats] 4IpNwZf5 → both, 5 metrics
  Features: quality=0.23, primary=2, status=both
  Score (windowed): pGoal=0.288, pDry=0.712 | 60-70 → UNDER_0_5
  ⏸ сигнал не пройшов (вікно 60-70, впевненість: low, bet: UNDER_0_5)

Done: 1 analyzed, 1 actionable, 0 TG sent

🔍 Checking 1 possibly finished match(es)...
  ⏳ Кампобассо - Бра: still live 0:0
📌 Tracking 2 active prediction(s)

🔥 RUN #348: analyzed=1, signals=0
⏳ Next scan in 3m...
[17:26:26] Live scan
Opening: https://m.flashscore.ua/?s=2 (minute >= 60, 0:0 only)
Provider health [https://m.flashscore.ua/?s=2]: rows=201, 0:0 total=76, candidates=2
  ⏸ 0:0 ще рано (< 60'):
    45' РБ Лейпциг - Боруссія М. [НІМЕЧЧИНА: Бундесліга Таблиця]
    27' Параду - Саура [АЛЖИР: Дивізіон 1 Таблиця]
    27' Мідлсбро - Портсмут [АНГЛІЯ: Чемпіоншип Таблиця]
    27' Саутгемптон - Дербі [АНГЛІЯ: Чемпіоншип Таблиця]
    27' Бредфорд - Стівенедж [АНГЛІЯ: Перша ліга Таблиця]
    27' Донкастер - Редінг [АНГЛІЯ: Перша ліга Таблиця]
    27' Ротергем - Барнслі [АНГЛІЯ: Перша ліга Таблиця]
    27' Хаддерсфілд - Віком [АНГЛІЯ: Перша ліга Таблиця]
    27' Волсолл - Челтнем [АНГЛІЯ: Друга ліга Таблиця]
    27' Солфорд - Гіллінгем [АНГЛІЯ: Друга ліга Таблиця]
    27' Честерфілд - Транмер [АНГЛІЯ: Друга ліга Таблиця]
    27' Шрусбері - Олдем [АНГЛІЯ: Друга ліга Таблиця]
    27' Йовіл - Галіфакс [АНГЛІЯ: Національна ліга Таблиця]
    27' Саутенд - Соліхалл [АНГЛІЯ: Національна ліга Таблиця]
    27' Форест Грін - Брейнтрі [АНГЛІЯ: Національна ліга Таблиця]
    27' Мертир Таун - Маклсфілд [АНГЛІЯ: Національна ліга - Північ Таблиця]
    27' Спеннімур - Ворксоп [АНГЛІЯ: Національна ліга - Північ Таблиця]
    27' Честер - Файлд [АНГЛІЯ: Національна ліга - Північ Таблиця]
    27' Чорлі - Керзон Ештон [АНГЛІЯ: Національна ліга - Північ Таблиця]
    27' Вестон-сьюпер-Мер - Енфілд Таун [АНГЛІЯ: Національна ліга - Південь Таблиця]
    27' Хемел Хемпстед - Істборн Боро [АНГЛІЯ: Національна ліга - Південь Таблиця]
    27' Хорнчерч - Еббсфліт [АНГЛІЯ: Національна ліга - Південь Таблиця]
    27' Хоршем - Мейдстоун [АНГЛІЯ: Національна ліга - Південь Таблиця]
    27' Челмсфорд - Мейденгед [АНГЛІЯ: Національна ліга - Південь Таблиця]
    27' Ештон Юнайтед - Воркінгтон [АНГЛІЯ: ПчПЛ Прем'єр-дивізіон Таблиця]
    27' Ілкстон - Бамбер Бридж [АНГЛІЯ: ПчПЛ Прем'єр-дивізіон Таблиця]
    27' Ланкастер - Гейнсборо [АНГЛІЯ: ПчПЛ Прем'єр-дивізіон Таблиця]
    27' Лік - Прескот [АНГЛІЯ: ПчПЛ Прем'єр-дивізіон Таблиця]
    27' Бері Таун - Стемфорд [АНГЛІЯ: Південна ліга - Прем'єр дивізіон Центр Таблиця]
    27' Кворн - Лейстон [АНГЛІЯ: Південна ліга - Прем'єр дивізіон Центр Таблиця]
    27' Реддіч - Реал Бедфорд [АНГЛІЯ: Південна ліга - Прем'єр дивізіон Центр Таблиця]
    27' Сент-Айвс - Бромсгроув [АНГЛІЯ: Південна ліга - Прем'єр дивізіон Центр Таблиця]
    27' Стаурбридж - Бішопс Стортфорд [АНГЛІЯ: Південна ліга - Прем'єр дивізіон Центр Таблиця]
    27' Хейлсовен - Харборо [АНГЛІЯ: Південна ліга - Прем'єр дивізіон Центр Таблиця]
    27' Госпорт - Єйт Таун [АНГЛІЯ: Південна ліга - Прем'єр дивізіон Південь Таблиця]
    27' Тонтон - Аксбридж [АНГЛІЯ: Південна ліга - Прем'єр дивізіон Південь Таблиця]
    27' Чертсі - Пул [АНГЛІЯ: Південна ліга - Прем'єр дивізіон Південь Таблиця]
    27' Шолінг - Фарнем [АНГЛІЯ: Південна ліга - Прем'єр дивізіон Південь Таблиця]
    27' Вайтхок - Фолкстоун [АНГЛІЯ: Істмійська ліга - Прем'єр дивізіон Таблиця]
    27' Веллінг - Далвіч Гамлет [АНГЛІЯ: Істмійська ліга - Прем'єр дивізіон Таблиця]
    27' Поттерс - Чічестер [АНГЛІЯ: Істмійська ліга - Прем'єр дивізіон Таблиця]
    27' Ремсгейт - Біллерікі [АНГЛІЯ: Істмійська ліга - Прем'єр дивізіон Таблиця]
    27' Сент-Олбанс - Ейвлі [АНГЛІЯ: Істмійська ліга - Прем'єр дивізіон Таблиця]
    27' Хештег - Крей Веллі Пейпер Міллс [АНГЛІЯ: Істмійська ліга - Прем'єр дивізіон Таблиця]
    12' Леганес - Альбасете [ІСПАНІЯ: Ла Ліга 2 Таблиця]
    12' Оуренсе - Луго [ІСПАНІЯ: Прімера КІФФ - Група 1 Таблиця]
    27' Авіон Академі - Тонер [КАМЕРУН: Еліт 2 Таблиця]
    27' Бафуссам - Kumba [КАМЕРУН: Еліт 2 Таблиця]
    27' Емден - Санкт-Паулі II [НІМЕЧЧИНА: Регіональна ліга - Північ Таблиця]
    37' Дібба - Галф Юнайтед [ОБ’ЄДНАНІ АРАБСЬКІ ЕМІРАТИ: Дивізіон 1 Таблиця]
    27' ФК Бангор - Гленавон [ПІВНІЧНА ІРЛАНДІЯ: Прем'єр-ліга - Група вибування Таблиця]
    45' Сілекс - Башкімі [ПІВНІЧНА МАКЕДОНІЯ: 1. МФЛ Таблиця]
    27' Чарні Поланец - Краковія II [ПОЛЬЩА: III Ліга - Група IV Таблиця]
    45' Тренчин - Прешов [СЛОВАЧЧИНА: Nike liga - Група вибування Таблиця]
    27' Любовня - Інтер Б. [СЛОВАЧЧИНА: Друга ліга Таблиця]
    27' Пухов - Петржалка [СЛОВАЧЧИНА: Друга ліга Таблиця]
    27' Шаморин - Банська Бистріца [СЛОВАЧЧИНА: Друга ліга Таблиця]
    27' Олімпік Беджа - Етуаль Сахель [ТУНІС: Професійна ліга 1 Таблиця]
    27' Гафса - Редеєф [ТУНІС: Ліга 2 Таблиця]
    27' Калаа - Джельма [ТУНІС: Ліга 2 Таблиця]
    27' Корба - Аріана [ТУНІС: Ліга 2 Таблиця]
    27' Мокнін - Стад Габезьєн [ТУНІС: Ліга 2 Таблиця]
    27' Галадаш ВСЕ - Шопрон [УГОРЩИНА: НБ III - Північний захід Таблиця]
    27' СК Будайорш - Мошонмадяровар ТЕ [УГОРЩИНА: НБ III - Північний захід Таблиця]
    27' Рованіємі - Турку 2 [ФІНЛЯНДІЯ: Юккьонен Таблиця]
    27' ТПВ - КПВ Коккола [ФІНЛЯНДІЯ: Юккьонен Таблиця]
    27' КоПа - МюПа [ФІНЛЯНДІЯ: Кубок Фінляндії]
    27' Бавуа - Янг Бойз II [ШВЕЙЦАРІЯ: Ліга підвищення Таблиця]
    27' Кройцлінген - Люцерн II [ШВЕЙЦАРІЯ: Ліга підвищення Таблиця]
    27' Хартс - Мотервелл [ШОТЛАНДІЯ: Прем'єр-ліга Таблиця]
    27' Рейт - Мортон [ШОТЛАНДІЯ: Чемпіоншип Таблиця]
    27' Квін оф Саут - Коув Рейнджерс [ШОТЛАНДІЯ: Перша ліга Таблиця]
    27' Келті Хартс - Монтроз [ШОТЛАНДІЯ: Перша ліга Таблиця]
    27' Елгін Сіті - Аннан [ШОТЛАНДІЯ: Друга ліга Таблиця]
  ✔ 63' Мінас Бока U20 - Сосіал U20 [БРАЗИЛІЯ: Мінейру U20 Таблиця] id=x0yM61w0
  ✔ 67' Падова U19 - Чіттаделла U19 [ІТАЛІЯ: Прімавера 2 Таблиця] id=61LzBQuK
  Found: 2 candidates, 1 new, 6 permanently skipped

→ Мінас Бока U20 - Сосіал U20 (63') [БРАЗИЛІЯ: Мінейру U20 Таблиця]
  Кф 1X2: немає на сторінці огляду
  Desktop: https://www.flashscore.ua/match/soccer/minas-boca-OrSCSWME/social-ppA3U9Hc/?mid=x0yM61w0
  [stats] x0yM61w0 overall: no data-testid (old=0, any=0, body=148106)
  [stats] x0yM61w0 secondHalf: no data-testid (old=0, any=0, body=148106)
  [stats] x0yM61w0 → unavailable, 0 metrics
  Features: quality=0, primary=0, status=unavailable
  ✗ No stats at all → permanent skip

Done: 0 analyzed, 0 actionable, 0 TG sent

🔍 Checking 2 possibly finished match(es)...
  ⏳ Кампобассо - Бра: still live 0:0
  ⚽ Спакенбург - Йонг Алмере Сіті: 1:0 [GOAL→resolved] → ❌ MISS (bet=UNDER_0_5)
📌 Tracking 1 active prediction(s)

🔥 RUN #349: analyzed=0, signals=0
⏳ Next scan in 3m...
[17:30:08] Live scan
Opening: https://m.flashscore.ua/?s=2 (minute >= 60, 0:0 only)
Provider health [https://m.flashscore.ua/?s=2]: rows=201, 0:0 total=76, candidates=2
  ⏸ 0:0 ще рано (< 60'):
    45' РБ Лейпциг - Боруссія М. [НІМЕЧЧИНА: Бундесліга Таблиця]
    30' Параду - Саура [АЛЖИР: Дивізіон 1 Таблиця]
    30' Мідлсбро - Портсмут [АНГЛІЯ: Чемпіоншип Таблиця]
    30' Саутгемптон - Дербі [АНГЛІЯ: Чемпіоншип Таблиця]
    30' Бредфорд - Стівенедж [АНГЛІЯ: Перша ліга Таблиця]
    30' Донкастер - Редінг [АНГЛІЯ: Перша ліга Таблиця]
    30' Ротергем - Барнслі [АНГЛІЯ: Перша ліга Таблиця]
    30' Хаддерсфілд - Віком [АНГЛІЯ: Перша ліга Таблиця]
    30' Волсолл - Челтнем [АНГЛІЯ: Друга ліга Таблиця]
    30' Солфорд - Гіллінгем [АНГЛІЯ: Друга ліга Таблиця]
    30' Честерфілд - Транмер [АНГЛІЯ: Друга ліга Таблиця]
    30' Шрусбері - Олдем [АНГЛІЯ: Друга ліга Таблиця]
    30' Йовіл - Галіфакс [АНГЛІЯ: Національна ліга Таблиця]
    30' Саутенд - Соліхалл [АНГЛІЯ: Національна ліга Таблиця]
    30' Форест Грін - Брейнтрі [АНГЛІЯ: Національна ліга Таблиця]
    30' Мертир Таун - Маклсфілд [АНГЛІЯ: Національна ліга - Північ Таблиця]
    30' Спеннімур - Ворксоп [АНГЛІЯ: Національна ліга - Північ Таблиця]
    30' Честер - Файлд [АНГЛІЯ: Національна ліга - Північ Таблиця]
    30' Чорлі - Керзон Ештон [АНГЛІЯ: Національна ліга - Північ Таблиця]
    30' Вестон-сьюпер-Мер - Енфілд Таун [АНГЛІЯ: Національна ліга - Південь Таблиця]
    30' Хемел Хемпстед - Істборн Боро [АНГЛІЯ: Національна ліга - Південь Таблиця]
    30' Хорнчерч - Еббсфліт [АНГЛІЯ: Національна ліга - Південь Таблиця]
    30' Хоршем - Мейдстоун [АНГЛІЯ: Національна ліга - Південь Таблиця]
    30' Челмсфорд - Мейденгед [АНГЛІЯ: Національна ліга - Південь Таблиця]
    30' Ештон Юнайтед - Воркінгтон [АНГЛІЯ: ПчПЛ Прем'єр-дивізіон Таблиця]
    30' Ілкстон - Бамбер Бридж [АНГЛІЯ: ПчПЛ Прем'єр-дивізіон Таблиця]
    30' Ланкастер - Гейнсборо [АНГЛІЯ: ПчПЛ Прем'єр-дивізіон Таблиця]
    30' Лік - Прескот [АНГЛІЯ: ПчПЛ Прем'єр-дивізіон Таблиця]
    30' Бері Таун - Стемфорд [АНГЛІЯ: Південна ліга - Прем'єр дивізіон Центр Таблиця]
    30' Кворн - Лейстон [АНГЛІЯ: Південна ліга - Прем'єр дивізіон Центр Таблиця]
    30' Реддіч - Реал Бедфорд [АНГЛІЯ: Південна ліга - Прем'єр дивізіон Центр Таблиця]
    30' Сент-Айвс - Бромсгроув [АНГЛІЯ: Південна ліга - Прем'єр дивізіон Центр Таблиця]
    30' Стаурбридж - Бішопс Стортфорд [АНГЛІЯ: Південна ліга - Прем'єр дивізіон Центр Таблиця]
    30' Хейлсовен - Харборо [АНГЛІЯ: Південна ліга - Прем'єр дивізіон Центр Таблиця]
    30' Госпорт - Єйт Таун [АНГЛІЯ: Південна ліга - Прем'єр дивізіон Південь Таблиця]
    30' Тонтон - Аксбридж [АНГЛІЯ: Південна ліга - Прем'єр дивізіон Південь Таблиця]
    30' Чертсі - Пул [АНГЛІЯ: Південна ліга - Прем'єр дивізіон Південь Таблиця]
    30' Веллінг - Далвіч Гамлет [АНГЛІЯ: Істмійська ліга - Прем'єр дивізіон Таблиця]
    30' Поттерс - Чічестер [АНГЛІЯ: Істмійська ліга - Прем'єр дивізіон Таблиця]
    30' Ремсгейт - Біллерікі [АНГЛІЯ: Істмійська ліга - Прем'єр дивізіон Таблиця]
    30' Сент-Олбанс - Ейвлі [АНГЛІЯ: Істмійська ліга - Прем'єр дивізіон Таблиця]
    30' Хештег - Крей Веллі Пейпер Міллс [АНГЛІЯ: Істмійська ліга - Прем'єр дивізіон Таблиця]
    15' Леганес - Альбасете [ІСПАНІЯ: Ла Ліга 2 Таблиця]
    15' Оуренсе - Луго [ІСПАНІЯ: Прімера КІФФ - Група 1 Таблиця]
    30' Авіон Академі - Тонер [КАМЕРУН: Еліт 2 Таблиця]
    30' Бафуссам - Kumba [КАМЕРУН: Еліт 2 Таблиця]
    30' Емден - Санкт-Паулі II [НІМЕЧЧИНА: Регіональна ліга - Північ Таблиця]
    40' Дібба - Галф Юнайтед [ОБ’ЄДНАНІ АРАБСЬКІ ЕМІРАТИ: Дивізіон 1 Таблиця]
    35' Аль-Шарджа U23 - Бані Яс U23 [ОБ’ЄДНАНІ АРАБСЬКІ ЕМІРАТИ: Про-ліга U23 Таблиця]
    30' ФК Бангор - Гленавон [ПІВНІЧНА ІРЛАНДІЯ: Прем'єр-ліга - Група вибування Таблиця]
    45' Сілекс - Башкімі [ПІВНІЧНА МАКЕДОНІЯ: 1. МФЛ Таблиця]
    30' Чарні Поланец - Краковія II [ПОЛЬЩА: III Ліга - Група IV Таблиця]
    45' Тренчин - Прешов [СЛОВАЧЧИНА: Nike liga - Група вибування Таблиця]
    30' Любовня - Інтер Б. [СЛОВАЧЧИНА: Друга ліга Таблиця]
    30' Пухов - Петржалка [СЛОВАЧЧИНА: Друга ліга Таблиця]
    30' Шаморин - Банська Бистріца [СЛОВАЧЧИНА: Друга ліга Таблиця]
    30' Олімпік Беджа - Етуаль Сахель [ТУНІС: Професійна ліга 1 Таблиця]
    30' Гафса - Редеєф [ТУНІС: Ліга 2 Таблиця]
    30' Калаа - Джельма [ТУНІС: Ліга 2 Таблиця]
    30' Корба - Аріана [ТУНІС: Ліга 2 Таблиця]
    30' Мокнін - Стад Габезьєн [ТУНІС: Ліга 2 Таблиця]
    30' Галадаш ВСЕ - Шопрон [УГОРЩИНА: НБ III - Північний захід Таблиця]
    30' СК Будайорш - Мошонмадяровар ТЕ [УГОРЩИНА: НБ III - Північний захід Таблиця]
    30' Рованіємі - Турку 2 [ФІНЛЯНДІЯ: Юккьонен Таблиця]
    30' ТПВ - КПВ Коккола [ФІНЛЯНДІЯ: Юккьонен Таблиця]
    30' КоПа - МюПа [ФІНЛЯНДІЯ: Кубок Фінляндії]
    1' Вартекс Вараждин - Младост Ждралові [ХОРВАТІЯ: Друга ФЛ Таблиця]
    30' Бавуа - Янг Бойз II [ШВЕЙЦАРІЯ: Ліга підвищення Таблиця]
    30' Кройцлінген - Люцерн II [ШВЕЙЦАРІЯ: Ліга підвищення Таблиця]
    30' Хартс - Мотервелл [ШОТЛАНДІЯ: Прем'єр-ліга Таблиця]
    30' Рейт - Мортон [ШОТЛАНДІЯ: Чемпіоншип Таблиця]
    30' Квін оф Саут - Коув Рейнджерс [ШОТЛАНДІЯ: Перша ліга Таблиця]
    30' Келті Хартс - Монтроз [ШОТЛАНДІЯ: Перша ліга Таблиця]
    30' Елгін Сіті - Аннан [ШОТЛАНДІЯ: Друга ліга Таблиця]
  ✔ 66' Мінас Бока U20 - Сосіал U20 [БРАЗИЛІЯ: Мінейру U20 Таблиця] id=x0yM61w0
  ✔ 69' Падова U19 - Чіттаделла U19 [ІТАЛІЯ: Прімавера 2 Таблиця] id=61LzBQuK
  Found: 2 candidates, 0 new, 7 permanently skipped

Done: 0 analyzed, 0 actionable, 0 TG sent

🔍 Checking 1 possibly finished match(es)...
  ⚽ Кампобассо - Бра: 0:0 [FT] → ❌ MISS (bet=OVER_0_5)

🔥 RUN #350: analyzed=0, signals=0
⏳ Next scan in 3m...
[17:33:13] Live scan
Opening: https://m.flashscore.ua/?s=2 (minute >= 60, 0:0 only)
Provider health [https://m.flashscore.ua/?s=2]: rows=207, 0:0 total=78, candidates=2
  ⏸ 0:0 ще рано (< 60'):
    45' РБ Лейпциг - Боруссія М. [НІМЕЧЧИНА: Бундесліга Таблиця]
    33' Параду - Саура [АЛЖИР: Дивізіон 1 Таблиця]
    33' Мідлсбро - Портсмут [АНГЛІЯ: Чемпіоншип Таблиця]
    33' Саутгемптон - Дербі [АНГЛІЯ: Чемпіоншип Таблиця]
    33' Бредфорд - Стівенедж [АНГЛІЯ: Перша ліга Таблиця]
    33' Донкастер - Редінг [АНГЛІЯ: Перша ліга Таблиця]
    33' Ротергем - Барнслі [АНГЛІЯ: Перша ліга Таблиця]
    33' Хаддерсфілд - Віком [АНГЛІЯ: Перша ліга Таблиця]
    33' Волсолл - Челтнем [АНГЛІЯ: Друга ліга Таблиця]
    33' Солфорд - Гіллінгем [АНГЛІЯ: Друга ліга Таблиця]
    33' Честерфілд - Транмер [АНГЛІЯ: Друга ліга Таблиця]
    33' Йовіл - Галіфакс [АНГЛІЯ: Національна ліга Таблиця]
    33' Саутенд - Соліхалл [АНГЛІЯ: Національна ліга Таблиця]
    33' Форест Грін - Брейнтрі [АНГЛІЯ: Національна ліга Таблиця]
    33' Мертир Таун - Маклсфілд [АНГЛІЯ: Національна ліга - Північ Таблиця]
    33' Спеннімур - Ворксоп [АНГЛІЯ: Національна ліга - Північ Таблиця]
    33' Честер - Файлд [АНГЛІЯ: Національна ліга - Північ Таблиця]
    33' Чорлі - Керзон Ештон [АНГЛІЯ: Національна ліга - Північ Таблиця]
    33' Вестон-сьюпер-Мер - Енфілд Таун [АНГЛІЯ: Національна ліга - Південь Таблиця]
    33' Хемел Хемпстед - Істборн Боро [АНГЛІЯ: Національна ліга - Південь Таблиця]
    33' Хорнчерч - Еббсфліт [АНГЛІЯ: Національна ліга - Південь Таблиця]
    33' Хоршем - Мейдстоун [АНГЛІЯ: Національна ліга - Південь Таблиця]
    33' Челмсфорд - Мейденгед [АНГЛІЯ: Національна ліга - Південь Таблиця]
    33' Ештон Юнайтед - Воркінгтон [АНГЛІЯ: ПчПЛ Прем'єр-дивізіон Таблиця]
    33' Ілкстон - Бамбер Бридж [АНГЛІЯ: ПчПЛ Прем'єр-дивізіон Таблиця]
    33' Ланкастер - Гейнсборо [АНГЛІЯ: ПчПЛ Прем'єр-дивізіон Таблиця]
    33' Лік - Прескот [АНГЛІЯ: ПчПЛ Прем'єр-дивізіон Таблиця]
    33' Бері Таун - Стемфорд [АНГЛІЯ: Південна ліга - Прем'єр дивізіон Центр Таблиця]
    33' Кворн - Лейстон [АНГЛІЯ: Південна ліга - Прем'єр дивізіон Центр Таблиця]
    33' Реддіч - Реал Бедфорд [АНГЛІЯ: Південна ліга - Прем'єр дивізіон Центр Таблиця]
    33' Сент-Айвс - Бромсгроув [АНГЛІЯ: Південна ліга - Прем'єр дивізіон Центр Таблиця]
    33' Стаурбридж - Бішопс Стортфорд [АНГЛІЯ: Південна ліга - Прем'єр дивізіон Центр Таблиця]
    33' Хейлсовен - Харборо [АНГЛІЯ: Південна ліга - Прем'єр дивізіон Центр Таблиця]
    33' Госпорт - Єйт Таун [АНГЛІЯ: Південна ліга - Прем'єр дивізіон Південь Таблиця]
    33' Тонтон - Аксбридж [АНГЛІЯ: Південна ліга - Прем'єр дивізіон Південь Таблиця]
    33' Чертсі - Пул [АНГЛІЯ: Південна ліга - Прем'єр дивізіон Південь Таблиця]
    33' Веллінг - Далвіч Гамлет [АНГЛІЯ: Істмійська ліга - Прем'єр дивізіон Таблиця]
    33' Поттерс - Чічестер [АНГЛІЯ: Істмійська ліга - Прем'єр дивізіон Таблиця]
    33' Ремсгейт - Біллерікі [АНГЛІЯ: Істмійська ліга - Прем'єр дивізіон Таблиця]
    33' Сент-Олбанс - Ейвлі [АНГЛІЯ: Істмійська ліга - Прем'єр дивізіон Таблиця]
    33' Хештег - Крей Веллі Пейпер Міллс [АНГЛІЯ: Істмійська ліга - Прем'єр дивізіон Таблиця]
    18' Леганес - Альбасете [ІСПАНІЯ: Ла Ліга 2 Таблиця]
    18' Оуренсе - Луго [ІСПАНІЯ: Прімера КІФФ - Група 1 Таблиця]
    33' Авіон Академі - Тонер [КАМЕРУН: Еліт 2 Таблиця]
    33' Бафуссам - Kumba [КАМЕРУН: Еліт 2 Таблиця]
    33' Емден - Санкт-Паулі II [НІМЕЧЧИНА: Регіональна ліга - Північ Таблиця]
    43' Дібба - Галф Юнайтед [ОБ’ЄДНАНІ АРАБСЬКІ ЕМІРАТИ: Дивізіон 1 Таблиця]
    38' Аль-Шарджа U23 - Бані Яс U23 [ОБ’ЄДНАНІ АРАБСЬКІ ЕМІРАТИ: Про-ліга U23 Таблиця]
    33' ФК Бангор - Гленавон [ПІВНІЧНА ІРЛАНДІЯ: Прем'єр-ліга - Група вибування Таблиця]
    46' Сілекс - Башкімі [ПІВНІЧНА МАКЕДОНІЯ: 1. МФЛ Таблиця]
    33' Чарні Поланец - Краковія II [ПОЛЬЩА: III Ліга - Група IV Таблиця]
    46' Тренчин - Прешов [СЛОВАЧЧИНА: Nike liga - Група вибування Таблиця]
    33' Пухов - Петржалка [СЛОВАЧЧИНА: Друга ліга Таблиця]
    33' Шаморин - Банська Бистріца [СЛОВАЧЧИНА: Друга ліга Таблиця]
    33' Гафса - Редеєф [ТУНІС: Ліга 2 Таблиця]
    33' Калаа - Джельма [ТУНІС: Ліга 2 Таблиця]
    33' Корба - Аріана [ТУНІС: Ліга 2 Таблиця]
    33' Мокнін - Стад Габезьєн [ТУНІС: Ліга 2 Таблиця]
    33' СК Будайорш - Мошонмадяровар ТЕ [УГОРЩИНА: НБ III - Північний захід Таблиця]
    33' Вікінгур 2 - Фуглафйордур [ФАРЕРСЬКІ ОСТРОВИ: 1. Дейлд Таблиця]
    33' ТПВ - КПВ Коккола [ФІНЛЯНДІЯ: Юккьонен Таблиця]
    33' КоПа - МюПа [ФІНЛЯНДІЯ: Кубок Фінляндії]
    3' Вартекс Вараждин - Младост Ждралові [ХОРВАТІЯ: Друга ФЛ Таблиця]
    3' Кроація Джаково - Трнє [ХОРВАТІЯ: Друга ФЛ Таблиця]
    3' Редник Кріжевці - Дуго Село [ХОРВАТІЯ: Друга ФЛ Таблиця]
    3' Ускок Кліс - Лучко [ХОРВАТІЯ: Друга ФЛ Таблиця]
    3' Ядран ЛП - Улянік Пула [ХОРВАТІЯ: Друга ФЛ Таблиця]
    3' Усті-над-Орліці - Запи [ЧЕХІЯ: 3. ЧФЛ - Група В Таблиця]
    3' Ческа Ліпа - Ліберец B [ЧЕХІЯ: 3. ЧФЛ - Група В Таблиця]
    33' Бавуа - Янг Бойз II [ШВЕЙЦАРІЯ: Ліга підвищення Таблиця]
    33' Кройцлінген - Люцерн II [ШВЕЙЦАРІЯ: Ліга підвищення Таблиця]
    33' Хартс - Мотервелл [ШОТЛАНДІЯ: Прем'єр-ліга Таблиця]
    33' Рейт - Мортон [ШОТЛАНДІЯ: Чемпіоншип Таблиця]
    33' Квін оф Саут - Коув Рейнджерс [ШОТЛАНДІЯ: Перша ліга Таблиця]
    33' Келті Хартс - Монтроз [ШОТЛАНДІЯ: Перша ліга Таблиця]
    33' Елгін Сіті - Аннан [ШОТЛАНДІЯ: Друга ліга Таблиця]
  ✔ 69' Мінас Бока U20 - Сосіал U20 [БРАЗИЛІЯ: Мінейру U20 Таблиця] id=x0yM61w0
  ✔ 73' Падова U19 - Чіттаделла U19 [ІТАЛІЯ: Прімавера 2 Таблиця] id=61LzBQuK
  Found: 2 candidates, 0 new, 7 permanently skipped

Done: 0 analyzed, 0 actionable, 0 TG sent

🔥 RUN #351: analyzed=0, signals=0
⏳ Next scan in 3m...
[17:36:17] Live scan
Opening: https://m.flashscore.ua/?s=2 (minute >= 60, 0:0 only)
Provider health [https://m.flashscore.ua/?s=2]: rows=208, 0:0 total=76, candidates=2
  ⏸ 0:0 ще рано (< 60'):
    47' РБ Лейпциг - Боруссія М. [НІМЕЧЧИНА: Бундесліга Таблиця]
    37' Мідлсбро - Портсмут [АНГЛІЯ: Чемпіоншип Таблиця]
    37' Саутгемптон - Дербі [АНГЛІЯ: Чемпіоншип Таблиця]
    37' Бредфорд - Стівенедж [АНГЛІЯ: Перша ліга Таблиця]
    37' Донкастер - Редінг [АНГЛІЯ: Перша ліга Таблиця]
    37' Ротергем - Барнслі [АНГЛІЯ: Перша ліга Таблиця]
    37' Волсолл - Челтнем [АНГЛІЯ: Друга ліга Таблиця]
    37' Солфорд - Гіллінгем [АНГЛІЯ: Друга ліга Таблиця]
    37' Честерфілд - Транмер [АНГЛІЯ: Друга ліга Таблиця]
    37' Йовіл - Галіфакс [АНГЛІЯ: Національна ліга Таблиця]
    37' Саутенд - Соліхалл [АНГЛІЯ: Національна ліга Таблиця]
    37' Форест Грін - Брейнтрі [АНГЛІЯ: Національна ліга Таблиця]
    37' Мертир Таун - Маклсфілд [АНГЛІЯ: Національна ліга - Північ Таблиця]
    37' Спеннімур - Ворксоп [АНГЛІЯ: Національна ліга - Північ Таблиця]
    37' Честер - Файлд [АНГЛІЯ: Національна ліга - Північ Таблиця]
    37' Чорлі - Керзон Ештон [АНГЛІЯ: Національна ліга - Північ Таблиця]
    37' Вестон-сьюпер-Мер - Енфілд Таун [АНГЛІЯ: Національна ліга - Південь Таблиця]
    37' Хорнчерч - Еббсфліт [АНГЛІЯ: Національна ліга - Південь Таблиця]
    37' Хоршем - Мейдстоун [АНГЛІЯ: Національна ліга - Південь Таблиця]
    37' Челмсфорд - Мейденгед [АНГЛІЯ: Національна ліга - Південь Таблиця]
    37' Ештон Юнайтед - Воркінгтон [АНГЛІЯ: ПчПЛ Прем'єр-дивізіон Таблиця]
    37' Ілкстон - Бамбер Бридж [АНГЛІЯ: ПчПЛ Прем'єр-дивізіон Таблиця]
    37' Ланкастер - Гейнсборо [АНГЛІЯ: ПчПЛ Прем'єр-дивізіон Таблиця]
    37' Лік - Прескот [АНГЛІЯ: ПчПЛ Прем'єр-дивізіон Таблиця]
    37' Бері Таун - Стемфорд [АНГЛІЯ: Південна ліга - Прем'єр дивізіон Центр Таблиця]
    37' Кворн - Лейстон [АНГЛІЯ: Південна ліга - Прем'єр дивізіон Центр Таблиця]
    37' Реддіч - Реал Бедфорд [АНГЛІЯ: Південна ліга - Прем'єр дивізіон Центр Таблиця]
    37' Сент-Айвс - Бромсгроув [АНГЛІЯ: Південна ліга - Прем'єр дивізіон Центр Таблиця]
    37' Стаурбридж - Бішопс Стортфорд [АНГЛІЯ: Південна ліга - Прем'єр дивізіон Центр Таблиця]
    37' Хейлсовен - Харборо [АНГЛІЯ: Південна ліга - Прем'єр дивізіон Центр Таблиця]
    37' Госпорт - Єйт Таун [АНГЛІЯ: Південна ліга - Прем'єр дивізіон Південь Таблиця]
    37' Тонтон - Аксбридж [АНГЛІЯ: Південна ліга - Прем'єр дивізіон Південь Таблиця]
    37' Веллінг - Далвіч Гамлет [АНГЛІЯ: Істмійська ліга - Прем'єр дивізіон Таблиця]
    37' Поттерс - Чічестер [АНГЛІЯ: Істмійська ліга - Прем'єр дивізіон Таблиця]
    37' Ремсгейт - Біллерікі [АНГЛІЯ: Істмійська ліга - Прем'єр дивізіон Таблиця]
    37' Сент-Олбанс - Ейвлі [АНГЛІЯ: Істмійська ліга - Прем'єр дивізіон Таблиця]
    37' Хештег - Крей Веллі Пейпер Міллс [АНГЛІЯ: Істмійська ліга - Прем'єр дивізіон Таблиця]
    22' Леганес - Альбасете [ІСПАНІЯ: Ла Ліга 2 Таблиця]
    22' Оуренсе - Луго [ІСПАНІЯ: Прімера КІФФ - Група 1 Таблиця]
    37' Авіон Академі - Тонер [КАМЕРУН: Еліт 2 Таблиця]
    37' Бафуссам - Kumba [КАМЕРУН: Еліт 2 Таблиця]
    37' Емден - Санкт-Паулі II [НІМЕЧЧИНА: Регіональна ліга - Північ Таблиця]
    42' Аль-Шарджа U23 - Бані Яс U23 [ОБ’ЄДНАНІ АРАБСЬКІ ЕМІРАТИ: Про-ліга U23 Таблиця]
    37' ФК Бангор - Гленавон [ПІВНІЧНА ІРЛАНДІЯ: Прем'єр-ліга - Група вибування Таблиця]
    50' Сілекс - Башкімі [ПІВНІЧНА МАКЕДОНІЯ: 1. МФЛ Таблиця]
    37' Чарні Поланец - Краковія II [ПОЛЬЩА: III Ліга - Група IV Таблиця]
    7' Колбушова Дольна - Сталь Краснік [ПОЛЬЩА: III Ліга - Група IV Таблиця]
    49' Тренчин - Прешов [СЛОВАЧЧИНА: Nike liga - Група вибування Таблиця]
    37' Пухов - Петржалка [СЛОВАЧЧИНА: Друга ліга Таблиця]
    37' Шаморин - Банська Бистріца [СЛОВАЧЧИНА: Друга ліга Таблиця]
    37' Гафса - Редеєф [ТУНІС: Ліга 2 Таблиця]
    37' Калаа - Джельма [ТУНІС: Ліга 2 Таблиця]
    37' Корба - Аріана [ТУНІС: Ліга 2 Таблиця]
    37' Мокнін - Стад Габезьєн [ТУНІС: Ліга 2 Таблиця]
    37' СК Будайорш - Мошонмадяровар ТЕ [УГОРЩИНА: НБ III - Північний захід Таблиця]
    37' Вікінгур 2 - Фуглафйордур [ФАРЕРСЬКІ ОСТРОВИ: 1. Дейлд Таблиця]
    37' ТПВ - КПВ Коккола [ФІНЛЯНДІЯ: Юккьонен Таблиця]
    37' КоПа - МюПа [ФІНЛЯНДІЯ: Кубок Фінляндії]
    7' Вартекс Вараждин - Младост Ждралові [ХОРВАТІЯ: Друга ФЛ Таблиця]
    7' Кроація Джаково - Трнє [ХОРВАТІЯ: Друга ФЛ Таблиця]
    7' Редник Кріжевці - Дуго Село [ХОРВАТІЯ: Друга ФЛ Таблиця]
    7' Ускок Кліс - Лучко [ХОРВАТІЯ: Друга ФЛ Таблиця]
    7' Ядран ЛП - Улянік Пула [ХОРВАТІЯ: Друга ФЛ Таблиця]
    7' Усті-над-Орліці - Запи [ЧЕХІЯ: 3. ЧФЛ - Група В Таблиця]
    7' Ческа Ліпа - Ліберец B [ЧЕХІЯ: 3. ЧФЛ - Група В Таблиця]
    7' ФК Остров - Лоуни [ЧЕХІЯ: 4. ліга - Група B Таблиця]
    37' Бавуа - Янг Бойз II [ШВЕЙЦАРІЯ: Ліга підвищення Таблиця]
    37' Кройцлінген - Люцерн II [ШВЕЙЦАРІЯ: Ліга підвищення Таблиця]
    37' Хартс - Мотервелл [ШОТЛАНДІЯ: Прем'єр-ліга Таблиця]
    37' Рейт - Мортон [ШОТЛАНДІЯ: Чемпіоншип Таблиця]
    37' Квін оф Саут - Коув Рейнджерс [ШОТЛАНДІЯ: Перша ліга Таблиця]
    37' Келті Хартс - Монтроз [ШОТЛАНДІЯ: Перша ліга Таблиця]
    37' Елгін Сіті - Аннан [ШОТЛАНДІЯ: Друга ліга Таблиця]
  ✔ 72' Мінас Бока U20 - Сосіал U20 [БРАЗИЛІЯ: Мінейру U20 Таблиця] id=x0yM61w0
  ✔ 76' Падова U19 - Чіттаделла U19 [ІТАЛІЯ: Прімавера 2 Таблиця] id=61LzBQuK
  Found: 2 candidates, 0 new, 7 permanently skipped

Done: 0 analyzed, 0 actionable, 0 TG sent

🔥 RUN #352: analyzed=0, signals=0
⏳ Next scan in 3m...
[17:39:20] Live scan
Opening: https://m.flashscore.ua/?s=2 (minute >= 60, 0:0 only)
Provider health [https://m.flashscore.ua/?s=2]: rows=209, 0:0 total=68, candidates=2
  ⏸ 0:0 ще рано (< 60'):
    50' РБ Лейпциг - Боруссія М. [НІМЕЧЧИНА: Бундесліга Таблиця]
    39' Мідлсбро - Портсмут [АНГЛІЯ: Чемпіоншип Таблиця]
    39' Бредфорд - Стівенедж [АНГЛІЯ: Перша ліга Таблиця]
    39' Донкастер - Редінг [АНГЛІЯ: Перша ліга Таблиця]
    39' Волсолл - Челтнем [АНГЛІЯ: Друга ліга Таблиця]
    39' Солфорд - Гіллінгем [АНГЛІЯ: Друга ліга Таблиця]
    39' Честерфілд - Транмер [АНГЛІЯ: Друга ліга Таблиця]
    39' Йовіл - Галіфакс [АНГЛІЯ: Національна ліга Таблиця]
    39' Саутенд - Соліхалл [АНГЛІЯ: Національна ліга Таблиця]
    39' Мертир Таун - Маклсфілд [АНГЛІЯ: Національна ліга - Північ Таблиця]
    39' Спеннімур - Ворксоп [АНГЛІЯ: Національна ліга - Північ Таблиця]
    39' Честер - Файлд [АНГЛІЯ: Національна ліга - Північ Таблиця]
    39' Вестон-сьюпер-Мер - Енфілд Таун [АНГЛІЯ: Національна ліга - Південь Таблиця]
    39' Хорнчерч - Еббсфліт [АНГЛІЯ: Національна ліга - Південь Таблиця]
    39' Хоршем - Мейдстоун [АНГЛІЯ: Національна ліга - Південь Таблиця]
    39' Челмсфорд - Мейденгед [АНГЛІЯ: Національна ліга - Південь Таблиця]
    39' Ештон Юнайтед - Воркінгтон [АНГЛІЯ: ПчПЛ Прем'єр-дивізіон Таблиця]
    39' Ілкстон - Бамбер Бридж [АНГЛІЯ: ПчПЛ Прем'єр-дивізіон Таблиця]
    39' Ланкастер - Гейнсборо [АНГЛІЯ: ПчПЛ Прем'єр-дивізіон Таблиця]
    39' Лік - Прескот [АНГЛІЯ: ПчПЛ Прем'єр-дивізіон Таблиця]
    39' Бері Таун - Стемфорд [АНГЛІЯ: Південна ліга - Прем'єр дивізіон Центр Таблиця]
    39' Реддіч - Реал Бедфорд [АНГЛІЯ: Південна ліга - Прем'єр дивізіон Центр Таблиця]
    39' Сент-Айвс - Бромсгроув [АНГЛІЯ: Південна ліга - Прем'єр дивізіон Центр Таблиця]
    39' Стаурбридж - Бішопс Стортфорд [АНГЛІЯ: Південна ліга - Прем'єр дивізіон Центр Таблиця]
    39' Хейлсовен - Харборо [АНГЛІЯ: Південна ліга - Прем'єр дивізіон Центр Таблиця]
    39' Госпорт - Єйт Таун [АНГЛІЯ: Південна ліга - Прем'єр дивізіон Південь Таблиця]
    39' Веллінг - Далвіч Гамлет [АНГЛІЯ: Істмійська ліга - Прем'єр дивізіон Таблиця]
    39' Поттерс - Чічестер [АНГЛІЯ: Істмійська ліга - Прем'єр дивізіон Таблиця]
    39' Ремсгейт - Біллерікі [АНГЛІЯ: Істмійська ліга - Прем'єр дивізіон Таблиця]
    39' Сент-Олбанс - Ейвлі [АНГЛІЯ: Істмійська ліга - Прем'єр дивізіон Таблиця]
    39' Хештег - Крей Веллі Пейпер Міллс [АНГЛІЯ: Істмійська ліга - Прем'єр дивізіон Таблиця]
    24' Леганес - Альбасете [ІСПАНІЯ: Ла Ліга 2 Таблиця]
    24' Оуренсе - Луго [ІСПАНІЯ: Прімера КІФФ - Група 1 Таблиця]
    9' Аньйорга - Португалете [ІСПАНІЯ: Терсера КІФФ - Група 4 Таблиця]
    39' Авіон Академі - Тонер [КАМЕРУН: Еліт 2 Таблиця]
    39' Бафуссам - Kumba [КАМЕРУН: Еліт 2 Таблиця]
    39' Емден - Санкт-Паулі II [НІМЕЧЧИНА: Регіональна ліга - Північ Таблиця]
    45' Дібба - Галф Юнайтед [ОБ’ЄДНАНІ АРАБСЬКІ ЕМІРАТИ: Дивізіон 1 Таблиця]
    44' Аль-Шарджа U23 - Бані Яс U23 [ОБ’ЄДНАНІ АРАБСЬКІ ЕМІРАТИ: Про-ліга U23 Таблиця]
    39' ФК Бангор - Гленавон [ПІВНІЧНА ІРЛАНДІЯ: Прем'єр-ліга - Група вибування Таблиця]
    53' Сілекс - Башкімі [ПІВНІЧНА МАКЕДОНІЯ: 1. МФЛ Таблиця]
    39' Чарні Поланец - Краковія II [ПОЛЬЩА: III Ліга - Група IV Таблиця]
    9' Колбушова Дольна - Сталь Краснік [ПОЛЬЩА: III Ліга - Група IV Таблиця]
    52' Тренчин - Прешов [СЛОВАЧЧИНА: Nike liga - Група вибування Таблиця]
    39' Пухов - Петржалка [СЛОВАЧЧИНА: Друга ліга Таблиця]
    39' Шаморин - Банська Бистріца [СЛОВАЧЧИНА: Друга ліга Таблиця]
    39' Гафса - Редеєф [ТУНІС: Ліга 2 Таблиця]
    39' Калаа - Джельма [ТУНІС: Ліга 2 Таблиця]
    39' Корба - Аріана [ТУНІС: Ліга 2 Таблиця]
    39' Мокнін - Стад Габезьєн [ТУНІС: Ліга 2 Таблиця]
    39' СК Будайорш - Мошонмадяровар ТЕ [УГОРЩИНА: НБ III - Північний захід Таблиця]
    39' Вікінгур 2 - Фуглафйордур [ФАРЕРСЬКІ ОСТРОВИ: 1. Дейлд Таблиця]
    39' ТПВ - КПВ Коккола [ФІНЛЯНДІЯ: Юккьонен Таблиця]
    39' КоПа - МюПа [ФІНЛЯНДІЯ: Кубок Фінляндії]
    9' Вартекс Вараждин - Младост Ждралові [ХОРВАТІЯ: Друга ФЛ Таблиця]
    9' Редник Кріжевці - Дуго Село [ХОРВАТІЯ: Друга ФЛ Таблиця]
    9' Ускок Кліс - Лучко [ХОРВАТІЯ: Друга ФЛ Таблиця]
    9' Ядран ЛП - Улянік Пула [ХОРВАТІЯ: Друга ФЛ Таблиця]
    9' Усті-над-Орліці - Запи [ЧЕХІЯ: 3. ЧФЛ - Група В Таблиця]
    9' Ческа Ліпа - Ліберец B [ЧЕХІЯ: 3. ЧФЛ - Група В Таблиця]
    39' Бавуа - Янг Бойз II [ШВЕЙЦАРІЯ: Ліга підвищення Таблиця]
    39' Кройцлінген - Люцерн II [ШВЕЙЦАРІЯ: Ліга підвищення Таблиця]
    39' Хартс - Мотервелл [ШОТЛАНДІЯ: Прем'єр-ліга Таблиця]
    39' Рейт - Мортон [ШОТЛАНДІЯ: Чемпіоншип Таблиця]
    39' Квін оф Саут - Коув Рейнджерс [ШОТЛАНДІЯ: Перша ліга Таблиця]
    39' Келті Хартс - Монтроз [ШОТЛАНДІЯ: Перша ліга Таблиця]
  ✔ 75' Мінас Бока U20 - Сосіал U20 [БРАЗИЛІЯ: Мінейру U20 Таблиця] id=x0yM61w0
  ✔ 79' Падова U19 - Чіттаделла U19 [ІТАЛІЯ: Прімавера 2 Таблиця] id=61LzBQuK
  Found: 2 candidates, 0 new, 7 permanently skipped

Done: 0 analyzed, 0 actionable, 0 TG sent

🔥 RUN #353: analyzed=0, signals=0
⏳ Next scan in 3m...
[17:42:24] Live scan
Opening: https://m.flashscore.ua/?s=2 (minute >= 60, 0:0 only)
Provider health [https://m.flashscore.ua/?s=2]: rows=209, 0:0 total=68, candidates=2
  ⏸ 0:0 ще рано (< 60'):
    53' РБ Лейпциг - Боруссія М. [НІМЕЧЧИНА: Бундесліга Таблиця]
    42' Мідлсбро - Портсмут [АНГЛІЯ: Чемпіоншип Таблиця]
    42' Бредфорд - Стівенедж [АНГЛІЯ: Перша ліга Таблиця]
    42' Донкастер - Редінг [АНГЛІЯ: Перша ліга Таблиця]
    42' Волсолл - Челтнем [АНГЛІЯ: Друга ліга Таблиця]
    42' Солфорд - Гіллінгем [АНГЛІЯ: Друга ліга Таблиця]
    42' Честерфілд - Транмер [АНГЛІЯ: Друга ліга Таблиця]
    42' Йовіл - Галіфакс [АНГЛІЯ: Національна ліга Таблиця]
    42' Саутенд - Соліхалл [АНГЛІЯ: Національна ліга Таблиця]
    42' Мертир Таун - Маклсфілд [АНГЛІЯ: Національна ліга - Північ Таблиця]
    42' Спеннімур - Ворксоп [АНГЛІЯ: Національна ліга - Північ Таблиця]
    42' Честер - Файлд [АНГЛІЯ: Національна ліга - Північ Таблиця]
    42' Вестон-сьюпер-Мер - Енфілд Таун [АНГЛІЯ: Національна ліга - Південь Таблиця]
    42' Хорнчерч - Еббсфліт [АНГЛІЯ: Національна ліга - Південь Таблиця]
    42' Хоршем - Мейдстоун [АНГЛІЯ: Національна ліга - Південь Таблиця]
    42' Челмсфорд - Мейденгед [АНГЛІЯ: Національна ліга - Південь Таблиця]
    42' Ештон Юнайтед - Воркінгтон [АНГЛІЯ: ПчПЛ Прем'єр-дивізіон Таблиця]
    42' Ілкстон - Бамбер Бридж [АНГЛІЯ: ПчПЛ Прем'єр-дивізіон Таблиця]
    42' Ланкастер - Гейнсборо [АНГЛІЯ: ПчПЛ Прем'єр-дивізіон Таблиця]
    42' Лік - Прескот [АНГЛІЯ: ПчПЛ Прем'єр-дивізіон Таблиця]
    42' Бері Таун - Стемфорд [АНГЛІЯ: Південна ліга - Прем'єр дивізіон Центр Таблиця]
    42' Реддіч - Реал Бедфорд [АНГЛІЯ: Південна ліга - Прем'єр дивізіон Центр Таблиця]
    42' Сент-Айвс - Бромсгроув [АНГЛІЯ: Південна ліга - Прем'єр дивізіон Центр Таблиця]
    42' Стаурбридж - Бішопс Стортфорд [АНГЛІЯ: Південна ліга - Прем'єр дивізіон Центр Таблиця]
    42' Хейлсовен - Харборо [АНГЛІЯ: Південна ліга - Прем'єр дивізіон Центр Таблиця]
    42' Госпорт - Єйт Таун [АНГЛІЯ: Південна ліга - Прем'єр дивізіон Південь Таблиця]
    42' Веллінг - Далвіч Гамлет [АНГЛІЯ: Істмійська ліга - Прем'єр дивізіон Таблиця]
    42' Поттерс - Чічестер [АНГЛІЯ: Істмійська ліга - Прем'єр дивізіон Таблиця]
    42' Ремсгейт - Біллерікі [АНГЛІЯ: Істмійська ліга - Прем'єр дивізіон Таблиця]
    42' Сент-Олбанс - Ейвлі [АНГЛІЯ: Істмійська ліга - Прем'єр дивізіон Таблиця]
    42' Хештег - Крей Веллі Пейпер Міллс [АНГЛІЯ: Істмійська ліга - Прем'єр дивізіон Таблиця]
    27' Леганес - Альбасете [ІСПАНІЯ: Ла Ліга 2 Таблиця]
    27' Оуренсе - Луго [ІСПАНІЯ: Прімера КІФФ - Група 1 Таблиця]
    12' Аньйорга - Португалете [ІСПАНІЯ: Терсера КІФФ - Група 4 Таблиця]
    42' Авіон Академі - Тонер [КАМЕРУН: Еліт 2 Таблиця]
    42' Бафуссам - Kumba [КАМЕРУН: Еліт 2 Таблиця]
    42' Емден - Санкт-Паулі II [НІМЕЧЧИНА: Регіональна ліга - Північ Таблиця]
    45' Дібба - Галф Юнайтед [ОБ’ЄДНАНІ АРАБСЬКІ ЕМІРАТИ: Дивізіон 1 Таблиця]
    42' ФК Бангор - Гленавон [ПІВНІЧНА ІРЛАНДІЯ: Прем'єр-ліга - Група вибування Таблиця]
    55' Сілекс - Башкімі [ПІВНІЧНА МАКЕДОНІЯ: 1. МФЛ Таблиця]
    42' Чарні Поланец - Краковія II [ПОЛЬЩА: III Ліга - Група IV Таблиця]
    12' Колбушова Дольна - Сталь Краснік [ПОЛЬЩА: III Ліга - Група IV Таблиця]
    55' Тренчин - Прешов [СЛОВАЧЧИНА: Nike liga - Група вибування Таблиця]
    42' Пухов - Петржалка [СЛОВАЧЧИНА: Друга ліга Таблиця]
    42' Шаморин - Банська Бистріца [СЛОВАЧЧИНА: Друга ліга Таблиця]
    42' Гафса - Редеєф [ТУНІС: Ліга 2 Таблиця]
    42' Калаа - Джельма [ТУНІС: Ліга 2 Таблиця]
    42' Корба - Аріана [ТУНІС: Ліга 2 Таблиця]
    42' Мокнін - Стад Габезьєн [ТУНІС: Ліга 2 Таблиця]
    42' СК Будайорш - Мошонмадяровар ТЕ [УГОРЩИНА: НБ III - Північний захід Таблиця]
    42' Вікінгур 2 - Фуглафйордур [ФАРЕРСЬКІ ОСТРОВИ: 1. Дейлд Таблиця]
    42' ТПВ - КПВ Коккола [ФІНЛЯНДІЯ: Юккьонен Таблиця]
    42' КоПа - МюПа [ФІНЛЯНДІЯ: Кубок Фінляндії]
    12' Вартекс Вараждин - Младост Ждралові [ХОРВАТІЯ: Друга ФЛ Таблиця]
    12' Редник Кріжевці - Дуго Село [ХОРВАТІЯ: Друга ФЛ Таблиця]
    12' Ускок Кліс - Лучко [ХОРВАТІЯ: Друга ФЛ Таблиця]
    12' Ядран ЛП - Улянік Пула [ХОРВАТІЯ: Друга ФЛ Таблиця]
    12' Усті-над-Орліці - Запи [ЧЕХІЯ: 3. ЧФЛ - Група В Таблиця]
    12' Ческа Ліпа - Ліберец B [ЧЕХІЯ: 3. ЧФЛ - Група В Таблиця]
    42' Бавуа - Янг Бойз II [ШВЕЙЦАРІЯ: Ліга підвищення Таблиця]
    42' Кройцлінген - Люцерн II [ШВЕЙЦАРІЯ: Ліга підвищення Таблиця]
    42' Хартс - Мотервелл [ШОТЛАНДІЯ: Прем'єр-ліга Таблиця]
    42' Рейт - Мортон [ШОТЛАНДІЯ: Чемпіоншип Таблиця]
    42' Квін оф Саут - Коув Рейнджерс [ШОТЛАНДІЯ: Перша ліга Таблиця]
    42' Келті Хартс - Монтроз [ШОТЛАНДІЯ: Перша ліга Таблиця]
  ✔ 78' Мінас Бока U20 - Сосіал U20 [БРАЗИЛІЯ: Мінейру U20 Таблиця] id=x0yM61w0
  ✔ 82' Падова U19 - Чіттаделла U19 [ІТАЛІЯ: Прімавера 2 Таблиця] id=61LzBQuK
  Found: 2 candidates, 0 new, 7 permanently skipped

Done: 0 analyzed, 0 actionable, 0 TG sent

🔥 RUN #354: analyzed=0, signals=0
⏳ Next scan in 3m...
[17:45:28] Live scan
Opening: https://m.flashscore.ua/?s=2 (minute >= 60, 0:0 only)
Provider health [https://m.flashscore.ua/?s=2]: rows=209, 0:0 total=63, candidates=1
  ⏸ 0:0 ще рано (< 60'):
    57' РБ Лейпциг - Боруссія М. [НІМЕЧЧИНА: Бундесліга Таблиця]
    31' Леганес - Альбасете [ІСПАНІЯ: Ла Ліга 2 Таблиця]
    31' Оуренсе - Луго [ІСПАНІЯ: Прімера КІФФ - Група 1 Таблиця]
    16' Аньйорга - Португалете [ІСПАНІЯ: Терсера КІФФ - Група 4 Таблиця]
    16' Памплона - Бідесарра [ІСПАНІЯ: Терсера КІФФ - Група 15 Таблиця]
    45' Дібба - Галф Юнайтед [ОБ’ЄДНАНІ АРАБСЬКІ ЕМІРАТИ: Дивізіон 1 Таблиця]
    45' Аль-Шарджа U23 - Бані Яс U23 [ОБ’ЄДНАНІ АРАБСЬКІ ЕМІРАТИ: Про-ліга U23 Таблиця]
    59' Сілекс - Башкімі [ПІВНІЧНА МАКЕДОНІЯ: 1. МФЛ Таблиця]
    16' Колбушова Дольна - Сталь Краснік [ПОЛЬЩА: III Ліга - Група IV Таблиця]
    58' Тренчин - Прешов [СЛОВАЧЧИНА: Nike liga - Група вибування Таблиця]
    16' Вартекс Вараждин - Младост Ждралові [ХОРВАТІЯ: Друга ФЛ Таблиця]
    16' Редник Кріжевці - Дуго Село [ХОРВАТІЯ: Друга ФЛ Таблиця]
    16' Ускок Кліс - Лучко [ХОРВАТІЯ: Друга ФЛ Таблиця]
    16' Ядран ЛП - Улянік Пула [ХОРВАТІЯ: Друга ФЛ Таблиця]
    16' Усті-над-Орліці - Запи [ЧЕХІЯ: 3. ЧФЛ - Група В Таблиця]
    16' Ческа Ліпа - Ліберец B [ЧЕХІЯ: 3. ЧФЛ - Група В Таблиця]
  ✔ 82' Мінас Бока U20 - Сосіал U20 [БРАЗИЛІЯ: Мінейру U20 Таблиця] id=x0yM61w0
  Found: 1 candidates, 0 new, 7 permanently skipped

Done: 0 analyzed, 0 actionable, 0 TG sent

🔥 RUN #355: analyzed=0, signals=0
⏳ Next scan in 3m...
[17:48:31] Live scan
Opening: https://m.flashscore.ua/?s=2 (minute >= 60, 0:0 only)
Provider health [https://m.flashscore.ua/?s=2]: rows=209, 0:0 total=60, candidates=4
  ⏸ 0:0 ще рано (< 60'):
    45' Донкастер - Редінг [АНГЛІЯ: Перша ліга Таблиця]
    45' Волсолл - Челтнем [АНГЛІЯ: Друга ліга Таблиця]
    34' Леганес - Альбасете [ІСПАНІЯ: Ла Ліга 2 Таблиця]
    34' Оуренсе - Луго [ІСПАНІЯ: Прімера КІФФ - Група 1 Таблиця]
    19' Аньйорга - Португалете [ІСПАНІЯ: Терсера КІФФ - Група 4 Таблиця]
    19' Памплона - Бідесарра [ІСПАНІЯ: Терсера КІФФ - Група 15 Таблиця]
    45' Дібба - Галф Юнайтед [ОБ’ЄДНАНІ АРАБСЬКІ ЕМІРАТИ: Дивізіон 1 Таблиця]
    45' Аль-Шарджа U23 - Бані Яс U23 [ОБ’ЄДНАНІ АРАБСЬКІ ЕМІРАТИ: Про-ліга U23 Таблиця]
    19' Колбушова Дольна - Сталь Краснік [ПОЛЬЩА: III Ліга - Група IV Таблиця]
    45' Пухов - Петржалка [СЛОВАЧЧИНА: Друга ліга Таблиця]
    45' СК Будайорш - Мошонмадяровар ТЕ [УГОРЩИНА: НБ III - Північний захід Таблиця]
    19' Вартекс Вараждин - Младост Ждралові [ХОРВАТІЯ: Друга ФЛ Таблиця]
    19' Редник Кріжевці - Дуго Село [ХОРВАТІЯ: Друга ФЛ Таблиця]
    19' Ускок Кліс - Лучко [ХОРВАТІЯ: Друга ФЛ Таблиця]
    19' Ядран ЛП - Улянік Пула [ХОРВАТІЯ: Друга ФЛ Таблиця]
    19' Усті-над-Орліці - Запи [ЧЕХІЯ: 3. ЧФЛ - Група В Таблиця]
    19' Ческа Ліпа - Ліберец B [ЧЕХІЯ: 3. ЧФЛ - Група В Таблиця]
    45' Квін оф Саут - Коув Рейнджерс [ШОТЛАНДІЯ: Перша ліга Таблиця]
  ✔ 60' РБ Лейпциг - Боруссія М. [НІМЕЧЧИНА: Бундесліга Таблиця] id=OAmZQPbL
  ✔ 85' Мінас Бока U20 - Сосіал U20 [БРАЗИЛІЯ: Мінейру U20 Таблиця] id=x0yM61w0
  ✔ 62' Сілекс - Башкімі [ПІВНІЧНА МАКЕДОНІЯ: 1. МФЛ Таблиця] id=21ayZEtK
  ✔ 61' Тренчин - Прешов [СЛОВАЧЧИНА: Nike liga - Група вибування Таблиця] id=tt6DP9AE
  Found: 4 candidates, 3 new, 7 permanently skipped

→ РБ Лейпциг - Боруссія М. (60') [НІМЕЧЧИНА: Бундесліга Таблиця]

→ Сілекс - Башкімі (62') [ПІВНІЧНА МАКЕДОНІЯ: 1. МФЛ Таблиця]
  Кф 1X2: 1.49 / 4.13 / 5.94
  Кф 1X2: 1.51 / 5.09 / 5.85
  Desktop: https://www.flashscore.ua/match/soccer/b-monchengladbach-88HSzjDr/rb-leipzig-KbS1suSm/?mid=OAmZQPbL
  Desktop: https://www.flashscore.ua/match/soccer/bashkimi-pUDLi8o9/sileks-OOOcul3J/?mid=21ayZEtK
  [stats] OAmZQPbL → both, 32 metrics
  Features: quality=1, primary=6, status=both
  Score (windowed): pGoal=0.245, pDry=0.755 | 60-70 → UNDER_0_5 [TG]
Message sent to Telegram
  ✓ Telegram sent

→ Тренчин - Прешов (61') [СЛОВАЧЧИНА: Nike liga - Група вибування Таблиця]
  Кф 1X2: 2.34 / 3.28 / 2.98
  Desktop: https://www.flashscore.ua/match/soccer/presov-Ob5TWeVo/trencin-lSieUMnE/?mid=tt6DP9AE
  [stats] 21ayZEtK overall: no data-testid (old=0, any=0, body=148231)
  [stats] tt6DP9AE → both, 32 metrics
  Features: quality=1, primary=6, status=both
  Score (windowed): pGoal=0.417, pDry=0.583 | 60-70 → UNDER_0_5 [TG]
Message sent to Telegram
  ✓ Telegram sent
  [stats] 21ayZEtK secondHalf: no data-testid (old=0, any=0, body=148231)
  [stats] 21ayZEtK → unavailable, 0 metrics
  Features: quality=0, primary=0, status=unavailable
  ✗ No stats at all → permanent skip

Done: 2 analyzed, 2 actionable, 2 TG sent
📌 Tracking 2 active prediction(s)

🔥 RUN #356: analyzed=2, signals=2
⏳ Next scan in 3m...
[17:52:10] Live scan
Opening: https://m.flashscore.ua/?s=2 (minute >= 60, 0:0 only)
Provider health [https://m.flashscore.ua/?s=2]: rows=200, 0:0 total=53, candidates=3
  ⏸ 0:0 ще рано (< 60'):
    45' Мідлсбро - Портсмут [АНГЛІЯ: Чемпіоншип Таблиця]
    45' Донкастер - Редінг [АНГЛІЯ: Перша ліга Таблиця]
    45' Волсолл - Челтнем [АНГЛІЯ: Друга ліга Таблиця]
    45' Солфорд - Гіллінгем [АНГЛІЯ: Друга ліга Таблиця]
    45' Йовіл - Галіфакс [АНГЛІЯ: Національна ліга Таблиця]
    45' Саутенд - Соліхалл [АНГЛІЯ: Національна ліга Таблиця]
    45' Мертир Таун - Маклсфілд [АНГЛІЯ: Національна ліга - Північ Таблиця]
    45' Честер - Файлд [АНГЛІЯ: Національна ліга - Північ Таблиця]
    45' Хорнчерч - Еббсфліт [АНГЛІЯ: Національна ліга - Південь Таблиця]
    45' Хоршем - Мейдстоун [АНГЛІЯ: Національна ліга - Південь Таблиця]
    45' Челмсфорд - Мейденгед [АНГЛІЯ: Національна ліга - Південь Таблиця]
    45' Ештон Юнайтед - Воркінгтон [АНГЛІЯ: ПчПЛ Прем'єр-дивізіон Таблиця]
    45' Ілкстон - Бамбер Бридж [АНГЛІЯ: ПчПЛ Прем'єр-дивізіон Таблиця]
    45' Ланкастер - Гейнсборо [АНГЛІЯ: ПчПЛ Прем'єр-дивізіон Таблиця]
    45' Лік - Прескот [АНГЛІЯ: ПчПЛ Прем'єр-дивізіон Таблиця]
    45' Реддіч - Реал Бедфорд [АНГЛІЯ: Південна ліга - Прем'єр дивізіон Центр Таблиця]
    45' Веллінг - Далвіч Гамлет [АНГЛІЯ: Істмійська ліга - Прем'єр дивізіон Таблиця]
    45' Поттерс - Чічестер [АНГЛІЯ: Істмійська ліга - Прем'єр дивізіон Таблиця]
    45' Хештег - Крей Веллі Пейпер Міллс [АНГЛІЯ: Істмійська ліга - Прем'єр дивізіон Таблиця]
    37' Леганес - Альбасете [ІСПАНІЯ: Ла Ліга 2 Таблиця]
    22' Аньйорга - Португалете [ІСПАНІЯ: Терсера КІФФ - Група 4 Таблиця]
    22' Памплона - Бідесарра [ІСПАНІЯ: Терсера КІФФ - Група 15 Таблиця]
    45' Емден - Санкт-Паулі II [НІМЕЧЧИНА: Регіональна ліга - Північ Таблиця]
    45' Дібба - Галф Юнайтед [ОБ’ЄДНАНІ АРАБСЬКІ ЕМІРАТИ: Дивізіон 1 Таблиця]
    45' Аль-Шарджа U23 - Бані Яс U23 [ОБ’ЄДНАНІ АРАБСЬКІ ЕМІРАТИ: Про-ліга U23 Таблиця]
    45' ФК Бангор - Гленавон [ПІВНІЧНА ІРЛАНДІЯ: Прем'єр-ліга - Група вибування Таблиця]
    45' Чарні Поланец - Краковія II [ПОЛЬЩА: III Ліга - Група IV Таблиця]
    45' Пухов - Петржалка [СЛОВАЧЧИНА: Друга ліга Таблиця]
    45' Шаморин - Банська Бистріца [СЛОВАЧЧИНА: Друга ліга Таблиця]
    45' Гафса - Редеєф [ТУНІС: Ліга 2 Таблиця]
    45' Калаа - Джельма [ТУНІС: Ліга 2 Таблиця]
    45' Мокнін - Стад Габезьєн [ТУНІС: Ліга 2 Таблиця]
    45' СК Будайорш - Мошонмадяровар ТЕ [УГОРЩИНА: НБ III - Північний захід Таблиця]
    45' ТПВ - КПВ Коккола [ФІНЛЯНДІЯ: Юккьонен Таблиця]
    22' Вартекс Вараждин - Младост Ждралові [ХОРВАТІЯ: Друга ФЛ Таблиця]
    22' Редник Кріжевці - Дуго Село [ХОРВАТІЯ: Друга ФЛ Таблиця]
    22' Ускок Кліс - Лучко [ХОРВАТІЯ: Друга ФЛ Таблиця]
    22' Ядран ЛП - Улянік Пула [ХОРВАТІЯ: Друга ФЛ Таблиця]
    22' Усті-над-Орліці - Запи [ЧЕХІЯ: 3. ЧФЛ - Група В Таблиця]
    22' Ческа Ліпа - Ліберец B [ЧЕХІЯ: 3. ЧФЛ - Група В Таблиця]
    45' Кройцлінген - Люцерн II [ШВЕЙЦАРІЯ: Ліга підвищення Таблиця]
    45' Хартс - Мотервелл [ШОТЛАНДІЯ: Прем'єр-ліга Таблиця]
    45' Квін оф Саут - Коув Рейнджерс [ШОТЛАНДІЯ: Перша ліга Таблиця]
    45' Келті Хартс - Монтроз [ШОТЛАНДІЯ: Перша ліга Таблиця]
  ✔ 63' РБ Лейпциг - Боруссія М. [НІМЕЧЧИНА: Бундесліга Таблиця] id=OAmZQPbL
  ✔ 88' Мінас Бока U20 - Сосіал U20 [БРАЗИЛІЯ: Мінейру U20 Таблиця] id=x0yM61w0
  ✔ 65' Сілекс - Башкімі [ПІВНІЧНА МАКЕДОНІЯ: 1. МФЛ Таблиця] id=21ayZEtK
  Found: 3 candidates, 1 new, 8 permanently skipped

→ РБ Лейпциг - Боруссія М. (63') [НІМЕЧЧИНА: Бундесліга Таблиця]
  Кф 1X2: 1.51 / 5.09 / 5.85
  Desktop: https://www.flashscore.ua/match/soccer/b-monchengladbach-88HSzjDr/rb-leipzig-KbS1suSm/?mid=OAmZQPbL
  [stats] OAmZQPbL → both, 32 metrics
  Features: quality=1, primary=6, status=both
  Score (windowed): pGoal=0.249, pDry=0.751 | 60-70 → UNDER_0_5 [TG]
  ↻ Re-analysis done (no change)

Done: 1 analyzed, 1 actionable, 0 TG sent

🔍 Checking 1 possibly finished match(es)...
  ⚽ Тренчин - Прешов: 1:0 [GOAL→resolved] → ❌ MISS (bet=UNDER_0_5)
Message sent to Telegram
  ✓ Telegram result sent (1:0 (ще тривае, гол вирішив))
📌 Tracking 1 active prediction(s)

🔥 RUN #357: analyzed=1, signals=0
⏳ Next scan in 3m...
[17:55:25] Live scan
Opening: https://m.flashscore.ua/?s=2 (minute >= 60, 0:0 only)
Provider health [https://m.flashscore.ua/?s=2]: rows=194, 0:0 total=52, candidates=2
  ⏸ 0:0 ще рано (< 60'):
    45' Мідлсбро - Портсмут [АНГЛІЯ: Чемпіоншип Таблиця]
    45' Донкастер - Редінг [АНГЛІЯ: Перша ліга Таблиця]
    45' Волсолл - Челтнем [АНГЛІЯ: Друга ліга Таблиця]
    45' Солфорд - Гіллінгем [АНГЛІЯ: Друга ліга Таблиця]
    45' Йовіл - Галіфакс [АНГЛІЯ: Національна ліга Таблиця]
    45' Саутенд - Соліхалл [АНГЛІЯ: Національна ліга Таблиця]
    45' Мертир Таун - Маклсфілд [АНГЛІЯ: Національна ліга - Північ Таблиця]
    45' Честер - Файлд [АНГЛІЯ: Національна ліга - Північ Таблиця]
    45' Хорнчерч - Еббсфліт [АНГЛІЯ: Національна ліга - Південь Таблиця]
    45' Хоршем - Мейдстоун [АНГЛІЯ: Національна ліга - Південь Таблиця]
    45' Челмсфорд - Мейденгед [АНГЛІЯ: Національна ліга - Південь Таблиця]
    45' Ештон Юнайтед - Воркінгтон [АНГЛІЯ: ПчПЛ Прем'єр-дивізіон Таблиця]
    45' Ілкстон - Бамбер Бридж [АНГЛІЯ: ПчПЛ Прем'єр-дивізіон Таблиця]
    45' Ланкастер - Гейнсборо [АНГЛІЯ: ПчПЛ Прем'єр-дивізіон Таблиця]
    45' Лік - Прескот [АНГЛІЯ: ПчПЛ Прем'єр-дивізіон Таблиця]
    45' Реддіч - Реал Бедфорд [АНГЛІЯ: Південна ліга - Прем'єр дивізіон Центр Таблиця]
    45' Госпорт - Єйт Таун [АНГЛІЯ: Південна ліга - Прем'єр дивізіон Південь Таблиця]
    45' Веллінг - Далвіч Гамлет [АНГЛІЯ: Істмійська ліга - Прем'єр дивізіон Таблиця]
    45' Поттерс - Чічестер [АНГЛІЯ: Істмійська ліга - Прем'єр дивізіон Таблиця]
    45' Хештег - Крей Веллі Пейпер Міллс [АНГЛІЯ: Істмійська ліга - Прем'єр дивізіон Таблиця]
    41' Леганес - Альбасете [ІСПАНІЯ: Ла Ліга 2 Таблиця]
    26' Аньйорга - Португалете [ІСПАНІЯ: Терсера КІФФ - Група 4 Таблиця]
    26' Памплона - Бідесарра [ІСПАНІЯ: Терсера КІФФ - Група 15 Таблиця]
    45' Емден - Санкт-Паулі II [НІМЕЧЧИНА: Регіональна ліга - Північ Таблиця]
    45' Дібба - Галф Юнайтед [ОБ’ЄДНАНІ АРАБСЬКІ ЕМІРАТИ: Дивізіон 1 Таблиця]
    45' Аль-Шарджа U23 - Бані Яс U23 [ОБ’ЄДНАНІ АРАБСЬКІ ЕМІРАТИ: Про-ліга U23 Таблиця]
    45' ФК Бангор - Гленавон [ПІВНІЧНА ІРЛАНДІЯ: Прем'єр-ліга - Група вибування Таблиця]
    45' Чарні Поланец - Краковія II [ПОЛЬЩА: III Ліга - Група IV Таблиця]
    45' Пухов - Петржалка [СЛОВАЧЧИНА: Друга ліга Таблиця]
    45' Шаморин - Банська Бистріца [СЛОВАЧЧИНА: Друга ліга Таблиця]
    45' Гафса - Редеєф [ТУНІС: Ліга 2 Таблиця]
    45' Калаа - Джельма [ТУНІС: Ліга 2 Таблиця]
    45' Корба - Аріана [ТУНІС: Ліга 2 Таблиця]
    45' Мокнін - Стад Габезьєн [ТУНІС: Ліга 2 Таблиця]
    45' СК Будайорш - Мошонмадяровар ТЕ [УГОРЩИНА: НБ III - Північний захід Таблиця]
    45' ТПВ - КПВ Коккола [ФІНЛЯНДІЯ: Юккьонен Таблиця]
    26' Вартекс Вараждин - Младост Ждралові [ХОРВАТІЯ: Друга ФЛ Таблиця]
    26' Редник Кріжевці - Дуго Село [ХОРВАТІЯ: Друга ФЛ Таблиця]
    26' Ускок Кліс - Лучко [ХОРВАТІЯ: Друга ФЛ Таблиця]
    26' Ядран ЛП - Улянік Пула [ХОРВАТІЯ: Друга ФЛ Таблиця]
    26' Усті-над-Орліці - Запи [ЧЕХІЯ: 3. ЧФЛ - Група В Таблиця]
    26' Ческа Ліпа - Ліберец B [ЧЕХІЯ: 3. ЧФЛ - Група В Таблиця]
    45' Кройцлінген - Люцерн II [ШВЕЙЦАРІЯ: Ліга підвищення Таблиця]
    45' Хартс - Мотервелл [ШОТЛАНДІЯ: Прем'єр-ліга Таблиця]
    45' Квін оф Саут - Коув Рейнджерс [ШОТЛАНДІЯ: Перша ліга Таблиця]
    45' Келті Хартс - Монтроз [ШОТЛАНДІЯ: Перша ліга Таблиця]
  ✔ 67' РБ Лейпциг - Боруссія М. [НІМЕЧЧИНА: Бундесліга Таблиця] id=OAmZQPbL
  ✔ 69' Сілекс - Башкімі [ПІВНІЧНА МАКЕДОНІЯ: 1. МФЛ Таблиця] id=21ayZEtK
  Found: 2 candidates, 1 new, 8 permanently skipped

→ РБ Лейпциг - Боруссія М. (67') [НІМЕЧЧИНА: Бундесліга Таблиця]
  Кф 1X2: 1.51 / 5.09 / 5.85
  Desktop: https://www.flashscore.ua/match/soccer/b-monchengladbach-88HSzjDr/rb-leipzig-KbS1suSm/?mid=OAmZQPbL
  [stats] OAmZQPbL → both, 32 metrics
  Features: quality=1, primary=6, status=both
  Score (windowed): pGoal=0.131, pDry=0.869 | 60-70 → UNDER_0_5 [TG]
  ↻ Re-analysis done (no change)

Done: 1 analyzed, 1 actionable, 0 TG sent
📌 Tracking 1 active prediction(s)

🔥 RUN #358: analyzed=1, signals=0
⏳ Next scan in 3m...
[17:58:40] Live scan
Opening: https://m.flashscore.ua/?s=2 (minute >= 60, 0:0 only)
Provider health [https://m.flashscore.ua/?s=2]: rows=178, 0:0 total=48, candidates=1
  ⏸ 0:0 ще рано (< 60'):
    45' Мідлсбро - Портсмут [АНГЛІЯ: Чемпіоншип Таблиця]
    45' Бредфорд - Стівенедж [АНГЛІЯ: Перша ліга Таблиця]
    45' Донкастер - Редінг [АНГЛІЯ: Перша ліга Таблиця]
    45' Волсолл - Челтнем [АНГЛІЯ: Друга ліга Таблиця]
    45' Солфорд - Гіллінгем [АНГЛІЯ: Друга ліга Таблиця]
    45' Йовіл - Галіфакс [АНГЛІЯ: Національна ліга Таблиця]
    45' Саутенд - Соліхалл [АНГЛІЯ: Національна ліга Таблиця]
    45' Мертир Таун - Маклсфілд [АНГЛІЯ: Національна ліга - Північ Таблиця]
    45' Честер - Файлд [АНГЛІЯ: Національна ліга - Північ Таблиця]
    45' Хорнчерч - Еббсфліт [АНГЛІЯ: Національна ліга - Південь Таблиця]
    45' Хоршем - Мейдстоун [АНГЛІЯ: Національна ліга - Південь Таблиця]
    45' Челмсфорд - Мейденгед [АНГЛІЯ: Національна ліга - Південь Таблиця]
    45' Ештон Юнайтед - Воркінгтон [АНГЛІЯ: ПчПЛ Прем'єр-дивізіон Таблиця]
    45' Ілкстон - Бамбер Бридж [АНГЛІЯ: ПчПЛ Прем'єр-дивізіон Таблиця]
    45' Ланкастер - Гейнсборо [АНГЛІЯ: ПчПЛ Прем'єр-дивізіон Таблиця]
    45' Лік - Прескот [АНГЛІЯ: ПчПЛ Прем'єр-дивізіон Таблиця]
    45' Реддіч - Реал Бедфорд [АНГЛІЯ: Південна ліга - Прем'єр дивізіон Центр Таблиця]
    45' Госпорт - Єйт Таун [АНГЛІЯ: Південна ліга - Прем'єр дивізіон Південь Таблиця]
    45' Веллінг - Далвіч Гамлет [АНГЛІЯ: Істмійська ліга - Прем'єр дивізіон Таблиця]
    45' Поттерс - Чічестер [АНГЛІЯ: Істмійська ліга - Прем'єр дивізіон Таблиця]
    45' Хештег - Крей Веллі Пейпер Міллс [АНГЛІЯ: Істмійська ліга - Прем'єр дивізіон Таблиця]
    29' Аньйорга - Португалете [ІСПАНІЯ: Терсера КІФФ - Група 4 Таблиця]
    29' Памплона - Бідесарра [ІСПАНІЯ: Терсера КІФФ - Група 15 Таблиця]
    45' Емден - Санкт-Паулі II [НІМЕЧЧИНА: Регіональна ліга - Північ Таблиця]
    45' Дібба - Галф Юнайтед [ОБ’ЄДНАНІ АРАБСЬКІ ЕМІРАТИ: Дивізіон 1 Таблиця]
    45' Аль-Шарджа U23 - Бані Яс U23 [ОБ’ЄДНАНІ АРАБСЬКІ ЕМІРАТИ: Про-ліга U23 Таблиця]
    45' ФК Бангор - Гленавон [ПІВНІЧНА ІРЛАНДІЯ: Прем'єр-ліга - Група вибування Таблиця]
    45' Чарні Поланец - Краковія II [ПОЛЬЩА: III Ліга - Група IV Таблиця]
    45' Пухов - Петржалка [СЛОВАЧЧИНА: Друга ліга Таблиця]
    45' Шаморин - Банська Бистріца [СЛОВАЧЧИНА: Друга ліга Таблиця]
    45' Гафса - Редеєф [ТУНІС: Ліга 2 Таблиця]
    45' Калаа - Джельма [ТУНІС: Ліга 2 Таблиця]
    45' Корба - Аріана [ТУНІС: Ліга 2 Таблиця]
    45' Мокнін - Стад Габезьєн [ТУНІС: Ліга 2 Таблиця]
    45' СК Будайорш - Мошонмадяровар ТЕ [УГОРЩИНА: НБ III - Північний захід Таблиця]
    45' ТПВ - КПВ Коккола [ФІНЛЯНДІЯ: Юккьонен Таблиця]
    29' Редник Кріжевці - Дуго Село [ХОРВАТІЯ: Друга ФЛ Таблиця]
    29' Ускок Кліс - Лучко [ХОРВАТІЯ: Друга ФЛ Таблиця]
    29' Ядран ЛП - Улянік Пула [ХОРВАТІЯ: Друга ФЛ Таблиця]
    29' Ческа Ліпа - Ліберец B [ЧЕХІЯ: 3. ЧФЛ - Група В Таблиця]
    45' Кройцлінген - Люцерн II [ШВЕЙЦАРІЯ: Ліга підвищення Таблиця]
    45' Хартс - Мотервелл [ШОТЛАНДІЯ: Прем'єр-ліга Таблиця]
    45' Квін оф Саут - Коув Рейнджерс [ШОТЛАНДІЯ: Перша ліга Таблиця]
    45' Келті Хартс - Монтроз [ШОТЛАНДІЯ: Перша ліга Таблиця]
  ✔ 70' РБ Лейпциг - Боруссія М. [НІМЕЧЧИНА: Бундесліга Таблиця] id=OAmZQPbL
  Found: 1 candidates, 1 new, 8 permanently skipped

→ РБ Лейпциг - Боруссія М. (70') [НІМЕЧЧИНА: Бундесліга Таблиця]
  Кф 1X2: 1.51 / 5.09 / 5.85
  Desktop: https://www.flashscore.ua/match/soccer/b-monchengladbach-88HSzjDr/rb-leipzig-KbS1suSm/?mid=OAmZQPbL
  [stats] OAmZQPbL → both, 32 metrics
  Features: quality=1, primary=6, status=both
  Score (windowed): pGoal=0.116, pDry=0.884 | 70-80 → UNDER_0_5 [TG]
  ↻ Re-analysis done (no change)

Done: 1 analyzed, 1 actionable, 0 TG sent
📌 Tracking 1 active prediction(s)

🔥 RUN #359: analyzed=1, signals=0
⏳ Next scan in 3m...
[18:01:54] Live scan
Opening: https://m.flashscore.ua/?s=2 (minute >= 60, 0:0 only)
Provider health [https://m.flashscore.ua/?s=2]: rows=172, 0:0 total=46, candidates=1
  ⏸ 0:0 ще рано (< 60'):
    45' Мідлсбро - Портсмут [АНГЛІЯ: Чемпіоншип Таблиця]
    45' Бредфорд - Стівенедж [АНГЛІЯ: Перша ліга Таблиця]
    45' Донкастер - Редінг [АНГЛІЯ: Перша ліга Таблиця]
    45' Волсолл - Челтнем [АНГЛІЯ: Друга ліга Таблиця]
    45' Солфорд - Гіллінгем [АНГЛІЯ: Друга ліга Таблиця]
    45' Йовіл - Галіфакс [АНГЛІЯ: Національна ліга Таблиця]
    45' Саутенд - Соліхалл [АНГЛІЯ: Національна ліга Таблиця]
    45' Мертир Таун - Маклсфілд [АНГЛІЯ: Національна ліга - Північ Таблиця]
    45' Честер - Файлд [АНГЛІЯ: Національна ліга - Північ Таблиця]
    45' Хорнчерч - Еббсфліт [АНГЛІЯ: Національна ліга - Південь Таблиця]
    45' Хоршем - Мейдстоун [АНГЛІЯ: Національна ліга - Південь Таблиця]
    45' Челмсфорд - Мейденгед [АНГЛІЯ: Національна ліга - Південь Таблиця]
    45' Ештон Юнайтед - Воркінгтон [АНГЛІЯ: ПчПЛ Прем'єр-дивізіон Таблиця]
    45' Ілкстон - Бамбер Бридж [АНГЛІЯ: ПчПЛ Прем'єр-дивізіон Таблиця]
    45' Ланкастер - Гейнсборо [АНГЛІЯ: ПчПЛ Прем'єр-дивізіон Таблиця]
    45' Лік - Прескот [АНГЛІЯ: ПчПЛ Прем'єр-дивізіон Таблиця]
    45' Бері Таун - Стемфорд [АНГЛІЯ: Південна ліга - Прем'єр дивізіон Центр Таблиця]
    45' Реддіч - Реал Бедфорд [АНГЛІЯ: Південна ліга - Прем'єр дивізіон Центр Таблиця]
    45' Госпорт - Єйт Таун [АНГЛІЯ: Південна ліга - Прем'єр дивізіон Південь Таблиця]
    45' Веллінг - Далвіч Гамлет [АНГЛІЯ: Істмійська ліга - Прем'єр дивізіон Таблиця]
    45' Поттерс - Чічестер [АНГЛІЯ: Істмійська ліга - Прем'єр дивізіон Таблиця]
    45' Хештег - Крей Веллі Пейпер Міллс [АНГЛІЯ: Істмійська ліга - Прем'єр дивізіон Таблиця]
    32' Аньйорга - Португалете [ІСПАНІЯ: Терсера КІФФ - Група 4 Таблиця]
    32' Памплона - Бідесарра [ІСПАНІЯ: Терсера КІФФ - Група 15 Таблиця]
    45' Бафуссам - Kumba [КАМЕРУН: Еліт 2 Таблиця]
    45' Емден - Санкт-Паулі II [НІМЕЧЧИНА: Регіональна ліга - Північ Таблиця]
    45' Аль-Шарджа U23 - Бані Яс U23 [ОБ’ЄДНАНІ АРАБСЬКІ ЕМІРАТИ: Про-ліга U23 Таблиця]
    45' ФК Бангор - Гленавон [ПІВНІЧНА ІРЛАНДІЯ: Прем'єр-ліга - Група вибування Таблиця]
    45' Чарні Поланец - Краковія II [ПОЛЬЩА: III Ліга - Група IV Таблиця]
    2' Морейренсе U19 - Феррейра U19 [ПОРТУГАЛІЯ: Чемпіонат Португалії U19 - Група вибування Таблиця]
    45' Пухов - Петржалка [СЛОВАЧЧИНА: Друга ліга Таблиця]
    45' Шаморин - Банська Бистріца [СЛОВАЧЧИНА: Друга ліга Таблиця]
    45' Гафса - Редеєф [ТУНІС: Ліга 2 Таблиця]
    45' Калаа - Джельма [ТУНІС: Ліга 2 Таблиця]
    45' Корба - Аріана [ТУНІС: Ліга 2 Таблиця]
    45' Мокнін - Стад Габезьєн [ТУНІС: Ліга 2 Таблиця]
    2' Чаквар - Карцаг [УГОРЩИНА: NB II. Таблиця]
    45' СК Будайорш - Мошонмадяровар ТЕ [УГОРЩИНА: НБ III - Північний захід Таблиця]
    45' ТПВ - КПВ Коккола [ФІНЛЯНДІЯ: Юккьонен Таблиця]
    32' Ускок Кліс - Лучко [ХОРВАТІЯ: Друга ФЛ Таблиця]
    32' Ческа Ліпа - Ліберец B [ЧЕХІЯ: 3. ЧФЛ - Група В Таблиця]
    45' Кройцлінген - Люцерн II [ШВЕЙЦАРІЯ: Ліга підвищення Таблиця]
    45' Хартс - Мотервелл [ШОТЛАНДІЯ: Прем'єр-ліга Таблиця]
    45' Квін оф Саут - Коув Рейнджерс [ШОТЛАНДІЯ: Перша ліга Таблиця]
    45' Келті Хартс - Монтроз [ШОТЛАНДІЯ: Перша ліга Таблиця]
  ✔ 73' РБ Лейпциг - Боруссія М. [НІМЕЧЧИНА: Бундесліга Таблиця] id=OAmZQPbL
  Found: 1 candidates, 1 new, 8 permanently skipped

→ РБ Лейпциг - Боруссія М. (73') [НІМЕЧЧИНА: Бундесліга Таблиця]
  Кф 1X2: 1.51 / 5.09 / 5.85
  Desktop: https://www.flashscore.ua/match/soccer/b-monchengladbach-88HSzjDr/rb-leipzig-KbS1suSm/?mid=OAmZQPbL
  [stats] OAmZQPbL → both, 32 metrics
  Features: quality=1, primary=6, status=both
  Score (windowed): pGoal=0.12, pDry=0.88 | 70-80 → UNDER_0_5 [TG]
  ↻ Re-analysis done (no change)

Done: 1 analyzed, 1 actionable, 0 TG sent
📌 Tracking 1 active prediction(s)

🔥 RUN #360: analyzed=1, signals=0
⏳ Next scan in 3m...
[18:05:07] Live scan
Opening: https://m.flashscore.ua/?s=2 (minute >= 60, 0:0 only)
Provider health [https://m.flashscore.ua/?s=2]: rows=185, 0:0 total=59, candidates=1
  ⏸ 0:0 ще рано (< 60'):
    5' Вольфсберг - Рід [АВСТРІЯ: Бундесліга - Група вибування Таблиця]
    47' Мідлсбро - Портсмут [АНГЛІЯ: Чемпіоншип Таблиця]
    45' Бредфорд - Стівенедж [АНГЛІЯ: Перша ліга Таблиця]
    47' Донкастер - Редінг [АНГЛІЯ: Перша ліга Таблиця]
    47' Волсолл - Челтнем [АНГЛІЯ: Друга ліга Таблиця]
    45' Солфорд - Гіллінгем [АНГЛІЯ: Друга ліга Таблиця]
    47' Йовіл - Галіфакс [АНГЛІЯ: Національна ліга Таблиця]
    47' Саутенд - Соліхалл [АНГЛІЯ: Національна ліга Таблиця]
    45' Мертир Таун - Маклсфілд [АНГЛІЯ: Національна ліга - Північ Таблиця]
    45' Честер - Файлд [АНГЛІЯ: Національна ліга - Північ Таблиця]
    45' Хорнчерч - Еббсфліт [АНГЛІЯ: Національна ліга - Південь Таблиця]
    46' Хоршем - Мейдстоун [АНГЛІЯ: Національна ліга - Південь Таблиця]
    45' Челмсфорд - Мейденгед [АНГЛІЯ: Національна ліга - Південь Таблиця]
    45' Ештон Юнайтед - Воркінгтон [АНГЛІЯ: ПчПЛ Прем'єр-дивізіон Таблиця]
    45' Ілкстон - Бамбер Бридж [АНГЛІЯ: ПчПЛ Прем'єр-дивізіон Таблиця]
    45' Ланкастер - Гейнсборо [АНГЛІЯ: ПчПЛ Прем'єр-дивізіон Таблиця]
    45' Лік - Прескот [АНГЛІЯ: ПчПЛ Прем'єр-дивізіон Таблиця]
    45' Бері Таун - Стемфорд [АНГЛІЯ: Південна ліга - Прем'єр дивізіон Центр Таблиця]
    45' Реддіч - Реал Бедфорд [АНГЛІЯ: Південна ліга - Прем'єр дивізіон Центр Таблиця]
    45' Госпорт - Єйт Таун [АНГЛІЯ: Південна ліга - Прем'єр дивізіон Південь Таблиця]
    45' Веллінг - Далвіч Гамлет [АНГЛІЯ: Істмійська ліга - Прем'єр дивізіон Таблиця]
    46' Поттерс - Чічестер [АНГЛІЯ: Істмійська ліга - Прем'єр дивізіон Таблиця]
    45' Хештег - Крей Веллі Пейпер Міллс [АНГЛІЯ: Істмійська ліга - Прем'єр дивізіон Таблиця]
    5' Ескобедо - Картес [ІСПАНІЯ: Терсера КІФФ - Група 3 Таблиця]
    35' Аньйорга - Португалете [ІСПАНІЯ: Терсера КІФФ - Група 4 Таблиця]
    5' Ауррера - Турінг КЕ [ІСПАНІЯ: Терсера КІФФ - Група 4 Таблиця]
    5' Бембібре - Санта-Марта Тормес [ІСПАНІЯ: Терсера КІФФ - Група 8 Таблиця]
    5' Мохадос - Паленсія КА [ІСПАНІЯ: Терсера КІФФ - Група 8 Таблиця]
    5' Уніоністас де Саламанка B - Мірандес B [ІСПАНІЯ: Терсера КІФФ - Група 8 Таблиця]
    35' Памплона - Бідесарра [ІСПАНІЯ: Терсера КІФФ - Група 15 Таблиця]
    5' Ільєскас - Толедо [ІСПАНІЯ: Терсера КІФФ - Група 18 Таблиця]
    5' Сьюдад Реал - Ла Солана [ІСПАНІЯ: Терсера КІФФ - Група 18 Таблиця]
    45' Бафуссам - Kumba [КАМЕРУН: Еліт 2 Таблиця]
    5' Шериф - Мілсамі [МОЛДОВА: Суперліга - Чемпіонська група Таблиця]
    45' Емден - Санкт-Паулі II [НІМЕЧЧИНА: Регіональна ліга - Північ Таблиця]
    48' Аль-Шарджа U23 - Бані Яс U23 [ОБ’ЄДНАНІ АРАБСЬКІ ЕМІРАТИ: Про-ліга U23 Таблиця]
    45' ФК Бангор - Гленавон [ПІВНІЧНА ІРЛАНДІЯ: Прем'єр-ліга - Група вибування Таблиця]
    47' Чарні Поланец - Краковія II [ПОЛЬЩА: III Ліга - Група IV Таблиця]
    5' Алверка U19 - Мафра U19 [ПОРТУГАЛІЯ: Чемпіонат Португалії U19 - Група вибування Таблиця]
    5' Брага U19 - Шавіш U19 [ПОРТУГАЛІЯ: Чемпіонат Португалії U19 - Група вибування Таблиця]
    5' Візела U19 - Гімарайнш U19 [ПОРТУГАЛІЯ: Чемпіонат Португалії U19 - Група вибування Таблиця]
    5' Морейренсе U19 - Феррейра U19 [ПОРТУГАЛІЯ: Чемпіонат Португалії U19 - Група вибування Таблиця]
    50' Пухов - Петржалка [СЛОВАЧЧИНА: Друга ліга Таблиця]
    46' Шаморин - Банська Бистріца [СЛОВАЧЧИНА: Друга ліга Таблиця]
    5' Білє - Єсеніце [СЛОВЕНІЯ: Друга ліга Таблиця]
    45' Гафса - Редеєф [ТУНІС: Ліга 2 Таблиця]
    49' Калаа - Джельма [ТУНІС: Ліга 2 Таблиця]
    45' Корба - Аріана [ТУНІС: Ліга 2 Таблиця]
    45' Мокнін - Стад Габезьєн [ТУНІС: Ліга 2 Таблиця]
    5' Відеотон - Сороксар [УГОРЩИНА: NB II. Таблиця]
    5' Чаквар - Карцаг [УГОРЩИНА: NB II. Таблиця]
    45' ТПВ - КПВ Коккола [ФІНЛЯНДІЯ: Юккьонен Таблиця]
    35' Ускок Кліс - Лучко [ХОРВАТІЯ: Друга ФЛ Таблиця]
    35' Ческа Ліпа - Ліберец B [ЧЕХІЯ: 3. ЧФЛ - Група В Таблиця]
    47' Кройцлінген - Люцерн II [ШВЕЙЦАРІЯ: Ліга підвищення Таблиця]
    45' Хартс - Мотервелл [ШОТЛАНДІЯ: Прем'єр-ліга Таблиця]
    48' Квін оф Саут - Коув Рейнджерс [ШОТЛАНДІЯ: Перша ліга Таблиця]
    47' Келті Хартс - Монтроз [ШОТЛАНДІЯ: Перша ліга Таблиця]
  ✔ 75' РБ Лейпциг - Боруссія М. [НІМЕЧЧИНА: Бундесліга Таблиця] id=OAmZQPbL
  Found: 1 candidates, 1 new, 8 permanently skipped

→ РБ Лейпциг - Боруссія М. (75') [НІМЕЧЧИНА: Бундесліга Таблиця]
  Кф 1X2: 1.51 / 5.09 / 5.85
  Desktop: https://www.flashscore.ua/match/soccer/b-monchengladbach-88HSzjDr/rb-leipzig-KbS1suSm/?mid=OAmZQPbL
  [stats] OAmZQPbL → both, 32 metrics
  Features: quality=1, primary=6, status=both
  Score (windowed): pGoal=0.288, pDry=0.712 | 70-80 → UNDER_0_5 [TG]
  ↻ Re-analysis done (no change)

Done: 1 analyzed, 1 actionable, 0 TG sent
📌 Tracking 1 active prediction(s)

🔥 RUN #361: analyzed=1, signals=0
Message sent to Telegram
⏳ Next scan in 3m...
[18:08:22] Live scan
Opening: https://m.flashscore.ua/?s=2 (minute >= 60, 0:0 only)
Provider health [https://m.flashscore.ua/?s=2]: rows=194, 0:0 total=64, candidates=1
  ⏸ 0:0 ще рано (< 60'):
    9' Вольфсберг - Рід [АВСТРІЯ: Бундесліга - Група вибування Таблиця]
    51' Мідлсбро - Портсмут [АНГЛІЯ: Чемпіоншип Таблиця]
    45' Бредфорд - Стівенедж [АНГЛІЯ: Перша ліга Таблиця]
    51' Донкастер - Редінг [АНГЛІЯ: Перша ліга Таблиця]
    51' Волсолл - Челтнем [АНГЛІЯ: Друга ліга Таблиця]
    49' Солфорд - Гіллінгем [АНГЛІЯ: Друга ліга Таблиця]
    51' Йовіл - Галіфакс [АНГЛІЯ: Національна ліга Таблиця]
    51' Саутенд - Соліхалл [АНГЛІЯ: Національна ліга Таблиця]
    48' Мертир Таун - Маклсфілд [АНГЛІЯ: Національна ліга - Північ Таблиця]
    47' Честер - Файлд [АНГЛІЯ: Національна ліга - Північ Таблиця]
    49' Хорнчерч - Еббсфліт [АНГЛІЯ: Національна ліга - Південь Таблиця]
    50' Хоршем - Мейдстоун [АНГЛІЯ: Національна ліга - Південь Таблиця]
    47' Челмсфорд - Мейденгед [АНГЛІЯ: Національна ліга - Південь Таблиця]
    46' Ештон Юнайтед - Воркінгтон [АНГЛІЯ: ПчПЛ Прем'єр-дивізіон Таблиця]
    46' Ілкстон - Бамбер Бридж [АНГЛІЯ: ПчПЛ Прем'єр-дивізіон Таблиця]
    46' Ланкастер - Гейнсборо [АНГЛІЯ: ПчПЛ Прем'єр-дивізіон Таблиця]
    45' Лік - Прескот [АНГЛІЯ: ПчПЛ Прем'єр-дивізіон Таблиця]
    45' Бері Таун - Стемфорд [АНГЛІЯ: Південна ліга - Прем'єр дивізіон Центр Таблиця]
    45' Реддіч - Реал Бедфорд [АНГЛІЯ: Південна ліга - Прем'єр дивізіон Центр Таблиця]
    45' Госпорт - Єйт Таун [АНГЛІЯ: Південна ліга - Прем'єр дивізіон Південь Таблиця]
    48' Веллінг - Далвіч Гамлет [АНГЛІЯ: Істмійська ліга - Прем'єр дивізіон Таблиця]
    50' Поттерс - Чічестер [АНГЛІЯ: Істмійська ліга - Прем'єр дивізіон Таблиця]
    47' Хештег - Крей Веллі Пейпер Міллс [АНГЛІЯ: Істмійська ліга - Прем'єр дивізіон Таблиця]
    9' Ескобедо - Картес [ІСПАНІЯ: Терсера КІФФ - Група 3 Таблиця]
    39' Аньйорга - Португалете [ІСПАНІЯ: Терсера КІФФ - Група 4 Таблиця]
    9' Ауррера - Турінг КЕ [ІСПАНІЯ: Терсера КІФФ - Група 4 Таблиця]
    9' Дуранго - СД Деусто [ІСПАНІЯ: Терсера КІФФ - Група 4 Таблиця]
    9' Бембібре - Санта-Марта Тормес [ІСПАНІЯ: Терсера КІФФ - Група 8 Таблиця]
    9' Мохадос - Паленсія КА [ІСПАНІЯ: Терсера КІФФ - Група 8 Таблиця]
    39' Памплона - Бідесарра [ІСПАНІЯ: Терсера КІФФ - Група 15 Таблиця]
    9' Ардой - Беті Коскор [ІСПАНІЯ: Терсера КІФФ - Група 15 Таблиця]
    9' Чантреа - Аойс [ІСПАНІЯ: Терсера КІФФ - Група 15 Таблиця]
    9' Ільєскас - Толедо [ІСПАНІЯ: Терсера КІФФ - Група 18 Таблиця]
    9' Сьюдад Реал - Ла Солана [ІСПАНІЯ: Терсера КІФФ - Група 18 Таблиця]
    45' Бафуссам - Kumba [КАМЕРУН: Еліт 2 Таблиця]
    9' АПЕЖЕС Академі - Юніон Дуала [КАМЕРУН: Еліт 2 Таблиця]
    9' Керетаро U21 - Некакса U21 [МЕКСИКА: Ліга MX U21 - Клаусура Таблиця]
    9' Клуб Америка U21 - Крус Асуль U21 [МЕКСИКА: Ліга MX U21 - Клаусура Таблиця]
    9' УАНЛ Тігрес U21 - Чівас Гвадалахара U21 [МЕКСИКА: Ліга MX U21 - Клаусура Таблиця]
    48' Емден - Санкт-Паулі II [НІМЕЧЧИНА: Регіональна ліга - Північ Таблиця]
    52' Аль-Шарджа U23 - Бані Яс U23 [ОБ’ЄДНАНІ АРАБСЬКІ ЕМІРАТИ: Про-ліга U23 Таблиця]
    47' ФК Бангор - Гленавон [ПІВНІЧНА ІРЛАНДІЯ: Прем'єр-ліга - Група вибування Таблиця]
    51' Чарні Поланец - Краковія II [ПОЛЬЩА: III Ліга - Група IV Таблиця]
    9' Алверка U19 - Мафра U19 [ПОРТУГАЛІЯ: Чемпіонат Португалії U19 - Група вибування Таблиця]
    9' Брага U19 - Шавіш U19 [ПОРТУГАЛІЯ: Чемпіонат Португалії U19 - Група вибування Таблиця]
    9' Візела U19 - Гімарайнш U19 [ПОРТУГАЛІЯ: Чемпіонат Португалії U19 - Група вибування Таблиця]
    9' Морейренсе U19 - Феррейра U19 [ПОРТУГАЛІЯ: Чемпіонат Португалії U19 - Група вибування Таблиця]
    9' Тондела U19 - Белененсеш U19 [ПОРТУГАЛІЯ: Чемпіонат Португалії U19 - Група вибування Таблиця]
    9' Фамалікан U19 - Жил Вісенте U19 [ПОРТУГАЛІЯ: Чемпіонат Португалії U19 - Чемпіонська група Таблиця]
    54' Пухов - Петржалка [СЛОВАЧЧИНА: Друга ліга Таблиця]
    50' Шаморин - Банська Бистріца [СЛОВАЧЧИНА: Друга ліга Таблиця]
    9' Білє - Єсеніце [СЛОВЕНІЯ: Друга ліга Таблиця]
    45' Гафса - Редеєф [ТУНІС: Ліга 2 Таблиця]
    53' Калаа - Джельма [ТУНІС: Ліга 2 Таблиця]
    45' Корба - Аріана [ТУНІС: Ліга 2 Таблиця]
    49' Мокнін - Стад Габезьєн [ТУНІС: Ліга 2 Таблиця]
    9' Відеотон - Сороксар [УГОРЩИНА: NB II. Таблиця]
    48' ТПВ - КПВ Коккола [ФІНЛЯНДІЯ: Юккьонен Таблиця]
    39' Ускок Кліс - Лучко [ХОРВАТІЯ: Друга ФЛ Таблиця]
    51' Кройцлінген - Люцерн II [ШВЕЙЦАРІЯ: Ліга підвищення Таблиця]
    47' Хартс - Мотервелл [ШОТЛАНДІЯ: Прем'єр-ліга Таблиця]
    52' Квін оф Саут - Коув Рейнджерс [ШОТЛАНДІЯ: Перша ліга Таблиця]
    51' Келті Хартс - Монтроз [ШОТЛАНДІЯ: Перша ліга Таблиця]
  ✔ 79' РБ Лейпциг - Боруссія М. [НІМЕЧЧИНА: Бундесліга Таблиця] id=OAmZQPbL
  Found: 1 candidates, 1 new, 8 permanently skipped

→ РБ Лейпциг - Боруссія М. (79') [НІМЕЧЧИНА: Бундесліга Таблиця]
  Кф 1X2: 1.51 / 5.09 / 5.85
  Desktop: https://www.flashscore.ua/match/soccer/b-monchengladbach-88HSzjDr/rb-leipzig-KbS1suSm/?mid=OAmZQPbL
  [stats] OAmZQPbL → both, 33 metrics
  Features: quality=1, primary=6, status=both
  Score (windowed): pGoal=0.65, pDry=0.35 | 70-80 → OVER_0_5 [TG]
Message sent to Telegram
  ✓ Telegram update sent (Фліп ТМ→ТБ (оновлення сценарію))

Done: 1 analyzed, 1 actionable, 1 TG sent
📌 Tracking 1 active prediction(s)

🔥 RUN #362: analyzed=1, signals=1
⏳ Next scan in 3m...
[18:11:37] Live scan
Opening: https://m.flashscore.ua/?s=2 (minute >= 60, 0:0 only)
Provider health [https://m.flashscore.ua/?s=2]: rows=193, 0:0 total=56, candidates=0
  ⏸ 0:0 ще рано (< 60'):
    12' Вольфсберг - Рід [АВСТРІЯ: Бундесліга - Група вибування Таблиця]
    54' Мідлсбро - Портсмут [АНГЛІЯ: Чемпіоншип Таблиця]
    46' Бредфорд - Стівенедж [АНГЛІЯ: Перша ліга Таблиця]
    54' Донкастер - Редінг [АНГЛІЯ: Перша ліга Таблиця]
    54' Волсолл - Челтнем [АНГЛІЯ: Друга ліга Таблиця]
    53' Солфорд - Гіллінгем [АНГЛІЯ: Друга ліга Таблиця]
    54' Йовіл - Галіфакс [АНГЛІЯ: Національна ліга Таблиця]
    54' Саутенд - Соліхалл [АНГЛІЯ: Національна ліга Таблиця]
    52' Мертир Таун - Маклсфілд [АНГЛІЯ: Національна ліга - Північ Таблиця]
    50' Честер - Файлд [АНГЛІЯ: Національна ліга - Північ Таблиця]
    52' Хорнчерч - Еббсфліт [АНГЛІЯ: Національна ліга - Південь Таблиця]
    53' Хоршем - Мейдстоун [АНГЛІЯ: Національна ліга - Південь Таблиця]
    51' Челмсфорд - Мейденгед [АНГЛІЯ: Національна ліга - Південь Таблиця]
    50' Ілкстон - Бамбер Бридж [АНГЛІЯ: ПчПЛ Прем'єр-дивізіон Таблиця]
    50' Ланкастер - Гейнсборо [АНГЛІЯ: ПчПЛ Прем'єр-дивізіон Таблиця]
    47' Лік - Прескот [АНГЛІЯ: ПчПЛ Прем'єр-дивізіон Таблиця]
    48' Бері Таун - Стемфорд [АНГЛІЯ: Південна ліга - Прем'єр дивізіон Центр Таблиця]
    49' Реддіч - Реал Бедфорд [АНГЛІЯ: Південна ліга - Прем'єр дивізіон Центр Таблиця]
    52' Веллінг - Далвіч Гамлет [АНГЛІЯ: Істмійська ліга - Прем'єр дивізіон Таблиця]
    53' Поттерс - Чічестер [АНГЛІЯ: Істмійська ліга - Прем'єр дивізіон Таблиця]
    51' Хештег - Крей Веллі Пейпер Міллс [АНГЛІЯ: Істмійська ліга - Прем'єр дивізіон Таблиця]
    12' Ескобедо - Картес [ІСПАНІЯ: Терсера КІФФ - Група 3 Таблиця]
    12' Ауррера - Турінг КЕ [ІСПАНІЯ: Терсера КІФФ - Група 4 Таблиця]
    12' Дуранго - СД Деусто [ІСПАНІЯ: Терсера КІФФ - Група 4 Таблиця]
    12' Бембібре - Санта-Марта Тормес [ІСПАНІЯ: Терсера КІФФ - Група 8 Таблиця]
    12' Мохадос - Паленсія КА [ІСПАНІЯ: Терсера КІФФ - Група 8 Таблиця]
    42' Памплона - Бідесарра [ІСПАНІЯ: Терсера КІФФ - Група 15 Таблиця]
    12' Чантреа - Аойс [ІСПАНІЯ: Терсера КІФФ - Група 15 Таблиця]
    12' Ільєскас - Толедо [ІСПАНІЯ: Терсера КІФФ - Група 18 Таблиця]
    12' Сьюдад Реал - Ла Солана [ІСПАНІЯ: Терсера КІФФ - Група 18 Таблиця]
    45' Бафуссам - Kumba [КАМЕРУН: Еліт 2 Таблиця]
    12' Керетаро U21 - Некакса U21 [МЕКСИКА: Ліга MX U21 - Клаусура Таблиця]
    12' Клуб Америка U21 - Крус Асуль U21 [МЕКСИКА: Ліга MX U21 - Клаусура Таблиця]
    12' УАНЛ Тігрес U21 - Чівас Гвадалахара U21 [МЕКСИКА: Ліга MX U21 - Клаусура Таблиця]
    52' Емден - Санкт-Паулі II [НІМЕЧЧИНА: Регіональна ліга - Північ Таблиця]
    56' Аль-Шарджа U23 - Бані Яс U23 [ОБ’ЄДНАНІ АРАБСЬКІ ЕМІРАТИ: Про-ліга U23 Таблиця]
    50' ФК Бангор - Гленавон [ПІВНІЧНА ІРЛАНДІЯ: Прем'єр-ліга - Група вибування Таблиця]
    54' Чарні Поланец - Краковія II [ПОЛЬЩА: III Ліга - Група IV Таблиця]
    12' Алверка U19 - Мафра U19 [ПОРТУГАЛІЯ: Чемпіонат Португалії U19 - Група вибування Таблиця]
    12' Брага U19 - Шавіш U19 [ПОРТУГАЛІЯ: Чемпіонат Португалії U19 - Група вибування Таблиця]
    12' Візела U19 - Гімарайнш U19 [ПОРТУГАЛІЯ: Чемпіонат Португалії U19 - Група вибування Таблиця]
    12' Морейренсе U19 - Феррейра U19 [ПОРТУГАЛІЯ: Чемпіонат Португалії U19 - Група вибування Таблиця]
    12' Тондела U19 - Белененсеш U19 [ПОРТУГАЛІЯ: Чемпіонат Португалії U19 - Група вибування Таблиця]
    12' Фамалікан U19 - Жил Вісенте U19 [ПОРТУГАЛІЯ: Чемпіонат Португалії U19 - Чемпіонська група Таблиця]
    57' Пухов - Петржалка [СЛОВАЧЧИНА: Друга ліга Таблиця]
    54' Шаморин - Банська Бистріца [СЛОВАЧЧИНА: Друга ліга Таблиця]
    12' Білє - Єсеніце [СЛОВЕНІЯ: Друга ліга Таблиця]
    45' Гафса - Редеєф [ТУНІС: Ліга 2 Таблиця]
    56' Калаа - Джельма [ТУНІС: Ліга 2 Таблиця]
    45' Корба - Аріана [ТУНІС: Ліга 2 Таблиця]
    53' Мокнін - Стад Габезьєн [ТУНІС: Ліга 2 Таблиця]
    12' Відеотон - Сороксар [УГОРЩИНА: NB II. Таблиця]
    51' ТПВ - КПВ Коккола [ФІНЛЯНДІЯ: Юккьонен Таблиця]
    42' Ускок Кліс - Лучко [ХОРВАТІЯ: Друга ФЛ Таблиця]
    54' Кройцлінген - Люцерн II [ШВЕЙЦАРІЯ: Ліга підвищення Таблиця]
    55' Квін оф Саут - Коув Рейнджерс [ШОТЛАНДІЯ: Перша ліга Таблиця]
  Found: 0 candidates, 0 new, 8 permanently skipped

Done: 0 analyzed, 0 actionable, 0 TG sent

🔍 Checking 1 possibly finished match(es)...
  ⚽ РБ Лейпциг - Боруссія М.: 1:0 [GOAL→resolved] → ✅ HIT (bet=OVER_0_5)
Message sent to Telegram
  ✓ Telegram result sent (1:0 (ще тривае, гол вирішив))

🔥 RUN #363: analyzed=0, signals=0
⏳ Next scan in 3m...
[18:14:43] Live scan
Opening: https://m.flashscore.ua/?s=2 (minute >= 60, 0:0 only)
Provider health [https://m.flashscore.ua/?s=2]: rows=193, 0:0 total=54, candidates=0
  ⏸ 0:0 ще рано (< 60'):
    15' Вольфсберг - Рід [АВСТРІЯ: Бундесліга - Група вибування Таблиця]
    57' Мідлсбро - Портсмут [АНГЛІЯ: Чемпіоншип Таблиця]
    48' Бредфорд - Стівенедж [АНГЛІЯ: Перша ліга Таблиця]
    57' Донкастер - Редінг [АНГЛІЯ: Перша ліга Таблиця]
    57' Волсолл - Челтнем [АНГЛІЯ: Друга ліга Таблиця]
    55' Солфорд - Гіллінгем [АНГЛІЯ: Друга ліга Таблиця]
    57' Йовіл - Галіфакс [АНГЛІЯ: Національна ліга Таблиця]
    57' Саутенд - Соліхалл [АНГЛІЯ: Національна ліга Таблиця]
    55' Мертир Таун - Маклсфілд [АНГЛІЯ: Національна ліга - Північ Таблиця]
    53' Честер - Файлд [АНГЛІЯ: Національна ліга - Північ Таблиця]
    55' Хорнчерч - Еббсфліт [АНГЛІЯ: Національна ліга - Південь Таблиця]
    56' Хоршем - Мейдстоун [АНГЛІЯ: Національна ліга - Південь Таблиця]
    53' Челмсфорд - Мейденгед [АНГЛІЯ: Національна ліга - Південь Таблиця]
    52' Ілкстон - Бамбер Бридж [АНГЛІЯ: ПчПЛ Прем'єр-дивізіон Таблиця]
    52' Ланкастер - Гейнсборо [АНГЛІЯ: ПчПЛ Прем'єр-дивізіон Таблиця]
    49' Лік - Прескот [АНГЛІЯ: ПчПЛ Прем'єр-дивізіон Таблиця]
    51' Бері Таун - Стемфорд [АНГЛІЯ: Південна ліга - Прем'єр дивізіон Центр Таблиця]
    51' Реддіч - Реал Бедфорд [АНГЛІЯ: Південна ліга - Прем'єр дивізіон Центр Таблиця]
    54' Веллінг - Далвіч Гамлет [АНГЛІЯ: Істмійська ліга - Прем'єр дивізіон Таблиця]
    56' Поттерс - Чічестер [АНГЛІЯ: Істмійська ліга - Прем'єр дивізіон Таблиця]
    53' Хештег - Крей Веллі Пейпер Міллс [АНГЛІЯ: Істмійська ліга - Прем'єр дивізіон Таблиця]
    15' Ескобедо - Картес [ІСПАНІЯ: Терсера КІФФ - Група 3 Таблиця]
    15' Ауррера - Турінг КЕ [ІСПАНІЯ: Терсера КІФФ - Група 4 Таблиця]
    15' Дуранго - СД Деусто [ІСПАНІЯ: Терсера КІФФ - Група 4 Таблиця]
    15' Бембібре - Санта-Марта Тормес [ІСПАНІЯ: Терсера КІФФ - Група 8 Таблиця]
    15' Мохадос - Паленсія КА [ІСПАНІЯ: Терсера КІФФ - Група 8 Таблиця]
    45' Памплона - Бідесарра [ІСПАНІЯ: Терсера КІФФ - Група 15 Таблиця]
    15' Чантреа - Аойс [ІСПАНІЯ: Терсера КІФФ - Група 15 Таблиця]
    15' Ільєскас - Толедо [ІСПАНІЯ: Терсера КІФФ - Група 18 Таблиця]
    15' Сьюдад Реал - Ла Солана [ІСПАНІЯ: Терсера КІФФ - Група 18 Таблиця]
    45' Бафуссам - Kumba [КАМЕРУН: Еліт 2 Таблиця]
    15' Керетаро U21 - Некакса U21 [МЕКСИКА: Ліга MX U21 - Клаусура Таблиця]
    15' Клуб Америка U21 - Крус Асуль U21 [МЕКСИКА: Ліга MX U21 - Клаусура Таблиця]
    15' УАНЛ Тігрес U21 - Чівас Гвадалахара U21 [МЕКСИКА: Ліга MX U21 - Клаусура Таблиця]
    54' Емден - Санкт-Паулі II [НІМЕЧЧИНА: Регіональна ліга - Північ Таблиця]
    58' Аль-Шарджа U23 - Бані Яс U23 [ОБ’ЄДНАНІ АРАБСЬКІ ЕМІРАТИ: Про-ліга U23 Таблиця]
    53' ФК Бангор - Гленавон [ПІВНІЧНА ІРЛАНДІЯ: Прем'єр-ліга - Група вибування Таблиця]
    57' Чарні Поланец - Краковія II [ПОЛЬЩА: III Ліга - Група IV Таблиця]
    15' Алверка U19 - Мафра U19 [ПОРТУГАЛІЯ: Чемпіонат Португалії U19 - Група вибування Таблиця]
    15' Брага U19 - Шавіш U19 [ПОРТУГАЛІЯ: Чемпіонат Португалії U19 - Група вибування Таблиця]
    15' Візела U19 - Гімарайнш U19 [ПОРТУГАЛІЯ: Чемпіонат Португалії U19 - Група вибування Таблиця]
    15' Морейренсе U19 - Феррейра U19 [ПОРТУГАЛІЯ: Чемпіонат Португалії U19 - Група вибування Таблиця]
    15' Тондела U19 - Белененсеш U19 [ПОРТУГАЛІЯ: Чемпіонат Португалії U19 - Група вибування Таблиця]
    15' Фамалікан U19 - Жил Вісенте U19 [ПОРТУГАЛІЯ: Чемпіонат Португалії U19 - Чемпіонська група Таблиця]
    56' Шаморин - Банська Бистріца [СЛОВАЧЧИНА: Друга ліга Таблиця]
    15' Білє - Єсеніце [СЛОВЕНІЯ: Друга ліга Таблиця]
    45' Гафса - Редеєф [ТУНІС: Ліга 2 Таблиця]
    59' Калаа - Джельма [ТУНІС: Ліга 2 Таблиця]
    48' Корба - Аріана [ТУНІС: Ліга 2 Таблиця]
    55' Мокнін - Стад Габезьєн [ТУНІС: Ліга 2 Таблиця]
    54' ТПВ - КПВ Коккола [ФІНЛЯНДІЯ: Юккьонен Таблиця]
    45' Ускок Кліс - Лучко [ХОРВАТІЯ: Друга ФЛ Таблиця]
    57' Кройцлінген - Люцерн II [ШВЕЙЦАРІЯ: Ліга підвищення Таблиця]
    58' Квін оф Саут - Коув Рейнджерс [ШОТЛАНДІЯ: Перша ліга Таблиця]
  Found: 0 candidates, 0 new, 8 permanently skipped

Done: 0 analyzed, 0 actionable, 0 TG sent

🔥 RUN #364: analyzed=0, signals=0
⏳ Next scan in 3m...
[18:17:47] Live scan
Opening: https://m.flashscore.ua/?s=2 (minute >= 60, 0:0 only)
Provider health [https://m.flashscore.ua/?s=2]: rows=195, 0:0 total=49, candidates=10
  ⏸ 0:0 ще рано (< 60'):
    18' Вольфсберг - Рід [АВСТРІЯ: Бундесліга - Група вибування Таблиця]
    52' Бредфорд - Стівенедж [АНГЛІЯ: Перша ліга Таблиця]
    59' Солфорд - Гіллінгем [АНГЛІЯ: Друга ліга Таблиця]
    58' Мертир Таун - Маклсфілд [АНГЛІЯ: Національна ліга - Північ Таблиця]
    57' Честер - Файлд [АНГЛІЯ: Національна ліга - Північ Таблиця]
    59' Хорнчерч - Еббсфліт [АНГЛІЯ: Національна ліга - Південь Таблиця]
    57' Челмсфорд - Мейденгед [АНГЛІЯ: Національна ліга - Південь Таблиця]
    53' Лік - Прескот [АНГЛІЯ: ПчПЛ Прем'єр-дивізіон Таблиця]
    54' Бері Таун - Стемфорд [АНГЛІЯ: Південна ліга - Прем'єр дивізіон Центр Таблиця]
    55' Реддіч - Реал Бедфорд [АНГЛІЯ: Південна ліга - Прем'єр дивізіон Центр Таблиця]
    58' Веллінг - Далвіч Гамлет [АНГЛІЯ: Істмійська ліга - Прем'єр дивізіон Таблиця]
    18' Ескобедо - Картес [ІСПАНІЯ: Терсера КІФФ - Група 3 Таблиця]
    18' Ауррера - Турінг КЕ [ІСПАНІЯ: Терсера КІФФ - Група 4 Таблиця]
    18' Бембібре - Санта-Марта Тормес [ІСПАНІЯ: Терсера КІФФ - Група 8 Таблиця]
    18' Мохадос - Паленсія КА [ІСПАНІЯ: Терсера КІФФ - Група 8 Таблиця]
    18' Ескабарте - Пенья [ІСПАНІЯ: Терсера КІФФ - Група 15 Таблиця]
    18' Чантреа - Аойс [ІСПАНІЯ: Терсера КІФФ - Група 15 Таблиця]
    18' Ільєскас - Толедо [ІСПАНІЯ: Терсера КІФФ - Група 18 Таблиця]
    18' Сьюдад Реал - Ла Солана [ІСПАНІЯ: Терсера КІФФ - Група 18 Таблиця]
    49' Бафуссам - Kumba [КАМЕРУН: Еліт 2 Таблиця]
    18' Керетаро U21 - Некакса U21 [МЕКСИКА: Ліга MX U21 - Клаусура Таблиця]
    18' Клуб Америка U21 - Крус Асуль U21 [МЕКСИКА: Ліга MX U21 - Клаусура Таблиця]
    18' УАНЛ Тігрес U21 - Чівас Гвадалахара U21 [МЕКСИКА: Ліга MX U21 - Клаусура Таблиця]
    3' Пачука U21 - Сантос Лагуна U21 [МЕКСИКА: Ліга MX U21 - Клаусура Таблиця]
    58' Емден - Санкт-Паулі II [НІМЕЧЧИНА: Регіональна ліга - Північ Таблиця]
    57' ФК Бангор - Гленавон [ПІВНІЧНА ІРЛАНДІЯ: Прем'єр-ліга - Група вибування Таблиця]
    18' Алверка U19 - Мафра U19 [ПОРТУГАЛІЯ: Чемпіонат Португалії U19 - Група вибування Таблиця]
    18' Брага U19 - Шавіш U19 [ПОРТУГАЛІЯ: Чемпіонат Португалії U19 - Група вибування Таблиця]
    18' Візела U19 - Гімарайнш U19 [ПОРТУГАЛІЯ: Чемпіонат Португалії U19 - Група вибування Таблиця]
    18' Морейренсе U19 - Феррейра U19 [ПОРТУГАЛІЯ: Чемпіонат Португалії U19 - Група вибування Таблиця]
    18' Тондела U19 - Белененсеш U19 [ПОРТУГАЛІЯ: Чемпіонат Португалії U19 - Група вибування Таблиця]
    18' Фамалікан U19 - Жил Вісенте U19 [ПОРТУГАЛІЯ: Чемпіонат Португалії U19 - Чемпіонська група Таблиця]
    18' Білє - Єсеніце [СЛОВЕНІЯ: Друга ліга Таблиця]
    51' Гафса - Редеєф [ТУНІС: Ліга 2 Таблиця]
    52' Корба - Аріана [ТУНІС: Ліга 2 Таблиця]
    59' Мокнін - Стад Габезьєн [ТУНІС: Ліга 2 Таблиця]
    57' ТПВ - КПВ Коккола [ФІНЛЯНДІЯ: Юккьонен Таблиця]
  ✔ 60' Мідлсбро - Портсмут [АНГЛІЯ: Чемпіоншип Таблиця] id=vBTkhUcU
  ✔ 60' Йовіл - Галіфакс [АНГЛІЯ: Національна ліга Таблиця] id=lbbggQkf
  ✔ 60' Саутенд - Соліхалл [АНГЛІЯ: Національна ліга Таблиця] id=thySx55D
  ✔ 60' Хоршем - Мейдстоун [АНГЛІЯ: Національна ліга - Південь Таблиця] id=QP2zM5BM
  ✔ 60' Поттерс - Чічестер [АНГЛІЯ: Істмійська ліга - Прем'єр дивізіон Таблиця] id=lSaUulG8
  ✔ 62' Аль-Шарджа U23 - Бані Яс U23 [ОБ’ЄДНАНІ АРАБСЬКІ ЕМІРАТИ: Про-ліга U23 Таблиця] id=nH3NsZn4
  ✔ 60' Чарні Поланец - Краковія II [ПОЛЬЩА: III Ліга - Група IV Таблиця] id=QTpoGY6F
  ✔ 60' Шаморин - Банська Бистріца [СЛОВАЧЧИНА: Друга ліга Таблиця] id=dtDwusme
  ✔ 63' Калаа - Джельма [ТУНІС: Ліга 2 Таблиця] id=Aqb1Rmec
  ✔ 61' Квін оф Саут - Коув Рейнджерс [ШОТЛАНДІЯ: Перша ліга Таблиця] id=Oj9RdFvg
  Found: 10 candidates, 10 new, 8 permanently skipped

→ Мідлсбро - Портсмут (60') [АНГЛІЯ: Чемпіоншип Таблиця]

→ Йовіл - Галіфакс (60') [АНГЛІЯ: Національна ліга Таблиця]
  Кф 1X2: 1.51 / 4.47 / 6.88
  Кф 1X2: 3.42 / 3.42 / 2.07
  Desktop: https://www.flashscore.ua/match/soccer/middlesbrough-6F0lvLNC/portsmouth-zckREQFJ/?mid=vBTkhUcU
  Desktop: https://www.flashscore.ua/match/soccer/halifax-nXxWpLmT/yeovil-CpsbdueR/?mid=lbbggQkf
  [stats] vBTkhUcU → both, 31 metrics
  [stats] lbbggQkf → both, 6 metrics
  Features: quality=1, primary=6, status=both
  Score (windowed): pGoal=0.336, pDry=0.664 | 60-70 → UNDER_0_5 [TG]
Message sent to Telegram
  ✓ Telegram sent

→ Саутенд - Соліхалл (60') [АНГЛІЯ: Національна ліга Таблиця]
  Features: quality=0.23, primary=2, status=both
  Score (windowed): pGoal=0.283, pDry=0.717 | 60-70 → UNDER_0_5
  ⏸ сигнал не пройшов (вікно 60-70, впевненість: low, bet: UNDER_0_5)

→ Хоршем - Мейдстоун (60') [АНГЛІЯ: Національна ліга - Південь Таблиця]
  Кф 1X2: 1.43 / 4.41 / 7.12
  Кф 1X2: 3.47 / 3.38 / 1.94
  Desktop: https://www.flashscore.ua/match/soccer/solihull-xAcLgIDU/southend-tGwiyvJ1/?mid=thySx55D
  Desktop: https://www.flashscore.ua/match/soccer/horsham-YoSkIXsp/maidstone-tzxeiYDF/?mid=QP2zM5BM
  [stats] thySx55D → both, 5 metrics
  Features: quality=0.23, primary=2, status=both
  Score (windowed): pGoal=0.628, pDry=0.372 | 60-70 → SKIP

→ Поттерс - Чічестер (60') [АНГЛІЯ: Істмійська ліга - Прем'єр дивізіон Таблиця]
  Кф 1X2: 2.94 / 3.82 / 2
  Desktop: https://www.flashscore.ua/match/soccer/chichester-city-YqtKZbzC/potters-2auGpnmP/?mid=lSaUulG8
  [stats] QP2zM5BM overall: no data-testid (old=0, any=0, body=148320)
  [stats] lSaUulG8 overall: no data-testid (old=0, any=0, body=148272)
  [stats] QP2zM5BM secondHalf: no data-testid (old=0, any=0, body=148320)
  [stats] lSaUulG8 secondHalf: no data-testid (old=0, any=0, body=148272)
  [stats] QP2zM5BM → unavailable, 0 metrics
  Features: quality=0, primary=0, status=unavailable
  ✗ No stats at all → permanent skip

→ Аль-Шарджа U23 - Бані Яс U23 (62') [ОБ’ЄДНАНІ АРАБСЬКІ ЕМІРАТИ: Про-ліга U23 Таблиця]
  Кф 1X2: 1.79 / 3.66 / 3.73
  Desktop: https://www.flashscore.ua/match/soccer/al-sharjah-8xdM4OAc/bani-yas-bgkugbo9/?mid=nH3NsZn4
  [stats] lSaUulG8 → unavailable, 0 metrics
  Features: quality=0, primary=0, status=unavailable
  ✗ No stats at all → permanent skip

→ Чарні Поланец - Краковія II (60') [ПОЛЬЩА: III Ліга - Група IV Таблиця]
  Кф 1X2: 1.98 / 3.84 / 2.98
  Desktop: https://www.flashscore.ua/match/soccer/cracovia-QoZyHfNA/czarni-polaniec-6aRcDI7n/?mid=QTpoGY6F
  [stats] nH3NsZn4 overall: no data-testid (old=0, any=0, body=148335)
  [stats] QTpoGY6F overall: no data-testid (old=0, any=0, body=148324)
  [stats] nH3NsZn4 secondHalf: no data-testid (old=0, any=0, body=148335)
  [stats] QTpoGY6F secondHalf: no data-testid (old=0, any=0, body=148324)
  [stats] nH3NsZn4 → unavailable, 0 metrics
  Features: quality=0, primary=0, status=unavailable
  ✗ No stats at all → permanent skip

→ Шаморин - Банська Бистріца (60') [СЛОВАЧЧИНА: Друга ліга Таблиця]
  Кф 1X2: 2.77 / 3.62 / 2.31
  Desktop: https://www.flashscore.ua/match/soccer/banska-bystrica-QLQLObff/samorin-d0elRDje/?mid=dtDwusme
  [stats] QTpoGY6F → unavailable, 0 metrics
  [stats] dtDwusme → both, 5 metrics
  Features: quality=0, primary=0, status=unavailable
  ✗ No stats at all → permanent skip

→ Калаа - Джельма (63') [ТУНІС: Ліга 2 Таблиця]
  Features: quality=0.23, primary=2, status=both
  Score (windowed): pGoal=0.285, pDry=0.715 | 60-70 → UNDER_0_5
  ⏸ сигнал не пройшов (вікно 60-70, впевненість: low, bet: UNDER_0_5)

→ Квін оф Саут - Коув Рейнджерс (61') [ШОТЛАНДІЯ: Перша ліга Таблиця]
  Кф 1X2: 1.54 / 3.54 / 5.89
  Кф 1X2: 1.76 / 3.25 / 4.49
  Desktop: https://www.flashscore.ua/match/soccer/djelma-fyrUHceo/kalaa-jsVlcYua/?mid=Aqb1Rmec
  Desktop: https://www.flashscore.ua/match/soccer/cove-rangers-4CIh5uRh/queen-of-south-zaL44fyG/?mid=Oj9RdFvg
  [stats] Aqb1Rmec overall: no data-testid (old=0, any=0, body=148143)
  [stats] Oj9RdFvg overall: no data-testid (old=0, any=0, body=148418)
  [stats] Aqb1Rmec secondHalf: no data-testid (old=0, any=0, body=148143)
  [stats] Oj9RdFvg secondHalf: no data-testid (old=0, any=0, body=148418)
  [stats] Aqb1Rmec → unavailable, 0 metrics
  [stats] Oj9RdFvg → unavailable, 0 metrics
  Features: quality=0, primary=0, status=unavailable
  ✗ No stats at all → permanent skip
  Features: quality=0, primary=0, status=unavailable
  ✗ No stats at all → permanent skip

Done: 4 analyzed, 3 actionable, 1 TG sent
📌 Tracking 3 active prediction(s)

🔥 RUN #365: analyzed=4, signals=1
⏳ Next scan in 3m...
[18:22:58] Live scan
Opening: https://m.flashscore.ua/?s=2 (minute >= 60, 0:0 only)
Provider health [https://m.flashscore.ua/?s=2]: rows=190, 0:0 total=41, candidates=17
  ⏸ 0:0 ще рано (< 60'):
    23' Вольфсберг - Рід [АВСТРІЯ: Бундесліга - Група вибування Таблиця]
    57' Бредфорд - Стівенедж [АНГЛІЯ: Перша ліга Таблиця]
    58' Лік - Прескот [АНГЛІЯ: ПчПЛ Прем'єр-дивізіон Таблиця]
    23' Ескобедо - Картес [ІСПАНІЯ: Терсера КІФФ - Група 3 Таблиця]
    23' Ауррера - Турінг КЕ [ІСПАНІЯ: Терсера КІФФ - Група 4 Таблиця]
    23' Бембібре - Санта-Марта Тормес [ІСПАНІЯ: Терсера КІФФ - Група 8 Таблиця]
    23' Мохадос - Паленсія КА [ІСПАНІЯ: Терсера КІФФ - Група 8 Таблиця]
    45' Памплона - Бідесарра [ІСПАНІЯ: Терсера КІФФ - Група 15 Таблиця]
    23' Чантреа - Аойс [ІСПАНІЯ: Терсера КІФФ - Група 15 Таблиця]
    23' Ільєскас - Толедо [ІСПАНІЯ: Терсера КІФФ - Група 18 Таблиця]
    23' Сьюдад Реал - Ла Солана [ІСПАНІЯ: Терсера КІФФ - Група 18 Таблиця]
    55' Бафуссам - Kumba [КАМЕРУН: Еліт 2 Таблиця]
    23' Керетаро U21 - Некакса U21 [МЕКСИКА: Ліга MX U21 - Клаусура Таблиця]
    23' Клуб Америка U21 - Крус Асуль U21 [МЕКСИКА: Ліга MX U21 - Клаусура Таблиця]
    23' УАНЛ Тігрес U21 - Чівас Гвадалахара U21 [МЕКСИКА: Ліга MX U21 - Клаусура Таблиця]
    23' Алверка U19 - Мафра U19 [ПОРТУГАЛІЯ: Чемпіонат Португалії U19 - Група вибування Таблиця]
    23' Візела U19 - Гімарайнш U19 [ПОРТУГАЛІЯ: Чемпіонат Португалії U19 - Група вибування Таблиця]
    23' Морейренсе U19 - Феррейра U19 [ПОРТУГАЛІЯ: Чемпіонат Португалії U19 - Група вибування Таблиця]
    23' Тондела U19 - Белененсеш U19 [ПОРТУГАЛІЯ: Чемпіонат Португалії U19 - Група вибування Таблиця]
    23' Фамалікан U19 - Жил Вісенте U19 [ПОРТУГАЛІЯ: Чемпіонат Португалії U19 - Чемпіонська група Таблиця]
    23' Білє - Єсеніце [СЛОВЕНІЯ: Друга ліга Таблиця]
    56' Гафса - Редеєф [ТУНІС: Ліга 2 Таблиця]
    57' Корба - Аріана [ТУНІС: Ліга 2 Таблиця]
    45' Ускок Кліс - Лучко [ХОРВАТІЯ: Друга ФЛ Таблиця]
  ✔ 65' Мідлсбро - Портсмут [АНГЛІЯ: Чемпіоншип Таблиця] id=vBTkhUcU
  ✔ 64' Солфорд - Гіллінгем [АНГЛІЯ: Друга ліга Таблиця] id=dYIvB23m
  ✔ 65' Йовіл - Галіфакс [АНГЛІЯ: Національна ліга Таблиця] id=lbbggQkf
  ✔ 66' Саутенд - Соліхалл [АНГЛІЯ: Національна ліга Таблиця] id=thySx55D
  ✔ 63' Мертир Таун - Маклсфілд [АНГЛІЯ: Національна ліга - Північ Таблиця] id=QZwrguuC
  ✔ 62' Честер - Файлд [АНГЛІЯ: Національна ліга - Північ Таблиця] id=QqZvzoGq
  ✔ 64' Хорнчерч - Еббсфліт [АНГЛІЯ: Національна ліга - Південь Таблиця] id=hC4SNRtA
  ✔ 65' Хоршем - Мейдстоун [АНГЛІЯ: Національна ліга - Південь Таблиця] id=QP2zM5BM
  ✔ 62' Челмсфорд - Мейденгед [АНГЛІЯ: Національна ліга - Південь Таблиця] id=bkqg9SRG
  ✔ 60' Бері Таун - Стемфорд [АНГЛІЯ: Південна ліга - Прем'єр дивізіон Центр Таблиця] id=M3dGKzoA
  ✔ 63' Емден - Санкт-Паулі II [НІМЕЧЧИНА: Регіональна ліга - Північ Таблиця] id=4Avhn7sT
  ✔ 67' Аль-Шарджа U23 - Бані Яс U23 [ОБ’ЄДНАНІ АРАБСЬКІ ЕМІРАТИ: Про-ліга U23 Таблиця] id=nH3NsZn4
  ✔ 62' ФК Бангор - Гленавон [ПІВНІЧНА ІРЛАНДІЯ: Прем'єр-ліга - Група вибування Таблиця] id=40MvnpU6
  ✔ 66' Чарні Поланец - Краковія II [ПОЛЬЩА: III Ліга - Група IV Таблиця] id=QTpoGY6F
  ✔ 64' Мокнін - Стад Габезьєн [ТУНІС: Ліга 2 Таблиця] id=0GysvRv3
  ✔ 62' ТПВ - КПВ Коккола [ФІНЛЯНДІЯ: Юккьонен Таблиця] id=bgjZnwOi
  ✔ 67' Квін оф Саут - Коув Рейнджерс [ШОТЛАНДІЯ: Перша ліга Таблиця] id=Oj9RdFvg
  Found: 17 candidates, 13 new, 14 permanently skipped

→ Мідлсбро - Портсмут (65') [АНГЛІЯ: Чемпіоншип Таблиця]

→ Солфорд - Гіллінгем (64') [АНГЛІЯ: Друга ліга Таблиця]
  Кф 1X2: 1.53 / 3.9 / 6.24
  Кф 1X2: 1.51 / 4.47 / 6.88
  Desktop: https://www.flashscore.ua/match/soccer/gillingham-WvZyDeKk/salford-W4AadhN3/?mid=dYIvB23m
  Desktop: https://www.flashscore.ua/match/soccer/middlesbrough-6F0lvLNC/portsmouth-zckREQFJ/?mid=vBTkhUcU
  [stats] dYIvB23m → both, 32 metrics
  [stats] vBTkhUcU → both, 32 metrics
  Features: quality=1, primary=6, status=both
  Score (windowed): pGoal=0.165, pDry=0.835 | 60-70 → UNDER_0_5 [TG]
  Features: quality=1, primary=6, status=both
  Score (windowed): pGoal=0.297, pDry=0.703 | 60-70 → UNDER_0_5 [TG]
  ↻ Re-analysis done (no change)

→ Йовіл - Галіфакс (65') [АНГЛІЯ: Національна ліга Таблиця]
Message sent to Telegram
  ✓ Telegram sent

→ Саутенд - Соліхалл (66') [АНГЛІЯ: Національна ліга Таблиця]
  Кф 1X2: 3.42 / 3.42 / 2.07
  Кф 1X2: 1.43 / 4.41 / 7.12
  Desktop: https://www.flashscore.ua/match/soccer/halifax-nXxWpLmT/yeovil-CpsbdueR/?mid=lbbggQkf
  Desktop: https://www.flashscore.ua/match/soccer/solihull-xAcLgIDU/southend-tGwiyvJ1/?mid=thySx55D
  [stats] lbbggQkf → both, 6 metrics
  [stats] thySx55D → both, 5 metrics
  Features: quality=0.23, primary=2, status=both
  Score (windowed): pGoal=0.411, pDry=0.589 | 60-70 → UNDER_0_5
  ⏸ сигнал не пройшов (вікно 60-70, впевненість: low, bet: UNDER_0_5)

→ Мертир Таун - Маклсфілд (63') [АНГЛІЯ: Національна ліга - Північ Таблиця]
  Features: quality=0.23, primary=2, status=both
  Score (windowed): pGoal=0.529, pDry=0.471 | 60-70 → SKIP

→ Честер - Файлд (62') [АНГЛІЯ: Національна ліга - Північ Таблиця]
  Кф 1X2: 3.7 / 3.7 / 1.79
  Кф 1X2: 3.3 / 3.4 / 1.99
  Desktop: https://www.flashscore.ua/match/soccer/macclesfield-WYFXQ1KH/merthyr-town-tds6RnkN/?mid=QZwrguuC
  Desktop: https://www.flashscore.ua/match/soccer/chester-23JIJ3jt/fylde-r9mZOIF0/?mid=QqZvzoGq
  [stats] QZwrguuC overall: no data-testid (old=0, any=0, body=148319)
  [stats] QqZvzoGq overall: no data-testid (old=0, any=0, body=148246)
  [stats] QZwrguuC secondHalf: no data-testid (old=0, any=0, body=148319)
  [stats] QqZvzoGq secondHalf: no data-testid (old=0, any=0, body=148246)
  [stats] QZwrguuC → unavailable, 0 metrics
  [stats] QqZvzoGq → unavailable, 0 metrics
  [incidents] QZwrguuC: 1H + 1A red cards
  Features: quality=0, primary=0, status=unavailable | redCards=1H+1A
  ✗ No stats at all → permanent skip

→ Хорнчерч - Еббсфліт (64') [АНГЛІЯ: Національна ліга - Південь Таблиця]
  Features: quality=0, primary=0, status=unavailable
  ✗ No stats at all → permanent skip

→ Челмсфорд - Мейденгед (62') [АНГЛІЯ: Національна ліга - Південь Таблиця]
  Кф 1X2: 2.58 / 3.34 / 2.36
  Кф 1X2: 2.12 / 3.28 / 3.1
  Desktop: https://www.flashscore.ua/match/soccer/chelmsford-OtdthNtT/maidenhead-CK7k1GpJ/?mid=bkqg9SRG
  Desktop: https://www.flashscore.ua/match/soccer/ebbsfleet-04200qZc/hornchurch-batvoWjq/?mid=hC4SNRtA
  [stats] hC4SNRtA overall: no data-testid (old=0, any=0, body=148252)
  [stats] bkqg9SRG overall: no data-testid (old=0, any=0, body=148254)
  [stats] bkqg9SRG secondHalf: no data-testid (old=0, any=0, body=148254)
  [stats] hC4SNRtA secondHalf: no data-testid (old=0, any=0, body=148252)
  [stats] hC4SNRtA → unavailable, 0 metrics
  [stats] bkqg9SRG → unavailable, 0 metrics
  Features: quality=0, primary=0, status=unavailable
  ✗ No stats at all → permanent skip

→ Бері Таун - Стемфорд (60') [АНГЛІЯ: Південна ліга - Прем'єр дивізіон Центр Таблиця]
  Features: quality=0, primary=0, status=unavailable
  ✗ No stats at all → permanent skip

→ Емден - Санкт-Паулі II (63') [НІМЕЧЧИНА: Регіональна ліга - Північ Таблиця]
  Кф 1X2: 1.9 / 3.55 / 3.41
  Кф 1X2: 1.57 / 4.15 / 4.47
  Desktop: https://www.flashscore.ua/match/soccer/bury-town-AgOSFQbG/stamford-ppjDsYQg/?mid=M3dGKzoA
  Desktop: https://www.flashscore.ua/match/soccer/emden-pxCsdobQ/st-pauli-WnVaqKje/?mid=4Avhn7sT
  [stats] M3dGKzoA overall: no data-testid (old=0, any=0, body=148232)
  [stats] 4Avhn7sT overall: no data-testid (old=0, any=0, body=148217)
  [stats] M3dGKzoA secondHalf: no data-testid (old=0, any=0, body=148232)
  [stats] 4Avhn7sT secondHalf: no data-testid (old=0, any=0, body=148217)
  [stats] M3dGKzoA → unavailable, 0 metrics
  [stats] 4Avhn7sT → unavailable, 0 metrics
  Features: quality=0, primary=0, status=unavailable
  ✗ No stats at all → permanent skip

→ ФК Бангор - Гленавон (62') [ПІВНІЧНА ІРЛАНДІЯ: Прем'єр-ліга - Група вибування Таблиця]
  Features: quality=0, primary=0, status=unavailable
  ✗ No stats at all → permanent skip

→ Мокнін - Стад Габезьєн (64') [ТУНІС: Ліга 2 Таблиця]
  Кф 1X2: 3.96 / 2.93 / 1.97
  Кф 1X2: 2.78 / 3.3 / 2.29
  Desktop: https://www.flashscore.ua/match/soccer/moknine-Ykh1dhe5/stade-gabesien-zN2Zw6pK/?mid=0GysvRv3
  Desktop: https://www.flashscore.ua/match/soccer/bangor-fc-l85WT9To/glenavon-Aoh9RRSA/?mid=40MvnpU6
  [stats] 0GysvRv3 overall: no data-testid (old=0, any=0, body=148220)
  [stats] 40MvnpU6 overall: no data-testid (old=0, any=0, body=148383)
  [stats] 0GysvRv3 secondHalf: no data-testid (old=0, any=0, body=148220)
  [stats] 40MvnpU6 secondHalf: no data-testid (old=0, any=0, body=148383)
  [stats] 0GysvRv3 → unavailable, 0 metrics
  [stats] 40MvnpU6 → unavailable, 0 metrics
  Features: quality=0, primary=0, status=unavailable
  ✗ No stats at all → permanent skip

→ ТПВ - КПВ Коккола (62') [ФІНЛЯНДІЯ: Юккьонен Таблиця]
  Features: quality=0, primary=0, status=unavailable
  ✗ No stats at all → permanent skip
  Кф 1X2: 1.54 / 4.66 / 4.92
  Desktop: https://www.flashscore.ua/match/soccer/kpv-kokkola-KIShoMk3/tpv-86Ja30cq/?mid=bgjZnwOi
  [stats] bgjZnwOi → both, 6 metrics
  Features: quality=0.23, primary=2, status=both
  Score (windowed): pGoal=0.48, pDry=0.52 | 60-70 → SKIP

Done: 5 analyzed, 3 actionable, 1 TG sent

🔍 Checking 1 possibly finished match(es)...
  ⚽ Шаморин - Банська Бистріца: 0:1 [GOAL→resolved] → ❌ MISS (bet=UNDER_0_5)
📌 Tracking 3 active prediction(s)

🔥 RUN #366: analyzed=5, signals=1
⏳ Next scan in 3m...
[18:29:00] Live scan
Opening: https://m.flashscore.ua/?s=2 (minute >= 60, 0:0 only)
Provider health [https://m.flashscore.ua/?s=2]: rows=186, 0:0 total=36, candidates=18
  ⏸ 0:0 ще рано (< 60'):
    29' Вольфсберг - Рід [АВСТРІЯ: Бундесліга - Група вибування Таблиця]
    29' Ескобедо - Картес [ІСПАНІЯ: Терсера КІФФ - Група 3 Таблиця]
    29' Ауррера - Турінг КЕ [ІСПАНІЯ: Терсера КІФФ - Група 4 Таблиця]
    29' Бембібре - Санта-Марта Тормес [ІСПАНІЯ: Терсера КІФФ - Група 8 Таблиця]
    29' Мохадос - Паленсія КА [ІСПАНІЯ: Терсера КІФФ - Група 8 Таблиця]
    45' Памплона - Бідесарра [ІСПАНІЯ: Терсера КІФФ - Група 15 Таблиця]
    29' Чантреа - Аойс [ІСПАНІЯ: Терсера КІФФ - Група 15 Таблиця]
    29' Сьюдад Реал - Ла Солана [ІСПАНІЯ: Терсера КІФФ - Група 18 Таблиця]
    29' Керетаро U21 - Некакса U21 [МЕКСИКА: Ліга MX U21 - Клаусура Таблиця]
    29' Клуб Америка U21 - Крус Асуль U21 [МЕКСИКА: Ліга MX U21 - Клаусура Таблиця]
    29' УАНЛ Тігрес U21 - Чівас Гвадалахара U21 [МЕКСИКА: Ліга MX U21 - Клаусура Таблиця]
    29' Алверка U19 - Мафра U19 [ПОРТУГАЛІЯ: Чемпіонат Португалії U19 - Група вибування Таблиця]
    29' Візела U19 - Гімарайнш U19 [ПОРТУГАЛІЯ: Чемпіонат Португалії U19 - Група вибування Таблиця]
    29' Морейренсе U19 - Феррейра U19 [ПОРТУГАЛІЯ: Чемпіонат Португалії U19 - Група вибування Таблиця]
    29' Тондела U19 - Белененсеш U19 [ПОРТУГАЛІЯ: Чемпіонат Португалії U19 - Група вибування Таблиця]
    29' Фамалікан U19 - Жил Вісенте U19 [ПОРТУГАЛІЯ: Чемпіонат Португалії U19 - Чемпіонська група Таблиця]
    29' Білє - Єсеніце [СЛОВЕНІЯ: Друга ліга Таблиця]
    45' Ускок Кліс - Лучко [ХОРВАТІЯ: Друга ФЛ Таблиця]
  ✔ 71' Мідлсбро - Портсмут [АНГЛІЯ: Чемпіоншип Таблиця] id=vBTkhUcU
  ✔ 70' Солфорд - Гіллінгем [АНГЛІЯ: Друга ліга Таблиця] id=dYIvB23m
  ✔ 71' Йовіл - Галіфакс [АНГЛІЯ: Національна ліга Таблиця] id=lbbggQkf
  ✔ 71' Саутенд - Соліхалл [АНГЛІЯ: Національна ліга Таблиця] id=thySx55D
  ✔ 68' Честер - Файлд [АНГЛІЯ: Національна ліга - Північ Таблиця] id=QqZvzoGq
  ✔ 69' Хорнчерч - Еббсфліт [АНГЛІЯ: Національна ліга - Південь Таблиця] id=hC4SNRtA
  ✔ 70' Хоршем - Мейдстоун [АНГЛІЯ: Національна ліга - Південь Таблиця] id=QP2zM5BM
  ✔ 68' Челмсфорд - Мейденгед [АНГЛІЯ: Національна ліга - Південь Таблиця] id=bkqg9SRG
  ✔ 64' Лік - Прескот [АНГЛІЯ: ПчПЛ Прем'єр-дивізіон Таблиця] id=AwhvwD34
  ✔ 65' Бері Таун - Стемфорд [АНГЛІЯ: Південна ліга - Прем'єр дивізіон Центр Таблиця] id=M3dGKzoA
  ✔ 60' Бафуссам - Kumba [КАМЕРУН: Еліт 2 Таблиця] id=h6utfkwQ
  ✔ 69' Емден - Санкт-Паулі II [НІМЕЧЧИНА: Регіональна ліга - Північ Таблиця] id=4Avhn7sT
  ✔ 67' ФК Бангор - Гленавон [ПІВНІЧНА ІРЛАНДІЯ: Прем'єр-ліга - Група вибування Таблиця] id=40MvnpU6
  ✔ 71' Чарні Поланец - Краковія II [ПОЛЬЩА: III Ліга - Група IV Таблиця] id=QTpoGY6F
  ✔ 61' Гафса - Редеєф [ТУНІС: Ліга 2 Таблиця] id=jNaHN5fM
  ✔ 62' Корба - Аріана [ТУНІС: Ліга 2 Таблиця] id=fJleGNnd
  ✔ 70' Мокнін - Стад Габезьєн [ТУНІС: Ліга 2 Таблиця] id=0GysvRv3
  ✔ 68' ТПВ - КПВ Коккола [ФІНЛЯНДІЯ: Юккьонен Таблиця] id=bgjZnwOi
  Found: 18 candidates, 9 new, 22 permanently skipped

→ Мідлсбро - Портсмут (71') [АНГЛІЯ: Чемпіоншип Таблиця]

→ Солфорд - Гіллінгем (70') [АНГЛІЯ: Друга ліга Таблиця]
  Кф 1X2: 1.51 / 4.47 / 6.88
  Кф 1X2: 1.53 / 3.9 / 6.24
  Desktop: https://www.flashscore.ua/match/soccer/gillingham-WvZyDeKk/salford-W4AadhN3/?mid=dYIvB23m
  Desktop: https://www.flashscore.ua/match/soccer/middlesbrough-6F0lvLNC/portsmouth-zckREQFJ/?mid=vBTkhUcU
  [stats] dYIvB23m → both, 33 metrics
  [stats] vBTkhUcU → both, 33 metrics
  Features: quality=1, primary=6, status=both
  Score (windowed): pGoal=0.201, pDry=0.799 | 70-80 → UNDER_0_5 [TG]
  ↻ Re-analysis done (no change)

→ Йовіл - Галіфакс (71') [АНГЛІЯ: Національна ліга Таблиця]
  Features: quality=1, primary=6, status=both
  Score (windowed): pGoal=0.581, pDry=0.419 | 70-80 → OVER_0_5 [TG]
Message sent to Telegram
  ✓ Telegram update sent (Фліп ТМ→ТБ (оновлення сценарію))

→ Саутенд - Соліхалл (71') [АНГЛІЯ: Національна ліга Таблиця]
  Кф 1X2: 3.42 / 3.42 / 2.07
  Кф 1X2: 1.43 / 4.41 / 7.12
  Desktop: https://www.flashscore.ua/match/soccer/halifax-nXxWpLmT/yeovil-CpsbdueR/?mid=lbbggQkf
  Desktop: https://www.flashscore.ua/match/soccer/solihull-xAcLgIDU/southend-tGwiyvJ1/?mid=thySx55D
  [stats] lbbggQkf → both, 6 metrics
  [stats] thySx55D → both, 5 metrics
  Features: quality=0.23, primary=2, status=both
  Score (windowed): pGoal=0.441, pDry=0.559 | 70-80 → UNDER_0_5
  ⏸ сигнал не пройшов (вікно 70-80, впевненість: low, bet: UNDER_0_5)

→ Лік - Прескот (64') [АНГЛІЯ: ПчПЛ Прем'єр-дивізіон Таблиця]
  Features: quality=0.23, primary=2, status=both
  Score (windowed): pGoal=0.562, pDry=0.438 | 70-80 → OVER_0_5
  ⏸ сигнал не пройшов (вікно 70-80, впевненість: low, bet: OVER_0_5)

→ Бафуссам - Kumba (60') [КАМЕРУН: Еліт 2 Таблиця]
  Кф 1X2: 2.19 / 3.54 / 3.03
  Кф 1X2: немає на сторінці огляду
  Desktop: https://www.flashscore.ua/match/soccer/leek-town-fuwQAnpp/prescot-cables-drdIFBLb/?mid=AwhvwD34
  Desktop: https://www.flashscore.ua/match/soccer/bafoussam-QFZSkVge/kumba-nqPdYa33/?mid=h6utfkwQ
  [stats] AwhvwD34 overall: no data-testid (old=0, any=0, body=148190)
  [stats] h6utfkwQ overall: no data-testid (old=0, any=0, body=148021)
  [stats] AwhvwD34 secondHalf: no data-testid (old=0, any=0, body=148190)
  [stats] h6utfkwQ secondHalf: no data-testid (old=0, any=0, body=148021)
  [stats] AwhvwD34 → unavailable, 0 metrics
  [stats] h6utfkwQ → unavailable, 0 metrics
  Features: quality=0, primary=0, status=unavailable
  ✗ No stats at all → permanent skip

→ Гафса - Редеєф (61') [ТУНІС: Ліга 2 Таблиця]
  Features: quality=0, primary=0, status=unavailable
  ✗ No stats at all → permanent skip

→ Корба - Аріана (62') [ТУНІС: Ліга 2 Таблиця]
  Кф 1X2: 1.46 / 3.72 / 6.74
  Кф 1X2: 1.58 / 3.26 / 6.17
  Desktop: https://www.flashscore.ua/match/soccer/ariana-fNkTvgtC/korba-MPZ3rysm/?mid=fJleGNnd
  Desktop: https://www.flashscore.ua/match/soccer/gafsa-pz9NlZbR/redeyef-zoEqMrOf/?mid=jNaHN5fM
  [stats] fJleGNnd overall: no data-testid (old=0, any=0, body=148148)
  [stats] jNaHN5fM overall: no data-testid (old=0, any=0, body=148098)
  [stats] jNaHN5fM secondHalf: no data-testid (old=0, any=0, body=148098)
  [stats] fJleGNnd secondHalf: no data-testid (old=0, any=0, body=148148)
  [stats] fJleGNnd → unavailable, 0 metrics
  [stats] jNaHN5fM → unavailable, 0 metrics
  Features: quality=0, primary=0, status=unavailable
  ✗ No stats at all → permanent skip

→ ТПВ - КПВ Коккола (68') [ФІНЛЯНДІЯ: Юккьонен Таблиця]
  Features: quality=0, primary=0, status=unavailable
  ✗ No stats at all → permanent skip
  Кф 1X2: 1.54 / 4.66 / 4.92
  Desktop: https://www.flashscore.ua/match/soccer/kpv-kokkola-KIShoMk3/tpv-86Ja30cq/?mid=bgjZnwOi
  [stats] bgjZnwOi → both, 6 metrics
  Features: quality=0.23, primary=2, status=both
  Score (windowed): pGoal=0.48, pDry=0.52 | 60-70 → SKIP

Done: 5 analyzed, 4 actionable, 1 TG sent
📌 Tracking 4 active prediction(s)

🔥 RUN #367: analyzed=5, signals=1
⏳ Next scan in 3m...
[18:33:44] Live scan
Opening: https://m.flashscore.ua/?s=2 (minute >= 60, 0:0 only)
Provider health [https://m.flashscore.ua/?s=2]: rows=188, 0:0 total=36, candidates=18
  ⏸ 0:0 ще рано (< 60'):
    34' Вольфсберг - Рід [АВСТРІЯ: Бундесліга - Група вибування Таблиця]
    4' Ебро - Беасайн [ІСПАНІЯ: Сегунда КІФФ - Група 2 Таблиця]
    34' Ескобедо - Картес [ІСПАНІЯ: Терсера КІФФ - Група 3 Таблиця]
    34' Ауррера - Турінг КЕ [ІСПАНІЯ: Терсера КІФФ - Група 4 Таблиця]
    34' Бембібре - Санта-Марта Тормес [ІСПАНІЯ: Терсера КІФФ - Група 8 Таблиця]
    34' Мохадос - Паленсія КА [ІСПАНІЯ: Терсера КІФФ - Група 8 Таблиця]
    45' Памплона - Бідесарра [ІСПАНІЯ: Терсера КІФФ - Група 15 Таблиця]
    34' Чантреа - Аойс [ІСПАНІЯ: Терсера КІФФ - Група 15 Таблиця]
    34' Сьюдад Реал - Ла Солана [ІСПАНІЯ: Терсера КІФФ - Група 18 Таблиця]
    34' Клуб Америка U21 - Крус Асуль U21 [МЕКСИКА: Ліга MX U21 - Клаусура Таблиця]
    34' УАНЛ Тігрес U21 - Чівас Гвадалахара U21 [МЕКСИКА: Ліга MX U21 - Клаусура Таблиця]
    34' Алверка U19 - Мафра U19 [ПОРТУГАЛІЯ: Чемпіонат Португалії U19 - Група вибування Таблиця]
    34' Візела U19 - Гімарайнш U19 [ПОРТУГАЛІЯ: Чемпіонат Португалії U19 - Група вибування Таблиця]
    34' Морейренсе U19 - Феррейра U19 [ПОРТУГАЛІЯ: Чемпіонат Португалії U19 - Група вибування Таблиця]
    34' Тондела U19 - Белененсеш U19 [ПОРТУГАЛІЯ: Чемпіонат Португалії U19 - Група вибування Таблиця]
    34' Білє - Єсеніце [СЛОВЕНІЯ: Друга ліга Таблиця]
    4' Екенас - Джиппо [ФІНЛЯНДІЯ: Юккеслііга Таблиця]
    45' Ускок Кліс - Лучко [ХОРВАТІЯ: Друга ФЛ Таблиця]
  ✔ 76' Мідлсбро - Портсмут [АНГЛІЯ: Чемпіоншип Таблиця] id=vBTkhUcU
  ✔ 75' Солфорд - Гіллінгем [АНГЛІЯ: Друга ліга Таблиця] id=dYIvB23m
  ✔ 76' Йовіл - Галіфакс [АНГЛІЯ: Національна ліга Таблиця] id=lbbggQkf
  ✔ 77' Саутенд - Соліхалл [АНГЛІЯ: Національна ліга Таблиця] id=thySx55D
  ✔ 73' Честер - Файлд [АНГЛІЯ: Національна ліга - Північ Таблиця] id=QqZvzoGq
  ✔ 75' Хорнчерч - Еббсфліт [АНГЛІЯ: Національна ліга - Південь Таблиця] id=hC4SNRtA
  ✔ 76' Хоршем - Мейдстоун [АНГЛІЯ: Національна ліга - Південь Таблиця] id=QP2zM5BM
  ✔ 73' Челмсфорд - Мейденгед [АНГЛІЯ: Національна ліга - Південь Таблиця] id=bkqg9SRG
  ✔ 69' Лік - Прескот [АНГЛІЯ: ПчПЛ Прем'єр-дивізіон Таблиця] id=AwhvwD34
  ✔ 71' Бері Таун - Стемфорд [АНГЛІЯ: Південна ліга - Прем'єр дивізіон Центр Таблиця] id=M3dGKzoA
  ✔ 66' Бафуссам - Kumba [КАМЕРУН: Еліт 2 Таблиця] id=h6utfkwQ
  ✔ 74' Емден - Санкт-Паулі II [НІМЕЧЧИНА: Регіональна ліга - Північ Таблиця] id=4Avhn7sT
  ✔ 73' ФК Бангор - Гленавон [ПІВНІЧНА ІРЛАНДІЯ: Прем'єр-ліга - Група вибування Таблиця] id=40MvnpU6
  ✔ 77' Чарні Поланец - Краковія II [ПОЛЬЩА: III Ліга - Група IV Таблиця] id=QTpoGY6F
  ✔ 67' Гафса - Редеєф [ТУНІС: Ліга 2 Таблиця] id=jNaHN5fM
  ✔ 68' Корба - Аріана [ТУНІС: Ліга 2 Таблиця] id=fJleGNnd
  ✔ 75' Мокнін - Стад Габезьєн [ТУНІС: Ліга 2 Таблиця] id=0GysvRv3
  ✔ 73' ТПВ - КПВ Коккола [ФІНЛЯНДІЯ: Юккьонен Таблиця] id=bgjZnwOi
  Found: 18 candidates, 5 new, 26 permanently skipped

→ Мідлсбро - Портсмут (76') [АНГЛІЯ: Чемпіоншип Таблиця]

→ Солфорд - Гіллінгем (75') [АНГЛІЯ: Друга ліга Таблиця]
  Кф 1X2: 1.53 / 3.9 / 6.24
  Кф 1X2: 1.51 / 4.47 / 6.88
  Desktop: https://www.flashscore.ua/match/soccer/gillingham-WvZyDeKk/salford-W4AadhN3/?mid=dYIvB23m
  Desktop: https://www.flashscore.ua/match/soccer/middlesbrough-6F0lvLNC/portsmouth-zckREQFJ/?mid=vBTkhUcU
  [stats] dYIvB23m → both, 33 metrics
  [stats] vBTkhUcU → both, 33 metrics
  Features: quality=1, primary=6, status=both
  Score (windowed): pGoal=0.209, pDry=0.791 | 70-80 → UNDER_0_5 [TG]
  ↻ Re-analysis done (no change)

→ Йовіл - Галіфакс (76') [АНГЛІЯ: Національна ліга Таблиця]
  Features: quality=1, primary=6, status=both
  Score (windowed): pGoal=0.671, pDry=0.329 | 70-80 → OVER_0_5 [TG]
  ↻ Re-analysis done (no change)

→ Саутенд - Соліхалл (77') [АНГЛІЯ: Національна ліга Таблиця]
  Кф 1X2: 3.42 / 3.42 / 2.07
  Кф 1X2: 1.43 / 4.41 / 7.12
  Desktop: https://www.flashscore.ua/match/soccer/halifax-nXxWpLmT/yeovil-CpsbdueR/?mid=lbbggQkf
  Desktop: https://www.flashscore.ua/match/soccer/solihull-xAcLgIDU/southend-tGwiyvJ1/?mid=thySx55D
  [stats] lbbggQkf → both, 6 metrics
  [stats] thySx55D → both, 5 metrics
  Features: quality=0.23, primary=2, status=both
  Score (windowed): pGoal=0.473, pDry=0.527 | 70-80 → SKIP

→ ТПВ - КПВ Коккола (73') [ФІНЛЯНДІЯ: Юккьонен Таблиця]
  Features: quality=0.23, primary=2, status=both
  Score (windowed): pGoal=0.594, pDry=0.406 | 70-80 → OVER_0_5
  ⏸ сигнал не пройшов (вікно 70-80, впевненість: low, bet: OVER_0_5)
  Кф 1X2: 1.54 / 4.66 / 4.92
  Desktop: https://www.flashscore.ua/match/soccer/kpv-kokkola-KIShoMk3/tpv-86Ja30cq/?mid=bgjZnwOi
  [stats] bgjZnwOi → both, 6 metrics
  Features: quality=0.23, primary=2, status=both
  Score (windowed): pGoal=0.513, pDry=0.487 | 70-80 → SKIP

Done: 5 analyzed, 3 actionable, 0 TG sent
📌 Tracking 4 active prediction(s)

🔥 RUN #368: analyzed=5, signals=0
⏳ Next scan in 3m...
[18:37:17] Live scan
Opening: https://m.flashscore.ua/?s=2 (minute >= 60, 0:0 only)
Provider health [https://m.flashscore.ua/?s=2]: rows=189, 0:0 total=35, candidates=17
  ⏸ 0:0 ще рано (< 60'):
    38' Вольфсберг - Рід [АВСТРІЯ: Бундесліга - Група вибування Таблиця]
    8' Ебро - Беасайн [ІСПАНІЯ: Сегунда КІФФ - Група 2 Таблиця]
    38' Ескобедо - Картес [ІСПАНІЯ: Терсера КІФФ - Група 3 Таблиця]
    38' Ауррера - Турінг КЕ [ІСПАНІЯ: Терсера КІФФ - Група 4 Таблиця]
    38' Мохадос - Паленсія КА [ІСПАНІЯ: Терсера КІФФ - Група 8 Таблиця]
    8' Кольєренсе - Сантаньї [ІСПАНІЯ: Терсера КІФФ - Група 11 Таблиця]
    49' Памплона - Бідесарра [ІСПАНІЯ: Терсера КІФФ - Група 15 Таблиця]
    38' Чантреа - Аойс [ІСПАНІЯ: Терсера КІФФ - Група 15 Таблиця]
    38' Сьюдад Реал - Ла Солана [ІСПАНІЯ: Терсера КІФФ - Група 18 Таблиця]
    8' Таранкон - Асукека [ІСПАНІЯ: Терсера КІФФ - Група 18 Таблиця]
    38' Клуб Америка U21 - Крус Асуль U21 [МЕКСИКА: Ліга MX U21 - Клаусура Таблиця]
    38' УАНЛ Тігрес U21 - Чівас Гвадалахара U21 [МЕКСИКА: Ліга MX U21 - Клаусура Таблиця]
    38' Алверка U19 - Мафра U19 [ПОРТУГАЛІЯ: Чемпіонат Португалії U19 - Група вибування Таблиця]
    38' Візела U19 - Гімарайнш U19 [ПОРТУГАЛІЯ: Чемпіонат Португалії U19 - Група вибування Таблиця]
    38' Морейренсе U19 - Феррейра U19 [ПОРТУГАЛІЯ: Чемпіонат Португалії U19 - Група вибування Таблиця]
    38' Білє - Єсеніце [СЛОВЕНІЯ: Друга ліга Таблиця]
    8' Екенас - Джиппо [ФІНЛЯНДІЯ: Юккеслііга Таблиця]
    48' Ускок Кліс - Лучко [ХОРВАТІЯ: Друга ФЛ Таблиця]
  ✔ 80' Мідлсбро - Портсмут [АНГЛІЯ: Чемпіоншип Таблиця] id=vBTkhUcU
  ✔ 78' Солфорд - Гіллінгем [АНГЛІЯ: Друга ліга Таблиця] id=dYIvB23m
  ✔ 80' Йовіл - Галіфакс [АНГЛІЯ: Національна ліга Таблиця] id=lbbggQkf
  ✔ 80' Саутенд - Соліхалл [АНГЛІЯ: Національна ліга Таблиця] id=thySx55D
  ✔ 76' Честер - Файлд [АНГЛІЯ: Національна ліга - Північ Таблиця] id=QqZvzoGq
  ✔ 78' Хорнчерч - Еббсфліт [АНГЛІЯ: Національна ліга - Південь Таблиця] id=hC4SNRtA
  ✔ 79' Хоршем - Мейдстоун [АНГЛІЯ: Національна ліга - Південь Таблиця] id=QP2zM5BM
  ✔ 73' Лік - Прескот [АНГЛІЯ: ПчПЛ Прем'єр-дивізіон Таблиця] id=AwhvwD34
  ✔ 74' Бері Таун - Стемфорд [АНГЛІЯ: Південна ліга - Прем'єр дивізіон Центр Таблиця] id=M3dGKzoA
  ✔ 69' Бафуссам - Kumba [КАМЕРУН: Еліт 2 Таблиця] id=h6utfkwQ
  ✔ 77' Емден - Санкт-Паулі II [НІМЕЧЧИНА: Регіональна ліга - Північ Таблиця] id=4Avhn7sT
  ✔ 76' ФК Бангор - Гленавон [ПІВНІЧНА ІРЛАНДІЯ: Прем'єр-ліга - Група вибування Таблиця] id=40MvnpU6
  ✔ 80' Чарні Поланец - Краковія II [ПОЛЬЩА: III Ліга - Група IV Таблиця] id=QTpoGY6F
  ✔ 70' Гафса - Редеєф [ТУНІС: Ліга 2 Таблиця] id=jNaHN5fM
  ✔ 71' Корба - Аріана [ТУНІС: Ліга 2 Таблиця] id=fJleGNnd
  ✔ 78' Мокнін - Стад Габезьєн [ТУНІС: Ліга 2 Таблиця] id=0GysvRv3
  ✔ 77' ТПВ - КПВ Коккола [ФІНЛЯНДІЯ: Юккьонен Таблиця] id=bgjZnwOi
  Found: 17 candidates, 5 new, 26 permanently skipped

→ Мідлсбро - Портсмут (80') [АНГЛІЯ: Чемпіоншип Таблиця]

→ Солфорд - Гіллінгем (78') [АНГЛІЯ: Друга ліга Таблиця]
  Кф 1X2: 1.53 / 3.9 / 6.24
  Кф 1X2: 1.51 / 4.47 / 6.88
  Desktop: https://www.flashscore.ua/match/soccer/gillingham-WvZyDeKk/salford-W4AadhN3/?mid=dYIvB23m
  Desktop: https://www.flashscore.ua/match/soccer/middlesbrough-6F0lvLNC/portsmouth-zckREQFJ/?mid=vBTkhUcU
  [stats] vBTkhUcU → both, 33 metrics
  [stats] dYIvB23m → both, 33 metrics
  Features: quality=1, primary=6, status=both
  Score (windowed): pGoal=0.671, pDry=0.329 | 80-90+ → OVER_0_5 [TG]
  ↻ Re-analysis done (no change)

→ Йовіл - Галіфакс (80') [АНГЛІЯ: Національна ліга Таблиця]
  Features: quality=1, primary=6, status=both
  Score (windowed): pGoal=0.239, pDry=0.761 | 70-80 → UNDER_0_5 [TG]
  ↻ Re-analysis done (no change)

→ Саутенд - Соліхалл (80') [АНГЛІЯ: Національна ліга Таблиця]
  Кф 1X2: 1.43 / 4.41 / 7.12
  Кф 1X2: 3.42 / 3.42 / 2.07
  Desktop: https://www.flashscore.ua/match/soccer/solihull-xAcLgIDU/southend-tGwiyvJ1/?mid=thySx55D
  Desktop: https://www.flashscore.ua/match/soccer/halifax-nXxWpLmT/yeovil-CpsbdueR/?mid=lbbggQkf
  [stats] thySx55D → both, 5 metrics
  [stats] lbbggQkf → both, 6 metrics
  Features: quality=0.23, primary=2, status=both
  Score (windowed): pGoal=0.473, pDry=0.527 | 80-90+ → SKIP

→ ТПВ - КПВ Коккола (77') [ФІНЛЯНДІЯ: Юккьонен Таблиця]
  Features: quality=0.23, primary=2, status=both
  Score (windowed): pGoal=0.594, pDry=0.406 | 80-90+ → OVER_0_5
  ⏸ сигнал не пройшов (вікно 80-90+, впевненість: low, bet: OVER_0_5)
  Кф 1X2: 1.54 / 4.66 / 4.92
  Desktop: https://www.flashscore.ua/match/soccer/kpv-kokkola-KIShoMk3/tpv-86Ja30cq/?mid=bgjZnwOi
  [stats] bgjZnwOi → both, 6 metrics
  Features: quality=0.23, primary=2, status=both
  Score (windowed): pGoal=0.592, pDry=0.408 | 70-80 → OVER_0_5
  ⏸ сигнал не пройшов (вікно 70-80, впевненість: low, bet: OVER_0_5)

Done: 5 analyzed, 4 actionable, 0 TG sent
📌 Tracking 5 active prediction(s)

🔥 RUN #369: analyzed=5, signals=0
⏳ Next scan in 3m...
[18:40:54] Live scan
Opening: https://m.flashscore.ua/?s=2 (minute >= 60, 0:0 only)
Provider health [https://m.flashscore.ua/?s=2]: rows=189, 0:0 total=35, candidates=17
  ⏸ 0:0 ще рано (< 60'):
    41' Вольфсберг - Рід [АВСТРІЯ: Бундесліга - Група вибування Таблиця]
    11' Ебро - Беасайн [ІСПАНІЯ: Сегунда КІФФ - Група 2 Таблиця]
    41' Ескобедо - Картес [ІСПАНІЯ: Терсера КІФФ - Група 3 Таблиця]
    41' Ауррера - Турінг КЕ [ІСПАНІЯ: Терсера КІФФ - Група 4 Таблиця]
    41' Мохадос - Паленсія КА [ІСПАНІЯ: Терсера КІФФ - Група 8 Таблиця]
    11' Кольєренсе - Сантаньї [ІСПАНІЯ: Терсера КІФФ - Група 11 Таблиця]
    52' Памплона - Бідесарра [ІСПАНІЯ: Терсера КІФФ - Група 15 Таблиця]
    41' Чантреа - Аойс [ІСПАНІЯ: Терсера КІФФ - Група 15 Таблиця]
    41' Сьюдад Реал - Ла Солана [ІСПАНІЯ: Терсера КІФФ - Група 18 Таблиця]
    11' Таранкон - Асукека [ІСПАНІЯ: Терсера КІФФ - Група 18 Таблиця]
    41' Клуб Америка U21 - Крус Асуль U21 [МЕКСИКА: Ліга MX U21 - Клаусура Таблиця]
    41' УАНЛ Тігрес U21 - Чівас Гвадалахара U21 [МЕКСИКА: Ліга MX U21 - Клаусура Таблиця]
    41' Алверка U19 - Мафра U19 [ПОРТУГАЛІЯ: Чемпіонат Португалії U19 - Група вибування Таблиця]
    41' Візела U19 - Гімарайнш U19 [ПОРТУГАЛІЯ: Чемпіонат Португалії U19 - Група вибування Таблиця]
    41' Морейренсе U19 - Феррейра U19 [ПОРТУГАЛІЯ: Чемпіонат Португалії U19 - Група вибування Таблиця]
    41' Білє - Єсеніце [СЛОВЕНІЯ: Друга ліга Таблиця]
    11' Екенас - Джиппо [ФІНЛЯНДІЯ: Юккеслііга Таблиця]
    51' Ускок Кліс - Лучко [ХОРВАТІЯ: Друга ФЛ Таблиця]
  ✔ 83' Мідлсбро - Портсмут [АНГЛІЯ: Чемпіоншип Таблиця] id=vBTkhUcU
  ✔ 81' Солфорд - Гіллінгем [АНГЛІЯ: Друга ліга Таблиця] id=dYIvB23m
  ✔ 83' Йовіл - Галіфакс [АНГЛІЯ: Національна ліга Таблиця] id=lbbggQkf
  ✔ 83' Саутенд - Соліхалл [АНГЛІЯ: Національна ліга Таблиця] id=thySx55D
  ✔ 79' Честер - Файлд [АНГЛІЯ: Національна ліга - Північ Таблиця] id=QqZvzoGq
  ✔ 81' Хорнчерч - Еббсфліт [АНГЛІЯ: Національна ліга - Південь Таблиця] id=hC4SNRtA
  ✔ 82' Хоршем - Мейдстоун [АНГЛІЯ: Національна ліга - Південь Таблиця] id=QP2zM5BM
  ✔ 75' Лік - Прескот [АНГЛІЯ: ПчПЛ Прем'єр-дивізіон Таблиця] id=AwhvwD34
  ✔ 77' Бері Таун - Стемфорд [АНГЛІЯ: Південна ліга - Прем'єр дивізіон Центр Таблиця] id=M3dGKzoA
  ✔ 72' Бафуссам - Kumba [КАМЕРУН: Еліт 2 Таблиця] id=h6utfkwQ
  ✔ 80' Емден - Санкт-Паулі II [НІМЕЧЧИНА: Регіональна ліга - Північ Таблиця] id=4Avhn7sT
  ✔ 79' ФК Бангор - Гленавон [ПІВНІЧНА ІРЛАНДІЯ: Прем'єр-ліга - Група вибування Таблиця] id=40MvnpU6
  ✔ 83' Чарні Поланец - Краковія II [ПОЛЬЩА: III Ліга - Група IV Таблиця] id=QTpoGY6F
  ✔ 73' Гафса - Редеєф [ТУНІС: Ліга 2 Таблиця] id=jNaHN5fM
  ✔ 74' Корба - Аріана [ТУНІС: Ліга 2 Таблиця] id=fJleGNnd
  ✔ 81' Мокнін - Стад Габезьєн [ТУНІС: Ліга 2 Таблиця] id=0GysvRv3
  ✔ 80' ТПВ - КПВ Коккола [ФІНЛЯНДІЯ: Юккьонен Таблиця] id=bgjZnwOi
  Found: 17 candidates, 5 new, 26 permanently skipped

→ Мідлсбро - Портсмут (83') [АНГЛІЯ: Чемпіоншип Таблиця]

→ Солфорд - Гіллінгем (81') [АНГЛІЯ: Друга ліга Таблиця]
  Кф 1X2: 1.51 / 4.47 / 6.88
  Кф 1X2: 1.53 / 3.9 / 6.24
  Desktop: https://www.flashscore.ua/match/soccer/middlesbrough-6F0lvLNC/portsmouth-zckREQFJ/?mid=vBTkhUcU
  Desktop: https://www.flashscore.ua/match/soccer/gillingham-WvZyDeKk/salford-W4AadhN3/?mid=dYIvB23m
  [stats] vBTkhUcU → both, 33 metrics
  [stats] dYIvB23m → both, 33 metrics
  Features: quality=1, primary=6, status=both
  Score (windowed): pGoal=0.752, pDry=0.248 | 80-90+ → OVER_0_5 [TG]
  ↻ Re-analysis done (no change)

→ Йовіл - Галіфакс (83') [АНГЛІЯ: Національна ліга Таблиця]
  Features: quality=1, primary=6, status=both
  Score (windowed): pGoal=0.265, pDry=0.735 | 80-90+ → SKIP

→ Саутенд - Соліхалл (83') [АНГЛІЯ: Національна ліга Таблиця]
  Кф 1X2: 3.42 / 3.42 / 2.07
  Кф 1X2: 1.43 / 4.41 / 7.12
  Desktop: https://www.flashscore.ua/match/soccer/solihull-xAcLgIDU/southend-tGwiyvJ1/?mid=thySx55D
  Desktop: https://www.flashscore.ua/match/soccer/halifax-nXxWpLmT/yeovil-CpsbdueR/?mid=lbbggQkf
  [stats] thySx55D → both, 5 metrics
  [stats] lbbggQkf → both, 6 metrics
  Features: quality=0.23, primary=2, status=both
  Score (windowed): pGoal=0.705, pDry=0.295 | 80-90+ → OVER_0_5
  ⏸ сигнал не пройшов (вікно 80-90+, впевненість: low, bet: OVER_0_5)

→ ТПВ - КПВ Коккола (80') [ФІНЛЯНДІЯ: Юккьонен Таблиця]
  Features: quality=0.23, primary=2, status=both
  Score (windowed): pGoal=0.343, pDry=0.657 | 80-90+ → SKIP
  Кф 1X2: 1.54 / 4.66 / 4.92
  Desktop: https://www.flashscore.ua/match/soccer/kpv-kokkola-KIShoMk3/tpv-86Ja30cq/?mid=bgjZnwOi
  [stats] bgjZnwOi → both, 6 metrics
  Features: quality=0.23, primary=2, status=both
  Score (windowed): pGoal=0.68, pDry=0.32 | 80-90+ → OVER_0_5
  ⏸ сигнал не пройшов (вікно 80-90+, впевненість: low, bet: OVER_0_5)

Done: 5 analyzed, 3 actionable, 0 TG sent
📌 Tracking 5 active prediction(s)

🔥 RUN #370: analyzed=5, signals=0
⏳ Next scan in 3m...
[18:44:30] Live scan
Opening: https://m.flashscore.ua/?s=2 (minute >= 60, 0:0 only)
Provider health [https://m.flashscore.ua/?s=2]: rows=190, 0:0 total=31, candidates=14
  ⏸ 0:0 ще рано (< 60'):
    44' Вольфсберг - Рід [АВСТРІЯ: Бундесліга - Група вибування Таблиця]
    14' Ебро - Беасайн [ІСПАНІЯ: Сегунда КІФФ - Група 2 Таблиця]
    44' Ескобедо - Картес [ІСПАНІЯ: Терсера КІФФ - Група 3 Таблиця]
    44' Ауррера - Турінг КЕ [ІСПАНІЯ: Терсера КІФФ - Група 4 Таблиця]
    44' Мохадос - Паленсія КА [ІСПАНІЯ: Терсера КІФФ - Група 8 Таблиця]
    14' Кольєренсе - Сантаньї [ІСПАНІЯ: Терсера КІФФ - Група 11 Таблиця]
    55' Памплона - Бідесарра [ІСПАНІЯ: Терсера КІФФ - Група 15 Таблиця]
    44' Чантреа - Аойс [ІСПАНІЯ: Терсера КІФФ - Група 15 Таблиця]
    44' Сьюдад Реал - Ла Солана [ІСПАНІЯ: Терсера КІФФ - Група 18 Таблиця]
    44' Клуб Америка U21 - Крус Асуль U21 [МЕКСИКА: Ліга MX U21 - Клаусура Таблиця]
    44' УАНЛ Тігрес U21 - Чівас Гвадалахара U21 [МЕКСИКА: Ліга MX U21 - Клаусура Таблиця]
    44' Алверка U19 - Мафра U19 [ПОРТУГАЛІЯ: Чемпіонат Португалії U19 - Група вибування Таблиця]
    44' Візела U19 - Гімарайнш U19 [ПОРТУГАЛІЯ: Чемпіонат Португалії U19 - Група вибування Таблиця]
    44' Морейренсе U19 - Феррейра U19 [ПОРТУГАЛІЯ: Чемпіонат Португалії U19 - Група вибування Таблиця]
    44' Білє - Єсеніце [СЛОВЕНІЯ: Друга ліга Таблиця]
    14' Екенас - Джиппо [ФІНЛЯНДІЯ: Юккеслііга Таблиця]
    54' Ускок Кліс - Лучко [ХОРВАТІЯ: Друга ФЛ Таблиця]
  ✔ 87' Мідлсбро - Портсмут [АНГЛІЯ: Чемпіоншип Таблиця] id=vBTkhUcU
  ✔ 85' Солфорд - Гіллінгем [АНГЛІЯ: Друга ліга Таблиця] id=dYIvB23m
  ✔ 86' Йовіл - Галіфакс [АНГЛІЯ: Національна ліга Таблиця] id=lbbggQkf
  ✔ 87' Саутенд - Соліхалл [АНГЛІЯ: Національна ліга Таблиця] id=thySx55D
  ✔ 83' Честер - Файлд [АНГЛІЯ: Національна ліга - Північ Таблиця] id=QqZvzoGq
  ✔ 85' Хорнчерч - Еббсфліт [АНГЛІЯ: Національна ліга - Південь Таблиця] id=hC4SNRtA
  ✔ 86' Хоршем - Мейдстоун [АНГЛІЯ: Національна ліга - Південь Таблиця] id=QP2zM5BM
  ✔ 81' Бері Таун - Стемфорд [АНГЛІЯ: Південна ліга - Прем'єр дивізіон Центр Таблиця] id=M3dGKzoA
  ✔ 76' Бафуссам - Kumba [КАМЕРУН: Еліт 2 Таблиця] id=h6utfkwQ
  ✔ 83' ФК Бангор - Гленавон [ПІВНІЧНА ІРЛАНДІЯ: Прем'єр-ліга - Група вибування Таблиця] id=40MvnpU6
  ✔ 87' Чарні Поланец - Краковія II [ПОЛЬЩА: III Ліга - Група IV Таблиця] id=QTpoGY6F
  ✔ 77' Гафса - Редеєф [ТУНІС: Ліга 2 Таблиця] id=jNaHN5fM
  ✔ 85' Мокнін - Стад Габезьєн [ТУНІС: Ліга 2 Таблиця] id=0GysvRv3
  ✔ 84' ТПВ - КПВ Коккола [ФІНЛЯНДІЯ: Юккьонен Таблиця] id=bgjZnwOi
  Found: 14 candidates, 5 new, 26 permanently skipped

→ Мідлсбро - Портсмут (87') [АНГЛІЯ: Чемпіоншип Таблиця]

→ Солфорд - Гіллінгем (85') [АНГЛІЯ: Друга ліга Таблиця]
  Кф 1X2: 1.53 / 3.9 / 6.24
  Кф 1X2: 1.51 / 4.47 / 6.88
  Desktop: https://www.flashscore.ua/match/soccer/gillingham-WvZyDeKk/salford-W4AadhN3/?mid=dYIvB23m
  Desktop: https://www.flashscore.ua/match/soccer/middlesbrough-6F0lvLNC/portsmouth-zckREQFJ/?mid=vBTkhUcU
  [stats] dYIvB23m → both, 33 metrics
  [stats] vBTkhUcU → both, 33 metrics
  Features: quality=1, primary=6, status=both
  Score (windowed): pGoal=0.353, pDry=0.647 | 80-90+ → SKIP

→ Йовіл - Галіфакс (86') [АНГЛІЯ: Національна ліга Таблиця]
  Features: quality=1, primary=6, status=both
  Score (windowed): pGoal=0.952, pDry=0.048 | 80-90+ → OVER_0_5 [TG]
  ↻ Re-analysis done (no change)

→ Саутенд - Соліхалл (87') [АНГЛІЯ: Національна ліга Таблиця]
  Кф 1X2: 1.43 / 4.41 / 7.12
  Кф 1X2: 3.42 / 3.42 / 2.07
  Desktop: https://www.flashscore.ua/match/soccer/solihull-xAcLgIDU/southend-tGwiyvJ1/?mid=thySx55D
  Desktop: https://www.flashscore.ua/match/soccer/halifax-nXxWpLmT/yeovil-CpsbdueR/?mid=lbbggQkf
  [stats] thySx55D → both, 5 metrics
  [stats] lbbggQkf → both, 6 metrics
  Features: quality=0.23, primary=2, status=both
  Score (windowed): pGoal=0.847, pDry=0.153 | 80-90+ → OVER_0_5
  ⏸ сигнал не пройшов (вікно 80-90+, впевненість: low, bet: OVER_0_5)

→ ТПВ - КПВ Коккола (84') [ФІНЛЯНДІЯ: Юккьонен Таблиця]
  Features: quality=0.23, primary=2, status=both
  Score (windowed): pGoal=0.416, pDry=0.584 | 80-90+ → SKIP
  Кф 1X2: 1.54 / 4.66 / 4.92
  Desktop: https://www.flashscore.ua/match/soccer/kpv-kokkola-KIShoMk3/tpv-86Ja30cq/?mid=bgjZnwOi
  [stats] bgjZnwOi → both, 6 metrics
  Features: quality=0.23, primary=2, status=both
  Score (windowed): pGoal=0.7, pDry=0.3 | 80-90+ → OVER_0_5
  ⏸ сигнал не пройшов (вікно 80-90+, впевненість: low, bet: OVER_0_5)

Done: 5 analyzed, 3 actionable, 0 TG sent
📌 Tracking 5 active prediction(s)

🔥 RUN #371: analyzed=5, signals=0
⏳ Next scan in 3m...
[18:48:06] Live scan
Opening: https://m.flashscore.ua/?s=2 (minute >= 60, 0:0 only)
Provider health [https://m.flashscore.ua/?s=2]: rows=188, 0:0 total=29, candidates=14
  ⏸ 0:0 ще рано (< 60'):
    18' Ебро - Беасайн [ІСПАНІЯ: Сегунда КІФФ - Група 2 Таблиця]
    45' Ауррера - Турінг КЕ [ІСПАНІЯ: Терсера КІФФ - Група 4 Таблиця]
    45' Мохадос - Паленсія КА [ІСПАНІЯ: Терсера КІФФ - Група 8 Таблиця]
    18' Кольєренсе - Сантаньї [ІСПАНІЯ: Терсера КІФФ - Група 11 Таблиця]
    45' Чантреа - Аойс [ІСПАНІЯ: Терсера КІФФ - Група 15 Таблиця]
    45' Сьюдад Реал - Ла Солана [ІСПАНІЯ: Терсера КІФФ - Група 18 Таблиця]
    45' Морейренсе U19 - Феррейра U19 [ПОРТУГАЛІЯ: Чемпіонат Португалії U19 - Група вибування Таблиця]
    18' Екенас - Джиппо [ФІНЛЯНДІЯ: Юккеслііга Таблиця]
    58' Ускок Кліс - Лучко [ХОРВАТІЯ: Друга ФЛ Таблиця]
  ✔ 90' Мідлсбро - Портсмут [АНГЛІЯ: Чемпіоншип Таблиця] id=vBTkhUcU
  ✔ 88' Солфорд - Гіллінгем [АНГЛІЯ: Друга ліга Таблиця] id=dYIvB23m
  ✔ 90' Йовіл - Галіфакс [АНГЛІЯ: Національна ліга Таблиця] id=lbbggQkf
  ✔ 90' Саутенд - Соліхалл [АНГЛІЯ: Національна ліга Таблиця] id=thySx55D
  ✔ 86' Честер - Файлд [АНГЛІЯ: Національна ліга - Північ Таблиця] id=QqZvzoGq
  ✔ 88' Хорнчерч - Еббсфліт [АНГЛІЯ: Національна ліга - Південь Таблиця] id=hC4SNRtA
  ✔ 89' Хоршем - Мейдстоун [АНГЛІЯ: Національна ліга - Південь Таблиця] id=QP2zM5BM
  ✔ 84' Бері Таун - Стемфорд [АНГЛІЯ: Південна ліга - Прем'єр дивізіон Центр Таблиця] id=M3dGKzoA
  ✔ 79' Бафуссам - Kumba [КАМЕРУН: Еліт 2 Таблиця] id=h6utfkwQ
  ✔ 86' ФК Бангор - Гленавон [ПІВНІЧНА ІРЛАНДІЯ: Прем'єр-ліга - Група вибування Таблиця] id=40MvnpU6
  ✔ 90' Чарні Поланец - Краковія II [ПОЛЬЩА: III Ліга - Група IV Таблиця] id=QTpoGY6F
  ✔ 80' Гафса - Редеєф [ТУНІС: Ліга 2 Таблиця] id=jNaHN5fM
  ✔ 88' Мокнін - Стад Габезьєн [ТУНІС: Ліга 2 Таблиця] id=0GysvRv3
  ✔ 87' ТПВ - КПВ Коккола [ФІНЛЯНДІЯ: Юккьонен Таблиця] id=bgjZnwOi
  Found: 14 candidates, 5 new, 26 permanently skipped

→ Мідлсбро - Портсмут (90') [АНГЛІЯ: Чемпіоншип Таблиця]

→ Солфорд - Гіллінгем (88') [АНГЛІЯ: Друга ліга Таблиця]
  Кф 1X2: 1.53 / 3.9 / 6.24
  Кф 1X2: 1.51 / 4.47 / 6.88
  Desktop: https://www.flashscore.ua/match/soccer/middlesbrough-6F0lvLNC/portsmouth-zckREQFJ/?mid=vBTkhUcU
  Desktop: https://www.flashscore.ua/match/soccer/gillingham-WvZyDeKk/salford-W4AadhN3/?mid=dYIvB23m
  [stats] vBTkhUcU → both, 33 metrics
  [stats] dYIvB23m → both, 33 metrics
  Features: quality=1, primary=6, status=both
  Score (windowed): pGoal=0.975, pDry=0.025 | 80-90+ → OVER_0_5 [TG]
  ↻ Re-analysis done (no change)

→ Йовіл - Галіфакс (90') [АНГЛІЯ: Національна ліга Таблиця]
  Features: quality=1, primary=6, status=both
  Score (windowed): pGoal=0.422, pDry=0.578 | 80-90+ → SKIP

→ Саутенд - Соліхалл (90') [АНГЛІЯ: Національна ліга Таблиця]
  Кф 1X2: 3.42 / 3.42 / 2.07
  Кф 1X2: 1.43 / 4.41 / 7.12
  Desktop: https://www.flashscore.ua/match/soccer/halifax-nXxWpLmT/yeovil-CpsbdueR/?mid=lbbggQkf
  Desktop: https://www.flashscore.ua/match/soccer/solihull-xAcLgIDU/southend-tGwiyvJ1/?mid=thySx55D
  [stats] lbbggQkf → both, 6 metrics
  [stats] thySx55D → both, 5 metrics
  Features: quality=0.23, primary=2, status=both
  Score (windowed): pGoal=0.416, pDry=0.584 | 80-90+ → SKIP

→ ТПВ - КПВ Коккола (87') [ФІНЛЯНДІЯ: Юккьонен Таблиця]
  Features: quality=0.23, primary=2, status=both
  Score (windowed): pGoal=0.847, pDry=0.153 | 80-90+ → OVER_0_5
  ⏸ сигнал не пройшов (вікно 80-90+, впевненість: low, bet: OVER_0_5)
  Кф 1X2: 1.54 / 4.66 / 4.92
  Desktop: https://www.flashscore.ua/match/soccer/kpv-kokkola-KIShoMk3/tpv-86Ja30cq/?mid=bgjZnwOi
  [stats] bgjZnwOi → both, 6 metrics
  Features: quality=0.23, primary=2, status=both
  Score (windowed): pGoal=0.77, pDry=0.23 | 80-90+ → OVER_0_5
  ⏸ сигнал не пройшов (вікно 80-90+, впевненість: low, bet: OVER_0_5)

Done: 5 analyzed, 3 actionable, 0 TG sent
📌 Tracking 5 active prediction(s)

🔥 RUN #372: analyzed=5, signals=0
⏳ Next scan in 3m...
[18:51:41] Live scan
Opening: https://m.flashscore.ua/?s=2 (minute >= 60, 0:0 only)
Provider health [https://m.flashscore.ua/?s=2]: rows=170, 0:0 total=25, candidates=5
  ⏸ 0:0 ще рано (< 60'):
    45' Вольфсберг - Рід [АВСТРІЯ: Бундесліга - Група вибування Таблиця]
    22' Ебро - Беасайн [ІСПАНІЯ: Сегунда КІФФ - Група 2 Таблиця]
    45' Ауррера - Турінг КЕ [ІСПАНІЯ: Терсера КІФФ - Група 4 Таблиця]
    45' Мохадос - Паленсія КА [ІСПАНІЯ: Терсера КІФФ - Група 8 Таблиця]
    22' Кольєренсе - Сантаньї [ІСПАНІЯ: Терсера КІФФ - Група 11 Таблиця]
    45' Чантреа - Аойс [ІСПАНІЯ: Терсера КІФФ - Група 15 Таблиця]
    45' Сьюдад Реал - Ла Солана [ІСПАНІЯ: Терсера КІФФ - Група 18 Таблиця]
    45' Клуб Америка U21 - Крус Асуль U21 [МЕКСИКА: Ліга MX U21 - Клаусура Таблиця]
    45' Алверка U19 - Мафра U19 [ПОРТУГАЛІЯ: Чемпіонат Португалії U19 - Група вибування Таблиця]
    45' Візела U19 - Гімарайнш U19 [ПОРТУГАЛІЯ: Чемпіонат Португалії U19 - Група вибування Таблиця]
    45' Морейренсе U19 - Феррейра U19 [ПОРТУГАЛІЯ: Чемпіонат Португалії U19 - Група вибування Таблиця]
    45' Білє - Єсеніце [СЛОВЕНІЯ: Друга ліга Таблиця]
  ✔ 88' Бері Таун - Стемфорд [АНГЛІЯ: Південна ліга - Прем'єр дивізіон Центр Таблиця] id=M3dGKzoA
  ✔ 83' Бафуссам - Kumba [КАМЕРУН: Еліт 2 Таблиця] id=h6utfkwQ
  ✔ 90' ФК Бангор - Гленавон [ПІВНІЧНА ІРЛАНДІЯ: Прем'єр-ліга - Група вибування Таблиця] id=40MvnpU6
  ✔ 84' Гафса - Редеєф [ТУНІС: Ліга 2 Таблиця] id=jNaHN5fM
  ✔ 62' Ускок Кліс - Лучко [ХОРВАТІЯ: Друга ФЛ Таблиця] id=OSNqgHTb
  Found: 5 candidates, 1 new, 26 permanently skipped

→ Ускок Кліс - Лучко (62') [ХОРВАТІЯ: Друга ФЛ Таблиця]
  Кф 1X2: 1.53 / 4.02 / 5.67
  Desktop: https://www.flashscore.ua/match/soccer/lucko-AXI6H6hP/nk-uskok-klis-6NJYByep/?mid=OSNqgHTb
  [stats] OSNqgHTb overall: no data-testid (old=0, any=0, body=148226)
  [stats] OSNqgHTb secondHalf: no data-testid (old=0, any=0, body=148226)
  [stats] OSNqgHTb → unavailable, 0 metrics
  [incidents] OSNqgHTb: 1H + 1A red cards
  Features: quality=0, primary=0, status=unavailable | redCards=1H+1A
  ✗ No stats at all → permanent skip

Done: 0 analyzed, 0 actionable, 0 TG sent

🔍 Checking 5 possibly finished match(es)...
  ⏳ Мідлсбро - Портсмут: still live 0:0
  ⚽ Йовіл - Галіфакс: 0:0 [FT] → ✅ HIT (bet=UNDER_0_5)
  ⏳ Солфорд - Гіллінгем: still live 0:0
  ⏳ Саутенд - Соліхалл: still live 0:0
  ⏳ ТПВ - КПВ Коккола: still live 0:0
📌 Tracking 4 active prediction(s)

🔥 RUN #373: analyzed=0, signals=0
⏳ Next scan in 3m...
[18:55:31] Live scan
Opening: https://m.flashscore.ua/?s=2 (minute >= 60, 0:0 only)
Provider health [https://m.flashscore.ua/?s=2]: rows=127, 0:0 total=23, candidates=3
  ⏸ 0:0 ще рано (< 60'):
    45' Вольфсберг - Рід [АВСТРІЯ: Бундесліга - Група вибування Таблиця]
    25' Ебро - Беасайн [ІСПАНІЯ: Сегунда КІФФ - Група 2 Таблиця]
    45' Ауррера - Турінг КЕ [ІСПАНІЯ: Терсера КІФФ - Група 4 Таблиця]
    45' Мохадос - Паленсія КА [ІСПАНІЯ: Терсера КІФФ - Група 8 Таблиця]
    25' Кольєренсе - Сантаньї [ІСПАНІЯ: Терсера КІФФ - Група 11 Таблиця]
    45' Чантреа - Аойс [ІСПАНІЯ: Терсера КІФФ - Група 15 Таблиця]
    45' Сьюдад Реал - Ла Солана [ІСПАНІЯ: Терсера КІФФ - Група 18 Таблиця]
    45' Клуб Америка U21 - Крус Асуль U21 [МЕКСИКА: Ліга MX U21 - Клаусура Таблиця]
    45' УАНЛ Тігрес U21 - Чівас Гвадалахара U21 [МЕКСИКА: Ліга MX U21 - Клаусура Таблиця]
    45' Алверка U19 - Мафра U19 [ПОРТУГАЛІЯ: Чемпіонат Португалії U19 - Група вибування Таблиця]
    45' Візела U19 - Гімарайнш U19 [ПОРТУГАЛІЯ: Чемпіонат Португалії U19 - Група вибування Таблиця]
    45' Морейренсе U19 - Феррейра U19 [ПОРТУГАЛІЯ: Чемпіонат Португалії U19 - Група вибування Таблиця]
    45' Білє - Єсеніце [СЛОВЕНІЯ: Друга ліга Таблиця]
  ✔ 87' Бафуссам - Kumba [КАМЕРУН: Еліт 2 Таблиця] id=h6utfkwQ
  ✔ 88' Гафса - Редеєф [ТУНІС: Ліга 2 Таблиця] id=jNaHN5fM
  ✔ 65' Ускок Кліс - Лучко [ХОРВАТІЯ: Друга ФЛ Таблиця] id=OSNqgHTb
  Found: 3 candidates, 0 new, 27 permanently skipped

Done: 0 analyzed, 0 actionable, 0 TG sent

🔍 Checking 4 possibly finished match(es)...
  ⚽ Мідлсбро - Портсмут: 0:1 [GOAL→resolved] → ✅ HIT (bet=OVER_0_5)
Message sent to Telegram
  ✓ Telegram result sent (0:1 (ще тривае, гол вирішив))
  ⚽ Солфорд - Гіллінгем: 0:0 [FT] → ✅ HIT (bet=UNDER_0_5)
Message sent to Telegram
  ✓ Telegram result sent (FT)
  ⚽ Саутенд - Соліхалл: 0:0 [FT] → ❌ MISS (bet=OVER_0_5)
  ⚽ ТПВ - КПВ Коккола: 0:0 [FT] → ❌ MISS (bet=OVER_0_5)

🔥 RUN #374: analyzed=0, signals=0
⏳ Next scan in 3m...
[18:58:43] Live scan
Opening: https://m.flashscore.ua/?s=2 (minute >= 60, 0:0 only)
Provider health [https://m.flashscore.ua/?s=2]: rows=97, 0:0 total=18, candidates=2
  ⏸ 0:0 ще рано (< 60'):
    45' Вольфсберг - Рід [АВСТРІЯ: Бундесліга - Група вибування Таблиця]
    29' Ебро - Беасайн [ІСПАНІЯ: Сегунда КІФФ - Група 2 Таблиця]
    45' Ауррера - Турінг КЕ [ІСПАНІЯ: Терсера КІФФ - Група 4 Таблиця]
    45' Мохадос - Паленсія КА [ІСПАНІЯ: Терсера КІФФ - Група 8 Таблиця]
    29' Кольєренсе - Сантаньї [ІСПАНІЯ: Терсера КІФФ - Група 11 Таблиця]
    45' Чантреа - Аойс [ІСПАНІЯ: Терсера КІФФ - Група 15 Таблиця]
    45' Сьюдад Реал - Ла Солана [ІСПАНІЯ: Терсера КІФФ - Група 18 Таблиця]
    45' Клуб Америка U21 - Крус Асуль U21 [МЕКСИКА: Ліга MX U21 - Клаусура Таблиця]
    45' УАНЛ Тігрес U21 - Чівас Гвадалахара U21 [МЕКСИКА: Ліга MX U21 - Клаусура Таблиця]
    45' Алверка U19 - Мафра U19 [ПОРТУГАЛІЯ: Чемпіонат Португалії U19 - Група вибування Таблиця]
    45' Візела U19 - Гімарайнш U19 [ПОРТУГАЛІЯ: Чемпіонат Португалії U19 - Група вибування Таблиця]
    45' Морейренсе U19 - Феррейра U19 [ПОРТУГАЛІЯ: Чемпіонат Португалії U19 - Група вибування Таблиця]
    45' Білє - Єсеніце [СЛОВЕНІЯ: Друга ліга Таблиця]
  ✔ 90' Бафуссам - Kumba [КАМЕРУН: Еліт 2 Таблиця] id=h6utfkwQ
  ✔ 69' Ускок Кліс - Лучко [ХОРВАТІЯ: Друга ФЛ Таблиця] id=OSNqgHTb
  Found: 2 candidates, 0 new, 27 permanently skipped

Done: 0 analyzed, 0 actionable, 0 TG sent

🔥 RUN #375: analyzed=0, signals=0
⏳ Next scan in 3m...
[19:01:47] Live scan
Opening: https://m.flashscore.ua/?s=2 (minute >= 60, 0:0 only)
Provider health [https://m.flashscore.ua/?s=2]: rows=65, 0:0 total=28, candidates=1
  ⏸ 0:0 ще рано (< 60'):
    45' Вольфсберг - Рід [АВСТРІЯ: Бундесліга - Група вибування Таблиця]
    2' Тарту Калев - Легіон [ЕСТОНІЯ: Есілііга В Таблиця]
    32' Ебро - Беасайн [ІСПАНІЯ: Сегунда КІФФ - Група 2 Таблиця]
    2' Аморебієта - Герніка Клуб [ІСПАНІЯ: Сегунда КІФФ - Група 2 Таблиця]
    45' Ауррера - Турінг КЕ [ІСПАНІЯ: Терсера КІФФ - Група 4 Таблиця]
    45' Мохадос - Паленсія КА [ІСПАНІЯ: Терсера КІФФ - Група 8 Таблиця]
    2' Ротлет Молінар - Сон Кладера [ІСПАНІЯ: Терсера КІФФ - Група 11 Таблиця]
    45' Чантреа - Аойс [ІСПАНІЯ: Терсера КІФФ - Група 15 Таблиця]
    45' Сьюдад Реал - Ла Солана [ІСПАНІЯ: Терсера КІФФ - Група 18 Таблиця]
    2' Вільяррубія - Сонсека [ІСПАНІЯ: Терсера КІФФ - Група 18 Таблиця]
    45' Клуб Америка U21 - Крус Асуль U21 [МЕКСИКА: Ліга MX U21 - Клаусура Таблиця]
    45' УАНЛ Тігрес U21 - Чівас Гвадалахара U21 [МЕКСИКА: Ліга MX U21 - Клаусура Таблиця]
    2' Вікелєц - Млава [ПОЛЬЩА: III Ліга - Група I Таблиця]
    45' Візела U19 - Гімарайнш U19 [ПОРТУГАЛІЯ: Чемпіонат Португалії U19 - Група вибування Таблиця]
    45' Морейренсе U19 - Феррейра U19 [ПОРТУГАЛІЯ: Чемпіонат Португалії U19 - Група вибування Таблиця]
    45' Білє - Єсеніце [СЛОВЕНІЯ: Друга ліга Таблиця]
    2' Триглав - Дравіня [СЛОВЕНІЯ: Друга ліга Таблиця]
    2' Сомюр Олімпік - Шоре [ФРАНЦІЯ: Насьональ 2 - Група A Таблиця]
    2' Борго - Бове [ФРАНЦІЯ: Насьональ 2 - Група B Таблиця]
    2' Бурж 18 - Дьєп [ФРАНЦІЯ: Насьональ 2 - Група B Таблиця]
    2' Грасс - Канни [ФРАНЦІЯ: Насьональ 2 - Група C Таблиця]
    2' ГФА74 - Сен-Пріє [ФРАНЦІЯ: Насьональ 2 - Група C Таблиця]
    2' Тулон - Істр [ФРАНЦІЯ: Насьональ 2 - Група C Таблиця]
    2' Цюрих - Лугано [ШВЕЙЦАРІЯ: Суперліга Таблиця]
    2' Рапперсвіль-Йона - Віль [ШВЕЙЦАРІЯ: Челлендж-ліга Таблиця]
  ✔ 72' Ускок Кліс - Лучко [ХОРВАТІЯ: Друга ФЛ Таблиця] id=OSNqgHTb
  Found: 1 candidates, 0 new, 27 permanently skipped

Done: 0 analyzed, 0 actionable, 0 TG sent

🔥 RUN #376: analyzed=0, signals=0
⏳ Next scan in 3m...
[19:04:51] Live scan
Opening: https://m.flashscore.ua/?s=2 (minute >= 60, 0:0 only)
Provider health [https://m.flashscore.ua/?s=2]: rows=68, 0:0 total=41, candidates=1
  ⏸ 0:0 ще рано (< 60'):
    47' Вольфсберг - Рід [АВСТРІЯ: Бундесліга - Група вибування Таблиця]
    5' Нефтчі Баку - Араз [АЗЕРБАЙДЖАН: Прем'єр-ліга Таблиця]
    5' Тарту Калев - Легіон [ЕСТОНІЯ: Есілііга В Таблиця]
    35' Ебро - Беасайн [ІСПАНІЯ: Сегунда КІФФ - Група 2 Таблиця]
    5' Аморебієта - Герніка Клуб [ІСПАНІЯ: Сегунда КІФФ - Група 2 Таблиця]
    5' Сан-Себастьян Реєс - Хетафе B [ІСПАНІЯ: Сегунда КІФФ - Група 5 Таблиця]
    5' Віменор - Тропесон [ІСПАНІЯ: Терсера КІФФ - Група 3 Таблиця]
    5' Монтаньяс - Торрелавега [ІСПАНІЯ: Терсера КІФФ - Група 3 Таблиця]
    48' Ауррера - Турінг КЕ [ІСПАНІЯ: Терсера КІФФ - Група 4 Таблиця]
    49' Мохадос - Паленсія КА [ІСПАНІЯ: Терсера КІФФ - Група 8 Таблиця]
    5' Арандіна - Ла-Вірхен [ІСПАНІЯ: Терсера КІФФ - Група 8 Таблиця]
    5' Паленсія КФ - Атлетіко Тордесільяс [ІСПАНІЯ: Терсера КІФФ - Група 8 Таблиця]
    5' Ротлет Молінар - Сон Кладера [ІСПАНІЯ: Терсера КІФФ - Група 11 Таблиця]
    5' Лас-Пальмас C - Тамарасейте [ІСПАНІЯ: Терсера КІФФ - Група 12 Таблиця]
    5' Тенеріфе C - Яйса [ІСПАНІЯ: Терсера КІФФ - Група 12 Таблиця]
    49' Чантреа - Аойс [ІСПАНІЯ: Терсера КІФФ - Група 15 Таблиця]
    48' Сьюдад Реал - Ла Солана [ІСПАНІЯ: Терсера КІФФ - Група 18 Таблиця]
    5' Вільяррубія - Сонсека [ІСПАНІЯ: Терсера КІФФ - Група 18 Таблиця]
    45' Клуб Америка U21 - Крус Асуль U21 [МЕКСИКА: Ліга MX U21 - Клаусура Таблиця]
    45' УАНЛ Тігрес U21 - Чівас Гвадалахара U21 [МЕКСИКА: Ліга MX U21 - Клаусура Таблиця]
    5' Заглембє Сосновець - ЛКС Лодзь II [ПОЛЬЩА: Дивізіон 2 Таблиця]
    5' Вікелєц - Млава [ПОЛЬЩА: III Ліга - Група I Таблиця]
    46' Візела U19 - Гімарайнш U19 [ПОРТУГАЛІЯ: Чемпіонат Португалії U19 - Група вибування Таблиця]
    48' Морейренсе U19 - Феррейра U19 [ПОРТУГАЛІЯ: Чемпіонат Португалії U19 - Група вибування Таблиця]
    5' Аль-Таавон - Аль-Холуд [САУДІВСЬКА АРАВІЯ: Професійна ліга Таблиця]
    46' Білє - Єсеніце [СЛОВЕНІЯ: Друга ліга Таблиця]
    5' Триглав - Дравіня [СЛОВЕНІЯ: Друга ліга Таблиця]
    5' Ле-Ерб'є - Монлуї [ФРАНЦІЯ: Насьональ 2 - Група A Таблиця]
    5' Сомюр Олімпік - Шоре [ФРАНЦІЯ: Насьональ 2 - Група A Таблиця]
    5' Блуа - Бісайм [ФРАНЦІЯ: Насьональ 2 - Група B Таблиця]
    5' Борго - Бове [ФРАНЦІЯ: Насьональ 2 - Група B Таблиця]
    5' Бурж 18 - Дьєп [ФРАНЦІЯ: Насьональ 2 - Група B Таблиця]
    5' Кольмар - Шантійї [ФРАНЦІЯ: Насьональ 2 - Група B Таблиця]
    5' Тьйонвіль - Феньє-Ольнуа [ФРАНЦІЯ: Насьональ 2 - Група B Таблиця]
    5' ГОАЛ ФК - Руссе Сент-Віктуар [ФРАНЦІЯ: Насьональ 2 - Група C Таблиця]
    5' Грасс - Канни [ФРАНЦІЯ: Насьональ 2 - Група C Таблиця]
    5' ГФА74 - Сен-Пріє [ФРАНЦІЯ: Насьональ 2 - Група C Таблиця]
    5' Тулон - Істр [ФРАНЦІЯ: Насьональ 2 - Група C Таблиця]
    5' Цюрих - Лугано [ШВЕЙЦАРІЯ: Суперліга Таблиця]
    5' Рапперсвіль-Йона - Віль [ШВЕЙЦАРІЯ: Челлендж-ліга Таблиця]
  ✔ 75' Ускок Кліс - Лучко [ХОРВАТІЯ: Друга ФЛ Таблиця] id=OSNqgHTb
  Found: 1 candidates, 0 new, 27 permanently skipped

Done: 0 analyzed, 0 actionable, 0 TG sent

🔥 RUN #377: analyzed=0, signals=0
⏳ Next scan in 3m...
[19:07:55] Live scan
Opening: https://m.flashscore.ua/?s=2 (minute >= 60, 0:0 only)
Provider health [https://m.flashscore.ua/?s=2]: rows=66, 0:0 total=36, candidates=1
  ⏸ 0:0 ще рано (< 60'):
    50' Вольфсберг - Рід [АВСТРІЯ: Бундесліга - Група вибування Таблиця]
    8' Нефтчі Баку - Араз [АЗЕРБАЙДЖАН: Прем'єр-ліга Таблиця]
    8' Тарту Калев - Легіон [ЕСТОНІЯ: Есілііга В Таблиця]
    38' Ебро - Беасайн [ІСПАНІЯ: Сегунда КІФФ - Група 2 Таблиця]
    8' Аморебієта - Герніка Клуб [ІСПАНІЯ: Сегунда КІФФ - Група 2 Таблиця]
    8' Сан-Себастьян Реєс - Хетафе B [ІСПАНІЯ: Сегунда КІФФ - Група 5 Таблиця]
    8' Віменор - Тропесон [ІСПАНІЯ: Терсера КІФФ - Група 3 Таблиця]
    8' Монтаньяс - Торрелавега [ІСПАНІЯ: Терсера КІФФ - Група 3 Таблиця]
    51' Ауррера - Турінг КЕ [ІСПАНІЯ: Терсера КІФФ - Група 4 Таблиця]
    52' Мохадос - Паленсія КА [ІСПАНІЯ: Терсера КІФФ - Група 8 Таблиця]
    8' Арандіна - Ла-Вірхен [ІСПАНІЯ: Терсера КІФФ - Група 8 Таблиця]
    8' Паленсія КФ - Атлетіко Тордесільяс [ІСПАНІЯ: Терсера КІФФ - Група 8 Таблиця]
    8' Ротлет Молінар - Сон Кладера [ІСПАНІЯ: Терсера КІФФ - Група 11 Таблиця]
    8' Лас-Пальмас C - Тамарасейте [ІСПАНІЯ: Терсера КІФФ - Група 12 Таблиця]
    8' Тенеріфе C - Яйса [ІСПАНІЯ: Терсера КІФФ - Група 12 Таблиця]
    52' Чантреа - Аойс [ІСПАНІЯ: Терсера КІФФ - Група 15 Таблиця]
    51' Сьюдад Реал - Ла Солана [ІСПАНІЯ: Терсера КІФФ - Група 18 Таблиця]
    8' Вільяррубія - Сонсека [ІСПАНІЯ: Терсера КІФФ - Група 18 Таблиця]
    45' Клуб Америка U21 - Крус Асуль U21 [МЕКСИКА: Ліга MX U21 - Клаусура Таблиця]
    45' УАНЛ Тігрес U21 - Чівас Гвадалахара U21 [МЕКСИКА: Ліга MX U21 - Клаусура Таблиця]
    8' Заглембє Сосновець - ЛКС Лодзь II [ПОЛЬЩА: Дивізіон 2 Таблиця]
    8' Вікелєц - Млава [ПОЛЬЩА: III Ліга - Група I Таблиця]
    49' Візела U19 - Гімарайнш U19 [ПОРТУГАЛІЯ: Чемпіонат Португалії U19 - Група вибування Таблиця]
    51' Морейренсе U19 - Феррейра U19 [ПОРТУГАЛІЯ: Чемпіонат Португалії U19 - Група вибування Таблиця]
    3' Аль-Хазем - Аль-Фейха [САУДІВСЬКА АРАВІЯ: Професійна ліга Таблиця]
    50' Білє - Єсеніце [СЛОВЕНІЯ: Друга ліга Таблиця]
    8' Ле-Ерб'є - Монлуї [ФРАНЦІЯ: Насьональ 2 - Група A Таблиця]
    8' Сомюр Олімпік - Шоре [ФРАНЦІЯ: Насьональ 2 - Група A Таблиця]
    8' Борго - Бове [ФРАНЦІЯ: Насьональ 2 - Група B Таблиця]
    8' Бурж 18 - Дьєп [ФРАНЦІЯ: Насьональ 2 - Група B Таблиця]
    8' Кольмар - Шантійї [ФРАНЦІЯ: Насьональ 2 - Група B Таблиця]
    8' Тьйонвіль - Феньє-Ольнуа [ФРАНЦІЯ: Насьональ 2 - Група B Таблиця]
    8' ГОАЛ ФК - Руссе Сент-Віктуар [ФРАНЦІЯ: Насьональ 2 - Група C Таблиця]
    8' Цюрих - Лугано [ШВЕЙЦАРІЯ: Суперліга Таблиця]
    8' Рапперсвіль-Йона - Віль [ШВЕЙЦАРІЯ: Челлендж-ліга Таблиця]
  ✔ 78' Ускок Кліс - Лучко [ХОРВАТІЯ: Друга ФЛ Таблиця] id=OSNqgHTb
  Found: 1 candidates, 0 new, 27 permanently skipped

Done: 0 analyzed, 0 actionable, 0 TG sent

🔥 RUN #378: analyzed=0, signals=0
Message sent to Telegram
⏳ Next scan in 3m...
[19:10:59] Live scan
Opening: https://m.flashscore.ua/?s=2 (minute >= 60, 0:0 only)
Provider health [https://m.flashscore.ua/?s=2]: rows=64, 0:0 total=34, candidates=1
  ⏸ 0:0 ще рано (< 60'):
    53' Вольфсберг - Рід [АВСТРІЯ: Бундесліга - Група вибування Таблиця]
    11' Тарту Калев - Легіон [ЕСТОНІЯ: Есілііга В Таблиця]
    41' Ебро - Беасайн [ІСПАНІЯ: Сегунда КІФФ - Група 2 Таблиця]
    11' Аморебієта - Герніка Клуб [ІСПАНІЯ: Сегунда КІФФ - Група 2 Таблиця]
    11' Сан-Себастьян Реєс - Хетафе B [ІСПАНІЯ: Сегунда КІФФ - Група 5 Таблиця]
    11' Віменор - Тропесон [ІСПАНІЯ: Терсера КІФФ - Група 3 Таблиця]
    11' Монтаньяс - Торрелавега [ІСПАНІЯ: Терсера КІФФ - Група 3 Таблиця]
    54' Ауррера - Турінг КЕ [ІСПАНІЯ: Терсера КІФФ - Група 4 Таблиця]
    54' Мохадос - Паленсія КА [ІСПАНІЯ: Терсера КІФФ - Група 8 Таблиця]
    11' Арандіна - Ла-Вірхен [ІСПАНІЯ: Терсера КІФФ - Група 8 Таблиця]
    11' Паленсія КФ - Атлетіко Тордесільяс [ІСПАНІЯ: Терсера КІФФ - Група 8 Таблиця]
    11' Ротлет Молінар - Сон Кладера [ІСПАНІЯ: Терсера КІФФ - Група 11 Таблиця]
    11' Лас-Пальмас C - Тамарасейте [ІСПАНІЯ: Терсера КІФФ - Група 12 Таблиця]
    11' Тенеріфе C - Яйса [ІСПАНІЯ: Терсера КІФФ - Група 12 Таблиця]
    54' Чантреа - Аойс [ІСПАНІЯ: Терсера КІФФ - Група 15 Таблиця]
    54' Сьюдад Реал - Ла Солана [ІСПАНІЯ: Терсера КІФФ - Група 18 Таблиця]
    11' Вільяррубія - Сонсека [ІСПАНІЯ: Терсера КІФФ - Група 18 Таблиця]
    46' Клуб Америка U21 - Крус Асуль U21 [МЕКСИКА: Ліга MX U21 - Клаусура Таблиця]
    45' УАНЛ Тігрес U21 - Чівас Гвадалахара U21 [МЕКСИКА: Ліга MX U21 - Клаусура Таблиця]
    11' Заглембє Сосновець - ЛКС Лодзь II [ПОЛЬЩА: Дивізіон 2 Таблиця]
    11' Вікелєц - Млава [ПОЛЬЩА: III Ліга - Група I Таблиця]
    51' Візела U19 - Гімарайнш U19 [ПОРТУГАЛІЯ: Чемпіонат Португалії U19 - Група вибування Таблиця]
    53' Морейренсе U19 - Феррейра U19 [ПОРТУГАЛІЯ: Чемпіонат Португалії U19 - Група вибування Таблиця]
    6' Аль-Хазем - Аль-Фейха [САУДІВСЬКА АРАВІЯ: Професійна ліга Таблиця]
    52' Білє - Єсеніце [СЛОВЕНІЯ: Друга ліга Таблиця]
    11' Сомюр Олімпік - Шоре [ФРАНЦІЯ: Насьональ 2 - Група A Таблиця]
    11' Борго - Бове [ФРАНЦІЯ: Насьональ 2 - Група B Таблиця]
    11' Бурж 18 - Дьєп [ФРАНЦІЯ: Насьональ 2 - Група B Таблиця]
    11' Кольмар - Шантійї [ФРАНЦІЯ: Насьональ 2 - Група B Таблиця]
    11' Тьйонвіль - Феньє-Ольнуа [ФРАНЦІЯ: Насьональ 2 - Група B Таблиця]
    11' ГОАЛ ФК - Руссе Сент-Віктуар [ФРАНЦІЯ: Насьональ 2 - Група C Таблиця]
    11' Цюрих - Лугано [ШВЕЙЦАРІЯ: Суперліга Таблиця]
    11' Рапперсвіль-Йона - Віль [ШВЕЙЦАРІЯ: Челлендж-ліга Таблиця]
  ✔ 81' Ускок Кліс - Лучко [ХОРВАТІЯ: Друга ФЛ Таблиця] id=OSNqgHTb
  Found: 1 candidates, 0 new, 27 permanently skipped

Done: 0 analyzed, 0 actionable, 0 TG sent

🔥 RUN #379: analyzed=0, signals=0
⏳ Next scan in 3m...
[19:14:03] Live scan
Opening: https://m.flashscore.ua/?s=2 (minute >= 60, 0:0 only)
Provider health [https://m.flashscore.ua/?s=2]: rows=64, 0:0 total=32, candidates=1
  ⏸ 0:0 ще рано (< 60'):
    56' Вольфсберг - Рід [АВСТРІЯ: Бундесліга - Група вибування Таблиця]
    15' Тарту Калев - Легіон [ЕСТОНІЯ: Есілііга В Таблиця]
    45' Ебро - Беасайн [ІСПАНІЯ: Сегунда КІФФ - Група 2 Таблиця]
    15' Аморебієта - Герніка Клуб [ІСПАНІЯ: Сегунда КІФФ - Група 2 Таблиця]
    15' Сан-Себастьян Реєс - Хетафе B [ІСПАНІЯ: Сегунда КІФФ - Група 5 Таблиця]
    15' Віменор - Тропесон [ІСПАНІЯ: Терсера КІФФ - Група 3 Таблиця]
    15' Монтаньяс - Торрелавега [ІСПАНІЯ: Терсера КІФФ - Група 3 Таблиця]
    57' Ауррера - Турінг КЕ [ІСПАНІЯ: Терсера КІФФ - Група 4 Таблиця]
    58' Мохадос - Паленсія КА [ІСПАНІЯ: Терсера КІФФ - Група 8 Таблиця]
    15' Арандіна - Ла-Вірхен [ІСПАНІЯ: Терсера КІФФ - Група 8 Таблиця]
    15' Паленсія КФ - Атлетіко Тордесільяс [ІСПАНІЯ: Терсера КІФФ - Група 8 Таблиця]
    15' Ротлет Молінар - Сон Кладера [ІСПАНІЯ: Терсера КІФФ - Група 11 Таблиця]
    15' Лас-Пальмас C - Тамарасейте [ІСПАНІЯ: Терсера КІФФ - Група 12 Таблиця]
    15' Тенеріфе C - Яйса [ІСПАНІЯ: Терсера КІФФ - Група 12 Таблиця]
    58' Чантреа - Аойс [ІСПАНІЯ: Терсера КІФФ - Група 15 Таблиця]
    58' Сьюдад Реал - Ла Солана [ІСПАНІЯ: Терсера КІФФ - Група 18 Таблиця]
    15' Вільяррубія - Сонсека [ІСПАНІЯ: Терсера КІФФ - Група 18 Таблиця]
    49' Клуб Америка U21 - Крус Асуль U21 [МЕКСИКА: Ліга MX U21 - Клаусура Таблиця]
    46' УАНЛ Тігрес U21 - Чівас Гвадалахара U21 [МЕКСИКА: Ліга MX U21 - Клаусура Таблиця]
    15' Заглембє Сосновець - ЛКС Лодзь II [ПОЛЬЩА: Дивізіон 2 Таблиця]
    15' Вікелєц - Млава [ПОЛЬЩА: III Ліга - Група I Таблиця]
    55' Візела U19 - Гімарайнш U19 [ПОРТУГАЛІЯ: Чемпіонат Португалії U19 - Група вибування Таблиця]
    57' Морейренсе U19 - Феррейра U19 [ПОРТУГАЛІЯ: Чемпіонат Португалії U19 - Група вибування Таблиця]
    10' Аль-Хазем - Аль-Фейха [САУДІВСЬКА АРАВІЯ: Професійна ліга Таблиця]
    56' Білє - Єсеніце [СЛОВЕНІЯ: Друга ліга Таблиця]
    15' Сомюр Олімпік - Шоре [ФРАНЦІЯ: Насьональ 2 - Група A Таблиця]
    15' Борго - Бове [ФРАНЦІЯ: Насьональ 2 - Група B Таблиця]
    15' Бурж 18 - Дьєп [ФРАНЦІЯ: Насьональ 2 - Група B Таблиця]
    15' Тьйонвіль - Феньє-Ольнуа [ФРАНЦІЯ: Насьональ 2 - Група B Таблиця]
    15' ГОАЛ ФК - Руссе Сент-Віктуар [ФРАНЦІЯ: Насьональ 2 - Група C Таблиця]
    15' Цюрих - Лугано [ШВЕЙЦАРІЯ: Суперліга Таблиця]
  ✔ 84' Ускок Кліс - Лучко [ХОРВАТІЯ: Друга ФЛ Таблиця] id=OSNqgHTb
  Found: 1 candidates, 0 new, 27 permanently skipped

Done: 0 analyzed, 0 actionable, 0 TG sent

🔥 RUN #380: analyzed=0, signals=0
⏳ Next scan in 3m...
[19:17:08] Live scan
Opening: https://m.flashscore.ua/?s=2 (minute >= 60, 0:0 only)
Provider health [https://m.flashscore.ua/?s=2]: rows=63, 0:0 total=27, candidates=5
  ⏸ 0:0 ще рано (< 60'):
    59' Вольфсберг - Рід [АВСТРІЯ: Бундесліга - Група вибування Таблиця]
    17' Тарту Калев - Легіон [ЕСТОНІЯ: Есілііга В Таблиця]
    45' Ебро - Беасайн [ІСПАНІЯ: Сегунда КІФФ - Група 2 Таблиця]
    17' Аморебієта - Герніка Клуб [ІСПАНІЯ: Сегунда КІФФ - Група 2 Таблиця]
    17' Сан-Себастьян Реєс - Хетафе B [ІСПАНІЯ: Сегунда КІФФ - Група 5 Таблиця]
    17' Віменор - Тропесон [ІСПАНІЯ: Терсера КІФФ - Група 3 Таблиця]
    17' Монтаньяс - Торрелавега [ІСПАНІЯ: Терсера КІФФ - Група 3 Таблиця]
    17' Арандіна - Ла-Вірхен [ІСПАНІЯ: Терсера КІФФ - Група 8 Таблиця]
    17' Паленсія КФ - Атлетіко Тордесільяс [ІСПАНІЯ: Терсера КІФФ - Група 8 Таблиця]
    17' Ротлет Молінар - Сон Кладера [ІСПАНІЯ: Терсера КІФФ - Група 11 Таблиця]
    17' Лас-Пальмас C - Тамарасейте [ІСПАНІЯ: Терсера КІФФ - Група 12 Таблиця]
    17' Тенеріфе C - Яйса [ІСПАНІЯ: Терсера КІФФ - Група 12 Таблиця]
    17' Вільяррубія - Сонсека [ІСПАНІЯ: Терсера КІФФ - Група 18 Таблиця]
    52' Клуб Америка U21 - Крус Асуль U21 [МЕКСИКА: Ліга MX U21 - Клаусура Таблиця]
    49' УАНЛ Тігрес U21 - Чівас Гвадалахара U21 [МЕКСИКА: Ліга MX U21 - Клаусура Таблиця]
    17' Заглембє Сосновець - ЛКС Лодзь II [ПОЛЬЩА: Дивізіон 2 Таблиця]
    17' Сомюр Олімпік - Шоре [ФРАНЦІЯ: Насьональ 2 - Група A Таблиця]
    17' Борго - Бове [ФРАНЦІЯ: Насьональ 2 - Група B Таблиця]
    17' Бурж 18 - Дьєп [ФРАНЦІЯ: Насьональ 2 - Група B Таблиця]
    17' Тьйонвіль - Феньє-Ольнуа [ФРАНЦІЯ: Насьональ 2 - Група B Таблиця]
    17' ГОАЛ ФК - Руссе Сент-Віктуар [ФРАНЦІЯ: Насьональ 2 - Група C Таблиця]
    17' Цюрих - Лугано [ШВЕЙЦАРІЯ: Суперліга Таблиця]
  ✔ 60' Ауррера - Турінг КЕ [ІСПАНІЯ: Терсера КІФФ - Група 4 Таблиця] id=xzkZp8re
  ✔ 61' Чантреа - Аойс [ІСПАНІЯ: Терсера КІФФ - Група 15 Таблиця] id=YaHMMhEU
  ✔ 60' Сьюдад Реал - Ла Солана [ІСПАНІЯ: Терсера КІФФ - Група 18 Таблиця] id=SCNuFLXQ
  ✔ 60' Морейренсе U19 - Феррейра U19 [ПОРТУГАЛІЯ: Чемпіонат Португалії U19 - Група вибування Таблиця] id=6Z2FX0df
  ✔ 87' Ускок Кліс - Лучко [ХОРВАТІЯ: Друга ФЛ Таблиця] id=OSNqgHTb
  Found: 5 candidates, 4 new, 27 permanently skipped

→ Ауррера - Турінг КЕ (60') [ІСПАНІЯ: Терсера КІФФ - Група 4 Таблиця]

→ Чантреа - Аойс (61') [ІСПАНІЯ: Терсера КІФФ - Група 15 Таблиця]
  Кф 1X2: 1.99 / 3.1 / 3.62
  Кф 1X2: 3.03 / 3.26 / 2.31
  Desktop: https://www.flashscore.ua/match/soccer/aurrera-de-vitoria-IV2PZfX0/touring-ke-YklaFJbk/?mid=xzkZp8re
  Desktop: https://www.flashscore.ua/match/soccer/aoiz-0GmC5crt/chantrea-OlVCIsMP/?mid=YaHMMhEU
  [stats] YaHMMhEU overall: no data-testid (old=0, any=0, body=148147)
  [stats] xzkZp8re overall: no data-testid (old=0, any=0, body=148288)
  [stats] YaHMMhEU secondHalf: no data-testid (old=0, any=0, body=148147)
  [stats] xzkZp8re secondHalf: no data-testid (old=0, any=0, body=148288)
  [stats] YaHMMhEU → unavailable, 0 metrics
  [stats] xzkZp8re → unavailable, 0 metrics
  Features: quality=0, primary=0, status=unavailable
  ✗ No stats at all → permanent skip

→ Сьюдад Реал - Ла Солана (60') [ІСПАНІЯ: Терсера КІФФ - Група 18 Таблиця]
  [incidents] xzkZp8re: 1H + 1A red cards
  Features: quality=0, primary=0, status=unavailable | redCards=1H+1A
  ✗ No stats at all → permanent skip

→ Морейренсе U19 - Феррейра U19 (60') [ПОРТУГАЛІЯ: Чемпіонат Португалії U19 - Група вибування Таблиця]
  Кф 1X2: 1.42 / 3.82 / 7.43
  Кф 1X2: 1.89 / 3.77 / 3.66
  Desktop: https://www.flashscore.ua/match/soccer/ferreira-4hj6ze6S/moreirense-n5oYTXq1/?mid=6Z2FX0df
  Desktop: https://www.flashscore.ua/match/soccer/la-solana-Ui5uq7MD/manchego-ciudad-real-YNYZnNDQ/?mid=SCNuFLXQ
  [stats] 6Z2FX0df overall: no data-testid (old=0, any=0, body=148376)
  [stats] SCNuFLXQ overall: no data-testid (old=0, any=0, body=148315)
  [stats] SCNuFLXQ secondHalf: no data-testid (old=0, any=0, body=148315)
  [stats] 6Z2FX0df secondHalf: no data-testid (old=0, any=0, body=148376)
  [stats] SCNuFLXQ → unavailable, 0 metrics
  [stats] 6Z2FX0df → unavailable, 0 metrics
  Features: quality=0, primary=0, status=unavailable
  ✗ No stats at all → permanent skip
  Features: quality=0, primary=0, status=unavailable
  ✗ No stats at all → permanent skip

Done: 0 analyzed, 0 actionable, 0 TG sent

🔥 RUN #381: analyzed=0, signals=0
⏳ Next scan in 3m...
[19:21:25] Live scan
Opening: https://m.flashscore.ua/?s=2 (minute >= 60, 0:0 only)
Provider health [https://m.flashscore.ua/?s=2]: rows=58, 0:0 total=25, candidates=4
  ⏸ 0:0 ще рано (< 60'):
    22' Тарту Калев - Легіон [ЕСТОНІЯ: Есілііга В Таблиця]
    45' Ебро - Беасайн [ІСПАНІЯ: Сегунда КІФФ - Група 2 Таблиця]
    22' Аморебієта - Герніка Клуб [ІСПАНІЯ: Сегунда КІФФ - Група 2 Таблиця]
    22' Сан-Себастьян Реєс - Хетафе B [ІСПАНІЯ: Сегунда КІФФ - Група 5 Таблиця]
    22' Віменор - Тропесон [ІСПАНІЯ: Терсера КІФФ - Група 3 Таблиця]
    22' Монтаньяс - Торрелавега [ІСПАНІЯ: Терсера КІФФ - Група 3 Таблиця]
    22' Арандіна - Ла-Вірхен [ІСПАНІЯ: Терсера КІФФ - Група 8 Таблиця]
    22' Паленсія КФ - Атлетіко Тордесільяс [ІСПАНІЯ: Терсера КІФФ - Група 8 Таблиця]
    22' Ротлет Молінар - Сон Кладера [ІСПАНІЯ: Терсера КІФФ - Група 11 Таблиця]
    22' Лас-Пальмас C - Тамарасейте [ІСПАНІЯ: Терсера КІФФ - Група 12 Таблиця]
    22' Тенеріфе C - Яйса [ІСПАНІЯ: Терсера КІФФ - Група 12 Таблиця]
    22' Вільяррубія - Сонсека [ІСПАНІЯ: Терсера КІФФ - Група 18 Таблиця]
    56' Клуб Америка U21 - Крус Асуль U21 [МЕКСИКА: Ліга MX U21 - Клаусура Таблиця]
    53' УАНЛ Тігрес U21 - Чівас Гвадалахара U21 [МЕКСИКА: Ліга MX U21 - Клаусура Таблиця]
    22' Заглембє Сосновець - ЛКС Лодзь II [ПОЛЬЩА: Дивізіон 2 Таблиця]
    22' Сомюр Олімпік - Шоре [ФРАНЦІЯ: Насьональ 2 - Група A Таблиця]
    22' Борго - Бове [ФРАНЦІЯ: Насьональ 2 - Група B Таблиця]
    22' Бурж 18 - Дьєп [ФРАНЦІЯ: Насьональ 2 - Група B Таблиця]
    22' Тьйонвіль - Феньє-Ольнуа [ФРАНЦІЯ: Насьональ 2 - Група B Таблиця]
    22' ГОАЛ ФК - Руссе Сент-Віктуар [ФРАНЦІЯ: Насьональ 2 - Група C Таблиця]
    22' Цюрих - Лугано [ШВЕЙЦАРІЯ: Суперліга Таблиця]
  ✔ 64' Вольфсберг - Рід [АВСТРІЯ: Бундесліга - Група вибування Таблиця] id=p6hhF3YH
  ✔ 65' Ауррера - Турінг КЕ [ІСПАНІЯ: Терсера КІФФ - Група 4 Таблиця] id=xzkZp8re
  ✔ 65' Чантреа - Аойс [ІСПАНІЯ: Терсера КІФФ - Група 15 Таблиця] id=YaHMMhEU
  ✔ 64' Морейренсе U19 - Феррейра U19 [ПОРТУГАЛІЯ: Чемпіонат Португалії U19 - Група вибування Таблиця] id=6Z2FX0df
  Found: 4 candidates, 1 new, 31 permanently skipped

→ Вольфсберг - Рід (64') [АВСТРІЯ: Бундесліга - Група вибування Таблиця]
  Кф 1X2: 2.67 / 3.46 / 2.65
  Desktop: https://www.flashscore.ua/match/soccer/ried-6c17idcf/wolfsberger-xKbLXKij/?mid=p6hhF3YH
  [stats] p6hhF3YH → both, 33 metrics
  Features: quality=1, primary=6, status=both
  Score (windowed): pGoal=0.333, pDry=0.667 | 60-70 → UNDER_0_5 [TG]
Message sent to Telegram
  ✓ Telegram sent

Done: 1 analyzed, 1 actionable, 1 TG sent
📌 Tracking 1 active prediction(s)

🔥 RUN #382: analyzed=1, signals=1
⏳ Next scan in 3m...
[19:24:41] Live scan
Opening: https://m.flashscore.ua/?s=2 (minute >= 60, 0:0 only)
Provider health [https://m.flashscore.ua/?s=2]: rows=58, 0:0 total=24, candidates=5
  ⏸ 0:0 ще рано (< 60'):
    25' Тарту Калев - Легіон [ЕСТОНІЯ: Есілііга В Таблиця]
    45' Ебро - Беасайн [ІСПАНІЯ: Сегунда КІФФ - Група 2 Таблиця]
    25' Аморебієта - Герніка Клуб [ІСПАНІЯ: Сегунда КІФФ - Група 2 Таблиця]
    25' Сан-Себастьян Реєс - Хетафе B [ІСПАНІЯ: Сегунда КІФФ - Група 5 Таблиця]
    25' Віменор - Тропесон [ІСПАНІЯ: Терсера КІФФ - Група 3 Таблиця]
    25' Монтаньяс - Торрелавега [ІСПАНІЯ: Терсера КІФФ - Група 3 Таблиця]
    25' Арандіна - Ла-Вірхен [ІСПАНІЯ: Терсера КІФФ - Група 8 Таблиця]
    25' Паленсія КФ - Атлетіко Тордесільяс [ІСПАНІЯ: Терсера КІФФ - Група 8 Таблиця]
    25' Ротлет Молінар - Сон Кладера [ІСПАНІЯ: Терсера КІФФ - Група 11 Таблиця]
    25' Лас-Пальмас C - Тамарасейте [ІСПАНІЯ: Терсера КІФФ - Група 12 Таблиця]
    25' Тенеріфе C - Яйса [ІСПАНІЯ: Терсера КІФФ - Група 12 Таблиця]
    25' Вільяррубія - Сонсека [ІСПАНІЯ: Терсера КІФФ - Група 18 Таблиця]
    57' УАНЛ Тігрес U21 - Чівас Гвадалахара U21 [МЕКСИКА: Ліга MX U21 - Клаусура Таблиця]
    25' Заглембє Сосновець - ЛКС Лодзь II [ПОЛЬЩА: Дивізіон 2 Таблиця]
    25' Сомюр Олімпік - Шоре [ФРАНЦІЯ: Насьональ 2 - Група A Таблиця]
    25' Бурж 18 - Дьєп [ФРАНЦІЯ: Насьональ 2 - Група B Таблиця]
    25' Тьйонвіль - Феньє-Ольнуа [ФРАНЦІЯ: Насьональ 2 - Група B Таблиця]
    25' ГОАЛ ФК - Руссе Сент-Віктуар [ФРАНЦІЯ: Насьональ 2 - Група C Таблиця]
    25' Цюрих - Лугано [ШВЕЙЦАРІЯ: Суперліга Таблиця]
  ✔ 67' Вольфсберг - Рід [АВСТРІЯ: Бундесліга - Група вибування Таблиця] id=p6hhF3YH
  ✔ 68' Ауррера - Турінг КЕ [ІСПАНІЯ: Терсера КІФФ - Група 4 Таблиця] id=xzkZp8re
  ✔ 69' Чантреа - Аойс [ІСПАНІЯ: Терсера КІФФ - Група 15 Таблиця] id=YaHMMhEU
  ✔ 60' Клуб Америка U21 - Крус Асуль U21 [МЕКСИКА: Ліга MX U21 - Клаусура Таблиця] id=nyksBOdU
  ✔ 67' Морейренсе U19 - Феррейра U19 [ПОРТУГАЛІЯ: Чемпіонат Португалії U19 - Група вибування Таблиця] id=6Z2FX0df
  Found: 5 candidates, 2 new, 31 permanently skipped

→ Вольфсберг - Рід (67') [АВСТРІЯ: Бундесліга - Група вибування Таблиця]

→ Клуб Америка U21 - Крус Асуль U21 (60') [МЕКСИКА: Ліга MX U21 - Клаусура Таблиця]
  Кф 1X2: 1.72 / 3.91 / 4.12
  Кф 1X2: 2.67 / 3.46 / 2.65
  Desktop: https://www.flashscore.ua/match/soccer/ried-6c17idcf/wolfsberger-xKbLXKij/?mid=p6hhF3YH
  Desktop: https://www.flashscore.ua/match/soccer/club-america-ldZ1IQT8/cruz-azul-zDcqV3DE/?mid=nyksBOdU
  [stats] p6hhF3YH → both, 33 metrics
  Features: quality=1, primary=6, status=both
  Score (windowed): pGoal=0.423, pDry=0.577 | 60-70 → UNDER_0_5 [TG]
  ↻ Re-analysis done (no change)
  [stats] nyksBOdU overall: no data-testid (old=0, any=0, body=148354)
  [stats] nyksBOdU secondHalf: no data-testid (old=0, any=0, body=148354)
  [stats] nyksBOdU → unavailable, 0 metrics
  Features: quality=0, primary=0, status=unavailable
  ✗ No stats at all → permanent skip

Done: 1 analyzed, 1 actionable, 0 TG sent
📌 Tracking 1 active prediction(s)

🔥 RUN #383: analyzed=1, signals=0
⏳ Next scan in 3m...
[19:28:23] Live scan
Opening: https://m.flashscore.ua/?s=2 (minute >= 60, 0:0 only)
Provider health [https://m.flashscore.ua/?s=2]: rows=52, 0:0 total=21, candidates=5
  ⏸ 0:0 ще рано (< 60'):
    29' Тарту Калев - Легіон [ЕСТОНІЯ: Есілііга В Таблиця]
    45' Ебро - Беасайн [ІСПАНІЯ: Сегунда КІФФ - Група 2 Таблиця]
    29' Аморебієта - Герніка Клуб [ІСПАНІЯ: Сегунда КІФФ - Група 2 Таблиця]
    29' Сан-Себастьян Реєс - Хетафе B [ІСПАНІЯ: Сегунда КІФФ - Група 5 Таблиця]
    29' Монтаньяс - Торрелавега [ІСПАНІЯ: Терсера КІФФ - Група 3 Таблиця]
    29' Арандіна - Ла-Вірхен [ІСПАНІЯ: Терсера КІФФ - Група 8 Таблиця]
    29' Паленсія КФ - Атлетіко Тордесільяс [ІСПАНІЯ: Терсера КІФФ - Група 8 Таблиця]
    29' Ротлет Молінар - Сон Кладера [ІСПАНІЯ: Терсера КІФФ - Група 11 Таблиця]
    29' Лас-Пальмас C - Тамарасейте [ІСПАНІЯ: Терсера КІФФ - Група 12 Таблиця]
    29' Тенеріфе C - Яйса [ІСПАНІЯ: Терсера КІФФ - Група 12 Таблиця]
    29' Вільяррубія - Сонсека [ІСПАНІЯ: Терсера КІФФ - Група 18 Таблиця]
    29' Заглембє Сосновець - ЛКС Лодзь II [ПОЛЬЩА: Дивізіон 2 Таблиця]
    29' Сомюр Олімпік - Шоре [ФРАНЦІЯ: Насьональ 2 - Група A Таблиця]
    29' Бурж 18 - Дьєп [ФРАНЦІЯ: Насьональ 2 - Група B Таблиця]
    29' Тьйонвіль - Феньє-Ольнуа [ФРАНЦІЯ: Насьональ 2 - Група B Таблиця]
    29' Цюрих - Лугано [ШВЕЙЦАРІЯ: Суперліга Таблиця]
  ✔ 71' Вольфсберг - Рід [АВСТРІЯ: Бундесліга - Група вибування Таблиця] id=p6hhF3YH
  ✔ 72' Чантреа - Аойс [ІСПАНІЯ: Терсера КІФФ - Група 15 Таблиця] id=YaHMMhEU
  ✔ 63' Клуб Америка U21 - Крус Асуль U21 [МЕКСИКА: Ліга MX U21 - Клаусура Таблиця] id=nyksBOdU
  ✔ 60' УАНЛ Тігрес U21 - Чівас Гвадалахара U21 [МЕКСИКА: Ліга MX U21 - Клаусура Таблиця] id=8ALYE6c5
  ✔ 71' Морейренсе U19 - Феррейра U19 [ПОРТУГАЛІЯ: Чемпіонат Португалії U19 - Група вибування Таблиця] id=6Z2FX0df
  Found: 5 candidates, 2 new, 32 permanently skipped

→ Вольфсберг - Рід (71') [АВСТРІЯ: Бундесліга - Група вибування Таблиця]

→ УАНЛ Тігрес U21 - Чівас Гвадалахара U21 (60') [МЕКСИКА: Ліга MX U21 - Клаусура Таблиця]
  Кф 1X2: 2.38 / 3.31 / 2.79
  Кф 1X2: 2.67 / 3.46 / 2.65
  Desktop: https://www.flashscore.ua/match/soccer/guadalajara-chivas-KvW5YxK6/u-a-n-l-tigres-G6PEWGlJ/?mid=8ALYE6c5
  Desktop: https://www.flashscore.ua/match/soccer/ried-6c17idcf/wolfsberger-xKbLXKij/?mid=p6hhF3YH
  [stats] p6hhF3YH → both, 33 metrics
  Features: quality=1, primary=6, status=both
  Score (windowed): pGoal=0.459, pDry=0.541 | 70-80 → UNDER_0_5 [TG]
  ↻ Re-analysis done (no change)
  [stats] 8ALYE6c5 overall: no data-testid (old=0, any=0, body=148435)
  [stats] 8ALYE6c5 secondHalf: no data-testid (old=0, any=0, body=148435)
  [stats] 8ALYE6c5 → unavailable, 0 metrics
  Features: quality=0, primary=0, status=unavailable
  ✗ No stats at all → permanent skip

Done: 1 analyzed, 1 actionable, 0 TG sent
📌 Tracking 1 active prediction(s)

🔥 RUN #384: analyzed=1, signals=0
⏳ Next scan in 3m...
[19:32:05] Live scan
Opening: https://m.flashscore.ua/?s=2 (minute >= 60, 0:0 only)
Provider health [https://m.flashscore.ua/?s=2]: rows=55, 0:0 total=23, candidates=5
  ⏸ 0:0 ще рано (< 60'):
    32' Тарту Калев - Легіон [ЕСТОНІЯ: Есілііга В Таблиця]
    2' Хімнастік - Мурсія [ІСПАНІЯ: Прімера КІФФ - Група 2 Таблиця]
    46' Ебро - Беасайн [ІСПАНІЯ: Сегунда КІФФ - Група 2 Таблиця]
    32' Аморебієта - Герніка Клуб [ІСПАНІЯ: Сегунда КІФФ - Група 2 Таблиця]
    32' Сан-Себастьян Реєс - Хетафе B [ІСПАНІЯ: Сегунда КІФФ - Група 5 Таблиця]
    32' Монтаньяс - Торрелавега [ІСПАНІЯ: Терсера КІФФ - Група 3 Таблиця]
    2' Альсіра - Хове [ІСПАНІЯ: Терсера КІФФ - Група 6 Таблиця]
    32' Арандіна - Ла-Вірхен [ІСПАНІЯ: Терсера КІФФ - Група 8 Таблиця]
    32' Паленсія КФ - Атлетіко Тордесільяс [ІСПАНІЯ: Терсера КІФФ - Група 8 Таблиця]
    32' Лас-Пальмас C - Тамарасейте [ІСПАНІЯ: Терсера КІФФ - Група 12 Таблиця]
    32' Тенеріфе C - Яйса [ІСПАНІЯ: Терсера КІФФ - Група 12 Таблиця]
    32' Вільяррубія - Сонсека [ІСПАНІЯ: Терсера КІФФ - Група 18 Таблиця]
    2' Хорфаккан - Аль-Батаех [ОБ’ЄДНАНІ АРАБСЬКІ ЕМІРАТИ: Ліга ОАЕ Таблиця]
    32' Заглембє Сосновець - ЛКС Лодзь II [ПОЛЬЩА: Дивізіон 2 Таблиця]
    32' Сомюр Олімпік - Шоре [ФРАНЦІЯ: Насьональ 2 - Група A Таблиця]
    32' Бурж 18 - Дьєп [ФРАНЦІЯ: Насьональ 2 - Група B Таблиця]
    32' Тьйонвіль - Феньє-Ольнуа [ФРАНЦІЯ: Насьональ 2 - Група B Таблиця]
    32' Цюрих - Лугано [ШВЕЙЦАРІЯ: Суперліга Таблиця]
  ✔ 74' Вольфсберг - Рід [АВСТРІЯ: Бундесліга - Група вибування Таблиця] id=p6hhF3YH
  ✔ 76' Чантреа - Аойс [ІСПАНІЯ: Терсера КІФФ - Група 15 Таблиця] id=YaHMMhEU
  ✔ 67' Клуб Америка U21 - Крус Асуль U21 [МЕКСИКА: Ліга MX U21 - Клаусура Таблиця] id=nyksBOdU
  ✔ 64' УАНЛ Тігрес U21 - Чівас Гвадалахара U21 [МЕКСИКА: Ліга MX U21 - Клаусура Таблиця] id=8ALYE6c5
  ✔ 75' Морейренсе U19 - Феррейра U19 [ПОРТУГАЛІЯ: Чемпіонат Португалії U19 - Група вибування Таблиця] id=6Z2FX0df
  Found: 5 candidates, 1 new, 33 permanently skipped

→ Вольфсберг - Рід (74') [АВСТРІЯ: Бундесліга - Група вибування Таблиця]
  Кф 1X2: 2.67 / 3.46 / 2.65
  Desktop: https://www.flashscore.ua/match/soccer/ried-6c17idcf/wolfsberger-xKbLXKij/?mid=p6hhF3YH
  [stats] p6hhF3YH → both, 33 metrics
  Features: quality=1, primary=6, status=both
  Score (windowed): pGoal=0.373, pDry=0.627 | 70-80 → UNDER_0_5 [TG]
  ↻ Re-analysis done (no change)

Done: 1 analyzed, 1 actionable, 0 TG sent
📌 Tracking 1 active prediction(s)

🔥 RUN #385: analyzed=1, signals=0
⏳ Next scan in 3m...
[19:35:21] Live scan
Opening: https://m.flashscore.ua/?s=2 (minute >= 60, 0:0 only)
Provider health [https://m.flashscore.ua/?s=2]: rows=57, 0:0 total=24, candidates=5
  ⏸ 0:0 ще рано (< 60'):
    36' Тарту Калев - Легіон [ЕСТОНІЯ: Есілііга В Таблиця]
    6' Картахена - Антекера [ІСПАНІЯ: Прімера КІФФ - Група 2 Таблиця]
    6' Хімнастік - Мурсія [ІСПАНІЯ: Прімера КІФФ - Група 2 Таблиця]
    49' Ебро - Беасайн [ІСПАНІЯ: Сегунда КІФФ - Група 2 Таблиця]
    36' Аморебієта - Герніка Клуб [ІСПАНІЯ: Сегунда КІФФ - Група 2 Таблиця]
    36' Сан-Себастьян Реєс - Хетафе B [ІСПАНІЯ: Сегунда КІФФ - Група 5 Таблиця]
    36' Монтаньяс - Торрелавега [ІСПАНІЯ: Терсера КІФФ - Група 3 Таблиця]
    6' Альсіра - Хове [ІСПАНІЯ: Терсера КІФФ - Група 6 Таблиця]
    36' Арандіна - Ла-Вірхен [ІСПАНІЯ: Терсера КІФФ - Група 8 Таблиця]
    36' Паленсія КФ - Атлетіко Тордесільяс [ІСПАНІЯ: Терсера КІФФ - Група 8 Таблиця]
    36' Лас-Пальмас C - Тамарасейте [ІСПАНІЯ: Терсера КІФФ - Група 12 Таблиця]
    36' Тенеріфе C - Яйса [ІСПАНІЯ: Терсера КІФФ - Група 12 Таблиця]
    36' Вільяррубія - Сонсека [ІСПАНІЯ: Терсера КІФФ - Група 18 Таблиця]
    6' Хорфаккан - Аль-Батаех [ОБ’ЄДНАНІ АРАБСЬКІ ЕМІРАТИ: Ліга ОАЕ Таблиця]
    36' Заглембє Сосновець - ЛКС Лодзь II [ПОЛЬЩА: Дивізіон 2 Таблиця]
    6' АЖЕЛ - Уакам [СЕНЕГАЛ: Ліга 1 Таблиця]
    36' Бурж 18 - Дьєп [ФРАНЦІЯ: Насьональ 2 - Група B Таблиця]
    36' Тьйонвіль - Феньє-Ольнуа [ФРАНЦІЯ: Насьональ 2 - Група B Таблиця]
    36' Цюрих - Лугано [ШВЕЙЦАРІЯ: Суперліга Таблиця]
  ✔ 78' Вольфсберг - Рід [АВСТРІЯ: Бундесліга - Група вибування Таблиця] id=p6hhF3YH
  ✔ 79' Чантреа - Аойс [ІСПАНІЯ: Терсера КІФФ - Група 15 Таблиця] id=YaHMMhEU
  ✔ 70' Клуб Америка U21 - Крус Асуль U21 [МЕКСИКА: Ліга MX U21 - Клаусура Таблиця] id=nyksBOdU
  ✔ 67' УАНЛ Тігрес U21 - Чівас Гвадалахара U21 [МЕКСИКА: Ліга MX U21 - Клаусура Таблиця] id=8ALYE6c5
  ✔ 78' Морейренсе U19 - Феррейра U19 [ПОРТУГАЛІЯ: Чемпіонат Португалії U19 - Група вибування Таблиця] id=6Z2FX0df
  Found: 5 candidates, 1 new, 33 permanently skipped

→ Вольфсберг - Рід (78') [АВСТРІЯ: Бундесліга - Група вибування Таблиця]
  Кф 1X2: 2.67 / 3.46 / 2.65
  Desktop: https://www.flashscore.ua/match/soccer/ried-6c17idcf/wolfsberger-xKbLXKij/?mid=p6hhF3YH
  [stats] p6hhF3YH → both, 33 metrics
  Features: quality=1, primary=6, status=both
  Score (windowed): pGoal=0.501, pDry=0.499 | 70-80 → SKIP

Done: 1 analyzed, 0 actionable, 0 TG sent
📌 Tracking 1 active prediction(s)

🔥 RUN #386: analyzed=1, signals=0
⏳ Next scan in 3m...
[19:38:38] Live scan
Opening: https://m.flashscore.ua/?s=2 (minute >= 60, 0:0 only)
Provider health [https://m.flashscore.ua/?s=2]: rows=58, 0:0 total=23, candidates=5
  ⏸ 0:0 ще рано (< 60'):
    39' Тарту Калев - Легіон [ЕСТОНІЯ: Есілііга В Таблиця]
    9' Картахена - Антекера [ІСПАНІЯ: Прімера КІФФ - Група 2 Таблиця]
    9' Хімнастік - Мурсія [ІСПАНІЯ: Прімера КІФФ - Група 2 Таблиця]
    53' Ебро - Беасайн [ІСПАНІЯ: Сегунда КІФФ - Група 2 Таблиця]
    39' Аморебієта - Герніка Клуб [ІСПАНІЯ: Сегунда КІФФ - Група 2 Таблиця]
    39' Сан-Себастьян Реєс - Хетафе B [ІСПАНІЯ: Сегунда КІФФ - Група 5 Таблиця]
    39' Монтаньяс - Торрелавега [ІСПАНІЯ: Терсера КІФФ - Група 3 Таблиця]
    9' Торіна - Ларедо [ІСПАНІЯ: Терсера КІФФ - Група 3 Таблиця]
    39' Арандіна - Ла-Вірхен [ІСПАНІЯ: Терсера КІФФ - Група 8 Таблиця]
    39' Паленсія КФ - Атлетіко Тордесільяс [ІСПАНІЯ: Терсера КІФФ - Група 8 Таблиця]
    39' Лас-Пальмас C - Тамарасейте [ІСПАНІЯ: Терсера КІФФ - Група 12 Таблиця]
    39' Вільяррубія - Сонсека [ІСПАНІЯ: Терсера КІФФ - Група 18 Таблиця]
    9' Хорфаккан - Аль-Батаех [ОБ’ЄДНАНІ АРАБСЬКІ ЕМІРАТИ: Ліга ОАЕ Таблиця]
    39' Заглембє Сосновець - ЛКС Лодзь II [ПОЛЬЩА: Дивізіон 2 Таблиця]
    9' АЖЕЛ - Уакам [СЕНЕГАЛ: Ліга 1 Таблиця]
    39' Бурж 18 - Дьєп [ФРАНЦІЯ: Насьональ 2 - Група B Таблиця]
    39' Тьйонвіль - Феньє-Ольнуа [ФРАНЦІЯ: Насьональ 2 - Група B Таблиця]
    39' Цюрих - Лугано [ШВЕЙЦАРІЯ: Суперліга Таблиця]
  ✔ 81' Вольфсберг - Рід [АВСТРІЯ: Бундесліга - Група вибування Таблиця] id=p6hhF3YH
  ✔ 83' Чантреа - Аойс [ІСПАНІЯ: Терсера КІФФ - Група 15 Таблиця] id=YaHMMhEU
  ✔ 74' Клуб Америка U21 - Крус Асуль U21 [МЕКСИКА: Ліга MX U21 - Клаусура Таблиця] id=nyksBOdU
  ✔ 71' УАНЛ Тігрес U21 - Чівас Гвадалахара U21 [МЕКСИКА: Ліга MX U21 - Клаусура Таблиця] id=8ALYE6c5
  ✔ 81' Морейренсе U19 - Феррейра U19 [ПОРТУГАЛІЯ: Чемпіонат Португалії U19 - Група вибування Таблиця] id=6Z2FX0df
  Found: 5 candidates, 1 new, 33 permanently skipped

→ Вольфсберг - Рід (81') [АВСТРІЯ: Бундесліга - Група вибування Таблиця]
  Кф 1X2: 2.67 / 3.46 / 2.65
  Desktop: https://www.flashscore.ua/match/soccer/ried-6c17idcf/wolfsberger-xKbLXKij/?mid=p6hhF3YH
  [stats] p6hhF3YH → both, 33 metrics
  Features: quality=1, primary=6, status=both
  Score (windowed): pGoal=0.561, pDry=0.439 | 80-90+ → OVER_0_5 [TG]
Message sent to Telegram
  ✓ Telegram update sent (Фліп ТМ→ТБ (оновлення сценарію))

Done: 1 analyzed, 1 actionable, 1 TG sent
📌 Tracking 1 active prediction(s)

🔥 RUN #387: analyzed=1, signals=1
⏳ Next scan in 3m...
[19:41:54] Live scan
Opening: https://m.flashscore.ua/?s=2 (minute >= 60, 0:0 only)
Provider health [https://m.flashscore.ua/?s=2]: rows=58, 0:0 total=22, candidates=4
  ⏸ 0:0 ще рано (< 60'):
    42' Тарту Калев - Легіон [ЕСТОНІЯ: Есілііга В Таблиця]
    12' Картахена - Антекера [ІСПАНІЯ: Прімера КІФФ - Група 2 Таблиця]
    12' Хімнастік - Мурсія [ІСПАНІЯ: Прімера КІФФ - Група 2 Таблиця]
    55' Ебро - Беасайн [ІСПАНІЯ: Сегунда КІФФ - Група 2 Таблиця]
    42' Аморебієта - Герніка Клуб [ІСПАНІЯ: Сегунда КІФФ - Група 2 Таблиця]
    42' Сан-Себастьян Реєс - Хетафе B [ІСПАНІЯ: Сегунда КІФФ - Група 5 Таблиця]
    42' Монтаньяс - Торрелавега [ІСПАНІЯ: Терсера КІФФ - Група 3 Таблиця]
    12' Торіна - Ларедо [ІСПАНІЯ: Терсера КІФФ - Група 3 Таблиця]
    42' Арандіна - Ла-Вірхен [ІСПАНІЯ: Терсера КІФФ - Група 8 Таблиця]
    42' Паленсія КФ - Атлетіко Тордесільяс [ІСПАНІЯ: Терсера КІФФ - Група 8 Таблиця]
    42' Лас-Пальмас C - Тамарасейте [ІСПАНІЯ: Терсера КІФФ - Група 12 Таблиця]
    42' Вільяррубія - Сонсека [ІСПАНІЯ: Терсера КІФФ - Група 18 Таблиця]
    12' Хорфаккан - Аль-Батаех [ОБ’ЄДНАНІ АРАБСЬКІ ЕМІРАТИ: Ліга ОАЕ Таблиця]
    42' Заглембє Сосновець - ЛКС Лодзь II [ПОЛЬЩА: Дивізіон 2 Таблиця]
    12' АЖЕЛ - Уакам [СЕНЕГАЛ: Ліга 1 Таблиця]
    42' Бурж 18 - Дьєп [ФРАНЦІЯ: Насьональ 2 - Група B Таблиця]
    42' Тьйонвіль - Феньє-Ольнуа [ФРАНЦІЯ: Насьональ 2 - Група B Таблиця]
    42' Цюрих - Лугано [ШВЕЙЦАРІЯ: Суперліга Таблиця]
  ✔ 83' Вольфсберг - Рід [АВСТРІЯ: Бундесліга - Група вибування Таблиця] id=p6hhF3YH
  ✔ 85' Чантреа - Аойс [ІСПАНІЯ: Терсера КІФФ - Група 15 Таблиця] id=YaHMMhEU
  ✔ 76' Клуб Америка U21 - Крус Асуль U21 [МЕКСИКА: Ліга MX U21 - Клаусура Таблиця] id=nyksBOdU
  ✔ 73' УАНЛ Тігрес U21 - Чівас Гвадалахара U21 [МЕКСИКА: Ліга MX U21 - Клаусура Таблиця] id=8ALYE6c5
  Found: 4 candidates, 1 new, 33 permanently skipped

→ Вольфсберг - Рід (83') [АВСТРІЯ: Бундесліга - Група вибування Таблиця]
  Кф 1X2: 2.67 / 3.46 / 2.65
  Desktop: https://www.flashscore.ua/match/soccer/ried-6c17idcf/wolfsberger-xKbLXKij/?mid=p6hhF3YH
  [stats] p6hhF3YH → both, 33 metrics
  Features: quality=1, primary=6, status=both
  Score (windowed): pGoal=0.627, pDry=0.373 | 80-90+ → OVER_0_5 [TG]
  ↻ Re-analysis done (no change)

Done: 1 analyzed, 1 actionable, 0 TG sent
📌 Tracking 1 active prediction(s)

🔥 RUN #388: analyzed=1, signals=0
⏳ Next scan in 3m...
[19:45:09] Live scan
Opening: https://m.flashscore.ua/?s=2 (minute >= 60, 0:0 only)
Provider health [https://m.flashscore.ua/?s=2]: rows=57, 0:0 total=18, candidates=2
  ⏸ 0:0 ще рано (< 60'):
    45' Тарту Калев - Легіон [ЕСТОНІЯ: Есілііга В Таблиця]
    15' Картахена - Антекера [ІСПАНІЯ: Прімера КІФФ - Група 2 Таблиця]
    59' Ебро - Беасайн [ІСПАНІЯ: Сегунда КІФФ - Група 2 Таблиця]
    45' Сан-Себастьян Реєс - Хетафе B [ІСПАНІЯ: Сегунда КІФФ - Група 5 Таблиця]
    45' Монтаньяс - Торрелавега [ІСПАНІЯ: Терсера КІФФ - Група 3 Таблиця]
    15' Торіна - Ларедо [ІСПАНІЯ: Терсера КІФФ - Група 3 Таблиця]
    45' Арандіна - Ла-Вірхен [ІСПАНІЯ: Терсера КІФФ - Група 8 Таблиця]
    45' Паленсія КФ - Атлетіко Тордесільяс [ІСПАНІЯ: Терсера КІФФ - Група 8 Таблиця]
    45' Лас-Пальмас C - Тамарасейте [ІСПАНІЯ: Терсера КІФФ - Група 12 Таблиця]
    45' Вільяррубія - Сонсека [ІСПАНІЯ: Терсера КІФФ - Група 18 Таблиця]
    15' Хорфаккан - Аль-Батаех [ОБ’ЄДНАНІ АРАБСЬКІ ЕМІРАТИ: Ліга ОАЕ Таблиця]
    45' Заглембє Сосновець - ЛКС Лодзь II [ПОЛЬЩА: Дивізіон 2 Таблиця]
    15' АЖЕЛ - Уакам [СЕНЕГАЛ: Ліга 1 Таблиця]
    45' Бурж 18 - Дьєп [ФРАНЦІЯ: Насьональ 2 - Група B Таблиця]
    45' Тьйонвіль - Феньє-Ольнуа [ФРАНЦІЯ: Насьональ 2 - Група B Таблиця]
    45' Цюрих - Лугано [ШВЕЙЦАРІЯ: Суперліга Таблиця]
  ✔ 87' Вольфсберг - Рід [АВСТРІЯ: Бундесліга - Група вибування Таблиця] id=p6hhF3YH
  ✔ 89' Чантреа - Аойс [ІСПАНІЯ: Терсера КІФФ - Група 15 Таблиця] id=YaHMMhEU
  Found: 2 candidates, 1 new, 33 permanently skipped

→ Вольфсберг - Рід (87') [АВСТРІЯ: Бундесліга - Група вибування Таблиця]
  Кф 1X2: 2.67 / 3.46 / 2.65
  Desktop: https://www.flashscore.ua/match/soccer/ried-6c17idcf/wolfsberger-xKbLXKij/?mid=p6hhF3YH
  [stats] p6hhF3YH → both, 33 metrics
  Features: quality=1, primary=6, status=both
  Score (windowed): pGoal=0.845, pDry=0.155 | 80-90+ → OVER_0_5 [TG]
  ↻ Re-analysis done (no change)

Done: 1 analyzed, 1 actionable, 0 TG sent
📌 Tracking 1 active prediction(s)

🔥 RUN #389: analyzed=1, signals=0
⏳ Next scan in 3m...
[19:48:25] Live scan
Opening: https://m.flashscore.ua/?s=2 (minute >= 60, 0:0 only)
Provider health [https://m.flashscore.ua/?s=2]: rows=57, 0:0 total=17, candidates=1
  ⏸ 0:0 ще рано (< 60'):
    19' Картахена - Антекера [ІСПАНІЯ: Прімера КІФФ - Група 2 Таблиця]
    45' Монтаньяс - Торрелавега [ІСПАНІЯ: Терсера КІФФ - Група 3 Таблиця]
    19' Торіна - Ларедо [ІСПАНІЯ: Терсера КІФФ - Група 3 Таблиця]
    45' Арандіна - Ла-Вірхен [ІСПАНІЯ: Терсера КІФФ - Група 8 Таблиця]
    45' Паленсія КФ - Атлетіко Тордесільяс [ІСПАНІЯ: Терсера КІФФ - Група 8 Таблиця]
    45' Вільяррубія - Сонсека [ІСПАНІЯ: Терсера КІФФ - Група 18 Таблиця]
    19' Хорфаккан - Аль-Батаех [ОБ’ЄДНАНІ АРАБСЬКІ ЕМІРАТИ: Ліга ОАЕ Таблиця]
    19' АЖЕЛ - Уакам [СЕНЕГАЛ: Ліга 1 Таблиця]
  ✔ 63' Ебро - Беасайн [ІСПАНІЯ: Сегунда КІФФ - Група 2 Таблиця] id=xQFBKYFq
  Found: 1 candidates, 1 new, 33 permanently skipped

→ Ебро - Беасайн (63') [ІСПАНІЯ: Сегунда КІФФ - Група 2 Таблиця]
  Кф 1X2: 2.13 / 3.32 / 3.37
  Desktop: https://www.flashscore.ua/match/soccer/beasain-bsKMYEn7/ebro-b7R6D073/?mid=xQFBKYFq
  [stats] xQFBKYFq overall: no data-testid (old=0, any=0, body=148186)
  [stats] xQFBKYFq secondHalf: no data-testid (old=0, any=0, body=148186)
  [stats] xQFBKYFq → unavailable, 0 metrics
  Features: quality=0, primary=0, status=unavailable
  ✗ No stats at all → permanent skip

Done: 0 analyzed, 0 actionable, 0 TG sent

🔍 Checking 1 possibly finished match(es)...
  ⏳ Вольфсберг - Рід: still live 0:0
📌 Tracking 1 active prediction(s)

🔥 RUN #390: analyzed=0, signals=0
⏳ Next scan in 3m...
[19:52:08] Live scan
Opening: https://m.flashscore.ua/?s=2 (minute >= 60, 0:0 only)
Provider health [https://m.flashscore.ua/?s=2]: rows=53, 0:0 total=17, candidates=1
  ⏸ 0:0 ще рано (< 60'):
    45' Тарту Калев - Легіон [ЕСТОНІЯ: Есілііга В Таблиця]
    23' Картахена - Антекера [ІСПАНІЯ: Прімера КІФФ - Група 2 Таблиця]
    45' Сан-Себастьян Реєс - Хетафе B [ІСПАНІЯ: Сегунда КІФФ - Група 5 Таблиця]
    8' Луго B - Гран Пенья [ІСПАНІЯ: Терсера КІФФ - Група 1 Таблиця]
    45' Монтаньяс - Торрелавега [ІСПАНІЯ: Терсера КІФФ - Група 3 Таблиця]
    23' Торіна - Ларедо [ІСПАНІЯ: Терсера КІФФ - Група 3 Таблиця]
    45' Арандіна - Ла-Вірхен [ІСПАНІЯ: Терсера КІФФ - Група 8 Таблиця]
    45' Паленсія КФ - Атлетіко Тордесільяс [ІСПАНІЯ: Терсера КІФФ - Група 8 Таблиця]
    45' Вільяррубія - Сонсека [ІСПАНІЯ: Терсера КІФФ - Група 18 Таблиця]
    23' Хорфаккан - Аль-Батаех [ОБ’ЄДНАНІ АРАБСЬКІ ЕМІРАТИ: Ліга ОАЕ Таблиця]
    45' Заглембє Сосновець - ЛКС Лодзь II [ПОЛЬЩА: Дивізіон 2 Таблиця]
    23' АЖЕЛ - Уакам [СЕНЕГАЛ: Ліга 1 Таблиця]
    45' Бурж 18 - Дьєп [ФРАНЦІЯ: Насьональ 2 - Група B Таблиця]
    45' Тьйонвіль - Феньє-Ольнуа [ФРАНЦІЯ: Насьональ 2 - Група B Таблиця]
    45' Цюрих - Лугано [ШВЕЙЦАРІЯ: Суперліга Таблиця]
  ✔ 66' Ебро - Беасайн [ІСПАНІЯ: Сегунда КІФФ - Група 2 Таблиця] id=xQFBKYFq
  Found: 1 candidates, 0 new, 34 permanently skipped

Done: 0 analyzed, 0 actionable, 0 TG sent

🔍 Checking 1 possibly finished match(es)...
  ⚽ Вольфсберг - Рід: 0:0 [FT] → ❌ MISS (bet=OVER_0_5)
Message sent to Telegram
  ✓ Telegram result sent (FT)

🔥 RUN #391: analyzed=0, signals=0
⏳ Next scan in 3m...
[19:55:15] Live scan
Opening: https://m.flashscore.ua/?s=2 (minute >= 60, 0:0 only)
Provider health [https://m.flashscore.ua/?s=2]: rows=46, 0:0 total=17, candidates=1
  ⏸ 0:0 ще рано (< 60'):
    45' Тарту Калев - Легіон [ЕСТОНІЯ: Есілііга В Таблиця]
    26' Картахена - Антекера [ІСПАНІЯ: Прімера КІФФ - Група 2 Таблиця]
    45' Сан-Себастьян Реєс - Хетафе B [ІСПАНІЯ: Сегунда КІФФ - Група 5 Таблиця]
    11' Луго B - Гран Пенья [ІСПАНІЯ: Терсера КІФФ - Група 1 Таблиця]
    45' Монтаньяс - Торрелавега [ІСПАНІЯ: Терсера КІФФ - Група 3 Таблиця]
    26' Торіна - Ларедо [ІСПАНІЯ: Терсера КІФФ - Група 3 Таблиця]
    45' Арандіна - Ла-Вірхен [ІСПАНІЯ: Терсера КІФФ - Група 8 Таблиця]
    45' Паленсія КФ - Атлетіко Тордесільяс [ІСПАНІЯ: Терсера КІФФ - Група 8 Таблиця]
    45' Вільяррубія - Сонсека [ІСПАНІЯ: Терсера КІФФ - Група 18 Таблиця]
    26' Хорфаккан - Аль-Батаех [ОБ’ЄДНАНІ АРАБСЬКІ ЕМІРАТИ: Ліга ОАЕ Таблиця]
    45' Заглембє Сосновець - ЛКС Лодзь II [ПОЛЬЩА: Дивізіон 2 Таблиця]
    26' АЖЕЛ - Уакам [СЕНЕГАЛ: Ліга 1 Таблиця]
    45' Бурж 18 - Дьєп [ФРАНЦІЯ: Насьональ 2 - Група B Таблиця]
    45' Тьйонвіль - Феньє-Ольнуа [ФРАНЦІЯ: Насьональ 2 - Група B Таблиця]
    45' Цюрих - Лугано [ШВЕЙЦАРІЯ: Суперліга Таблиця]
  ✔ 69' Ебро - Беасайн [ІСПАНІЯ: Сегунда КІФФ - Група 2 Таблиця] id=xQFBKYFq
  Found: 1 candidates, 0 new, 34 permanently skipped

Done: 0 analyzed, 0 actionable, 0 TG sent

🔥 RUN #392: analyzed=0, signals=0
⏳ Next scan in 3m...
[19:58:19] Live scan
Opening: https://m.flashscore.ua/?s=2 (minute >= 60, 0:0 only)
Provider health [https://m.flashscore.ua/?s=2]: rows=45, 0:0 total=16, candidates=0
  ⏸ 0:0 ще рано (< 60'):
    45' Тарту Калев - Легіон [ЕСТОНІЯ: Есілііга В Таблиця]
    28' Картахена - Антекера [ІСПАНІЯ: Прімера КІФФ - Група 2 Таблиця]
    45' Сан-Себастьян Реєс - Хетафе B [ІСПАНІЯ: Сегунда КІФФ - Група 5 Таблиця]
    13' Луго B - Гран Пенья [ІСПАНІЯ: Терсера КІФФ - Група 1 Таблиця]
    45' Монтаньяс - Торрелавега [ІСПАНІЯ: Терсера КІФФ - Група 3 Таблиця]
    28' Торіна - Ларедо [ІСПАНІЯ: Терсера КІФФ - Група 3 Таблиця]
    45' Арандіна - Ла-Вірхен [ІСПАНІЯ: Терсера КІФФ - Група 8 Таблиця]
    45' Паленсія КФ - Атлетіко Тордесільяс [ІСПАНІЯ: Терсера КІФФ - Група 8 Таблиця]
    45' Вільяррубія - Сонсека [ІСПАНІЯ: Терсера КІФФ - Група 18 Таблиця]
    28' Хорфаккан - Аль-Батаех [ОБ’ЄДНАНІ АРАБСЬКІ ЕМІРАТИ: Ліга ОАЕ Таблиця]
    45' Заглембє Сосновець - ЛКС Лодзь II [ПОЛЬЩА: Дивізіон 2 Таблиця]
    28' АЖЕЛ - Уакам [СЕНЕГАЛ: Ліга 1 Таблиця]
    45' Бурж 18 - Дьєп [ФРАНЦІЯ: Насьональ 2 - Група B Таблиця]
    45' Тьйонвіль - Феньє-Ольнуа [ФРАНЦІЯ: Насьональ 2 - Група B Таблиця]
    45' Цюрих - Лугано [ШВЕЙЦАРІЯ: Суперліга Таблиця]
  Found: 0 candidates, 0 new, 34 permanently skipped

Done: 0 analyzed, 0 actionable, 0 TG sent

🔥 RUN #393: analyzed=0, signals=0
⏳ Next scan in 3m...
[20:01:23] Live scan
Opening: https://m.flashscore.ua/?s=2 (minute >= 60, 0:0 only)
Provider health [https://m.flashscore.ua/?s=2]: rows=38, 0:0 total=14, candidates=0
  ⏸ 0:0 ще рано (< 60'):
    45' Тарту Калев - Легіон [ЕСТОНІЯ: Есілііга В Таблиця]
    32' Картахена - Антекера [ІСПАНІЯ: Прімера КІФФ - Група 2 Таблиця]
    17' Луго B - Гран Пенья [ІСПАНІЯ: Терсера КІФФ - Група 1 Таблиця]
    45' Монтаньяс - Торрелавега [ІСПАНІЯ: Терсера КІФФ - Група 3 Таблиця]
    32' Торіна - Ларедо [ІСПАНІЯ: Терсера КІФФ - Група 3 Таблиця]
    45' Арандіна - Ла-Вірхен [ІСПАНІЯ: Терсера КІФФ - Група 8 Таблиця]
    45' Паленсія КФ - Атлетіко Тордесільяс [ІСПАНІЯ: Терсера КІФФ - Група 8 Таблиця]
    45' Вільяррубія - Сонсека [ІСПАНІЯ: Терсера КІФФ - Група 18 Таблиця]
    32' Хорфаккан - Аль-Батаех [ОБ’ЄДНАНІ АРАБСЬКІ ЕМІРАТИ: Ліга ОАЕ Таблиця]
    32' АЖЕЛ - Уакам [СЕНЕГАЛ: Ліга 1 Таблиця]
    45' Бурж 18 - Дьєп [ФРАНЦІЯ: Насьональ 2 - Група B Таблиця]
    45' Тьйонвіль - Феньє-Ольнуа [ФРАНЦІЯ: Насьональ 2 - Група B Таблиця]
    45' Цюрих - Лугано [ШВЕЙЦАРІЯ: Суперліга Таблиця]
  Found: 0 candidates, 0 new, 34 permanently skipped

Done: 0 analyzed, 0 actionable, 0 TG sent

🔥 RUN #394: analyzed=0, signals=0
⏳ Next scan in 3m...
[20:04:27] Live scan
Opening: https://m.flashscore.ua/?s=2 (minute >= 60, 0:0 only)
Provider health [https://m.flashscore.ua/?s=2]: rows=38, 0:0 total=19, candidates=0
  ⏸ 0:0 ще рано (< 60'):
    48' Тарту Калев - Легіон [ЕСТОНІЯ: Есілііга В Таблиця]
    5' Нетанія - Хапоель Хайфа [ІЗРАЇЛЬ: Прем'єр-ліга Таблиця]
    5' Сахнін - Маккабі Бней-Райна [ІЗРАЇЛЬ: Прем'єр-ліга Таблиця]
    5' Хапоель Петах-Тіква - Хапоель Тель-Авів [ІЗРАЇЛЬ: Прем'єр-ліга Таблиця]
    35' Картахена - Антекера [ІСПАНІЯ: Прімера КІФФ - Група 2 Таблиця]
    20' Луго B - Гран Пенья [ІСПАНІЯ: Терсера КІФФ - Група 1 Таблиця]
    45' Монтаньяс - Торрелавега [ІСПАНІЯ: Терсера КІФФ - Група 3 Таблиця]
    35' Торіна - Ларедо [ІСПАНІЯ: Терсера КІФФ - Група 3 Таблиця]
    45' Арандіна - Ла-Вірхен [ІСПАНІЯ: Терсера КІФФ - Група 8 Таблиця]
    45' Паленсія КФ - Атлетіко Тордесільяс [ІСПАНІЯ: Терсера КІФФ - Група 8 Таблиця]
    45' Вільяррубія - Сонсека [ІСПАНІЯ: Терсера КІФФ - Група 18 Таблиця]
    35' Хорфаккан - Аль-Батаех [ОБ’ЄДНАНІ АРАБСЬКІ ЕМІРАТИ: Ліга ОАЕ Таблиця]
    5' Шавіш - Торреенсе [ПОРТУГАЛІЯ: Ліга Португалії 2 Таблиця]
    35' АЖЕЛ - Уакам [СЕНЕГАЛ: Ліга 1 Таблиця]
    5' Валлі Даан - АСК ХЛМ [СЕНЕГАЛ: Ліга 1 Таблиця]
    5' Рудар Веленьє - Ілірія [СЛОВЕНІЯ: Друга ліга Таблиця]
    45' Бурж 18 - Дьєп [ФРАНЦІЯ: Насьональ 2 - Група B Таблиця]
    45' Тьйонвіль - Феньє-Ольнуа [ФРАНЦІЯ: Насьональ 2 - Група B Таблиця]
    45' Цюрих - Лугано [ШВЕЙЦАРІЯ: Суперліга Таблиця]
  Found: 0 candidates, 0 new, 34 permanently skipped

Done: 0 analyzed, 0 actionable, 0 TG sent

🔥 RUN #395: analyzed=0, signals=0
⏳ Next scan in 3m...
[20:07:31] Live scan
Opening: https://m.flashscore.ua/?s=2 (minute >= 60, 0:0 only)
Provider health [https://m.flashscore.ua/?s=2]: rows=38, 0:0 total=17, candidates=0
  ⏸ 0:0 ще рано (< 60'):
    51' Тарту Калев - Легіон [ЕСТОНІЯ: Есілііга В Таблиця]
    8' Нетанія - Хапоель Хайфа [ІЗРАЇЛЬ: Прем'єр-ліга Таблиця]
    8' Сахнін - Маккабі Бней-Райна [ІЗРАЇЛЬ: Прем'єр-ліга Таблиця]
    8' Хапоель Петах-Тіква - Хапоель Тель-Авів [ІЗРАЇЛЬ: Прем'єр-ліга Таблиця]
    23' Луго B - Гран Пенья [ІСПАНІЯ: Терсера КІФФ - Група 1 Таблиця]
    45' Монтаньяс - Торрелавега [ІСПАНІЯ: Терсера КІФФ - Група 3 Таблиця]
    38' Торіна - Ларедо [ІСПАНІЯ: Терсера КІФФ - Група 3 Таблиця]
    45' Паленсія КФ - Атлетіко Тордесільяс [ІСПАНІЯ: Терсера КІФФ - Група 8 Таблиця]
    47' Вільяррубія - Сонсека [ІСПАНІЯ: Терсера КІФФ - Група 18 Таблиця]
    38' Хорфаккан - Аль-Батаех [ОБ’ЄДНАНІ АРАБСЬКІ ЕМІРАТИ: Ліга ОАЕ Таблиця]
    8' Шавіш - Торреенсе [ПОРТУГАЛІЯ: Ліга Португалії 2 Таблиця]
    38' АЖЕЛ - Уакам [СЕНЕГАЛ: Ліга 1 Таблиця]
    8' Валлі Даан - АСК ХЛМ [СЕНЕГАЛ: Ліга 1 Таблиця]
    8' Рудар Веленьє - Ілірія [СЛОВЕНІЯ: Друга ліга Таблиця]
    48' Бурж 18 - Дьєп [ФРАНЦІЯ: Насьональ 2 - Група B Таблиця]
    47' Тьйонвіль - Феньє-Ольнуа [ФРАНЦІЯ: Насьональ 2 - Група B Таблиця]
    47' Цюрих - Лугано [ШВЕЙЦАРІЯ: Суперліга Таблиця]
  Found: 0 candidates, 0 new, 34 permanently skipped

Done: 0 analyzed, 0 actionable, 0 TG sent

🔥 RUN #396: analyzed=0, signals=0
⏳ Next scan in 3m...
[20:10:37] Live scan
Opening: https://m.flashscore.ua/?s=2 (minute >= 60, 0:0 only)
Provider health [https://m.flashscore.ua/?s=2]: rows=37, 0:0 total=18, candidates=0
  ⏸ 0:0 ще рано (< 60'):
    54' Тарту Калев - Легіон [ЕСТОНІЯ: Есілііга В Таблиця]
    11' Нетанія - Хапоель Хайфа [ІЗРАЇЛЬ: Прем'єр-ліга Таблиця]
    11' Сахнін - Маккабі Бней-Райна [ІЗРАЇЛЬ: Прем'єр-ліга Таблиця]
    11' Хапоель Петах-Тіква - Хапоель Тель-Авів [ІЗРАЇЛЬ: Прем'єр-ліга Таблиця]
    26' Луго B - Гран Пенья [ІСПАНІЯ: Терсера КІФФ - Група 1 Таблиця]
    45' Монтаньяс - Торрелавега [ІСПАНІЯ: Терсера КІФФ - Група 3 Таблиця]
    41' Торіна - Ларедо [ІСПАНІЯ: Терсера КІФФ - Група 3 Таблиця]
    45' Паленсія КФ - Атлетіко Тордесільяс [ІСПАНІЯ: Терсера КІФФ - Група 8 Таблиця]
    50' Вільяррубія - Сонсека [ІСПАНІЯ: Терсера КІФФ - Група 18 Таблиця]
    11' Сент-Ендрюс - Свікі [МАЛЬТА: Челлендж-ліга - Група підвищення у класі Таблиця]
    41' Хорфаккан - Аль-Батаех [ОБ’ЄДНАНІ АРАБСЬКІ ЕМІРАТИ: Ліга ОАЕ Таблиця]
    11' Шавіш - Торреенсе [ПОРТУГАЛІЯ: Ліга Португалії 2 Таблиця]
    41' АЖЕЛ - Уакам [СЕНЕГАЛ: Ліга 1 Таблиця]
    11' Валлі Даан - АСК ХЛМ [СЕНЕГАЛ: Ліга 1 Таблиця]
    11' Рудар Веленьє - Ілірія [СЛОВЕНІЯ: Друга ліга Таблиця]
    51' Бурж 18 - Дьєп [ФРАНЦІЯ: Насьональ 2 - Група B Таблиця]
    50' Тьйонвіль - Феньє-Ольнуа [ФРАНЦІЯ: Насьональ 2 - Група B Таблиця]
    50' Цюрих - Лугано [ШВЕЙЦАРІЯ: Суперліга Таблиця]
  Found: 0 candidates, 0 new, 34 permanently skipped

Done: 0 analyzed, 0 actionable, 0 TG sent

🔥 RUN #397: analyzed=0, signals=0
Message sent to Telegram
⏳ Next scan in 3m...
[20:13:42] Live scan
Opening: https://m.flashscore.ua/?s=2 (minute >= 60, 0:0 only)
Provider health [https://m.flashscore.ua/?s=2]: rows=39, 0:0 total=18, candidates=0
  ⏸ 0:0 ще рано (< 60'):
    57' Тарту Калев - Легіон [ЕСТОНІЯ: Есілііга В Таблиця]
    14' Нетанія - Хапоель Хайфа [ІЗРАЇЛЬ: Прем'єр-ліга Таблиця]
    14' Хапоель Петах-Тіква - Хапоель Тель-Авів [ІЗРАЇЛЬ: Прем'єр-ліга Таблиця]
    29' Луго B - Гран Пенья [ІСПАНІЯ: Терсера КІФФ - Група 1 Таблиця]
    45' Монтаньяс - Торрелавега [ІСПАНІЯ: Терсера КІФФ - Група 3 Таблиця]
    44' Торіна - Ларедо [ІСПАНІЯ: Терсера КІФФ - Група 3 Таблиця]
    45' Паленсія КФ - Атлетіко Тордесільяс [ІСПАНІЯ: Терсера КІФФ - Група 8 Таблиця]
    54' Вільяррубія - Сонсека [ІСПАНІЯ: Терсера КІФФ - Група 18 Таблиця]
    14' Сент-Ендрюс - Свікі [МАЛЬТА: Челлендж-ліга - Група підвищення у класі Таблиця]
    14' Леонес Негрос 2 - Трітонес Вальярта [МЕКСИКА: Ліга Прем'єр Серія А Таблиця]
    44' Хорфаккан - Аль-Батаех [ОБ’ЄДНАНІ АРАБСЬКІ ЕМІРАТИ: Ліга ОАЕ Таблиця]
    14' Шавіш - Торреенсе [ПОРТУГАЛІЯ: Ліга Португалії 2 Таблиця]
    44' АЖЕЛ - Уакам [СЕНЕГАЛ: Ліга 1 Таблиця]
    14' Валлі Даан - АСК ХЛМ [СЕНЕГАЛ: Ліга 1 Таблиця]
    14' Рудар Веленьє - Ілірія [СЛОВЕНІЯ: Друга ліга Таблиця]
    54' Бурж 18 - Дьєп [ФРАНЦІЯ: Насьональ 2 - Група B Таблиця]
    53' Тьйонвіль - Феньє-Ольнуа [ФРАНЦІЯ: Насьональ 2 - Група B Таблиця]
    53' Цюрих - Лугано [ШВЕЙЦАРІЯ: Суперліга Таблиця]
  Found: 0 candidates, 0 new, 34 permanently skipped

Done: 0 analyzed, 0 actionable, 0 TG sent

🔥 RUN #398: analyzed=0, signals=0
⏳ Next scan in 3m...
[20:16:46] Live scan
Opening: https://m.flashscore.ua/?s=2 (minute >= 60, 0:0 only)
Provider health [https://m.flashscore.ua/?s=2]: rows=38, 0:0 total=18, candidates=1
  ⏸ 0:0 ще рано (< 60'):
    17' Нетанія - Хапоель Хайфа [ІЗРАЇЛЬ: Прем'єр-ліга Таблиця]
    17' Хапоель Петах-Тіква - Хапоель Тель-Авів [ІЗРАЇЛЬ: Прем'єр-ліга Таблиця]
    32' Луго B - Гран Пенья [ІСПАНІЯ: Терсера КІФФ - Група 1 Таблиця]
    52' Монтаньяс - Торрелавега [ІСПАНІЯ: Терсера КІФФ - Група 3 Таблиця]
    52' Паленсія КФ - Атлетіко Тордесільяс [ІСПАНІЯ: Терсера КІФФ - Група 8 Таблиця]
    56' Вільяррубія - Сонсека [ІСПАНІЯ: Терсера КІФФ - Група 18 Таблиця]
    17' Сент-Ендрюс - Свікі [МАЛЬТА: Челлендж-ліга - Група підвищення у класі Таблиця]
    17' Леонес Негрос 2 - Трітонес Вальярта [МЕКСИКА: Ліга Прем'єр Серія А Таблиця]
    17' Шавіш - Торреенсе [ПОРТУГАЛІЯ: Ліга Португалії 2 Таблиця]
    17' Валлі Даан - АСК ХЛМ [СЕНЕГАЛ: Ліга 1 Таблиця]
    17' Рудар Веленьє - Ілірія [СЛОВЕНІЯ: Друга ліга Таблиця]
    57' Бурж 18 - Дьєп [ФРАНЦІЯ: Насьональ 2 - Група B Таблиця]
    56' Тьйонвіль - Феньє-Ольнуа [ФРАНЦІЯ: Насьональ 2 - Група B Таблиця]
    56' Цюрих - Лугано [ШВЕЙЦАРІЯ: Суперліга Таблиця]
  ✔ 60' Тарту Калев - Легіон [ЕСТОНІЯ: Есілііга В Таблиця] id=GbnGkkm3
  Found: 1 candidates, 1 new, 34 permanently skipped

→ Тарту Калев - Легіон (60') [ЕСТОНІЯ: Есілііга В Таблиця]
  Кф 1X2: 1.06 / 11.9 / 18.8
  Desktop: https://www.flashscore.ua/match/soccer/legion-vyN9Mt9s/tartu-kalev-hKWevrb3/?mid=GbnGkkm3
  [stats] GbnGkkm3 overall: no data-testid (old=0, any=0, body=148217)
  [stats] GbnGkkm3 secondHalf: no data-testid (old=0, any=0, body=148217)
  [stats] GbnGkkm3 → unavailable, 0 metrics
  Features: quality=0, primary=0, status=unavailable
  ✗ No stats at all → permanent skip

Done: 0 analyzed, 0 actionable, 0 TG sent

🔥 RUN #399: analyzed=0, signals=0
⏳ Next scan in 3m...
[20:20:28] Live scan
Opening: https://m.flashscore.ua/?s=2 (minute >= 60, 0:0 only)
Provider health [https://m.flashscore.ua/?s=2]: rows=38, 0:0 total=18, candidates=5
  ⏸ 0:0 ще рано (< 60'):
    21' Нетанія - Хапоель Хайфа [ІЗРАЇЛЬ: Прем'єр-ліга Таблиця]
    21' Хапоель Петах-Тіква - Хапоель Тель-Авів [ІЗРАЇЛЬ: Прем'єр-ліга Таблиця]
    36' Луго B - Гран Пенья [ІСПАНІЯ: Терсера КІФФ - Група 1 Таблиця]
    56' Монтаньяс - Торрелавега [ІСПАНІЯ: Терсера КІФФ - Група 3 Таблиця]
    56' Паленсія КФ - Атлетіко Тордесільяс [ІСПАНІЯ: Терсера КІФФ - Група 8 Таблиця]
    21' Сент-Ендрюс - Свікі [МАЛЬТА: Челлендж-ліга - Група підвищення у класі Таблиця]
    21' Леонес Негрос 2 - Трітонес Вальярта [МЕКСИКА: Ліга Прем'єр Серія А Таблиця]
    21' Шавіш - Торреенсе [ПОРТУГАЛІЯ: Ліга Португалії 2 Таблиця]
    21' Валлі Даан - АСК ХЛМ [СЕНЕГАЛ: Ліга 1 Таблиця]
    21' Рудар Веленьє - Ілірія [СЛОВЕНІЯ: Друга ліга Таблиця]
  ✔ 64' Тарту Калев - Легіон [ЕСТОНІЯ: Есілііга В Таблиця] id=GbnGkkm3
  ✔ 60' Вільяррубія - Сонсека [ІСПАНІЯ: Терсера КІФФ - Група 18 Таблиця] id=YJB2KG96
  ✔ 61' Бурж 18 - Дьєп [ФРАНЦІЯ: Насьональ 2 - Група B Таблиця] id=jFCtD45b
  ✔ 60' Тьйонвіль - Феньє-Ольнуа [ФРАНЦІЯ: Насьональ 2 - Група B Таблиця] id=xn3GPsk4
  ✔ 60' Цюрих - Лугано [ШВЕЙЦАРІЯ: Суперліга Таблиця] id=x6HDd50k
  Found: 5 candidates, 4 new, 35 permanently skipped

→ Вільяррубія - Сонсека (60') [ІСПАНІЯ: Терсера КІФФ - Група 18 Таблиця]

→ Бурж 18 - Дьєп (61') [ФРАНЦІЯ: Насьональ 2 - Група B Таблиця]
  Кф 1X2: 2.03 / 3.33 / 3.64
  Кф 1X2: 1.27 / 4.5 / 10.8
  Desktop: https://www.flashscore.ua/match/soccer/sonseca-YmhEXW3h/villarrubia-tEsiKrc2/?mid=YJB2KG96
  Desktop: https://www.flashscore.ua/match/soccer/bourges-18-j7LgZ7jp/dieppe-C8wqzbIc/?mid=jFCtD45b
  [stats] YJB2KG96 overall: no data-testid (old=0, any=0, body=148246)
  [stats] jFCtD45b overall: no data-testid (old=0, any=0, body=148195)
  [stats] YJB2KG96 secondHalf: no data-testid (old=0, any=0, body=148246)
  [stats] jFCtD45b secondHalf: no data-testid (old=0, any=0, body=148195)
  [stats] YJB2KG96 → unavailable, 0 metrics
  [stats] jFCtD45b → unavailable, 0 metrics
  Features: quality=0, primary=0, status=unavailable
  ✗ No stats at all → permanent skip

→ Тьйонвіль - Феньє-Ольнуа (60') [ФРАНЦІЯ: Насьональ 2 - Група B Таблиця]
  Features: quality=0, primary=0, status=unavailable
  ✗ No stats at all → permanent skip

→ Цюрих - Лугано (60') [ШВЕЙЦАРІЯ: Суперліга Таблиця]
  Кф 1X2: 2.51 / 3.25 / 2.75
  Кф 1X2: 3.69 / 3.89 / 1.85
  Desktop: https://www.flashscore.ua/match/soccer/lugano-IHaUjgT1/zurich-COCe5tXi/?mid=x6HDd50k
  Desktop: https://www.flashscore.ua/match/soccer/feignies-aulnoye-CnPmaKg9/thionville-KWT3SKT0/?mid=xn3GPsk4
  [stats] x6HDd50k → both, 33 metrics
  Features: quality=1, primary=6, status=both
  Score (windowed): pGoal=0.105, pDry=0.895 | 60-70 → UNDER_0_5 [TG]
Message sent to Telegram
  ✓ Telegram sent
  [stats] xn3GPsk4 overall: no data-testid (old=0, any=0, body=148359)
  [stats] xn3GPsk4 secondHalf: no data-testid (old=0, any=0, body=148359)
  [stats] xn3GPsk4 → unavailable, 0 metrics
  Features: quality=0, primary=0, status=unavailable
  ✗ No stats at all → permanent skip

Done: 1 analyzed, 1 actionable, 1 TG sent
📌 Tracking 1 active prediction(s)

🔥 RUN #400: analyzed=1, signals=1
⏳ Next scan in 3m...
[20:24:45] Live scan
Opening: https://m.flashscore.ua/?s=2 (minute >= 60, 0:0 only)
Provider health [https://m.flashscore.ua/?s=2]: rows=36, 0:0 total=14, candidates=4
  ⏸ 0:0 ще рано (< 60'):
    25' Нетанія - Хапоель Хайфа [ІЗРАЇЛЬ: Прем'єр-ліга Таблиця]
    25' Хапоель Петах-Тіква - Хапоель Тель-Авів [ІЗРАЇЛЬ: Прем'єр-ліга Таблиця]
    25' Сент-Ендрюс - Свікі [МАЛЬТА: Челлендж-ліга - Група підвищення у класі Таблиця]
    25' Леонес Негрос 2 - Трітонес Вальярта [МЕКСИКА: Ліга Прем'єр Серія А Таблиця]
    45' Хорфаккан - Аль-Батаех [ОБ’ЄДНАНІ АРАБСЬКІ ЕМІРАТИ: Ліга ОАЕ Таблиця]
    25' Шавіш - Торреенсе [ПОРТУГАЛІЯ: Ліга Португалії 2 Таблиця]
    45' АЖЕЛ - Уакам [СЕНЕГАЛ: Ліга 1 Таблиця]
    25' Валлі Даан - АСК ХЛМ [СЕНЕГАЛ: Ліга 1 Таблиця]
    25' Рудар Веленьє - Ілірія [СЛОВЕНІЯ: Друга ліга Таблиця]
  ✔ 68' Тарту Калев - Легіон [ЕСТОНІЯ: Есілііга В Таблиця] id=GbnGkkm3
  ✔ 60' Монтаньяс - Торрелавега [ІСПАНІЯ: Терсера КІФФ - Група 3 Таблиця] id=8UNWu3lo
  ✔ 65' Бурж 18 - Дьєп [ФРАНЦІЯ: Насьональ 2 - Група B Таблиця] id=jFCtD45b
  ✔ 64' Тьйонвіль - Феньє-Ольнуа [ФРАНЦІЯ: Насьональ 2 - Група B Таблиця] id=xn3GPsk4
  Found: 4 candidates, 1 new, 38 permanently skipped

→ Монтаньяс - Торрелавега (60') [ІСПАНІЯ: Терсера КІФФ - Група 3 Таблиця]
  Кф 1X2: 24 / 9.5 / 1.04
  Desktop: https://www.flashscore.ua/match/soccer/cd-montanas-del-pas-ELDbupuB/torrelavega-8ARuFaCD/?mid=8UNWu3lo
  [stats] 8UNWu3lo overall: no data-testid (old=0, any=0, body=148256)
  [stats] 8UNWu3lo secondHalf: no data-testid (old=0, any=0, body=148256)
  [stats] 8UNWu3lo → unavailable, 0 metrics
  Features: quality=0, primary=0, status=unavailable
  ✗ No stats at all → permanent skip

Done: 0 analyzed, 0 actionable, 0 TG sent

🔍 Checking 1 possibly finished match(es)...
  ⚽ Цюрих - Лугано: 0:1 [GOAL→resolved] → ❌ MISS (bet=UNDER_0_5)
Message sent to Telegram
  ✓ Telegram result sent (0:1 (ще тривае, гол вирішив))

🔥 RUN #401: analyzed=0, signals=0
⏳ Next scan in 3m...
[20:28:29] Live scan
Opening: https://m.flashscore.ua/?s=2 (minute >= 60, 0:0 only)
Provider health [https://m.flashscore.ua/?s=2]: rows=35, 0:0 total=13, candidates=4
  ⏸ 0:0 ще рано (< 60'):
    29' Нетанія - Хапоель Хайфа [ІЗРАЇЛЬ: Прем'єр-ліга Таблиця]
    29' Хапоель Петах-Тіква - Хапоель Тель-Авів [ІЗРАЇЛЬ: Прем'єр-ліга Таблиця]
    29' Сент-Ендрюс - Свікі [МАЛЬТА: Челлендж-ліга - Група підвищення у класі Таблиця]
    29' Леонес Негрос 2 - Трітонес Вальярта [МЕКСИКА: Ліга Прем'єр Серія А Таблиця]
    45' Хорфаккан - Аль-Батаех [ОБ’ЄДНАНІ АРАБСЬКІ ЕМІРАТИ: Ліга ОАЕ Таблиця]
    29' Шавіш - Торреенсе [ПОРТУГАЛІЯ: Ліга Португалії 2 Таблиця]
    45' АЖЕЛ - Уакам [СЕНЕГАЛ: Ліга 1 Таблиця]
    29' Валлі Даан - АСК ХЛМ [СЕНЕГАЛ: Ліга 1 Таблиця]
    29' Рудар Веленьє - Ілірія [СЛОВЕНІЯ: Друга ліга Таблиця]
  ✔ 72' Тарту Калев - Легіон [ЕСТОНІЯ: Есілііга В Таблиця] id=GbnGkkm3
  ✔ 63' Монтаньяс - Торрелавега [ІСПАНІЯ: Терсера КІФФ - Група 3 Таблиця] id=8UNWu3lo
  ✔ 69' Бурж 18 - Дьєп [ФРАНЦІЯ: Насьональ 2 - Група B Таблиця] id=jFCtD45b
  ✔ 68' Тьйонвіль - Феньє-Ольнуа [ФРАНЦІЯ: Насьональ 2 - Група B Таблиця] id=xn3GPsk4
  Found: 4 candidates, 0 new, 39 permanently skipped

Done: 0 analyzed, 0 actionable, 0 TG sent

🔥 RUN #402: analyzed=0, signals=0
⏳ Next scan in 3m...
[20:31:33] Live scan
Opening: https://m.flashscore.ua/?s=2 (minute >= 60, 0:0 only)
Provider health [https://m.flashscore.ua/?s=2]: rows=36, 0:0 total=13, candidates=4
  ⏸ 0:0 ще рано (< 60'):
    31' Нетанія - Хапоель Хайфа [ІЗРАЇЛЬ: Прем'єр-ліга Таблиця]
    31' Хапоель Петах-Тіква - Хапоель Тель-Авів [ІЗРАЇЛЬ: Прем'єр-ліга Таблиця]
    31' Сент-Ендрюс - Свікі [МАЛЬТА: Челлендж-ліга - Група підвищення у класі Таблиця]
    31' Леонес Негрос 2 - Трітонес Вальярта [МЕКСИКА: Ліга Прем'єр Серія А Таблиця]
    45' Хорфаккан - Аль-Батаех [ОБ’ЄДНАНІ АРАБСЬКІ ЕМІРАТИ: Ліга ОАЕ Таблиця]
    31' Шавіш - Торреенсе [ПОРТУГАЛІЯ: Ліга Португалії 2 Таблиця]
    45' АЖЕЛ - Уакам [СЕНЕГАЛ: Ліга 1 Таблиця]
    31' Рудар Веленьє - Ілірія [СЛОВЕНІЯ: Друга ліга Таблиця]
    1' Клаксвік - Тофтір [ФАРЕРСЬКІ ОСТРОВИ: Прем'єр-ліга Таблиця]
  ✔ 74' Тарту Калев - Легіон [ЕСТОНІЯ: Есілііга В Таблиця] id=GbnGkkm3
  ✔ 66' Монтаньяс - Торрелавега [ІСПАНІЯ: Терсера КІФФ - Група 3 Таблиця] id=8UNWu3lo
  ✔ 71' Бурж 18 - Дьєп [ФРАНЦІЯ: Насьональ 2 - Група B Таблиця] id=jFCtD45b
  ✔ 70' Тьйонвіль - Феньє-Ольнуа [ФРАНЦІЯ: Насьональ 2 - Група B Таблиця] id=xn3GPsk4
  Found: 4 candidates, 0 new, 39 permanently skipped

Done: 0 analyzed, 0 actionable, 0 TG sent

🔥 RUN #403: analyzed=0, signals=0
⏳ Next scan in 3m...
[20:34:37] Live scan
Opening: https://m.flashscore.ua/?s=2 (minute >= 60, 0:0 only)
Provider health [https://m.flashscore.ua/?s=2]: rows=39, 0:0 total=15, candidates=4
  ⏸ 0:0 ще рано (< 60'):
    35' Нетанія - Хапоель Хайфа [ІЗРАЇЛЬ: Прем'єр-ліга Таблиця]
    35' Хапоель Петах-Тіква - Хапоель Тель-Авів [ІЗРАЇЛЬ: Прем'єр-ліга Таблиця]
    35' Леонес Негрос 2 - Трітонес Вальярта [МЕКСИКА: Ліга Прем'єр Серія А Таблиця]
    45' Хорфаккан - Аль-Батаех [ОБ’ЄДНАНІ АРАБСЬКІ ЕМІРАТИ: Ліга ОАЕ Таблиця]
    5' Рух - Вєчиста Краків [ПОЛЬЩА: Дивізіон 1 Таблиця]
    5' Сталь Мелець - С. Жешув [ПОЛЬЩА: Дивізіон 1 Таблиця]
    35' Шавіш - Торреенсе [ПОРТУГАЛІЯ: Ліга Португалії 2 Таблиця]
    45' АЖЕЛ - Уакам [СЕНЕГАЛ: Ліга 1 Таблиця]
    35' Рудар Веленьє - Ілірія [СЛОВЕНІЯ: Друга ліга Таблиця]
    5' Клаксвік - Тофтір [ФАРЕРСЬКІ ОСТРОВИ: Прем'єр-ліга Таблиця]
    5' Біль - Парадісо [ШВЕЙЦАРІЯ: Ліга підвищення Таблиця]
  ✔ 78' Тарту Калев - Легіон [ЕСТОНІЯ: Есілііга В Таблиця] id=GbnGkkm3
  ✔ 70' Монтаньяс - Торрелавега [ІСПАНІЯ: Терсера КІФФ - Група 3 Таблиця] id=8UNWu3lo
  ✔ 75' Бурж 18 - Дьєп [ФРАНЦІЯ: Насьональ 2 - Група B Таблиця] id=jFCtD45b
  ✔ 74' Тьйонвіль - Феньє-Ольнуа [ФРАНЦІЯ: Насьональ 2 - Група B Таблиця] id=xn3GPsk4
  Found: 4 candidates, 0 new, 39 permanently skipped

Done: 0 analyzed, 0 actionable, 0 TG sent

🔥 RUN #404: analyzed=0, signals=0
⏳ Next scan in 3m...
[20:37:41] Live scan
Opening: https://m.flashscore.ua/?s=2 (minute >= 60, 0:0 only)
Provider health [https://m.flashscore.ua/?s=2]: rows=40, 0:0 total=14, candidates=3
  ⏸ 0:0 ще рано (< 60'):
    8' Нінове - Кнокке [БЕЛЬГІЯ: Національний дивізіон 1 - ВВ Таблиця]
    38' Нетанія - Хапоель Хайфа [ІЗРАЇЛЬ: Прем'єр-ліга Таблиця]
    38' Хапоель Петах-Тіква - Хапоель Тель-Авів [ІЗРАЇЛЬ: Прем'єр-ліга Таблиця]
    38' Леонес Негрос 2 - Трітонес Вальярта [МЕКСИКА: Ліга Прем'єр Серія А Таблиця]
    8' Рух - Вєчиста Краків [ПОЛЬЩА: Дивізіон 1 Таблиця]
    8' Сталь Мелець - С. Жешув [ПОЛЬЩА: Дивізіон 1 Таблиця]
    38' Шавіш - Торреенсе [ПОРТУГАЛІЯ: Ліга Португалії 2 Таблиця]
    45' АЖЕЛ - Уакам [СЕНЕГАЛ: Ліга 1 Таблиця]
    38' Рудар Веленьє - Ілірія [СЛОВЕНІЯ: Друга ліга Таблиця]
    8' Клаксвік - Тофтір [ФАРЕРСЬКІ ОСТРОВИ: Прем'єр-ліга Таблиця]
    8' Біль - Парадісо [ШВЕЙЦАРІЯ: Ліга підвищення Таблиця]
  ✔ 73' Монтаньяс - Торрелавега [ІСПАНІЯ: Терсера КІФФ - Група 3 Таблиця] id=8UNWu3lo
  ✔ 78' Бурж 18 - Дьєп [ФРАНЦІЯ: Насьональ 2 - Група B Таблиця] id=jFCtD45b
  ✔ 77' Тьйонвіль - Феньє-Ольнуа [ФРАНЦІЯ: Насьональ 2 - Група B Таблиця] id=xn3GPsk4
  Found: 3 candidates, 0 new, 39 permanently skipped

Done: 0 analyzed, 0 actionable, 0 TG sent

🔥 RUN #405: analyzed=0, signals=0
⏳ Next scan in 3m...
[20:40:45] Live scan
Opening: https://m.flashscore.ua/?s=2 (minute >= 60, 0:0 only)
Provider health [https://m.flashscore.ua/?s=2]: rows=38, 0:0 total=12, candidates=2
  ⏸ 0:0 ще рано (< 60'):
    41' Нетанія - Хапоель Хайфа [ІЗРАЇЛЬ: Прем'єр-ліга Таблиця]
    41' Хапоель Петах-Тіква - Хапоель Тель-Авів [ІЗРАЇЛЬ: Прем'єр-ліга Таблиця]
    41' Леонес Негрос 2 - Трітонес Вальярта [МЕКСИКА: Ліга Прем'єр Серія А Таблиця]
    11' Рух - Вєчиста Краків [ПОЛЬЩА: Дивізіон 1 Таблиця]
    11' Сталь Мелець - С. Жешув [ПОЛЬЩА: Дивізіон 1 Таблиця]
    41' Шавіш - Торреенсе [ПОРТУГАЛІЯ: Ліга Португалії 2 Таблиця]
    45' АЖЕЛ - Уакам [СЕНЕГАЛ: Ліга 1 Таблиця]
    41' Рудар Веленьє - Ілірія [СЛОВЕНІЯ: Друга ліга Таблиця]
    11' Клаксвік - Тофтір [ФАРЕРСЬКІ ОСТРОВИ: Прем'єр-ліга Таблиця]
    11' Біль - Парадісо [ШВЕЙЦАРІЯ: Ліга підвищення Таблиця]
  ✔ 76' Монтаньяс - Торрелавега [ІСПАНІЯ: Терсера КІФФ - Група 3 Таблиця] id=8UNWu3lo
  ✔ 82' Бурж 18 - Дьєп [ФРАНЦІЯ: Насьональ 2 - Група B Таблиця] id=jFCtD45b
  Found: 2 candidates, 0 new, 39 permanently skipped

Done: 0 analyzed, 0 actionable, 0 TG sent

🔥 RUN #406: analyzed=0, signals=0
⏳ Next scan in 3m...
[20:43:49] Live scan
Opening: https://m.flashscore.ua/?s=2 (minute >= 60, 0:0 only)
Provider health [https://m.flashscore.ua/?s=2]: rows=38, 0:0 total=12, candidates=2
  ⏸ 0:0 ще рано (< 60'):
    44' Нетанія - Хапоель Хайфа [ІЗРАЇЛЬ: Прем'єр-ліга Таблиця]
    44' Хапоель Петах-Тіква - Хапоель Тель-Авів [ІЗРАЇЛЬ: Прем'єр-ліга Таблиця]
    44' Леонес Негрос 2 - Трітонес Вальярта [МЕКСИКА: Ліга Прем'єр Серія А Таблиця]
    14' Рух - Вєчиста Краків [ПОЛЬЩА: Дивізіон 1 Таблиця]
    14' Сталь Мелець - С. Жешув [ПОЛЬЩА: Дивізіон 1 Таблиця]
    44' Шавіш - Торреенсе [ПОРТУГАЛІЯ: Ліга Португалії 2 Таблиця]
    49' АЖЕЛ - Уакам [СЕНЕГАЛ: Ліга 1 Таблиця]
    44' Рудар Веленьє - Ілірія [СЛОВЕНІЯ: Друга ліга Таблиця]
    14' Клаксвік - Тофтір [ФАРЕРСЬКІ ОСТРОВИ: Прем'єр-ліга Таблиця]
    14' Біль - Парадісо [ШВЕЙЦАРІЯ: Ліга підвищення Таблиця]
  ✔ 79' Монтаньяс - Торрелавега [ІСПАНІЯ: Терсера КІФФ - Група 3 Таблиця] id=8UNWu3lo
  ✔ 85' Бурж 18 - Дьєп [ФРАНЦІЯ: Насьональ 2 - Група B Таблиця] id=jFCtD45b
  Found: 2 candidates, 0 new, 39 permanently skipped

Done: 0 analyzed, 0 actionable, 0 TG sent

🔥 RUN #407: analyzed=0, signals=0
⏳ Next scan in 3m...
[20:46:53] Live scan
Opening: https://m.flashscore.ua/?s=2 (minute >= 60, 0:0 only)
Provider health [https://m.flashscore.ua/?s=2]: rows=38, 0:0 total=11, candidates=2
  ⏸ 0:0 ще рано (< 60'):
    17' Рух - Вєчиста Краків [ПОЛЬЩА: Дивізіон 1 Таблиця]
    17' Сталь Мелець - С. Жешув [ПОЛЬЩА: Дивізіон 1 Таблиця]
    52' АЖЕЛ - Уакам [СЕНЕГАЛ: Ліга 1 Таблиця]
    45' Рудар Веленьє - Ілірія [СЛОВЕНІЯ: Друга ліга Таблиця]
    17' Біль - Парадісо [ШВЕЙЦАРІЯ: Ліга підвищення Таблиця]
  ✔ 82' Монтаньяс - Торрелавега [ІСПАНІЯ: Терсера КІФФ - Група 3 Таблиця] id=8UNWu3lo
  ✔ 88' Бурж 18 - Дьєп [ФРАНЦІЯ: Насьональ 2 - Група B Таблиця] id=jFCtD45b
  Found: 2 candidates, 0 new, 39 permanently skipped

Done: 0 analyzed, 0 actionable, 0 TG sent

🔥 RUN #408: analyzed=0, signals=0
⏳ Next scan in 3m...
[20:49:57] Live scan
Opening: https://m.flashscore.ua/?s=2 (minute >= 60, 0:0 only)
Provider health [https://m.flashscore.ua/?s=2]: rows=38, 0:0 total=11, candidates=1
  ⏸ 0:0 ще рано (< 60'):
    45' Хапоель Петах-Тіква - Хапоель Тель-Авів [ІЗРАЇЛЬ: Прем'єр-ліга Таблиця]
    20' Рух - Вєчиста Краків [ПОЛЬЩА: Дивізіон 1 Таблиця]
    20' Сталь Мелець - С. Жешув [ПОЛЬЩА: Дивізіон 1 Таблиця]
    56' АЖЕЛ - Уакам [СЕНЕГАЛ: Ліга 1 Таблиця]
    45' Рудар Веленьє - Ілірія [СЛОВЕНІЯ: Друга ліга Таблиця]
    20' Біль - Парадісо [ШВЕЙЦАРІЯ: Ліга підвищення Таблиця]
  ✔ 85' Монтаньяс - Торрелавега [ІСПАНІЯ: Терсера КІФФ - Група 3 Таблиця] id=8UNWu3lo
  Found: 1 candidates, 0 new, 39 permanently skipped

Done: 0 analyzed, 0 actionable, 0 TG sent

🔥 RUN #409: analyzed=0, signals=0
⏳ Next scan in 3m...
[20:53:02] Live scan
Opening: https://m.flashscore.ua/?s=2 (minute >= 60, 0:0 only)
Provider health [https://m.flashscore.ua/?s=2]: rows=29, 0:0 total=9, candidates=0
  ⏸ 0:0 ще рано (< 60'):
    45' Нетанія - Хапоель Хайфа [ІЗРАЇЛЬ: Прем'єр-ліга Таблиця]
    45' Хапоель Петах-Тіква - Хапоель Тель-Авів [ІЗРАЇЛЬ: Прем'єр-ліга Таблиця]
    24' Рух - Вєчиста Краків [ПОЛЬЩА: Дивізіон 1 Таблиця]
    24' Сталь Мелець - С. Жешув [ПОЛЬЩА: Дивізіон 1 Таблиця]
    45' Шавіш - Торреенсе [ПОРТУГАЛІЯ: Ліга Португалії 2 Таблиця]
    59' АЖЕЛ - Уакам [СЕНЕГАЛ: Ліга 1 Таблиця]
    24' Біль - Парадісо [ШВЕЙЦАРІЯ: Ліга підвищення Таблиця]
  Found: 0 candidates, 0 new, 39 permanently skipped

Done: 0 analyzed, 0 actionable, 0 TG sent

🔥 RUN #410: analyzed=0, signals=0
⏳ Next scan in 3m...
[20:56:06] Live scan
Opening: https://m.flashscore.ua/?s=2 (minute >= 60, 0:0 only)
Provider health [https://m.flashscore.ua/?s=2]: rows=20, 0:0 total=8, candidates=1
  ⏸ 0:0 ще рано (< 60'):
    45' Нетанія - Хапоель Хайфа [ІЗРАЇЛЬ: Прем'єр-ліга Таблиця]
    45' Хапоель Петах-Тіква - Хапоель Тель-Авів [ІЗРАЇЛЬ: Прем'єр-ліга Таблиця]
    45' Леонес Негрос 2 - Трітонес Вальярта [МЕКСИКА: Ліга Прем'єр Серія А Таблиця]
    27' Рух - Вєчиста Краків [ПОЛЬЩА: Дивізіон 1 Таблиця]
    27' Сталь Мелець - С. Жешув [ПОЛЬЩА: Дивізіон 1 Таблиця]
    45' Шавіш - Торреенсе [ПОРТУГАЛІЯ: Ліга Португалії 2 Таблиця]
    27' Біль - Парадісо [ШВЕЙЦАРІЯ: Ліга підвищення Таблиця]
  ✔ 62' АЖЕЛ - Уакам [СЕНЕГАЛ: Ліга 1 Таблиця] id=SWCqfuMb
  Found: 1 candidates, 1 new, 39 permanently skipped

→ АЖЕЛ - Уакам (62') [СЕНЕГАЛ: Ліга 1 Таблиця]
  Кф 1X2: 2.58 / 2.74 / 3.16
  Desktop: https://www.flashscore.ua/match/soccer/ajel-tGsc6N6A/ouakam-fqVtfr0m/?mid=SWCqfuMb
  [stats] SWCqfuMb overall: no data-testid (old=0, any=0, body=148124)
  [stats] SWCqfuMb secondHalf: no data-testid (old=0, any=0, body=148124)
  [stats] SWCqfuMb → unavailable, 0 metrics
  Features: quality=0, primary=0, status=unavailable
  ✗ No stats at all → permanent skip

Done: 0 analyzed, 0 actionable, 0 TG sent

🔥 RUN #411: analyzed=0, signals=0
⏳ Next scan in 3m...
[20:59:48] Live scan
Opening: https://m.flashscore.ua/?s=2 (minute >= 60, 0:0 only)
Provider health [https://m.flashscore.ua/?s=2]: rows=18, 0:0 total=7, candidates=1
  ⏸ 0:0 ще рано (< 60'):
    45' Нетанія - Хапоель Хайфа [ІЗРАЇЛЬ: Прем'єр-ліга Таблиця]
    45' Хапоель Петах-Тіква - Хапоель Тель-Авів [ІЗРАЇЛЬ: Прем'єр-ліга Таблиця]
    45' Леонес Негрос 2 - Трітонес Вальярта [МЕКСИКА: Ліга Прем'єр Серія А Таблиця]
    30' Рух - Вєчиста Краків [ПОЛЬЩА: Дивізіон 1 Таблиця]
    45' Шавіш - Торреенсе [ПОРТУГАЛІЯ: Ліга Португалії 2 Таблиця]
    30' Біль - Парадісо [ШВЕЙЦАРІЯ: Ліга підвищення Таблиця]
  ✔ 65' АЖЕЛ - Уакам [СЕНЕГАЛ: Ліга 1 Таблиця] id=SWCqfuMb
  Found: 1 candidates, 0 new, 40 permanently skipped

Done: 0 analyzed, 0 actionable, 0 TG sent

🔥 RUN #412: analyzed=0, signals=0
⏳ Next scan in 3m...
[21:02:52] Live scan
Opening: https://m.flashscore.ua/?s=2 (minute >= 60, 0:0 only)
Provider health [https://m.flashscore.ua/?s=2]: rows=26, 0:0 total=17, candidates=0
  ⏸ 0:0 ще рано (< 60'):
    3' ОК Шарлеруа - Льєрс СК [БЕЛЬГІЯ: Челленджер Про Ліга Таблиця]
    3' СК Беверен - Кортрейк [БЕЛЬГІЯ: Челленджер Про Ліга Таблиця]
    3' Франк Борен - Генк U23 [БЕЛЬГІЯ: Челленджер Про Ліга Таблиця]
    3' Зелзате - Хогстратен [БЕЛЬГІЯ: Національний дивізіон 1 - ВВ Таблиця]
    3' Хасселт - Левен B [БЕЛЬГІЯ: Національний дивізіон 1 - ВВ Таблиця]
    3' Такуарітінга - Пеньяполенсе [БРАЗИЛІЯ: Пауліста А4 - Плей-оф]
    3' Конкордія U20 - Карлос Рено U20 [БРАЗИЛІЯ: Катаріненсе U20 Таблиця]
    3' Насау U20 - Брускі U20 [БРАЗИЛІЯ: Катаріненсе U20 Таблиця]
    3' Вілла Реал U20 - Коїмбра U20 [БРАЗИЛІЯ: Мінейру U20 Таблиця]
    3' Енппі - Кераміка Клеопатра [ЄГИПЕТ: Прем'єр-ліга - Чемпіонська група Таблиця]
    45' Нетанія - Хапоель Хайфа [ІЗРАЇЛЬ: Прем'єр-ліга Таблиця]
    45' Хапоель Петах-Тіква - Хапоель Тель-Авів [ІЗРАЇЛЬ: Прем'єр-ліга Таблиця]
    3' Утьєль - Рекамбіос Колон [ІСПАНІЯ: Терсера КІФФ - Група 6 Таблиця]
    33' Рух - Вєчиста Краків [ПОЛЬЩА: Дивізіон 1 Таблиця]
    45' Шавіш - Торреенсе [ПОРТУГАЛІЯ: Ліга Португалії 2 Таблиця]
    3' Аль-Ахдуд - Аль-Наср [САУДІВСЬКА АРАВІЯ: Професійна ліга Таблиця]
    33' Біль - Парадісо [ШВЕЙЦАРІЯ: Ліга підвищення Таблиця]
  Found: 0 candidates, 0 new, 40 permanently skipped

Done: 0 analyzed, 0 actionable, 0 TG sent

🔥 RUN #413: analyzed=0, signals=0
⏳ Next scan in 3m...
[21:05:56] Live scan
Opening: https://m.flashscore.ua/?s=2 (minute >= 60, 0:0 only)
Provider health [https://m.flashscore.ua/?s=2]: rows=27, 0:0 total=17, candidates=0
  ⏸ 0:0 ще рано (< 60'):
    5' ОК Шарлеруа - Льєрс СК [БЕЛЬГІЯ: Челленджер Про Ліга Таблиця]
    5' СК Беверен - Кортрейк [БЕЛЬГІЯ: Челленджер Про Ліга Таблиця]
    5' Франк Борен - Генк U23 [БЕЛЬГІЯ: Челленджер Про Ліга Таблиця]
    5' Зелзате - Хогстратен [БЕЛЬГІЯ: Національний дивізіон 1 - ВВ Таблиця]
    5' Ліра-Льєрс - Тессендерло [БЕЛЬГІЯ: Національний дивізіон 1 - ВВ Таблиця]
    5' Такуарітінга - Пеньяполенсе [БРАЗИЛІЯ: Пауліста А4 - Плей-оф]
    5' Конкордія U20 - Карлос Рено U20 [БРАЗИЛІЯ: Катаріненсе U20 Таблиця]
    5' Насау U20 - Брускі U20 [БРАЗИЛІЯ: Катаріненсе U20 Таблиця]
    5' Вілла Реал U20 - Коїмбра U20 [БРАЗИЛІЯ: Мінейру U20 Таблиця]
    5' Енппі - Кераміка Клеопатра [ЄГИПЕТ: Прем'єр-ліга - Чемпіонська група Таблиця]
    45' Нетанія - Хапоель Хайфа [ІЗРАЇЛЬ: Прем'єр-ліга Таблиця]
    45' Хапоель Петах-Тіква - Хапоель Тель-Авів [ІЗРАЇЛЬ: Прем'єр-ліга Таблиця]
    5' Утьєль - Рекамбіос Колон [ІСПАНІЯ: Терсера КІФФ - Група 6 Таблиця]
    35' Рух - Вєчиста Краків [ПОЛЬЩА: Дивізіон 1 Таблиця]
    45' Шавіш - Торреенсе [ПОРТУГАЛІЯ: Ліга Португалії 2 Таблиця]
    5' Аль-Ахдуд - Аль-Наср [САУДІВСЬКА АРАВІЯ: Професійна ліга Таблиця]
    35' Біль - Парадісо [ШВЕЙЦАРІЯ: Ліга підвищення Таблиця]
  Found: 0 candidates, 0 new, 40 permanently skipped

Done: 0 analyzed, 0 actionable, 0 TG sent

🔥 RUN #414: analyzed=0, signals=0
⏳ Next scan in 3m...
[21:09:01] Live scan
Opening: https://m.flashscore.ua/?s=2 (minute >= 60, 0:0 only)
Provider health [https://m.flashscore.ua/?s=2]: rows=25, 0:0 total=15, candidates=0
  ⏸ 0:0 ще рано (< 60'):
    9' ОК Шарлеруа - Льєрс СК [БЕЛЬГІЯ: Челленджер Про Ліга Таблиця]
    9' СК Беверен - Кортрейк [БЕЛЬГІЯ: Челленджер Про Ліга Таблиця]
    9' Франк Борен - Генк U23 [БЕЛЬГІЯ: Челленджер Про Ліга Таблиця]
    9' Ліра-Льєрс - Тессендерло [БЕЛЬГІЯ: Національний дивізіон 1 - ВВ Таблиця]
    9' Такуарітінга - Пеньяполенсе [БРАЗИЛІЯ: Пауліста А4 - Плей-оф]
    9' Конкордія U20 - Карлос Рено U20 [БРАЗИЛІЯ: Катаріненсе U20 Таблиця]
    9' Насау U20 - Брускі U20 [БРАЗИЛІЯ: Катаріненсе U20 Таблиця]
    9' Вілла Реал U20 - Коїмбра U20 [БРАЗИЛІЯ: Мінейру U20 Таблиця]
    9' Енппі - Кераміка Клеопатра [ЄГИПЕТ: Прем'єр-ліга - Чемпіонська група Таблиця]
    47' Нетанія - Хапоель Хайфа [ІЗРАЇЛЬ: Прем'єр-ліга Таблиця]
    47' Хапоель Петах-Тіква - Хапоель Тель-Авів [ІЗРАЇЛЬ: Прем'єр-ліга Таблиця]
    9' Утьєль - Рекамбіос Колон [ІСПАНІЯ: Терсера КІФФ - Група 6 Таблиця]
    39' Рух - Вєчиста Краків [ПОЛЬЩА: Дивізіон 1 Таблиця]
    46' Шавіш - Торреенсе [ПОРТУГАЛІЯ: Ліга Португалії 2 Таблиця]
    39' Біль - Парадісо [ШВЕЙЦАРІЯ: Ліга підвищення Таблиця]
  Found: 0 candidates, 0 new, 40 permanently skipped

Done: 0 analyzed, 0 actionable, 0 TG sent

🔥 RUN #415: analyzed=0, signals=0
⏳ Next scan in 3m...
[21:12:04] Live scan
Opening: https://m.flashscore.ua/?s=2 (minute >= 60, 0:0 only)
Provider health [https://m.flashscore.ua/?s=2]: rows=27, 0:0 total=17, candidates=0
  ⏸ 0:0 ще рано (< 60'):
    12' ОК Шарлеруа - Льєрс СК [БЕЛЬГІЯ: Челленджер Про Ліга Таблиця]
    12' СК Беверен - Кортрейк [БЕЛЬГІЯ: Челленджер Про Ліга Таблиця]
    12' Франк Борен - Генк U23 [БЕЛЬГІЯ: Челленджер Про Ліга Таблиця]
    12' Уньйон Рошфортуаз - Ренесанс Монс [БЕЛЬГІЯ: Національний дивізіон 1 - АКФФ - Група підвищення у класі Таблиця]
    12' Ліра-Льєрс - Тессендерло [БЕЛЬГІЯ: Національний дивізіон 1 - ВВ Таблиця]
    12' Такуарітінга - Пеньяполенсе [БРАЗИЛІЯ: Пауліста А4 - Плей-оф]
    12' Конкордія U20 - Карлос Рено U20 [БРАЗИЛІЯ: Катаріненсе U20 Таблиця]
    12' Насау U20 - Брускі U20 [БРАЗИЛІЯ: Катаріненсе U20 Таблиця]
    12' Вілла Реал U20 - Коїмбра U20 [БРАЗИЛІЯ: Мінейру U20 Таблиця]
    12' Енппі - Кераміка Клеопатра [ЄГИПЕТ: Прем'єр-ліга - Чемпіонська група Таблиця]
    49' Нетанія - Хапоель Хайфа [ІЗРАЇЛЬ: Прем'єр-ліга Таблиця]
    49' Хапоель Петах-Тіква - Хапоель Тель-Авів [ІЗРАЇЛЬ: Прем'єр-ліга Таблиця]
    12' Утьєль - Рекамбіос Колон [ІСПАНІЯ: Терсера КІФФ - Група 6 Таблиця]
    12' Гронінген - Гоу Ехед Іглс [НІДЕРЛАНДИ: Ередивізі Таблиця]
    42' Рух - Вєчиста Краків [ПОЛЬЩА: Дивізіон 1 Таблиця]
    48' Шавіш - Торреенсе [ПОРТУГАЛІЯ: Ліга Португалії 2 Таблиця]
    42' Біль - Парадісо [ШВЕЙЦАРІЯ: Ліга підвищення Таблиця]
  Found: 0 candidates, 0 new, 40 permanently skipped

Done: 0 analyzed, 0 actionable, 0 TG sent

🔥 RUN #416: analyzed=0, signals=0
Message sent to Telegram
⏳ Next scan in 3m...
[21:15:09] Live scan
Opening: https://m.flashscore.ua/?s=2 (minute >= 60, 0:0 only)
Provider health [https://m.flashscore.ua/?s=2]: rows=27, 0:0 total=15, candidates=0
  ⏸ 0:0 ще рано (< 60'):
    16' ОК Шарлеруа - Льєрс СК [БЕЛЬГІЯ: Челленджер Про Ліга Таблиця]
    16' СК Беверен - Кортрейк [БЕЛЬГІЯ: Челленджер Про Ліга Таблиця]
    16' Уньйон Рошфортуаз - Ренесанс Монс [БЕЛЬГІЯ: Національний дивізіон 1 - АКФФ - Група підвищення у класі Таблиця]
    16' Ліра-Льєрс - Тессендерло [БЕЛЬГІЯ: Національний дивізіон 1 - ВВ Таблиця]
    16' Такуарітінга - Пеньяполенсе [БРАЗИЛІЯ: Пауліста А4 - Плей-оф]
    16' Конкордія U20 - Карлос Рено U20 [БРАЗИЛІЯ: Катаріненсе U20 Таблиця]
    16' Насау U20 - Брускі U20 [БРАЗИЛІЯ: Катаріненсе U20 Таблиця]
    16' Вілла Реал U20 - Коїмбра U20 [БРАЗИЛІЯ: Мінейру U20 Таблиця]
    16' Енппі - Кераміка Клеопатра [ЄГИПЕТ: Прем'єр-ліга - Чемпіонська група Таблиця]
    53' Нетанія - Хапоель Хайфа [ІЗРАЇЛЬ: Прем'єр-ліга Таблиця]
    53' Хапоель Петах-Тіква - Хапоель Тель-Авів [ІЗРАЇЛЬ: Прем'єр-ліга Таблиця]
    16' Утьєль - Рекамбіос Колон [ІСПАНІЯ: Терсера КІФФ - Група 6 Таблиця]
    16' Гронінген - Гоу Ехед Іглс [НІДЕРЛАНДИ: Ередивізі Таблиця]
  Found: 0 candidates, 0 new, 40 permanently skipped

Done: 0 analyzed, 0 actionable, 0 TG sent

🔥 RUN #417: analyzed=0, signals=0
⏳ Next scan in 3m...
[21:18:12] Live scan
Opening: https://m.flashscore.ua/?s=2 (minute >= 60, 0:0 only)
Provider health [https://m.flashscore.ua/?s=2]: rows=27, 0:0 total=14, candidates=0
  ⏸ 0:0 ще рано (< 60'):
    18' ОК Шарлеруа - Льєрс СК [БЕЛЬГІЯ: Челленджер Про Ліга Таблиця]
    18' СК Беверен - Кортрейк [БЕЛЬГІЯ: Челленджер Про Ліга Таблиця]
    18' Уньйон Рошфортуаз - Ренесанс Монс [БЕЛЬГІЯ: Національний дивізіон 1 - АКФФ - Група підвищення у класі Таблиця]
    18' Такуарітінга - Пеньяполенсе [БРАЗИЛІЯ: Пауліста А4 - Плей-оф]
    18' Конкордія U20 - Карлос Рено U20 [БРАЗИЛІЯ: Катаріненсе U20 Таблиця]
    18' Насау U20 - Брускі U20 [БРАЗИЛІЯ: Катаріненсе U20 Таблиця]
    18' Вілла Реал U20 - Коїмбра U20 [БРАЗИЛІЯ: Мінейру U20 Таблиця]
    18' Енппі - Кераміка Клеопатра [ЄГИПЕТ: Прем'єр-ліга - Чемпіонська група Таблиця]
    56' Нетанія - Хапоель Хайфа [ІЗРАЇЛЬ: Прем'єр-ліга Таблиця]
    56' Хапоель Петах-Тіква - Хапоель Тель-Авів [ІЗРАЇЛЬ: Прем'єр-ліга Таблиця]
    18' Утьєль - Рекамбіос Колон [ІСПАНІЯ: Терсера КІФФ - Група 6 Таблиця]
    18' Гронінген - Гоу Ехед Іглс [НІДЕРЛАНДИ: Ередивізі Таблиця]
    45' Рух - Вєчиста Краків [ПОЛЬЩА: Дивізіон 1 Таблиця]
  Found: 0 candidates, 0 new, 40 permanently skipped

Done: 0 analyzed, 0 actionable, 0 TG sent

🔥 RUN #418: analyzed=0, signals=0
⏳ Next scan in 3m...
[21:21:17] Live scan
Opening: https://m.flashscore.ua/?s=2 (minute >= 60, 0:0 only)
Provider health [https://m.flashscore.ua/?s=2]: rows=27, 0:0 total=14, candidates=1
  ⏸ 0:0 ще рано (< 60'):
    22' ОК Шарлеруа - Льєрс СК [БЕЛЬГІЯ: Челленджер Про Ліга Таблиця]
    22' СК Беверен - Кортрейк [БЕЛЬГІЯ: Челленджер Про Ліга Таблиця]
    22' Уньйон Рошфортуаз - Ренесанс Монс [БЕЛЬГІЯ: Національний дивізіон 1 - АКФФ - Група підвищення у класі Таблиця]
    22' Такуарітінга - Пеньяполенсе [БРАЗИЛІЯ: Пауліста А4 - Плей-оф]
    22' Конкордія U20 - Карлос Рено U20 [БРАЗИЛІЯ: Катаріненсе U20 Таблиця]
    22' Насау U20 - Брускі U20 [БРАЗИЛІЯ: Катаріненсе U20 Таблиця]
    22' Вілла Реал U20 - Коїмбра U20 [БРАЗИЛІЯ: Мінейру U20 Таблиця]
    22' Енппі - Кераміка Клеопатра [ЄГИПЕТ: Прем'єр-ліга - Чемпіонська група Таблиця]
    59' Хапоель Петах-Тіква - Хапоель Тель-Авів [ІЗРАЇЛЬ: Прем'єр-ліга Таблиця]
    22' Утьєль - Рекамбіос Колон [ІСПАНІЯ: Терсера КІФФ - Група 6 Таблиця]
    22' Гронінген - Гоу Ехед Іглс [НІДЕРЛАНДИ: Ередивізі Таблиця]
    45' Рух - Вєчиста Краків [ПОЛЬЩА: Дивізіон 1 Таблиця]
    45' Біль - Парадісо [ШВЕЙЦАРІЯ: Ліга підвищення Таблиця]
  ✔ 60' Нетанія - Хапоель Хайфа [ІЗРАЇЛЬ: Прем'єр-ліга Таблиця] id=AaqZ5ti3
  Found: 1 candidates, 1 new, 40 permanently skipped

→ Нетанія - Хапоель Хайфа (60') [ІЗРАЇЛЬ: Прем'єр-ліга Таблиця]
  Кф 1X2: 2.01 / 3.58 / 3.42
  Desktop: https://www.flashscore.ua/match/soccer/hapoel-haifa-nsYMzMPe/netanya-raBlviD6/?mid=AaqZ5ti3
  [stats] AaqZ5ti3 → both, 32 metrics
  Features: quality=1, primary=6, status=both
  Score (windowed): pGoal=0.115, pDry=0.885 | 60-70 → UNDER_0_5 [TG]
Message sent to Telegram
  ✓ Telegram sent

Done: 1 analyzed, 1 actionable, 1 TG sent
📌 Tracking 1 active prediction(s)

🔥 RUN #419: analyzed=1, signals=1
⏳ Next scan in 3m...
[21:24:33] Live scan
Opening: https://m.flashscore.ua/?s=2 (minute >= 60, 0:0 only)
Provider health [https://m.flashscore.ua/?s=2]: rows=26, 0:0 total=13, candidates=2
  ⏸ 0:0 ще рано (< 60'):
    25' ОК Шарлеруа - Льєрс СК [БЕЛЬГІЯ: Челленджер Про Ліга Таблиця]
    25' СК Беверен - Кортрейк [БЕЛЬГІЯ: Челленджер Про Ліга Таблиця]
    25' Уньйон Рошфортуаз - Ренесанс Монс [БЕЛЬГІЯ: Національний дивізіон 1 - АКФФ - Група підвищення у класі Таблиця]
    25' Такуарітінга - Пеньяполенсе [БРАЗИЛІЯ: Пауліста А4 - Плей-оф]
    25' Конкордія U20 - Карлос Рено U20 [БРАЗИЛІЯ: Катаріненсе U20 Таблиця]
    25' Насау U20 - Брускі U20 [БРАЗИЛІЯ: Катаріненсе U20 Таблиця]
    25' Вілла Реал U20 - Коїмбра U20 [БРАЗИЛІЯ: Мінейру U20 Таблиця]
    25' Утьєль - Рекамбіос Колон [ІСПАНІЯ: Терсера КІФФ - Група 6 Таблиця]
    25' Гронінген - Гоу Ехед Іглс [НІДЕРЛАНДИ: Ередивізі Таблиця]
    45' Рух - Вєчиста Краків [ПОЛЬЩА: Дивізіон 1 Таблиця]
    45' Біль - Парадісо [ШВЕЙЦАРІЯ: Ліга підвищення Таблиця]
  ✔ 62' Нетанія - Хапоель Хайфа [ІЗРАЇЛЬ: Прем'єр-ліга Таблиця] id=AaqZ5ti3
  ✔ 62' Хапоель Петах-Тіква - Хапоель Тель-Авів [ІЗРАЇЛЬ: Прем'єр-ліга Таблиця] id=McZj6kon
  Found: 2 candidates, 2 new, 40 permanently skipped

→ Нетанія - Хапоель Хайфа (62') [ІЗРАЇЛЬ: Прем'єр-ліга Таблиця]

→ Хапоель Петах-Тіква - Хапоель Тель-Авів (62') [ІЗРАЇЛЬ: Прем'єр-ліга Таблиця]
  Кф 1X2: 3.14 / 3.4 / 2.19
  Кф 1X2: 2.01 / 3.58 / 3.42
  Desktop: https://www.flashscore.ua/match/soccer/hapoel-petah-tikva-0Q2H9Ccm/hapoel-tel-aviv-jigstDrf/?mid=McZj6kon
  Desktop: https://www.flashscore.ua/match/soccer/hapoel-haifa-nsYMzMPe/netanya-raBlviD6/?mid=AaqZ5ti3
  [stats] McZj6kon → both, 31 metrics
  [stats] AaqZ5ti3 → both, 32 metrics
  Features: quality=1, primary=6, status=both
  Score (windowed): pGoal=0.24, pDry=0.76 | 60-70 → UNDER_0_5 [TG]
  Features: quality=1, primary=6, status=both
  Score (windowed): pGoal=0.119, pDry=0.881 | 60-70 → UNDER_0_5 [TG]
  ↻ Re-analysis done (no change)
Message sent to Telegram
  ✓ Telegram sent

Done: 2 analyzed, 2 actionable, 1 TG sent
📌 Tracking 2 active prediction(s)

🔥 RUN #420: analyzed=2, signals=1
⏳ Next scan in 3m...
[21:27:47] Live scan
Opening: https://m.flashscore.ua/?s=2 (minute >= 60, 0:0 only)
Provider health [https://m.flashscore.ua/?s=2]: rows=25, 0:0 total=13, candidates=2
  ⏸ 0:0 ще рано (< 60'):
    28' ОК Шарлеруа - Льєрс СК [БЕЛЬГІЯ: Челленджер Про Ліга Таблиця]
    28' СК Беверен - Кортрейк [БЕЛЬГІЯ: Челленджер Про Ліга Таблиця]
    28' Такуарітінга - Пеньяполенсе [БРАЗИЛІЯ: Пауліста А4 - Плей-оф]
    28' Конкордія U20 - Карлос Рено U20 [БРАЗИЛІЯ: Катаріненсе U20 Таблиця]
    28' Насау U20 - Брускі U20 [БРАЗИЛІЯ: Катаріненсе U20 Таблиця]
    28' Америка МЖ U20 - Крузейру U20 [БРАЗИЛІЯ: Мінейру U20 Таблиця]
    28' Атлетіку Мінейру U20 - Sao Joao del Rei U20 [БРАЗИЛІЯ: Мінейру U20 Таблиця]
    28' Вілла Реал U20 - Коїмбра U20 [БРАЗИЛІЯ: Мінейру U20 Таблиця]
    28' Гронінген - Гоу Ехед Іглс [НІДЕРЛАНДИ: Ередивізі Таблиця]
    45' Рух - Вєчиста Краків [ПОЛЬЩА: Дивізіон 1 Таблиця]
    45' Біль - Парадісо [ШВЕЙЦАРІЯ: Ліга підвищення Таблиця]
  ✔ 66' Нетанія - Хапоель Хайфа [ІЗРАЇЛЬ: Прем'єр-ліга Таблиця] id=AaqZ5ti3
  ✔ 66' Хапоель Петах-Тіква - Хапоель Тель-Авів [ІЗРАЇЛЬ: Прем'єр-ліга Таблиця] id=McZj6kon
  Found: 2 candidates, 2 new, 40 permanently skipped

→ Нетанія - Хапоель Хайфа (66') [ІЗРАЇЛЬ: Прем'єр-ліга Таблиця]

→ Хапоель Петах-Тіква - Хапоель Тель-Авів (66') [ІЗРАЇЛЬ: Прем'єр-ліга Таблиця]
  Кф 1X2: 2.01 / 3.58 / 3.42
  Кф 1X2: 3.14 / 3.4 / 2.19
  Desktop: https://www.flashscore.ua/match/soccer/hapoel-haifa-nsYMzMPe/netanya-raBlviD6/?mid=AaqZ5ti3
  Desktop: https://www.flashscore.ua/match/soccer/hapoel-petah-tikva-0Q2H9Ccm/hapoel-tel-aviv-jigstDrf/?mid=McZj6kon
  [stats] AaqZ5ti3 → both, 32 metrics
  [stats] McZj6kon → both, 32 metrics
  Features: quality=1, primary=6, status=both
  Score (windowed): pGoal=0.12, pDry=0.88 | 60-70 → UNDER_0_5 [TG]
  ↻ Re-analysis done (no change)
  Features: quality=1, primary=6, status=both
  Score (windowed): pGoal=0.323, pDry=0.677 | 60-70 → UNDER_0_5 [TG]
  ↻ Re-analysis done (no change)

Done: 2 analyzed, 2 actionable, 0 TG sent
📌 Tracking 2 active prediction(s)

🔥 RUN #421: analyzed=2, signals=0
⏳ Next scan in 3m...
[21:31:03] Live scan
Opening: https://m.flashscore.ua/?s=2 (minute >= 60, 0:0 only)
Provider health [https://m.flashscore.ua/?s=2]: rows=25, 0:0 total=13, candidates=2
  ⏸ 0:0 ще рано (< 60'):
    1' Індепендьєнте Рівадавія - Архентинос Хун. [АРГЕНТИНА: Прімера - Апертура Таблиця]
    31' ОК Шарлеруа - Льєрс СК [БЕЛЬГІЯ: Челленджер Про Ліга Таблиця]
    31' СК Беверен - Кортрейк [БЕЛЬГІЯ: Челленджер Про Ліга Таблиця]
    31' Такуарітінга - Пеньяполенсе [БРАЗИЛІЯ: Пауліста А4 - Плей-оф]
    31' Конкордія U20 - Карлос Рено U20 [БРАЗИЛІЯ: Катаріненсе U20 Таблиця]
    31' Америка МЖ U20 - Крузейру U20 [БРАЗИЛІЯ: Мінейру U20 Таблиця]
    31' Атлетіку Мінейру U20 - Sao Joao del Rei U20 [БРАЗИЛІЯ: Мінейру U20 Таблиця]
    31' Вілла Реал U20 - Коїмбра U20 [БРАЗИЛІЯ: Мінейру U20 Таблиця]
    31' Гронінген - Гоу Ехед Іглс [НІДЕРЛАНДИ: Ередивізі Таблиця]
    45' Рух - Вєчиста Краків [ПОЛЬЩА: Дивізіон 1 Таблиця]
    45' Біль - Парадісо [ШВЕЙЦАРІЯ: Ліга підвищення Таблиця]
  ✔ 69' Нетанія - Хапоель Хайфа [ІЗРАЇЛЬ: Прем'єр-ліга Таблиця] id=AaqZ5ti3
  ✔ 69' Хапоель Петах-Тіква - Хапоель Тель-Авів [ІЗРАЇЛЬ: Прем'єр-ліга Таблиця] id=McZj6kon
  Found: 2 candidates, 2 new, 40 permanently skipped

→ Нетанія - Хапоель Хайфа (69') [ІЗРАЇЛЬ: Прем'єр-ліга Таблиця]

→ Хапоель Петах-Тіква - Хапоель Тель-Авів (69') [ІЗРАЇЛЬ: Прем'єр-ліга Таблиця]
  Кф 1X2: 3.14 / 3.4 / 2.19
  Кф 1X2: 2.01 / 3.58 / 3.42
  Desktop: https://www.flashscore.ua/match/soccer/hapoel-haifa-nsYMzMPe/netanya-raBlviD6/?mid=AaqZ5ti3
  Desktop: https://www.flashscore.ua/match/soccer/hapoel-petah-tikva-0Q2H9Ccm/hapoel-tel-aviv-jigstDrf/?mid=McZj6kon
  [stats] AaqZ5ti3 → both, 32 metrics
  [stats] McZj6kon → both, 33 metrics
  Features: quality=1, primary=6, status=both
  Score (windowed): pGoal=0.123, pDry=0.877 | 60-70 → UNDER_0_5 [TG]
  ↻ Re-analysis done (no change)
  Features: quality=1, primary=6, status=both
  Score (windowed): pGoal=0.323, pDry=0.677 | 60-70 → UNDER_0_5 [TG]
  ↻ Re-analysis done (no change)

Done: 2 analyzed, 2 actionable, 0 TG sent
📌 Tracking 2 active prediction(s)

🔥 RUN #422: analyzed=2, signals=0
⏳ Next scan in 3m...
[21:34:19] Live scan
Opening: https://m.flashscore.ua/?s=2 (minute >= 60, 0:0 only)
Provider health [https://m.flashscore.ua/?s=2]: rows=30, 0:0 total=18, candidates=2
  ⏸ 0:0 ще рано (< 60'):
    5' Індепендьєнте Рівадавія - Архентинос Хун. [АРГЕНТИНА: Прімера - Апертура Таблиця]
    5' Сан-Мігель - Депортіво Морон [АРГЕНТИНА: Прімера Насьйональ Таблиця]
    5' Спортіво Італьяно - Комунікасьонес [АРГЕНТИНА: Прімера В Таблиця]
    5' Каньюелас - Атлас [АРГЕНТИНА: Прімера С Таблиця]
    5' КСР Еспаньйол - Берасатегі [АРГЕНТИНА: Прімера С Таблиця]
    5' Леандро Н. Алем - Деф. де Камбасерес [АРГЕНТИНА: Прімера С Таблиця]
    35' ОК Шарлеруа - Льєрс СК [БЕЛЬГІЯ: Челленджер Про Ліга Таблиця]
    35' СК Беверен - Кортрейк [БЕЛЬГІЯ: Челленджер Про Ліга Таблиця]
    35' Такуарітінга - Пеньяполенсе [БРАЗИЛІЯ: Пауліста А4 - Плей-оф]
    35' Конкордія U20 - Карлос Рено U20 [БРАЗИЛІЯ: Катаріненсе U20 Таблиця]
    35' Америка МЖ U20 - Крузейру U20 [БРАЗИЛІЯ: Мінейру U20 Таблиця]
    35' Атлетіку Мінейру U20 - Sao Joao del Rei U20 [БРАЗИЛІЯ: Мінейру U20 Таблиця]
    35' Вілла Реал U20 - Коїмбра U20 [БРАЗИЛІЯ: Мінейру U20 Таблиця]
    35' Гронінген - Гоу Ехед Іглс [НІДЕРЛАНДИ: Ередивізі Таблиця]
    46' Рух - Вєчиста Краків [ПОЛЬЩА: Дивізіон 1 Таблиця]
    45' Біль - Парадісо [ШВЕЙЦАРІЯ: Ліга підвищення Таблиця]
  ✔ 72' Нетанія - Хапоель Хайфа [ІЗРАЇЛЬ: Прем'єр-ліга Таблиця] id=AaqZ5ti3
  ✔ 72' Хапоель Петах-Тіква - Хапоель Тель-Авів [ІЗРАЇЛЬ: Прем'єр-ліга Таблиця] id=McZj6kon
  Found: 2 candidates, 2 new, 40 permanently skipped

→ Нетанія - Хапоель Хайфа (72') [ІЗРАЇЛЬ: Прем'єр-ліга Таблиця]

→ Хапоель Петах-Тіква - Хапоель Тель-Авів (72') [ІЗРАЇЛЬ: Прем'єр-ліга Таблиця]
  Кф 1X2: 3.14 / 3.4 / 2.19
  Кф 1X2: 2.01 / 3.58 / 3.42
  Desktop: https://www.flashscore.ua/match/soccer/hapoel-petah-tikva-0Q2H9Ccm/hapoel-tel-aviv-jigstDrf/?mid=McZj6kon
  Desktop: https://www.flashscore.ua/match/soccer/hapoel-haifa-nsYMzMPe/netanya-raBlviD6/?mid=AaqZ5ti3
  [stats] McZj6kon → both, 33 metrics
  [stats] AaqZ5ti3 → both, 32 metrics
  Features: quality=1, primary=6, status=both
  Score (windowed): pGoal=0.353, pDry=0.647 | 70-80 → UNDER_0_5 [TG]
  ↻ Re-analysis done (no change)
  Features: quality=1, primary=6, status=both
  Score (windowed): pGoal=0.153, pDry=0.847 | 70-80 → UNDER_0_5 [TG]
  ↻ Re-analysis done (no change)

Done: 2 analyzed, 2 actionable, 0 TG sent
📌 Tracking 2 active prediction(s)

🔥 RUN #423: analyzed=2, signals=0
⏳ Next scan in 3m...
[21:37:33] Live scan
Opening: https://m.flashscore.ua/?s=2 (minute >= 60, 0:0 only)
Provider health [https://m.flashscore.ua/?s=2]: rows=35, 0:0 total=20, candidates=2
  ⏸ 0:0 ще рано (< 60'):
    8' Індепендьєнте Рівадавія - Архентинос Хун. [АРГЕНТИНА: Прімера - Апертура Таблиця]
    8' Сан-Тельмо - Годой Крус [АРГЕНТИНА: Прімера Насьйональ Таблиця]
    8' Вілья Сан-Карлос - Архентіно де Кільмес [АРГЕНТИНА: Прімера В Таблиця]
    8' Сан-Мартін Бурсако - Дефенсорес Унідос [АРГЕНТИНА: Прімера В Таблиця]
    8' Каньюелас - Атлас [АРГЕНТИНА: Прімера С Таблиця]
    8' КСР Еспаньйол - Берасатегі [АРГЕНТИНА: Прімера С Таблиця]
    8' Леандро Н. Алем - Деф. де Камбасерес [АРГЕНТИНА: Прімера С Таблиця]
    8' Сентраль Баллестер - Фенікс [АРГЕНТИНА: Прімера С Таблиця]
    8' Сентраль Кордоба - Клуб Лухан [АРГЕНТИНА: Прімера С Таблиця]
    38' СК Беверен - Кортрейк [БЕЛЬГІЯ: Челленджер Про Ліга Таблиця]
    38' Такуарітінга - Пеньяполенсе [БРАЗИЛІЯ: Пауліста А4 - Плей-оф]
    38' Конкордія U20 - Карлос Рено U20 [БРАЗИЛІЯ: Катаріненсе U20 Таблиця]
    8' Роял U20 - Гоянія U20 [БРАЗИЛІЯ: Гояно U20 Таблиця]
    38' Америка МЖ U20 - Крузейру U20 [БРАЗИЛІЯ: Мінейру U20 Таблиця]
    38' Вілла Реал U20 - Коїмбра U20 [БРАЗИЛІЯ: Мінейру U20 Таблиця]
    38' Гронінген - Гоу Ехед Іглс [НІДЕРЛАНДИ: Ередивізі Таблиця]
    50' Рух - Вєчиста Краків [ПОЛЬЩА: Дивізіон 1 Таблиця]
    48' Біль - Парадісо [ШВЕЙЦАРІЯ: Ліга підвищення Таблиця]
  ✔ 76' Нетанія - Хапоель Хайфа [ІЗРАЇЛЬ: Прем'єр-ліга Таблиця] id=AaqZ5ti3
  ✔ 76' Хапоель Петах-Тіква - Хапоель Тель-Авів [ІЗРАЇЛЬ: Прем'єр-ліга Таблиця] id=McZj6kon
  Found: 2 candidates, 2 new, 40 permanently skipped

→ Нетанія - Хапоель Хайфа (76') [ІЗРАЇЛЬ: Прем'єр-ліга Таблиця]

→ Хапоель Петах-Тіква - Хапоель Тель-Авів (76') [ІЗРАЇЛЬ: Прем'єр-ліга Таблиця]
  Кф 1X2: 3.14 / 3.4 / 2.19
  Кф 1X2: 2.01 / 3.58 / 3.42
  Desktop: https://www.flashscore.ua/match/soccer/hapoel-haifa-nsYMzMPe/netanya-raBlviD6/?mid=AaqZ5ti3
  Desktop: https://www.flashscore.ua/match/soccer/hapoel-petah-tikva-0Q2H9Ccm/hapoel-tel-aviv-jigstDrf/?mid=McZj6kon
  [stats] AaqZ5ti3 → both, 32 metrics
  [stats] McZj6kon → both, 33 metrics
  Features: quality=1, primary=6, status=both
  Score (windowed): pGoal=0.333, pDry=0.667 | 70-80 → UNDER_0_5 [TG]
  ↻ Re-analysis done (no change)
  Features: quality=1, primary=6, status=both
  Score (windowed): pGoal=0.138, pDry=0.862 | 70-80 → UNDER_0_5 [TG]
  ↻ Re-analysis done (no change)

Done: 2 analyzed, 2 actionable, 0 TG sent
📌 Tracking 2 active prediction(s)

🔥 RUN #424: analyzed=2, signals=0
⏳ Next scan in 3m...
[21:40:49] Live scan
Opening: https://m.flashscore.ua/?s=2 (minute >= 60, 0:0 only)
Provider health [https://m.flashscore.ua/?s=2]: rows=35, 0:0 total=17, candidates=2
  ⏸ 0:0 ще рано (< 60'):
    11' Сан-Тельмо - Годой Крус [АРГЕНТИНА: Прімера Насьйональ Таблиця]
    11' Вілья Сан-Карлос - Архентіно де Кільмес [АРГЕНТИНА: Прімера В Таблиця]
    11' Сан-Мартін Бурсако - Дефенсорес Унідос [АРГЕНТИНА: Прімера В Таблиця]
    11' Каньюелас - Атлас [АРГЕНТИНА: Прімера С Таблиця]
    11' КСР Еспаньйол - Берасатегі [АРГЕНТИНА: Прімера С Таблиця]
    11' Леандро Н. Алем - Деф. де Камбасерес [АРГЕНТИНА: Прімера С Таблиця]
    11' Сентраль Баллестер - Фенікс [АРГЕНТИНА: Прімера С Таблиця]
    11' Сентраль Кордоба - Клуб Лухан [АРГЕНТИНА: Прімера С Таблиця]
    41' СК Беверен - Кортрейк [БЕЛЬГІЯ: Челленджер Про Ліга Таблиця]
    41' Конкордія U20 - Карлос Рено U20 [БРАЗИЛІЯ: Катаріненсе U20 Таблиця]
    41' Америка МЖ U20 - Крузейру U20 [БРАЗИЛІЯ: Мінейру U20 Таблиця]
    41' Вілла Реал U20 - Коїмбра U20 [БРАЗИЛІЯ: Мінейру U20 Таблиця]
    41' Гронінген - Гоу Ехед Іглс [НІДЕРЛАНДИ: Ередивізі Таблиця]
    53' Рух - Вєчиста Краків [ПОЛЬЩА: Дивізіон 1 Таблиця]
    51' Біль - Парадісо [ШВЕЙЦАРІЯ: Ліга підвищення Таблиця]
  ✔ 79' Нетанія - Хапоель Хайфа [ІЗРАЇЛЬ: Прем'єр-ліга Таблиця] id=AaqZ5ti3
  ✔ 79' Хапоель Петах-Тіква - Хапоель Тель-Авів [ІЗРАЇЛЬ: Прем'єр-ліга Таблиця] id=McZj6kon
  Found: 2 candidates, 2 new, 40 permanently skipped

→ Нетанія - Хапоель Хайфа (79') [ІЗРАЇЛЬ: Прем'єр-ліга Таблиця]

→ Хапоель Петах-Тіква - Хапоель Тель-Авів (79') [ІЗРАЇЛЬ: Прем'єр-ліга Таблиця]
  Кф 1X2: 3.14 / 3.4 / 2.19
  Кф 1X2: 2.01 / 3.58 / 3.42
  Desktop: https://www.flashscore.ua/match/soccer/hapoel-petah-tikva-0Q2H9Ccm/hapoel-tel-aviv-jigstDrf/?mid=McZj6kon
  Desktop: https://www.flashscore.ua/match/soccer/hapoel-haifa-nsYMzMPe/netanya-raBlviD6/?mid=AaqZ5ti3
  [stats] McZj6kon → both, 33 metrics
  [stats] AaqZ5ti3 → both, 32 metrics
  Features: quality=1, primary=6, status=both
  Score (windowed): pGoal=0.337, pDry=0.663 | 70-80 → UNDER_0_5 [TG]
  ↻ Re-analysis done (no change)
  Features: quality=1, primary=6, status=both
  Score (windowed): pGoal=0.149, pDry=0.851 | 70-80 → UNDER_0_5 [TG]
  ↻ Re-analysis done (no change)

Done: 2 analyzed, 2 actionable, 0 TG sent
📌 Tracking 2 active prediction(s)

🔥 RUN #425: analyzed=2, signals=0
⏳ Next scan in 3m...
[21:44:05] Live scan
Opening: https://m.flashscore.ua/?s=2 (minute >= 60, 0:0 only)
Provider health [https://m.flashscore.ua/?s=2]: rows=37, 0:0 total=19, candidates=2
  ⏸ 0:0 ще рано (< 60'):
    15' Сан-Тельмо - Годой Крус [АРГЕНТИНА: Прімера Насьйональ Таблиця]
    15' Вілья Сан-Карлос - Архентіно де Кільмес [АРГЕНТИНА: Прімера В Таблиця]
    15' Сан-Мартін Бурсако - Дефенсорес Унідос [АРГЕНТИНА: Прімера В Таблиця]
    15' Каньюелас - Атлас [АРГЕНТИНА: Прімера С Таблиця]
    15' КСР Еспаньйол - Берасатегі [АРГЕНТИНА: Прімера С Таблиця]
    15' Леандро Н. Алем - Деф. де Камбасерес [АРГЕНТИНА: Прімера С Таблиця]
    15' Сентраль Баллестер - Фенікс [АРГЕНТИНА: Прімера С Таблиця]
    15' Сентраль Кордоба - Клуб Лухан [АРГЕНТИНА: Прімера С Таблиця]
    45' СК Беверен - Кортрейк [БЕЛЬГІЯ: Челленджер Про Ліга Таблиця]
    45' Конкордія U20 - Карлос Рено U20 [БРАЗИЛІЯ: Катаріненсе U20 Таблиця]
    45' Америка МЖ U20 - Крузейру U20 [БРАЗИЛІЯ: Мінейру U20 Таблиця]
    45' Вілла Реал U20 - Коїмбра U20 [БРАЗИЛІЯ: Мінейру U20 Таблиця]
    45' Гронінген - Гоу Ехед Іглс [НІДЕРЛАНДИ: Ередивізі Таблиця]
    56' Рух - Вєчиста Краків [ПОЛЬЩА: Дивізіон 1 Таблиця]
    15' Клуб де Фут Монреаль - Філадельфія Юніон [США: МЛС Таблиця]
    15' Остін - Лос-Анджелес Гелаксі [США: МЛС Таблиця]
    55' Біль - Парадісо [ШВЕЙЦАРІЯ: Ліга підвищення Таблиця]
  ✔ 82' Нетанія - Хапоель Хайфа [ІЗРАЇЛЬ: Прем'єр-ліга Таблиця] id=AaqZ5ti3
  ✔ 82' Хапоель Петах-Тіква - Хапоель Тель-Авів [ІЗРАЇЛЬ: Прем'єр-ліга Таблиця] id=McZj6kon
  Found: 2 candidates, 2 new, 40 permanently skipped

→ Нетанія - Хапоель Хайфа (82') [ІЗРАЇЛЬ: Прем'єр-ліга Таблиця]

→ Хапоель Петах-Тіква - Хапоель Тель-Авів (82') [ІЗРАЇЛЬ: Прем'єр-ліга Таблиця]
  Кф 1X2: 2.01 / 3.58 / 3.42
  Кф 1X2: 3.14 / 3.4 / 2.19
  Desktop: https://www.flashscore.ua/match/soccer/hapoel-haifa-nsYMzMPe/netanya-raBlviD6/?mid=AaqZ5ti3
  Desktop: https://www.flashscore.ua/match/soccer/hapoel-petah-tikva-0Q2H9Ccm/hapoel-tel-aviv-jigstDrf/?mid=McZj6kon
  [stats] AaqZ5ti3 → both, 33 metrics
  [stats] McZj6kon → both, 33 metrics
  Features: quality=1, primary=6, status=both
  Score (windowed): pGoal=0.292, pDry=0.708 | 80-90+ → SKIP
  Features: quality=1, primary=6, status=both
  Score (windowed): pGoal=0.36, pDry=0.64 | 80-90+ → SKIP

Done: 2 analyzed, 0 actionable, 0 TG sent
📌 Tracking 2 active prediction(s)

🔥 RUN #426: analyzed=2, signals=0
⏳ Next scan in 3m...
[21:47:22] Live scan
Opening: https://m.flashscore.ua/?s=2 (minute >= 60, 0:0 only)
Provider health [https://m.flashscore.ua/?s=2]: rows=36, 0:0 total=16, candidates=2
  ⏸ 0:0 ще рано (< 60'):
    18' Сан-Тельмо - Годой Крус [АРГЕНТИНА: Прімера Насьйональ Таблиця]
    18' Вілья Сан-Карлос - Архентіно де Кільмес [АРГЕНТИНА: Прімера В Таблиця]
    18' Каньюелас - Атлас [АРГЕНТИНА: Прімера С Таблиця]
    18' КСР Еспаньйол - Берасатегі [АРГЕНТИНА: Прімера С Таблиця]
    18' Леандро Н. Алем - Деф. де Камбасерес [АРГЕНТИНА: Прімера С Таблиця]
    18' Сентраль Баллестер - Фенікс [АРГЕНТИНА: Прімера С Таблиця]
    18' Сентраль Кордоба - Клуб Лухан [АРГЕНТИНА: Прімера С Таблиця]
    45' СК Беверен - Кортрейк [БЕЛЬГІЯ: Челленджер Про Ліга Таблиця]
    18' Клуб де Фут Монреаль - Філадельфія Юніон [США: МЛС Таблиця]
    18' Остін - Лос-Анджелес Гелаксі [США: МЛС Таблиця]
    58' Біль - Парадісо [ШВЕЙЦАРІЯ: Ліга підвищення Таблиця]
  ✔ 86' Нетанія - Хапоель Хайфа [ІЗРАЇЛЬ: Прем'єр-ліга Таблиця] id=AaqZ5ti3
  ✔ 86' Хапоель Петах-Тіква - Хапоель Тель-Авів [ІЗРАЇЛЬ: Прем'єр-ліга Таблиця] id=McZj6kon
  Found: 2 candidates, 2 new, 40 permanently skipped

→ Нетанія - Хапоель Хайфа (86') [ІЗРАЇЛЬ: Прем'єр-ліга Таблиця]

→ Хапоель Петах-Тіква - Хапоель Тель-Авів (86') [ІЗРАЇЛЬ: Прем'єр-ліга Таблиця]
  Кф 1X2: 2.01 / 3.58 / 3.42
  Кф 1X2: 3.14 / 3.4 / 2.19
  Desktop: https://www.flashscore.ua/match/soccer/hapoel-haifa-nsYMzMPe/netanya-raBlviD6/?mid=AaqZ5ti3
  Desktop: https://www.flashscore.ua/match/soccer/hapoel-petah-tikva-0Q2H9Ccm/hapoel-tel-aviv-jigstDrf/?mid=McZj6kon
  [stats] AaqZ5ti3 → both, 33 metrics
  [stats] McZj6kon → both, 33 metrics
  Features: quality=1, primary=6, status=both
  Score (windowed): pGoal=0.398, pDry=0.602 | 80-90+ → SKIP
  Features: quality=1, primary=6, status=both
  Score (windowed): pGoal=0.436, pDry=0.564 | 80-90+ → SKIP

Done: 2 analyzed, 0 actionable, 0 TG sent
📌 Tracking 2 active prediction(s)

🔥 RUN #427: analyzed=2, signals=0
⏳ Next scan in 3m...
[21:50:37] Live scan
Opening: https://m.flashscore.ua/?s=2 (minute >= 60, 0:0 only)
Provider health [https://m.flashscore.ua/?s=2]: rows=37, 0:0 total=15, candidates=3
  ⏸ 0:0 ще рано (< 60'):
    21' Сан-Тельмо - Годой Крус [АРГЕНТИНА: Прімера Насьйональ Таблиця]
    21' Вілья Сан-Карлос - Архентіно де Кільмес [АРГЕНТИНА: Прімера В Таблиця]
    21' Реал Пілар - Депортіво Арменіо [АРГЕНТИНА: Прімера В Таблиця]
    21' Каньюелас - Атлас [АРГЕНТИНА: Прімера С Таблиця]
    21' КСР Еспаньйол - Берасатегі [АРГЕНТИНА: Прімера С Таблиця]
    21' Сентраль Баллестер - Фенікс [АРГЕНТИНА: Прімера С Таблиця]
    21' Сентраль Кордоба - Клуб Лухан [АРГЕНТИНА: Прімера С Таблиця]
    45' СК Беверен - Кортрейк [БЕЛЬГІЯ: Челленджер Про Ліга Таблиця]
    45' Вілла Реал U20 - Коїмбра U20 [БРАЗИЛІЯ: Мінейру U20 Таблиця]
    21' Клуб де Фут Монреаль - Філадельфія Юніон [США: МЛС Таблиця]
    21' Остін - Лос-Анджелес Гелаксі [США: МЛС Таблиця]
  ✔ 89' Нетанія - Хапоель Хайфа [ІЗРАЇЛЬ: Прем'єр-ліга Таблиця] id=AaqZ5ti3
  ✔ 89' Хапоель Петах-Тіква - Хапоель Тель-Авів [ІЗРАЇЛЬ: Прем'єр-ліга Таблиця] id=McZj6kon
  ✔ 61' Біль - Парадісо [ШВЕЙЦАРІЯ: Ліга підвищення Таблиця] id=2qiFcdyf
  Found: 3 candidates, 3 new, 40 permanently skipped

→ Нетанія - Хапоель Хайфа (89') [ІЗРАЇЛЬ: Прем'єр-ліга Таблиця]

→ Хапоель Петах-Тіква - Хапоель Тель-Авів (89') [ІЗРАЇЛЬ: Прем'єр-ліга Таблиця]
  Кф 1X2: 2.01 / 3.58 / 3.42
  Кф 1X2: 3.14 / 3.4 / 2.19
  Desktop: https://www.flashscore.ua/match/soccer/hapoel-petah-tikva-0Q2H9Ccm/hapoel-tel-aviv-jigstDrf/?mid=McZj6kon
  Desktop: https://www.flashscore.ua/match/soccer/hapoel-haifa-nsYMzMPe/netanya-raBlviD6/?mid=AaqZ5ti3
  [stats] McZj6kon → both, 33 metrics
  [stats] AaqZ5ti3 → both, 33 metrics
  Features: quality=1, primary=6, status=both
  Score (windowed): pGoal=0.448, pDry=0.552 | 80-90+ → SKIP

→ Біль - Парадісо (61') [ШВЕЙЦАРІЯ: Ліга підвищення Таблиця]
  Features: quality=1, primary=6, status=both
  Score (windowed): pGoal=0.41, pDry=0.59 | 80-90+ → SKIP
  Кф 1X2: 1.58 / 4.43 / 4.74
  Desktop: https://www.flashscore.ua/match/soccer/biel-UiibdGk8/paradiso-hQOiUXyS/?mid=2qiFcdyf
  [stats] 2qiFcdyf overall: no data-testid (old=0, any=0, body=148163)
  [stats] 2qiFcdyf secondHalf: no data-testid (old=0, any=0, body=148163)
  [stats] 2qiFcdyf → unavailable, 0 metrics
  Features: quality=0, primary=0, status=unavailable
  ✗ No stats at all → permanent skip

Done: 2 analyzed, 0 actionable, 0 TG sent
📌 Tracking 2 active prediction(s)

🔥 RUN #428: analyzed=2, signals=0
⏳ Next scan in 3m...
[21:54:27] Live scan
Opening: https://m.flashscore.ua/?s=2 (minute >= 60, 0:0 only)
Provider health [https://m.flashscore.ua/?s=2]: rows=35, 0:0 total=12, candidates=0
  ⏸ 0:0 ще рано (< 60'):
    25' Вілья Сан-Карлос - Архентіно де Кільмес [АРГЕНТИНА: Прімера В Таблиця]
    25' Реал Пілар - Депортіво Арменіо [АРГЕНТИНА: Прімера В Таблиця]
    25' Каньюелас - Атлас [АРГЕНТИНА: Прімера С Таблиця]
    25' КСР Еспаньйол - Берасатегі [АРГЕНТИНА: Прімера С Таблиця]
    25' Сентраль Баллестер - Фенікс [АРГЕНТИНА: Прімера С Таблиця]
    25' Сентраль Кордоба - Клуб Лухан [АРГЕНТИНА: Прімера С Таблиця]
    45' СК Беверен - Кортрейк [БЕЛЬГІЯ: Челленджер Про Ліга Таблиця]
    45' Конкордія U20 - Карлос Рено U20 [БРАЗИЛІЯ: Катаріненсе U20 Таблиця]
    45' Вілла Реал U20 - Коїмбра U20 [БРАЗИЛІЯ: Мінейру U20 Таблиця]
    25' Клуб де Фут Монреаль - Філадельфія Юніон [США: МЛС Таблиця]
    25' Остін - Лос-Анджелес Гелаксі [США: МЛС Таблиця]
  Found: 0 candidates, 0 new, 41 permanently skipped

Done: 0 analyzed, 0 actionable, 0 TG sent

🔍 Checking 2 possibly finished match(es)...
  ⏳ Нетанія - Хапоель Хайфа: still live 0:0
  ⏳ Хапоель Петах-Тіква - Хапоель Тель-Авів: still live 0:0
📌 Tracking 2 active prediction(s)

🔥 RUN #429: analyzed=0, signals=0
⏳ Next scan in 3m...
[21:57:36] Live scan
Opening: https://m.flashscore.ua/?s=2 (minute >= 60, 0:0 only)
Provider health [https://m.flashscore.ua/?s=2]: rows=35, 0:0 total=12, candidates=0
  ⏸ 0:0 ще рано (< 60'):
    28' Вілья Сан-Карлос - Архентіно де Кільмес [АРГЕНТИНА: Прімера В Таблиця]
    28' Реал Пілар - Депортіво Арменіо [АРГЕНТИНА: Прімера В Таблиця]
    28' Каньюелас - Атлас [АРГЕНТИНА: Прімера С Таблиця]
    28' КСР Еспаньйол - Берасатегі [АРГЕНТИНА: Прімера С Таблиця]
    28' Сентраль Баллестер - Фенікс [АРГЕНТИНА: Прімера С Таблиця]
    28' Сентраль Кордоба - Клуб Лухан [АРГЕНТИНА: Прімера С Таблиця]
    45' СК Беверен - Кортрейк [БЕЛЬГІЯ: Челленджер Про Ліга Таблиця]
    45' Конкордія U20 - Карлос Рено U20 [БРАЗИЛІЯ: Катаріненсе U20 Таблиця]
    45' Вілла Реал U20 - Коїмбра U20 [БРАЗИЛІЯ: Мінейру U20 Таблиця]
    28' Клуб де Фут Монреаль - Філадельфія Юніон [США: МЛС Таблиця]
    28' Остін - Лос-Анджелес Гелаксі [США: МЛС Таблиця]
  Found: 0 candidates, 0 new, 41 permanently skipped

Done: 0 analyzed, 0 actionable, 0 TG sent

🔍 Checking 2 possibly finished match(es)...
  ⏳ Нетанія - Хапоель Хайфа: still live 0:0
  ⏳ Хапоель Петах-Тіква - Хапоель Тель-Авів: still live 0:0
📌 Tracking 2 active prediction(s)

🔥 RUN #430: analyzed=0, signals=0
⏳ Next scan in 3m...
[22:00:43] Live scan
Opening: https://m.flashscore.ua/?s=2 (minute >= 60, 0:0 only)
Provider health [https://m.flashscore.ua/?s=2]: rows=37, 0:0 total=16, candidates=0
  ⏸ 0:0 ще рано (< 60'):
    31' Вілья Сан-Карлос - Архентіно де Кільмес [АРГЕНТИНА: Прімера В Таблиця]
    31' Реал Пілар - Депортіво Арменіо [АРГЕНТИНА: Прімера В Таблиця]
    31' Каньюелас - Атлас [АРГЕНТИНА: Прімера С Таблиця]
    31' КСР Еспаньйол - Берасатегі [АРГЕНТИНА: Прімера С Таблиця]
    31' Сентраль Баллестер - Фенікс [АРГЕНТИНА: Прімера С Таблиця]
    31' Сентраль Кордоба - Клуб Лухан [АРГЕНТИНА: Прімера С Таблиця]
    45' СК Беверен - Кортрейк [БЕЛЬГІЯ: Челленджер Про Ліга Таблиця]
    1' Бетін - Овідоренсе [БРАЗИЛІЯ: Серія D Таблиця]
    1' Лагарту - Трезе ПБ [БРАЗИЛІЯ: Серія D Таблиця]
    1' Мадурейра - Агуа-Санта [БРАЗИЛІЯ: Серія D Таблиця]
    1' Сан-Луїс - Каскавел [БРАЗИЛІЯ: Серія D Таблиця]
    1' Сержипі - Дісізан [БРАЗИЛІЯ: Серія D Таблиця]
    45' Конкордія U20 - Карлос Рено U20 [БРАЗИЛІЯ: Катаріненсе U20 Таблиця]
    45' Вілла Реал U20 - Коїмбра U20 [БРАЗИЛІЯ: Мінейру U20 Таблиця]
    31' Клуб де Фут Монреаль - Філадельфія Юніон [США: МЛС Таблиця]
    31' Остін - Лос-Анджелес Гелаксі [США: МЛС Таблиця]
  Found: 0 candidates, 0 new, 41 permanently skipped

Done: 0 analyzed, 0 actionable, 0 TG sent

🔍 Checking 2 possibly finished match(es)...
  ⚽ Нетанія - Хапоель Хайфа: 0:0 [FT] → ✅ HIT (bet=UNDER_0_5)
Message sent to Telegram
  ✓ Telegram result sent (FT)
  ⚽ Хапоель Петах-Тіква - Хапоель Тель-Авів: 0:0 [FT] → ✅ HIT (bet=UNDER_0_5)
Message sent to Telegram
  ✓ Telegram result sent (FT)

🔥 RUN #431: analyzed=0, signals=0
⏳ Next scan in 3m...
[22:03:52] Live scan
Opening: https://m.flashscore.ua/?s=2 (minute >= 60, 0:0 only)
Provider health [https://m.flashscore.ua/?s=2]: rows=39, 0:0 total=17, candidates=0
  ⏸ 0:0 ще рано (< 60'):
    34' Вілья Сан-Карлос - Архентіно де Кільмес [АРГЕНТИНА: Прімера В Таблиця]
    34' Реал Пілар - Депортіво Арменіо [АРГЕНТИНА: Прімера В Таблиця]
    34' КСР Еспаньйол - Берасатегі [АРГЕНТИНА: Прімера С Таблиця]
    34' Сентраль Баллестер - Фенікс [АРГЕНТИНА: Прімера С Таблиця]
    34' Сентраль Кордоба - Клуб Лухан [АРГЕНТИНА: Прімера С Таблиця]
    46' СК Беверен - Кортрейк [БЕЛЬГІЯ: Челленджер Про Ліга Таблиця]
    4' Бетін - Овідоренсе [БРАЗИЛІЯ: Серія D Таблиця]
    4' Жакуйпенсе - КСА [БРАЗИЛІЯ: Серія D Таблиця]
    4' Лагарту - Трезе ПБ [БРАЗИЛІЯ: Серія D Таблиця]
    4' Мадурейра - Агуа-Санта [БРАЗИЛІЯ: Серія D Таблиця]
    4' Сан-Луїс - Каскавел [БРАЗИЛІЯ: Серія D Таблиця]
    4' Сержипі - Дісізан [БРАЗИЛІЯ: Серія D Таблиця]
    45' Конкордія U20 - Карлос Рено U20 [БРАЗИЛІЯ: Катаріненсе U20 Таблиця]
    45' Вілла Реал U20 - Коїмбра U20 [БРАЗИЛІЯ: Мінейру U20 Таблиця]
    4' Хераклес - Аякс [НІДЕРЛАНДИ: Ередивізі Таблиця]
    34' Клуб де Фут Монреаль - Філадельфія Юніон [США: МЛС Таблиця]
    34' Остін - Лос-Анджелес Гелаксі [США: МЛС Таблиця]
  Found: 0 candidates, 0 new, 41 permanently skipped

Done: 0 analyzed, 0 actionable, 0 TG sent

🔥 RUN #432: analyzed=0, signals=0
⏳ Next scan in 3m...
[22:06:56] Live scan
Opening: https://m.flashscore.ua/?s=2 (minute >= 60, 0:0 only)
Provider health [https://m.flashscore.ua/?s=2]: rows=39, 0:0 total=14, candidates=0
  ⏸ 0:0 ще рано (< 60'):
    37' Вілья Сан-Карлос - Архентіно де Кільмес [АРГЕНТИНА: Прімера В Таблиця]
    37' Реал Пілар - Депортіво Арменіо [АРГЕНТИНА: Прімера В Таблиця]
    37' КСР Еспаньйол - Берасатегі [АРГЕНТИНА: Прімера С Таблиця]
    37' Сентраль Кордоба - Клуб Лухан [АРГЕНТИНА: Прімера С Таблиця]
    7' Бетін - Овідоренсе [БРАЗИЛІЯ: Серія D Таблиця]
    7' Жакуйпенсе - КСА [БРАЗИЛІЯ: Серія D Таблиця]
    7' Лагарту - Трезе ПБ [БРАЗИЛІЯ: Серія D Таблиця]
    7' Мадурейра - Агуа-Санта [БРАЗИЛІЯ: Серія D Таблиця]
    7' Сан-Луїс - Каскавел [БРАЗИЛІЯ: Серія D Таблиця]
    7' Сержипі - Дісізан [БРАЗИЛІЯ: Серія D Таблиця]
    46' Конкордія U20 - Карлос Рено U20 [БРАЗИЛІЯ: Катаріненсе U20 Таблиця]
    45' Вілла Реал U20 - Коїмбра U20 [БРАЗИЛІЯ: Мінейру U20 Таблиця]
    7' Хераклес - Аякс [НІДЕРЛАНДИ: Ередивізі Таблиця]
    37' Остін - Лос-Анджелес Гелаксі [США: МЛС Таблиця]
  Found: 0 candidates, 0 new, 41 permanently skipped

Done: 0 analyzed, 0 actionable, 0 TG sent

🔥 RUN #433: analyzed=0, signals=0
⏳ Next scan in 3m...
[22:10:00] Live scan
Opening: https://m.flashscore.ua/?s=2 (minute >= 60, 0:0 only)
Provider health [https://m.flashscore.ua/?s=2]: rows=39, 0:0 total=13, candidates=0
  ⏸ 0:0 ще рано (< 60'):
    41' Вілья Сан-Карлос - Архентіно де Кільмес [АРГЕНТИНА: Прімера В Таблиця]
    41' Реал Пілар - Депортіво Арменіо [АРГЕНТИНА: Прімера В Таблиця]
    41' КСР Еспаньйол - Берасатегі [АРГЕНТИНА: Прімера С Таблиця]
    41' Сентраль Кордоба - Клуб Лухан [АРГЕНТИНА: Прімера С Таблиця]
    11' Бетін - Овідоренсе [БРАЗИЛІЯ: Серія D Таблиця]
    11' Жакуйпенсе - КСА [БРАЗИЛІЯ: Серія D Таблиця]
    11' Лагарту - Трезе ПБ [БРАЗИЛІЯ: Серія D Таблиця]
    11' Сан-Луїс - Каскавел [БРАЗИЛІЯ: Серія D Таблиця]
    11' Сержипі - Дісізан [БРАЗИЛІЯ: Серія D Таблиця]
    49' Конкордія U20 - Карлос Рено U20 [БРАЗИЛІЯ: Катаріненсе U20 Таблиця]
    47' Вілла Реал U20 - Коїмбра U20 [БРАЗИЛІЯ: Мінейру U20 Таблиця]
    11' Хераклес - Аякс [НІДЕРЛАНДИ: Ередивізі Таблиця]
    41' Остін - Лос-Анджелес Гелаксі [США: МЛС Таблиця]
  Found: 0 candidates, 0 new, 41 permanently skipped

Done: 0 analyzed, 0 actionable, 0 TG sent

🔥 RUN #434: analyzed=0, signals=0
⏳ Next scan in 3m...
[22:13:04] Live scan
Opening: https://m.flashscore.ua/?s=2 (minute >= 60, 0:0 only)
Provider health [https://m.flashscore.ua/?s=2]: rows=39, 0:0 total=13, candidates=0
  ⏸ 0:0 ще рано (< 60'):
    43' Вілья Сан-Карлос - Архентіно де Кільмес [АРГЕНТИНА: Прімера В Таблиця]
    43' Реал Пілар - Депортіво Арменіо [АРГЕНТИНА: Прімера В Таблиця]
    43' КСР Еспаньйол - Берасатегі [АРГЕНТИНА: Прімера С Таблиця]
    43' Сентраль Кордоба - Клуб Лухан [АРГЕНТИНА: Прімера С Таблиця]
    13' Бетін - Овідоренсе [БРАЗИЛІЯ: Серія D Таблиця]
    13' Жакуйпенсе - КСА [БРАЗИЛІЯ: Серія D Таблиця]
    13' Лагарту - Трезе ПБ [БРАЗИЛІЯ: Серія D Таблиця]
    13' Сан-Луїс - Каскавел [БРАЗИЛІЯ: Серія D Таблиця]
    13' Сержипі - Дісізан [БРАЗИЛІЯ: Серія D Таблиця]
    52' Конкордія U20 - Карлос Рено U20 [БРАЗИЛІЯ: Катаріненсе U20 Таблиця]
    50' Вілла Реал U20 - Коїмбра U20 [БРАЗИЛІЯ: Мінейру U20 Таблиця]
    13' Хераклес - Аякс [НІДЕРЛАНДИ: Ередивізі Таблиця]
    43' Остін - Лос-Анджелес Гелаксі [США: МЛС Таблиця]
  Found: 0 candidates, 0 new, 41 permanently skipped

Done: 0 analyzed, 0 actionable, 0 TG sent

🔥 RUN #435: analyzed=0, signals=0
Message sent to Telegram
⏳ Next scan in 3m...
[22:16:08] Live scan
Opening: https://m.flashscore.ua/?s=2 (minute >= 60, 0:0 only)
Provider health [https://m.flashscore.ua/?s=2]: rows=38, 0:0 total=11, candidates=0
  ⏸ 0:0 ще рано (< 60'):
    16' Бетін - Овідоренсе [БРАЗИЛІЯ: Серія D Таблиця]
    16' Жакуйпенсе - КСА [БРАЗИЛІЯ: Серія D Таблиця]
    16' Сан-Луїс - Каскавел [БРАЗИЛІЯ: Серія D Таблиця]
    16' Сержипі - Дісізан [БРАЗИЛІЯ: Серія D Таблиця]
    54' Конкордія U20 - Карлос Рено U20 [БРАЗИЛІЯ: Катаріненсе U20 Таблиця]
    16' Хераклес - Аякс [НІДЕРЛАНДИ: Ередивізі Таблиця]
  Found: 0 candidates, 0 new, 41 permanently skipped

Done: 0 analyzed, 0 actionable, 0 TG sent

🔥 RUN #436: analyzed=0, signals=0
⏳ Next scan in 3m...
[22:19:12] Live scan
Opening: https://m.flashscore.ua/?s=2 (minute >= 60, 0:0 only)
Provider health [https://m.flashscore.ua/?s=2]: rows=37, 0:0 total=8, candidates=0
  ⏸ 0:0 ще рано (< 60'):
    20' Бетін - Овідоренсе [БРАЗИЛІЯ: Серія D Таблиця]
    20' Жакуйпенсе - КСА [БРАЗИЛІЯ: Серія D Таблиця]
    20' Сан-Луїс - Каскавел [БРАЗИЛІЯ: Серія D Таблиця]
    58' Конкордія U20 - Карлос Рено U20 [БРАЗИЛІЯ: Катаріненсе U20 Таблиця]
  Found: 0 candidates, 0 new, 41 permanently skipped

Done: 0 analyzed, 0 actionable, 0 TG sent

🔥 RUN #437: analyzed=0, signals=0
⏳ Next scan in 3m...
[22:22:17] Live scan
Opening: https://m.flashscore.ua/?s=2 (minute >= 60, 0:0 only)
Provider health [https://m.flashscore.ua/?s=2]: rows=37, 0:0 total=8, candidates=1
  ⏸ 0:0 ще рано (< 60'):
    45' КСР Еспаньйол - Берасатегі [АРГЕНТИНА: Прімера С Таблиця]
    45' Сентраль Кордоба - Клуб Лухан [АРГЕНТИНА: Прімера С Таблиця]
    23' Бетін - Овідоренсе [БРАЗИЛІЯ: Серія D Таблиця]
    23' Жакуйпенсе - КСА [БРАЗИЛІЯ: Серія D Таблиця]
    23' Сан-Луїс - Каскавел [БРАЗИЛІЯ: Серія D Таблиця]
  ✔ 61' Конкордія U20 - Карлос Рено U20 [БРАЗИЛІЯ: Катаріненсе U20 Таблиця] id=42ceNrto
  Found: 1 candidates, 1 new, 41 permanently skipped

→ Конкордія U20 - Карлос Рено U20 (61') [БРАЗИЛІЯ: Катаріненсе U20 Таблиця]
  Кф 1X2: 2.25 / 3.2 / 2.91
  Desktop: https://www.flashscore.ua/match/soccer/carlos-renaux-6HZXeqSh/concordia-z7XvPYLp/?mid=42ceNrto
  [stats] 42ceNrto overall: no data-testid (old=0, any=0, body=148323)
  [stats] 42ceNrto secondHalf: no data-testid (old=0, any=0, body=148323)
  [stats] 42ceNrto → unavailable, 0 metrics
  Features: quality=0, primary=0, status=unavailable
  ✗ No stats at all → permanent skip

Done: 0 analyzed, 0 actionable, 0 TG sent

🔥 RUN #438: analyzed=0, signals=0
⏳ Next scan in 3m...
[22:26:01] Live scan
Opening: https://m.flashscore.ua/?s=2 (minute >= 60, 0:0 only)
Provider health [https://m.flashscore.ua/?s=2]: rows=36, 0:0 total=8, candidates=1
  ⏸ 0:0 ще рано (< 60'):
    45' КСР Еспаньйол - Берасатегі [АРГЕНТИНА: Прімера С Таблиця]
    45' Сентраль Кордоба - Клуб Лухан [АРГЕНТИНА: Прімера С Таблиця]
    27' Бетін - Овідоренсе [БРАЗИЛІЯ: Серія D Таблиця]
    27' Жакуйпенсе - КСА [БРАЗИЛІЯ: Серія D Таблиця]
    27' Сан-Луїс - Каскавел [БРАЗИЛІЯ: Серія D Таблиця]
  ✔ 65' Конкордія U20 - Карлос Рено U20 [БРАЗИЛІЯ: Катаріненсе U20 Таблиця] id=42ceNrto
  Found: 1 candidates, 0 new, 42 permanently skipped

Done: 0 analyzed, 0 actionable, 0 TG sent

🔥 RUN #439: analyzed=0, signals=0
⏳ Next scan in 3m...
[22:29:04] Live scan
Opening: https://m.flashscore.ua/?s=2 (minute >= 60, 0:0 only)
Provider health [https://m.flashscore.ua/?s=2]: rows=34, 0:0 total=8, candidates=1
  ⏸ 0:0 ще рано (< 60'):
    45' Вілья Сан-Карлос - Архентіно де Кільмес [АРГЕНТИНА: Прімера В Таблиця]
    45' КСР Еспаньйол - Берасатегі [АРГЕНТИНА: Прімера С Таблиця]
    45' Сентраль Кордоба - Клуб Лухан [АРГЕНТИНА: Прімера С Таблиця]
    30' Бетін - Овідоренсе [БРАЗИЛІЯ: Серія D Таблиця]
    30' Жакуйпенсе - КСА [БРАЗИЛІЯ: Серія D Таблиця]
    30' Сан-Луїс - Каскавел [БРАЗИЛІЯ: Серія D Таблиця]
  ✔ 68' Конкордія U20 - Карлос Рено U20 [БРАЗИЛІЯ: Катаріненсе U20 Таблиця] id=42ceNrto
  Found: 1 candidates, 0 new, 42 permanently skipped

Done: 0 analyzed, 0 actionable, 0 TG sent

🔥 RUN #440: analyzed=0, signals=0
⏳ Next scan in 3m...
[22:32:08] Live scan
Opening: https://m.flashscore.ua/?s=2 (minute >= 60, 0:0 only)
Provider health [https://m.flashscore.ua/?s=2]: rows=36, 0:0 total=9, candidates=1
  ⏸ 0:0 ще рано (< 60'):
    3' Бартоломе Мітре - Соль де Америка [АРГЕНТИНА: Торнео Федераль Таблиця]
    45' Вілья Сан-Карлос - Архентіно де Кільмес [АРГЕНТИНА: Прімера В Таблиця]
    45' КСР Еспаньйол - Берасатегі [АРГЕНТИНА: Прімера С Таблиця]
    45' Сентраль Кордоба - Клуб Лухан [АРГЕНТИНА: Прімера С Таблиця]
    33' Бетін - Овідоренсе [БРАЗИЛІЯ: Серія D Таблиця]
    33' Жакуйпенсе - КСА [БРАЗИЛІЯ: Серія D Таблиця]
    33' Сан-Луїс - Каскавел [БРАЗИЛІЯ: Серія D Таблиця]
  ✔ 71' Конкордія U20 - Карлос Рено U20 [БРАЗИЛІЯ: Катаріненсе U20 Таблиця] id=42ceNrto
  Found: 1 candidates, 0 new, 42 permanently skipped

Done: 0 analyzed, 0 actionable, 0 TG sent

🔥 RUN #441: analyzed=0, signals=0
⏳ Next scan in 3m...
[22:35:13] Live scan
Opening: https://m.flashscore.ua/?s=2 (minute >= 60, 0:0 only)
Provider health [https://m.flashscore.ua/?s=2]: rows=36, 0:0 total=8, candidates=1
  ⏸ 0:0 ще рано (< 60'):
    6' Бартоломе Мітре - Соль де Америка [АРГЕНТИНА: Торнео Федераль Таблиця]
    45' Вілья Сан-Карлос - Архентіно де Кільмес [АРГЕНТИНА: Прімера В Таблиця]
    45' КСР Еспаньйол - Берасатегі [АРГЕНТИНА: Прімера С Таблиця]
    45' Сентраль Кордоба - Клуб Лухан [АРГЕНТИНА: Прімера С Таблиця]
    36' Бетін - Овідоренсе [БРАЗИЛІЯ: Серія D Таблиця]
    36' Сан-Луїс - Каскавел [БРАЗИЛІЯ: Серія D Таблиця]
  ✔ 74' Конкордія U20 - Карлос Рено U20 [БРАЗИЛІЯ: Катаріненсе U20 Таблиця] id=42ceNrto
  Found: 1 candidates, 0 new, 42 permanently skipped

Done: 0 analyzed, 0 actionable, 0 TG sent

🔥 RUN #442: analyzed=0, signals=0
⏳ Next scan in 3m...
[22:38:17] Live scan
Opening: https://m.flashscore.ua/?s=2 (minute >= 60, 0:0 only)
Provider health [https://m.flashscore.ua/?s=2]: rows=36, 0:0 total=8, candidates=1
  ⏸ 0:0 ще рано (< 60'):
    9' Бартоломе Мітре - Соль де Америка [АРГЕНТИНА: Торнео Федераль Таблиця]
    45' Вілья Сан-Карлос - Архентіно де Кільмес [АРГЕНТИНА: Прімера В Таблиця]
    45' Реал Пілар - Депортіво Арменіо [АРГЕНТИНА: Прімера В Таблиця]
    47' КСР Еспаньйол - Берасатегі [АРГЕНТИНА: Прімера С Таблиця]
    45' Сентраль Кордоба - Клуб Лухан [АРГЕНТИНА: Прімера С Таблиця]
    39' Бетін - Овідоренсе [БРАЗИЛІЯ: Серія D Таблиця]
    39' Сан-Луїс - Каскавел [БРАЗИЛІЯ: Серія D Таблиця]
  ✔ 77' Конкордія U20 - Карлос Рено U20 [БРАЗИЛІЯ: Катаріненсе U20 Таблиця] id=42ceNrto
  Found: 1 candidates, 0 new, 42 permanently skipped

Done: 0 analyzed, 0 actionable, 0 TG sent

🔥 RUN #443: analyzed=0, signals=0
⏳ Next scan in 3m...
[22:41:21] Live scan
Opening: https://m.flashscore.ua/?s=2 (minute >= 60, 0:0 only)
Provider health [https://m.flashscore.ua/?s=2]: rows=36, 0:0 total=8, candidates=1
  ⏸ 0:0 ще рано (< 60'):
    12' Бартоломе Мітре - Соль де Америка [АРГЕНТИНА: Торнео Федераль Таблиця]
    45' Вілья Сан-Карлос - Архентіно де Кільмес [АРГЕНТИНА: Прімера В Таблиця]
    45' Реал Пілар - Депортіво Арменіо [АРГЕНТИНА: Прімера В Таблиця]
    50' КСР Еспаньйол - Берасатегі [АРГЕНТИНА: Прімера С Таблиця]
    46' Сентраль Кордоба - Клуб Лухан [АРГЕНТИНА: Прімера С Таблиця]
    42' Бетін - Овідоренсе [БРАЗИЛІЯ: Серія D Таблиця]
    42' Сан-Луїс - Каскавел [БРАЗИЛІЯ: Серія D Таблиця]
  ✔ 80' Конкордія U20 - Карлос Рено U20 [БРАЗИЛІЯ: Катаріненсе U20 Таблиця] id=42ceNrto
  Found: 1 candidates, 0 new, 42 permanently skipped

Done: 0 analyzed, 0 actionable, 0 TG sent

🔥 RUN #444: analyzed=0, signals=0
⏳ Next scan in 3m...
[22:44:26] Live scan
Opening: https://m.flashscore.ua/?s=2 (minute >= 60, 0:0 only)
Provider health [https://m.flashscore.ua/?s=2]: rows=36, 0:0 total=8, candidates=1
  ⏸ 0:0 ще рано (< 60'):
    15' Бартоломе Мітре - Соль де Америка [АРГЕНТИНА: Торнео Федераль Таблиця]
    46' Вілья Сан-Карлос - Архентіно де Кільмес [АРГЕНТИНА: Прімера В Таблиця]
    45' Реал Пілар - Депортіво Арменіо [АРГЕНТИНА: Прімера В Таблиця]
    53' КСР Еспаньйол - Берасатегі [АРГЕНТИНА: Прімера С Таблиця]
    49' Сентраль Кордоба - Клуб Лухан [АРГЕНТИНА: Прімера С Таблиця]
    45' Бетін - Овідоренсе [БРАЗИЛІЯ: Серія D Таблиця]
    45' Сан-Луїс - Каскавел [БРАЗИЛІЯ: Серія D Таблиця]
  ✔ 83' Конкордія U20 - Карлос Рено U20 [БРАЗИЛІЯ: Катаріненсе U20 Таблиця] id=42ceNrto
  Found: 1 candidates, 0 new, 42 permanently skipped

Done: 0 analyzed, 0 actionable, 0 TG sent

🔥 RUN #445: analyzed=0, signals=0
⏳ Next scan in 3m...
[22:47:30] Live scan
Opening: https://m.flashscore.ua/?s=2 (minute >= 60, 0:0 only)
Provider health [https://m.flashscore.ua/?s=2]: rows=36, 0:0 total=8, candidates=1
  ⏸ 0:0 ще рано (< 60'):
    17' Бартоломе Мітре - Соль де Америка [АРГЕНТИНА: Торнео Федераль Таблиця]
    49' Вілья Сан-Карлос - Архентіно де Кільмес [АРГЕНТИНА: Прімера В Таблиця]
    45' Реал Пілар - Депортіво Арменіо [АРГЕНТИНА: Прімера В Таблиця]
    55' КСР Еспаньйол - Берасатегі [АРГЕНТИНА: Прімера С Таблиця]
    51' Сентраль Кордоба - Клуб Лухан [АРГЕНТИНА: Прімера С Таблиця]
  ✔ 86' Конкордія U20 - Карлос Рено U20 [БРАЗИЛІЯ: Катаріненсе U20 Таблиця] id=42ceNrto
  Found: 1 candidates, 0 new, 42 permanently skipped

Done: 0 analyzed, 0 actionable, 0 TG sent

🔥 RUN #446: analyzed=0, signals=0
⏳ Next scan in 3m...
[22:50:34] Live scan
Opening: https://m.flashscore.ua/?s=2 (minute >= 60, 0:0 only)
Provider health [https://m.flashscore.ua/?s=2]: rows=35, 0:0 total=8, candidates=1
  ⏸ 0:0 ще рано (< 60'):
    21' Бартоломе Мітре - Соль де Америка [АРГЕНТИНА: Торнео Федераль Таблиця]
    53' Вілья Сан-Карлос - Архентіно де Кільмес [АРГЕНТИНА: Прімера В Таблиця]
    45' Реал Пілар - Депортіво Арменіо [АРГЕНТИНА: Прімера В Таблиця]
    59' КСР Еспаньйол - Берасатегі [АРГЕНТИНА: Прімера С Таблиця]
    55' Сентраль Кордоба - Клуб Лухан [АРГЕНТИНА: Прімера С Таблиця]
    45' Бетін - Овідоренсе [БРАЗИЛІЯ: Серія D Таблиця]
    45' Сан-Луїс - Каскавел [БРАЗИЛІЯ: Серія D Таблиця]
  ✔ 89' Конкордія U20 - Карлос Рено U20 [БРАЗИЛІЯ: Катаріненсе U20 Таблиця] id=42ceNrto
  Found: 1 candidates, 0 new, 42 permanently skipped

Done: 0 analyzed, 0 actionable, 0 TG sent

🔥 RUN #447: analyzed=0, signals=0
⏳ Next scan in 3m...
[22:53:39] Live scan
Opening: https://m.flashscore.ua/?s=2 (minute >= 60, 0:0 only)
Provider health [https://m.flashscore.ua/?s=2]: rows=29, 0:0 total=8, candidates=1
  ⏸ 0:0 ще рано (< 60'):
    24' Бартоломе Мітре - Соль де Америка [АРГЕНТИНА: Торнео Федераль Таблиця]
    56' Вілья Сан-Карлос - Архентіно де Кільмес [АРГЕНТИНА: Прімера В Таблиця]
    46' Реал Пілар - Депортіво Арменіо [АРГЕНТИНА: Прімера В Таблиця]
    58' Сентраль Кордоба - Клуб Лухан [АРГЕНТИНА: Прімера С Таблиця]
    45' Бетін - Овідоренсе [БРАЗИЛІЯ: Серія D Таблиця]
    45' Сан-Луїс - Каскавел [БРАЗИЛІЯ: Серія D Таблиця]
  ✔ 62' КСР Еспаньйол - Берасатегі [АРГЕНТИНА: Прімера С Таблиця] id=OUJ3D4z9
  Found: 1 candidates, 1 new, 42 permanently skipped

→ КСР Еспаньйол - Берасатегі (62') [АРГЕНТИНА: Прімера С Таблиця]
  Кф 1X2: 3.66 / 3.03 / 2.14
  Desktop: https://www.flashscore.ua/match/soccer/berazategui-t8g6xUQT/csr-espanol-bZJuidlk/?mid=OUJ3D4z9
  [stats] OUJ3D4z9 → both, 5 metrics
  Features: quality=0.23, primary=2, status=both
  Score (windowed): pGoal=0.28, pDry=0.72 | 60-70 → UNDER_0_5
  ⏸ сигнал не пройшов (вікно 60-70, впевненість: low, bet: UNDER_0_5)

Done: 1 analyzed, 1 actionable, 0 TG sent
📌 Tracking 1 active prediction(s)

🔥 RUN #448: analyzed=1, signals=0
⏳ Next scan in 3m...
[22:56:55] Live scan
Opening: https://m.flashscore.ua/?s=2 (minute >= 60, 0:0 only)
Provider health [https://m.flashscore.ua/?s=2]: rows=24, 0:0 total=6, candidates=2
  ⏸ 0:0 ще рано (< 60'):
    27' Бартоломе Мітре - Соль де Америка [АРГЕНТИНА: Торнео Федераль Таблиця]
    59' Вілья Сан-Карлос - Архентіно де Кільмес [АРГЕНТИНА: Прімера В Таблиця]
    49' Реал Пілар - Депортіво Арменіо [АРГЕНТИНА: Прімера В Таблиця]
    45' Сан-Луїс - Каскавел [БРАЗИЛІЯ: Серія D Таблиця]
  ✔ 66' КСР Еспаньйол - Берасатегі [АРГЕНТИНА: Прімера С Таблиця] id=OUJ3D4z9
  ✔ 62' Сентраль Кордоба - Клуб Лухан [АРГЕНТИНА: Прімера С Таблиця] id=8C8ZbwjJ
  Found: 2 candidates, 2 new, 42 permanently skipped

→ КСР Еспаньйол - Берасатегі (66') [АРГЕНТИНА: Прімера С Таблиця]

→ Сентраль Кордоба - Клуб Лухан (62') [АРГЕНТИНА: Прімера С Таблиця]
  Кф 1X2: 2.7 / 2.78 / 2.96
  Кф 1X2: 3.66 / 3.03 / 2.14
  Desktop: https://www.flashscore.ua/match/soccer/berazategui-t8g6xUQT/csr-espanol-bZJuidlk/?mid=OUJ3D4z9
  Desktop: https://www.flashscore.ua/match/soccer/central-cordoba-rosario-tftR0y7c/club-lujan-OhlztNj0/?mid=8C8ZbwjJ
  [stats] 8C8ZbwjJ → both, 5 metrics
  [stats] OUJ3D4z9 → both, 5 metrics
  Features: quality=0.23, primary=2, status=both
  Score (windowed): pGoal=0.28, pDry=0.72 | 60-70 → UNDER_0_5
  ⏸ сигнал не пройшов (вікно 60-70, впевненість: low, bet: UNDER_0_5)
  Features: quality=0.23, primary=2, status=both
  Score (windowed): pGoal=0.28, pDry=0.72 | 60-70 → UNDER_0_5
  ⏸ сигнал не пройшов (вікно 60-70, впевненість: low, bet: UNDER_0_5)

Done: 2 analyzed, 2 actionable, 0 TG sent
📌 Tracking 2 active prediction(s)

🔥 RUN #449: analyzed=2, signals=0
⏳ Next scan in 3m...
[23:00:11] Live scan
  Outside working hours → skip

🔥 RUN #450: analyzed=0, signals=0
⏳ Next scan in 3m...
[23:03:11] Live scan

🔥 RUN #451: analyzed=0, signals=0
⏳ Next scan in 3m...
  Outside working hours → skip
[23:06:11] Live scan

🔥 RUN #452: analyzed=0, signals=0
⏳ Next scan in 3m...
  Outside working hours → skip
[23:09:12] Live scan

🔥 RUN #453: analyzed=0, signals=0
⏳ Next scan in 3m...
  Outside working hours → skip
[23:12:12] Live scan

🔥 RUN #454: analyzed=0, signals=0
⏳ Next scan in 3m...
  Outside working hours → skip
[23:15:12] Live scan

🔥 RUN #455: analyzed=0, signals=0
  Outside working hours → skip
Message sent to Telegram
⏳ Next scan in 3m...
[23:18:12] Live scan

🔥 RUN #456: analyzed=0, signals=0
⏳ Next scan in 3m...
  Outside working hours → skip
[23:21:12] Live scan

🔥 RUN #457: analyzed=0, signals=0
⏳ Next scan in 3m...
  Outside working hours → skip
[23:24:13] Live scan

🔥 RUN #458: analyzed=0, signals=0
⏳ Next scan in 3m...
  Outside working hours → skip
[23:27:13] Live scan

🔥 RUN #459: analyzed=0, signals=0
⏳ Next scan in 3m...
  Outside working hours → skip
[23:30:13] Live scan

🔥 RUN #460: analyzed=0, signals=0
⏳ Next scan in 3m...
  Outside working hours → skip
[23:33:13] Live scan

🔥 RUN #461: analyzed=0, signals=0
⏳ Next scan in 3m...
  Outside working hours → skip
[23:36:13] Live scan

🔥 RUN #462: analyzed=0, signals=0
⏳ Next scan in 3m...
  Outside working hours → skip
[23:39:13] Live scan

🔥 RUN #463: analyzed=0, signals=0
⏳ Next scan in 3m...
  Outside working hours → skip
[23:42:14] Live scan

🔥 RUN #464: analyzed=0, signals=0
⏳ Next scan in 3m...
  Outside working hours → skip
[23:45:14] Live scan

🔥 RUN #465: analyzed=0, signals=0
⏳ Next scan in 3m...
  Outside working hours → skip
[23:48:14] Live scan

🔥 RUN #466: analyzed=0, signals=0
⏳ Next scan in 3m...
  Outside working hours → skip
[23:51:14] Live scan

🔥 RUN #467: analyzed=0, signals=0
⏳ Next scan in 3m...
  Outside working hours → skip
[23:54:14] Live scan

🔥 RUN #468: analyzed=0, signals=0
⏳ Next scan in 3m...
  Outside working hours → skip
[23:57:14] Live scan

🔥 RUN #469: analyzed=0, signals=0
⏳ Next scan in 3m...
  Outside working hours → skip
📅 New day — reset (skipped=42, tgSent=11, active=2)
[00:00:15] Live scan
  First run — checking yesterday results
  [result] No unchecked predictions for 2026-04-11
  Yesterday: 4/14 hits (14 з прогнозом)
Message sent to Telegram
  Daily report Telegram sent (date=2026-04-11)
  Outside working hours → skip

🔥 RUN #470: analyzed=0, signals=0
⏳ Next scan in 3m...
[00:03:16] Live scan

🔥 RUN #471: analyzed=0, signals=0
⏳ Next scan in 3m...
  Outside working hours → skip
[00:06:16] Live scan

🔥 RUN #472: analyzed=0, signals=0
⏳ Next scan in 3m...
  Outside working hours → skip
[00:09:16] Live scan

🔥 RUN #473: analyzed=0, signals=0
⏳ Next scan in 3m...
  Outside working hours → skip
[00:12:16] Live scan

🔥 RUN #474: analyzed=0, signals=0
⏳ Next scan in 3m...
  Outside working hours → skip
[00:15:16] Live scan

🔥 RUN #475: analyzed=0, signals=0
  Outside working hours → skip
Message sent to Telegram
⏳ Next scan in 3m...
[00:18:17] Live scan

🔥 RUN #476: analyzed=0, signals=0
⏳ Next scan in 3m...
  Outside working hours → skip
[00:21:17] Live scan

🔥 RUN #477: analyzed=0, signals=0
⏳ Next scan in 3m...
  Outside working hours → skip
[00:24:17] Live scan

🔥 RUN #478: analyzed=0, signals=0
⏳ Next scan in 3m...
  Outside working hours → skip
[00:27:17] Live scan

🔥 RUN #479: analyzed=0, signals=0
⏳ Next scan in 3m...
  Outside working hours → skip
[00:30:18] Live scan

🔥 RUN #480: analyzed=0, signals=0
⏳ Next scan in 3m...
  Outside working hours → skip
[00:33:18] Live scan

🔥 RUN #481: analyzed=0, signals=0
⏳ Next scan in 3m...
  Outside working hours → skip
[00:36:18] Live scan

🔥 RUN #482: analyzed=0, signals=0
⏳ Next scan in 3m...
  Outside working hours → skip
[00:39:18] Live scan

🔥 RUN #483: analyzed=0, signals=0
⏳ Next scan in 3m...
  Outside working hours → skip
[00:42:18] Live scan

🔥 RUN #484: analyzed=0, signals=0
⏳ Next scan in 3m...
  Outside working hours → skip
[00:45:18] Live scan

🔥 RUN #485: analyzed=0, signals=0
⏳ Next scan in 3m...
  Outside working hours → skip
[00:48:18] Live scan

🔥 RUN #486: analyzed=0, signals=0
⏳ Next scan in 3m...
  Outside working hours → skip
[00:51:19] Live scan

🔥 RUN #487: analyzed=0, signals=0
⏳ Next scan in 3m...
  Outside working hours → skip
[00:54:19] Live scan

🔥 RUN #488: analyzed=0, signals=0
⏳ Next scan in 3m...
  Outside working hours → skip
[00:57:19] Live scan

🔥 RUN #489: analyzed=0, signals=0
⏳ Next scan in 3m...
  Outside working hours → skip
[01:00:19] Live scan
  Outside working hours → skip

🔥 RUN #490: analyzed=0, signals=0
⏳ Next scan in 3m...
[01:03:20] Live scan

🔥 RUN #491: analyzed=0, signals=0
⏳ Next scan in 3m...
  Outside working hours → skip
[01:06:20] Live scan

🔥 RUN #492: analyzed=0, signals=0
⏳ Next scan in 3m...
  Outside working hours → skip
[01:09:20] Live scan

🔥 RUN #493: analyzed=0, signals=0
⏳ Next scan in 3m...
  Outside working hours → skip
[01:12:21] Live scan

🔥 RUN #494: analyzed=0, signals=0
⏳ Next scan in 3m...
  Outside working hours → skip
[01:15:21] Live scan
  Outside working hours → skip

🔥 RUN #495: analyzed=0, signals=0
Message sent to Telegram
⏳ Next scan in 3m...
[01:18:22] Live scan
  Outside working hours → skip

🔥 RUN #496: analyzed=0, signals=0
⏳ Next scan in 3m...
[01:21:22] Live scan

🔥 RUN #497: analyzed=0, signals=0
⏳ Next scan in 3m...
  Outside working hours → skip
[01:24:22] Live scan

🔥 RUN #498: analyzed=0, signals=0
⏳ Next scan in 3m...
  Outside working hours → skip
[01:27:22] Live scan
  Outside working hours → skip

🔥 RUN #499: analyzed=0, signals=0
⏳ Next scan in 3m...
[01:30:23] Live scan

🔥 RUN #500: analyzed=0, signals=0
⏳ Next scan in 3m...
  Outside working hours → skip
[01:33:23] Live scan
  Outside working hours → skip

🔥 RUN #501: analyzed=0, signals=0
⏳ Next scan in 3m...
[01:36:23] Live scan

🔥 RUN #502: analyzed=0, signals=0
⏳ Next scan in 3m...
  Outside working hours → skip
[01:39:23] Live scan

🔥 RUN #503: analyzed=0, signals=0
⏳ Next scan in 3m...
  Outside working hours → skip
[01:42:23] Live scan

🔥 RUN #504: analyzed=0, signals=0
⏳ Next scan in 3m...
  Outside working hours → skip
[01:45:23] Live scan
  Outside working hours → skip

🔥 RUN #505: analyzed=0, signals=0
⏳ Next scan in 3m...
[01:48:24] Live scan

🔥 RUN #506: analyzed=0, signals=0
⏳ Next scan in 3m...
  Outside working hours → skip
[01:51:24] Live scan

🔥 RUN #507: analyzed=0, signals=0
⏳ Next scan in 3m...
  Outside working hours → skip
[01:54:24] Live scan

🔥 RUN #508: analyzed=0, signals=0
⏳ Next scan in 3m...
  Outside working hours → skip
[01:57:24] Live scan

🔥 RUN #509: analyzed=0, signals=0
⏳ Next scan in 3m...
  Outside working hours → skip
[02:00:24] Live scan
  Outside working hours → skip

🔥 RUN #510: analyzed=0, signals=0
⏳ Next scan in 3m...
[02:03:24] Live scan

🔥 RUN #511: analyzed=0, signals=0
⏳ Next scan in 3m...
  Outside working hours → skip
[02:06:25] Live scan

🔥 RUN #512: analyzed=0, signals=0
⏳ Next scan in 3m...
  Outside working hours → skip
[02:09:25] Live scan

🔥 RUN #513: analyzed=0, signals=0
⏳ Next scan in 3m...
  Outside working hours → skip
[02:12:25] Live scan

🔥 RUN #514: analyzed=0, signals=0
⏳ Next scan in 3m...
  Outside working hours → skip
[02:15:25] Live scan

🔥 RUN #515: analyzed=0, signals=0
  Outside working hours → skip
Message sent to Telegram
⏳ Next scan in 3m...
[02:18:25] Live scan

🔥 RUN #516: analyzed=0, signals=0
⏳ Next scan in 3m...
  Outside working hours → skip
[02:21:26] Live scan

🔥 RUN #517: analyzed=0, signals=0
⏳ Next scan in 3m...
  Outside working hours → skip
[02:24:26] Live scan

🔥 RUN #518: analyzed=0, signals=0
⏳ Next scan in 3m...
  Outside working hours → skip
[02:27:26] Live scan

🔥 RUN #519: analyzed=0, signals=0
⏳ Next scan in 3m...
  Outside working hours → skip
[02:30:26] Live scan

🔥 RUN #520: analyzed=0, signals=0
⏳ Next scan in 3m...
  Outside working hours → skip
[02:33:26] Live scan

🔥 RUN #521: analyzed=0, signals=0
⏳ Next scan in 3m...
  Outside working hours → skip
[02:36:26] Live scan

🔥 RUN #522: analyzed=0, signals=0
⏳ Next scan in 3m...
  Outside working hours → skip
[02:39:26] Live scan

🔥 RUN #523: analyzed=0, signals=0
⏳ Next scan in 3m...
  Outside working hours → skip
[02:42:27] Live scan

🔥 RUN #524: analyzed=0, signals=0
⏳ Next scan in 3m...
  Outside working hours → skip
[02:45:27] Live scan

🔥 RUN #525: analyzed=0, signals=0
⏳ Next scan in 3m...
  Outside working hours → skip
[02:48:27] Live scan
  Outside working hours → skip

🔥 RUN #526: analyzed=0, signals=0
⏳ Next scan in 3m...
[02:51:27] Live scan

🔥 RUN #527: analyzed=0, signals=0
⏳ Next scan in 3m...
  Outside working hours → skip
[02:54:27] Live scan

🔥 RUN #528: analyzed=0, signals=0
⏳ Next scan in 3m...
  Outside working hours → skip
[02:57:27] Live scan

🔥 RUN #529: analyzed=0, signals=0
⏳ Next scan in 3m...
  Outside working hours → skip
[03:00:28] Live scan
  Outside working hours → skip

🔥 RUN #530: analyzed=0, signals=0
⏳ Next scan in 3m...
[03:03:28] Live scan

🔥 RUN #531: analyzed=0, signals=0
⏳ Next scan in 3m...
  Outside working hours → skip
[03:06:28] Live scan

🔥 RUN #532: analyzed=0, signals=0
⏳ Next scan in 3m...
  Outside working hours → skip
[03:09:28] Live scan

🔥 RUN #533: analyzed=0, signals=0
⏳ Next scan in 3m...
  Outside working hours → skip
[03:12:28] Live scan

🔥 RUN #534: analyzed=0, signals=0
⏳ Next scan in 3m...
  Outside working hours → skip
[03:15:28] Live scan

🔥 RUN #535: analyzed=0, signals=0
  Outside working hours → skip
Message sent to Telegram
⏳ Next scan in 3m...
[03:18:29] Live scan

🔥 RUN #536: analyzed=0, signals=0
⏳ Next scan in 3m...
  Outside working hours → skip
[03:21:29] Live scan

🔥 RUN #537: analyzed=0, signals=0
⏳ Next scan in 3m...
  Outside working hours → skip
[03:24:29] Live scan

🔥 RUN #538: analyzed=0, signals=0
⏳ Next scan in 3m...
  Outside working hours → skip
[03:27:29] Live scan

🔥 RUN #539: analyzed=0, signals=0
⏳ Next scan in 3m...
  Outside working hours → skip
[03:30:29] Live scan

🔥 RUN #540: analyzed=0, signals=0
⏳ Next scan in 3m...
  Outside working hours → skip
[03:33:30] Live scan

🔥 RUN #541: analyzed=0, signals=0
⏳ Next scan in 3m...
  Outside working hours → skip
[03:36:30] Live scan

🔥 RUN #542: analyzed=0, signals=0
⏳ Next scan in 3m...
  Outside working hours → skip
[03:39:30] Live scan

🔥 RUN #543: analyzed=0, signals=0
⏳ Next scan in 3m...
  Outside working hours → skip
[03:42:30] Live scan

🔥 RUN #544: analyzed=0, signals=0
⏳ Next scan in 3m...
  Outside working hours → skip
[03:45:30] Live scan

🔥 RUN #545: analyzed=0, signals=0
⏳ Next scan in 3m...
  Outside working hours → skip
[03:48:30] Live scan

🔥 RUN #546: analyzed=0, signals=0
⏳ Next scan in 3m...
  Outside working hours → skip
[03:51:30] Live scan
  Outside working hours → skip

🔥 RUN #547: analyzed=0, signals=0
⏳ Next scan in 3m...
[03:54:31] Live scan
  Outside working hours → skip

🔥 RUN #548: analyzed=0, signals=0
⏳ Next scan in 3m...
[03:57:31] Live scan
  Outside working hours → skip

🔥 RUN #549: analyzed=0, signals=0
⏳ Next scan in 3m...
[04:00:31] Live scan
  Outside working hours → skip

🔥 RUN #550: analyzed=0, signals=0
⏳ Next scan in 3m...
[04:03:31] Live scan
  Outside working hours → skip

🔥 RUN #551: analyzed=0, signals=0
⏳ Next scan in 3m...
[04:06:31] Live scan
  Outside working hours → skip

🔥 RUN #552: analyzed=0, signals=0
⏳ Next scan in 3m...
[04:09:32] Live scan

🔥 RUN #553: analyzed=0, signals=0
⏳ Next scan in 3m...
  Outside working hours → skip
[04:12:32] Live scan

🔥 RUN #554: analyzed=0, signals=0
⏳ Next scan in 3m...
  Outside working hours → skip
[04:15:32] Live scan

🔥 RUN #555: analyzed=0, signals=0
  Outside working hours → skip
Message sent to Telegram
⏳ Next scan in 3m...
[04:18:32] Live scan

🔥 RUN #556: analyzed=0, signals=0
⏳ Next scan in 3m...
  Outside working hours → skip
[04:21:32] Live scan

🔥 RUN #557: analyzed=0, signals=0
⏳ Next scan in 3m...
  Outside working hours → skip
[04:24:33] Live scan

🔥 RUN #558: analyzed=0, signals=0
⏳ Next scan in 3m...
  Outside working hours → skip
[04:27:33] Live scan

🔥 RUN #559: analyzed=0, signals=0
⏳ Next scan in 3m...
  Outside working hours → skip
[04:30:33] Live scan

🔥 RUN #560: analyzed=0, signals=0
⏳ Next scan in 3m...
  Outside working hours → skip
[04:33:33] Live scan

🔥 RUN #561: analyzed=0, signals=0
⏳ Next scan in 3m...
  Outside working hours → skip
[04:36:33] Live scan

🔥 RUN #562: analyzed=0, signals=0
⏳ Next scan in 3m...
  Outside working hours → skip
[04:39:33] Live scan

🔥 RUN #563: analyzed=0, signals=0
⏳ Next scan in 3m...
  Outside working hours → skip
[04:42:33] Live scan

🔥 RUN #564: analyzed=0, signals=0
⏳ Next scan in 3m...
  Outside working hours → skip
[04:45:34] Live scan

🔥 RUN #565: analyzed=0, signals=0
⏳ Next scan in 3m...
  Outside working hours → skip
[04:48:34] Live scan

🔥 RUN #566: analyzed=0, signals=0
⏳ Next scan in 3m...
  Outside working hours → skip
[04:51:34] Live scan

🔥 RUN #567: analyzed=0, signals=0
⏳ Next scan in 3m...
  Outside working hours → skip
[04:54:34] Live scan

🔥 RUN #568: analyzed=0, signals=0
⏳ Next scan in 3m...
  Outside working hours → skip
[04:57:34] Live scan
  Outside working hours → skip

🔥 RUN #569: analyzed=0, signals=0
⏳ Next scan in 3m...
[05:00:34] Live scan
  Outside working hours → skip

🔥 RUN #570: analyzed=0, signals=0
⏳ Next scan in 3m...
[05:03:35] Live scan

🔥 RUN #571: analyzed=0, signals=0
⏳ Next scan in 3m...
  Outside working hours → skip
[05:06:35] Live scan

🔥 RUN #572: analyzed=0, signals=0
⏳ Next scan in 3m...
  Outside working hours → skip
[05:09:35] Live scan

🔥 RUN #573: analyzed=0, signals=0
⏳ Next scan in 3m...
  Outside working hours → skip
[05:12:35] Live scan

🔥 RUN #574: analyzed=0, signals=0
⏳ Next scan in 3m...
  Outside working hours → skip
[05:15:35] Live scan

🔥 RUN #575: analyzed=0, signals=0
  Outside working hours → skip
Message sent to Telegram
⏳ Next scan in 3m...
[05:18:36] Live scan

🔥 RUN #576: analyzed=0, signals=0
⏳ Next scan in 3m...
  Outside working hours → skip
[05:21:36] Live scan
  Outside working hours → skip

🔥 RUN #577: analyzed=0, signals=0
⏳ Next scan in 3m...
[05:24:36] Live scan

🔥 RUN #578: analyzed=0, signals=0
⏳ Next scan in 3m...
  Outside working hours → skip
[05:27:36] Live scan

🔥 RUN #579: analyzed=0, signals=0
⏳ Next scan in 3m...
  Outside working hours → skip
[05:30:36] Live scan

🔥 RUN #580: analyzed=0, signals=0
⏳ Next scan in 3m...
  Outside working hours → skip
[05:33:36] Live scan

🔥 RUN #581: analyzed=0, signals=0
⏳ Next scan in 3m...
  Outside working hours → skip
[05:36:37] Live scan

🔥 RUN #582: analyzed=0, signals=0
⏳ Next scan in 3m...
  Outside working hours → skip
[05:39:37] Live scan

🔥 RUN #583: analyzed=0, signals=0
⏳ Next scan in 3m...
  Outside working hours → skip
[05:42:37] Live scan

🔥 RUN #584: analyzed=0, signals=0
⏳ Next scan in 3m...
  Outside working hours → skip
[05:45:37] Live scan

🔥 RUN #585: analyzed=0, signals=0
⏳ Next scan in 3m...
  Outside working hours → skip
[05:48:37] Live scan

🔥 RUN #586: analyzed=0, signals=0
⏳ Next scan in 3m...
  Outside working hours → skip
[05:51:37] Live scan
  Outside working hours → skip

🔥 RUN #587: analyzed=0, signals=0
⏳ Next scan in 3m...
[05:54:38] Live scan

🔥 RUN #588: analyzed=0, signals=0
⏳ Next scan in 3m...
  Outside working hours → skip
[05:57:38] Live scan
  Outside working hours → skip

🔥 RUN #589: analyzed=0, signals=0
⏳ Next scan in 3m...
[06:00:38] Live scan

🔥 RUN #590: analyzed=0, signals=0
⏳ Next scan in 3m...
  Outside working hours → skip
[06:03:38] Live scan
  Outside working hours → skip

🔥 RUN #591: analyzed=0, signals=0
⏳ Next scan in 3m...
[06:06:38] Live scan

🔥 RUN #592: analyzed=0, signals=0
⏳ Next scan in 3m...
  Outside working hours → skip
[06:09:38] Live scan

🔥 RUN #593: analyzed=0, signals=0
⏳ Next scan in 3m...
  Outside working hours → skip
[06:12:39] Live scan
  Outside working hours → skip

🔥 RUN #594: analyzed=0, signals=0
⏳ Next scan in 3m...
[06:15:39] Live scan

🔥 RUN #595: analyzed=0, signals=0
  Outside working hours → skip
Message sent to Telegram
⏳ Next scan in 3m...
[06:18:39] Live scan

🔥 RUN #596: analyzed=0, signals=0
⏳ Next scan in 3m...
  Outside working hours → skip
[06:21:39] Live scan

🔥 RUN #597: analyzed=0, signals=0
⏳ Next scan in 3m...
  Outside working hours → skip
[06:24:39] Live scan

🔥 RUN #598: analyzed=0, signals=0
⏳ Next scan in 3m...
  Outside working hours → skip
[06:27:40] Live scan

🔥 RUN #599: analyzed=0, signals=0
⏳ Next scan in 3m...
  Outside working hours → skip
[06:30:40] Live scan

🔥 RUN #600: analyzed=0, signals=0
⏳ Next scan in 3m...
  Outside working hours → skip
[06:33:40] Live scan

🔥 RUN #601: analyzed=0, signals=0
⏳ Next scan in 3m...
  Outside working hours → skip
[06:36:40] Live scan
  Outside working hours → skip

🔥 RUN #602: analyzed=0, signals=0
⏳ Next scan in 3m...
[06:39:40] Live scan

🔥 RUN #603: analyzed=0, signals=0
⏳ Next scan in 3m...
  Outside working hours → skip
[06:42:40] Live scan
  Outside working hours → skip

🔥 RUN #604: analyzed=0, signals=0
⏳ Next scan in 3m...
[06:45:40] Live scan

🔥 RUN #605: analyzed=0, signals=0
⏳ Next scan in 3m...
  Outside working hours → skip
[06:48:41] Live scan

🔥 RUN #606: analyzed=0, signals=0
⏳ Next scan in 3m...
  Outside working hours → skip
[06:51:41] Live scan
  Outside working hours → skip

🔥 RUN #607: analyzed=0, signals=0
⏳ Next scan in 3m...
[06:54:41] Live scan

🔥 RUN #608: analyzed=0, signals=0
⏳ Next scan in 3m...
  Outside working hours → skip
[06:57:41] Live scan
  Outside working hours → skip

🔥 RUN #609: analyzed=0, signals=0
⏳ Next scan in 3m...
[07:00:41] Live scan

🔥 RUN #610: analyzed=0, signals=0
⏳ Next scan in 3m...
  Outside working hours → skip
[07:03:41] Live scan
  Outside working hours → skip

🔥 RUN #611: analyzed=0, signals=0
⏳ Next scan in 3m...
[07:06:42] Live scan

🔥 RUN #612: analyzed=0, signals=0
⏳ Next scan in 3m...
  Outside working hours → skip
[07:09:42] Live scan
  Outside working hours → skip

🔥 RUN #613: analyzed=0, signals=0
⏳ Next scan in 3m...
[07:12:42] Live scan

🔥 RUN #614: analyzed=0, signals=0
⏳ Next scan in 3m...
  Outside working hours → skip
[07:15:42] Live scan
  Outside working hours → skip

🔥 RUN #615: analyzed=0, signals=0
Message sent to Telegram
⏳ Next scan in 3m...
[07:18:42] Live scan

🔥 RUN #616: analyzed=0, signals=0
⏳ Next scan in 3m...
  Outside working hours → skip
[07:21:43] Live scan

🔥 RUN #617: analyzed=0, signals=0
⏳ Next scan in 3m...
  Outside working hours → skip
[07:24:43] Live scan

🔥 RUN #618: analyzed=0, signals=0
⏳ Next scan in 3m...
  Outside working hours → skip
[07:27:43] Live scan

🔥 RUN #619: analyzed=0, signals=0
⏳ Next scan in 3m...
  Outside working hours → skip
[07:30:43] Live scan

🔥 RUN #620: analyzed=0, signals=0
⏳ Next scan in 3m...
  Outside working hours → skip
[07:33:43] Live scan
  Outside working hours → skip

🔥 RUN #621: analyzed=0, signals=0
⏳ Next scan in 3m...
[07:36:43] Live scan
  Outside working hours → skip

🔥 RUN #622: analyzed=0, signals=0
⏳ Next scan in 3m...
[07:39:43] Live scan
  Outside working hours → skip

🔥 RUN #623: analyzed=0, signals=0
⏳ Next scan in 3m...
[07:42:43] Live scan
  Outside working hours → skip

🔥 RUN #624: analyzed=0, signals=0
⏳ Next scan in 3m...
[07:45:44] Live scan

🔥 RUN #625: analyzed=0, signals=0
⏳ Next scan in 3m...
  Outside working hours → skip
[07:48:44] Live scan

🔥 RUN #626: analyzed=0, signals=0
⏳ Next scan in 3m...
  Outside working hours → skip
[07:51:44] Live scan

🔥 RUN #627: analyzed=0, signals=0
⏳ Next scan in 3m...
  Outside working hours → skip
[07:54:44] Live scan
  Outside working hours → skip

🔥 RUN #628: analyzed=0, signals=0
⏳ Next scan in 3m...
[07:57:44] Live scan

🔥 RUN #629: analyzed=0, signals=0
⏳ Next scan in 3m...
  Outside working hours → skip
[08:00:44] Live scan

🔥 RUN #630: analyzed=0, signals=0
⏳ Next scan in 3m...
  Outside working hours → skip
[08:03:45] Live scan
  Outside working hours → skip

🔥 RUN #631: analyzed=0, signals=0
⏳ Next scan in 3m...
[08:06:45] Live scan
  Outside working hours → skip

🔥 RUN #632: analyzed=0, signals=0
⏳ Next scan in 3m...
[08:09:45] Live scan

🔥 RUN #633: analyzed=0, signals=0
⏳ Next scan in 3m...
  Outside working hours → skip
[08:12:45] Live scan
  Outside working hours → skip

🔥 RUN #634: analyzed=0, signals=0
⏳ Next scan in 3m...
[08:15:45] Live scan

🔥 RUN #635: analyzed=0, signals=0
  Outside working hours → skip
Message sent to Telegram
⏳ Next scan in 3m...
[08:18:46] Live scan

🔥 RUN #636: analyzed=0, signals=0
⏳ Next scan in 3m...
  Outside working hours → skip
[08:21:46] Live scan
  Outside working hours → skip

🔥 RUN #637: analyzed=0, signals=0
⏳ Next scan in 3m...
[08:24:46] Live scan

🔥 RUN #638: analyzed=0, signals=0
⏳ Next scan in 3m...
  Outside working hours → skip
[08:27:46] Live scan
  Outside working hours → skip

🔥 RUN #639: analyzed=0, signals=0
⏳ Next scan in 3m...
[08:30:46] Live scan
  Outside working hours → skip

🔥 RUN #640: analyzed=0, signals=0
⏳ Next scan in 3m...
[08:33:47] Live scan

🔥 RUN #641: analyzed=0, signals=0
⏳ Next scan in 3m...
  Outside working hours → skip
[08:36:47] Live scan

🔥 RUN #642: analyzed=0, signals=0
⏳ Next scan in 3m...
  Outside working hours → skip
[08:39:47] Live scan

🔥 RUN #643: analyzed=0, signals=0
⏳ Next scan in 3m...
  Outside working hours → skip
[08:42:47] Live scan
  Outside working hours → skip

🔥 RUN #644: analyzed=0, signals=0
⏳ Next scan in 3m...
[08:45:47] Live scan
  Outside working hours → skip

🔥 RUN #645: analyzed=0, signals=0
⏳ Next scan in 3m...
[08:48:47] Live scan
  Outside working hours → skip

🔥 RUN #646: analyzed=0, signals=0
⏳ Next scan in 3m...
[08:51:48] Live scan

🔥 RUN #647: analyzed=0, signals=0
⏳ Next scan in 3m...
  Outside working hours → skip
[08:54:48] Live scan
  Outside working hours → skip

🔥 RUN #648: analyzed=0, signals=0
⏳ Next scan in 3m...
[08:57:48] Live scan

🔥 RUN #649: analyzed=0, signals=0
⏳ Next scan in 3m...
  Outside working hours → skip
[09:00:48] Live scan

🔥 RUN #650: analyzed=0, signals=0
⏳ Next scan in 3m...
  Outside working hours → skip
[09:03:48] Live scan
  Outside working hours → skip

🔥 RUN #651: analyzed=0, signals=0
⏳ Next scan in 3m...
[09:06:48] Live scan

🔥 RUN #652: analyzed=0, signals=0
⏳ Next scan in 3m...
  Outside working hours → skip
[09:09:49] Live scan

🔥 RUN #653: analyzed=0, signals=0
⏳ Next scan in 3m...
  Outside working hours → skip
[09:12:49] Live scan
  Outside working hours → skip

🔥 RUN #654: analyzed=0, signals=0
⏳ Next scan in 3m...
  [restore] Відновлено з лога: 0 оброблених, 1 надісланих TG, 0 активних ставок

🔥 RUN #655: analyzed=0, signals=0
[09:15:49] Live scan
  Outside working hours → skip
Message sent to Telegram
⏳ Next scan in 3m...
[09:18:50] Live scan
  Outside working hours → skip

🔥 RUN #656: analyzed=0, signals=0
⏳ Next scan in 3m...
[09:21:50] Live scan
  Outside working hours → skip

🔥 RUN #657: analyzed=0, signals=0
⏳ Next scan in 3m...
[09:24:50] Live scan

🔥 RUN #658: analyzed=0, signals=0
⏳ Next scan in 3m...
  Outside working hours → skip
[09:27:50] Live scan
  Outside working hours → skip

🔥 RUN #659: analyzed=0, signals=0
⏳ Next scan in 3m...
[09:30:50] Live scan

🔥 RUN #660: analyzed=0, signals=0
⏳ Next scan in 3m...
  Outside working hours → skip
[09:33:51] Live scan
  Outside working hours → skip

🔥 RUN #661: analyzed=0, signals=0
⏳ Next scan in 3m...
[09:36:51] Live scan

🔥 RUN #662: analyzed=0, signals=0
⏳ Next scan in 3m...
  Outside working hours → skip
[09:39:51] Live scan

🔥 RUN #663: analyzed=0, signals=0
⏳ Next scan in 3m...
  Outside working hours → skip
[09:42:51] Live scan
  Outside working hours → skip

🔥 RUN #664: analyzed=0, signals=0
⏳ Next scan in 3m...
[09:45:51] Live scan

🔥 RUN #665: analyzed=0, signals=0
⏳ Next scan in 3m...
  Outside working hours → skip
[09:48:51] Live scan
  Outside working hours → skip

🔥 RUN #666: analyzed=0, signals=0
⏳ Next scan in 3m...
[09:51:52] Live scan

🔥 RUN #667: analyzed=0, signals=0
⏳ Next scan in 3m...
  Outside working hours → skip
[09:54:52] Live scan

🔥 RUN #668: analyzed=0, signals=0
⏳ Next scan in 3m...
  Outside working hours → skip
[09:57:52] Live scan

🔥 RUN #669: analyzed=0, signals=0
⏳ Next scan in 3m...
  Outside working hours → skip
[10:00:52] Live scan
  10:00 — checking yesterday results
  [result] No unchecked predictions for 2026-04-11
  Yesterday: 4/14 hits (14 з прогнозом)
  Daily report already sent for 2026-04-11 — skip Telegram
  Outside working hours → skip

🔥 RUN #670: analyzed=0, signals=0
⏳ Next scan in 3m...
[10:03:54] Live scan
  Outside working hours → skip

🔥 RUN #671: analyzed=0, signals=0
⏳ Next scan in 3m...
[10:06:54] Live scan
  Outside working hours → skip

🔥 RUN #672: analyzed=0, signals=0
⏳ Next scan in 3m...
[10:09:54] Live scan

🔥 RUN #673: analyzed=0, signals=0
⏳ Next scan in 3m...
  Outside working hours → skip
[10:12:55] Live scan
  Outside working hours → skip

🔥 RUN #674: analyzed=0, signals=0
⏳ Next scan in 3m...
[10:15:55] Live scan

🔥 RUN #675: analyzed=0, signals=0
  Outside working hours → skip
Message sent to Telegram
⏳ Next scan in 3m...
[10:18:55] Live scan

🔥 RUN #676: analyzed=0, signals=0
⏳ Next scan in 3m...
  Outside working hours → skip
[10:21:55] Live scan

🔥 RUN #677: analyzed=0, signals=0
⏳ Next scan in 3m...
  Outside working hours → skip
[10:24:55] Live scan

🔥 RUN #678: analyzed=0, signals=0
⏳ Next scan in 3m...
  Outside working hours → skip
[10:27:56] Live scan
  Outside working hours → skip

🔥 RUN #679: analyzed=0, signals=0
⏳ Next scan in 3m...
[10:30:56] Live scan

🔥 RUN #680: analyzed=0, signals=0
⏳ Next scan in 3m...
  Outside working hours → skip
[10:33:56] Live scan

🔥 RUN #681: analyzed=0, signals=0
⏳ Next scan in 3m...
  Outside working hours → skip
[10:36:56] Live scan
  Outside working hours → skip

🔥 RUN #682: analyzed=0, signals=0
⏳ Next scan in 3m...
[10:39:56] Live scan

🔥 RUN #683: analyzed=0, signals=0
⏳ Next scan in 3m...
  Outside working hours → skip
[10:42:56] Live scan

🔥 RUN #684: analyzed=0, signals=0
⏳ Next scan in 3m...
  Outside working hours → skip
[10:45:56] Live scan
  Outside working hours → skip

🔥 RUN #685: analyzed=0, signals=0
⏳ Next scan in 3m...
[10:48:57] Live scan

🔥 RUN #686: analyzed=0, signals=0
⏳ Next scan in 3m...
  Outside working hours → skip
[10:51:57] Live scan

🔥 RUN #687: analyzed=0, signals=0
⏳ Next scan in 3m...
  Outside working hours → skip
[10:54:57] Live scan

🔥 RUN #688: analyzed=0, signals=0
⏳ Next scan in 3m...
  Outside working hours → skip
[10:57:57] Live scan

🔥 RUN #689: analyzed=0, signals=0
⏳ Next scan in 3m...
  Outside working hours → skip
[11:00:57] Live scan
  Outside working hours → skip

🔥 RUN #690: analyzed=0, signals=0
⏳ Next scan in 3m...
[11:03:57] Live scan
  Outside working hours → skip

🔥 RUN #691: analyzed=0, signals=0
⏳ Next scan in 3m...
[11:06:58] Live scan

🔥 RUN #692: analyzed=0, signals=0
⏳ Next scan in 3m...
  Outside working hours → skip
[11:09:58] Live scan
  Outside working hours → skip

🔥 RUN #693: analyzed=0, signals=0
⏳ Next scan in 3m...
[11:12:58] Live scan
  Outside working hours → skip

🔥 RUN #694: analyzed=0, signals=0
⏳ Next scan in 3m...
[11:15:58] Live scan

🔥 RUN #695: analyzed=0, signals=0
  Outside working hours → skip
Message sent to Telegram
⏳ Next scan in 3m...
[11:18:58] Live scan

🔥 RUN #696: analyzed=0, signals=0
⏳ Next scan in 3m...
  Outside working hours → skip
[11:21:59] Live scan

🔥 RUN #697: analyzed=0, signals=0
⏳ Next scan in 3m...
  Outside working hours → skip
[11:24:59] Live scan

🔥 RUN #698: analyzed=0, signals=0
⏳ Next scan in 3m...
  Outside working hours → skip
[11:27:59] Live scan
  Outside working hours → skip

🔥 RUN #699: analyzed=0, signals=0
⏳ Next scan in 3m...
[11:30:59] Live scan

🔥 RUN #700: analyzed=0, signals=0
⏳ Next scan in 3m...
  Outside working hours → skip
[11:33:59] Live scan

🔥 RUN #701: analyzed=0, signals=0
⏳ Next scan in 3m...
  Outside working hours → skip
[11:36:59] Live scan

🔥 RUN #702: analyzed=0, signals=0
⏳ Next scan in 3m...
  Outside working hours → skip
[11:40:00] Live scan

🔥 RUN #703: analyzed=0, signals=0
⏳ Next scan in 3m...
  Outside working hours → skip
[11:43:00] Live scan

🔥 RUN #704: analyzed=0, signals=0
⏳ Next scan in 3m...
  Outside working hours → skip
[11:46:00] Live scan
  Outside working hours → skip

🔥 RUN #705: analyzed=0, signals=0
⏳ Next scan in 3m...
[11:49:00] Live scan
  Outside working hours → skip

🔥 RUN #706: analyzed=0, signals=0
⏳ Next scan in 3m...
[11:52:00] Live scan
  Outside working hours → skip

🔥 RUN #707: analyzed=0, signals=0
⏳ Next scan in 3m...
[11:55:00] Live scan

🔥 RUN #708: analyzed=0, signals=0
⏳ Next scan in 3m...
  Outside working hours → skip
[11:58:01] Live scan

🔥 RUN #709: analyzed=0, signals=0
⏳ Next scan in 3m...
  Outside working hours → skip
[12:01:01] Live scan
  Outside working hours → skip

🔥 RUN #710: analyzed=0, signals=0
⏳ Next scan in 3m...
[12:04:01] Live scan
  Outside working hours → skip

🔥 RUN #711: analyzed=0, signals=0
⏳ Next scan in 3m...
[12:07:01] Live scan
  Outside working hours → skip

🔥 RUN #712: analyzed=0, signals=0
⏳ Next scan in 3m...
[12:10:01] Live scan
  Outside working hours → skip

🔥 RUN #713: analyzed=0, signals=0
⏳ Next scan in 3m...
[12:13:01] Live scan
  Outside working hours → skip

🔥 RUN #714: analyzed=0, signals=0
⏳ Next scan in 3m...
[12:16:02] Live scan
  Outside working hours → skip

🔥 RUN #715: analyzed=0, signals=0
Message sent to Telegram
⏳ Next scan in 3m...
[12:19:02] Live scan
  Outside working hours → skip

🔥 RUN #716: analyzed=0, signals=0
⏳ Next scan in 3m...
[12:22:02] Live scan
  Outside working hours → skip

🔥 RUN #717: analyzed=0, signals=0
⏳ Next scan in 3m...
[12:25:02] Live scan

🔥 RUN #718: analyzed=0, signals=0
⏳ Next scan in 3m...
  Outside working hours → skip
[12:28:02] Live scan

🔥 RUN #719: analyzed=0, signals=0
⏳ Next scan in 3m...
  Outside working hours → skip
[12:31:03] Live scan

🔥 RUN #720: analyzed=0, signals=0
⏳ Next scan in 3m...
  Outside working hours → skip
[12:34:03] Live scan
  Outside working hours → skip

🔥 RUN #721: analyzed=0, signals=0
⏳ Next scan in 3m...
[12:37:03] Live scan

🔥 RUN #722: analyzed=0, signals=0
⏳ Next scan in 3m...
  Outside working hours → skip
[12:40:03] Live scan
  Outside working hours → skip

🔥 RUN #723: analyzed=0, signals=0
⏳ Next scan in 3m...
[12:43:03] Live scan
  Outside working hours → skip

🔥 RUN #724: analyzed=0, signals=0
⏳ Next scan in 3m...
[12:46:03] Live scan

🔥 RUN #725: analyzed=0, signals=0
⏳ Next scan in 3m...
  Outside working hours → skip
[12:49:04] Live scan

🔥 RUN #726: analyzed=0, signals=0
⏳ Next scan in 3m...
  Outside working hours → skip
[12:52:04] Live scan

🔥 RUN #727: analyzed=0, signals=0
⏳ Next scan in 3m...
  Outside working hours → skip
[12:55:04] Live scan

🔥 RUN #728: analyzed=0, signals=0
⏳ Next scan in 3m...
  Outside working hours → skip
[12:58:04] Live scan

🔥 RUN #729: analyzed=0, signals=0
⏳ Next scan in 3m...
  Outside working hours → skip
[13:01:04] Live scan

🔥 RUN #730: analyzed=0, signals=0
⏳ Next scan in 3m...
  Outside working hours → skip
[13:04:04] Live scan
  Outside working hours → skip

🔥 RUN #731: analyzed=0, signals=0
⏳ Next scan in 3m...
[13:07:04] Live scan

🔥 RUN #732: analyzed=0, signals=0
⏳ Next scan in 3m...
  Outside working hours → skip
[13:10:05] Live scan

🔥 RUN #733: analyzed=0, signals=0
⏳ Next scan in 3m...
  Outside working hours → skip
[13:13:05] Live scan

🔥 RUN #734: analyzed=0, signals=0
⏳ Next scan in 3m...
  Outside working hours → skip
[13:16:05] Live scan
  Outside working hours → skip

🔥 RUN #735: analyzed=0, signals=0
Message sent to Telegram
⏳ Next scan in 3m...
[13:19:05] Live scan

🔥 RUN #736: analyzed=0, signals=0
⏳ Next scan in 3m...
  Outside working hours → skip
[13:22:06] Live scan

🔥 RUN #737: analyzed=0, signals=0
⏳ Next scan in 3m...
  Outside working hours → skip
[13:25:06] Live scan

🔥 RUN #738: analyzed=0, signals=0
⏳ Next scan in 3m...
  Outside working hours → skip
[13:28:06] Live scan

🔥 RUN #739: analyzed=0, signals=0
⏳ Next scan in 3m...
  Outside working hours → skip
[13:31:06] Live scan

🔥 RUN #740: analyzed=0, signals=0
⏳ Next scan in 3m...
  Outside working hours → skip
[13:34:06] Live scan

🔥 RUN #741: analyzed=0, signals=0
⏳ Next scan in 3m...
  Outside working hours → skip
[13:37:06] Live scan
  Outside working hours → skip

🔥 RUN #742: analyzed=0, signals=0
⏳ Next scan in 3m...
[13:40:07] Live scan

🔥 RUN #743: analyzed=0, signals=0
⏳ Next scan in 3m...
  Outside working hours → skip
[13:43:07] Live scan
  Outside working hours → skip

🔥 RUN #744: analyzed=0, signals=0
⏳ Next scan in 3m...
[13:46:07] Live scan

🔥 RUN #745: analyzed=0, signals=0
⏳ Next scan in 3m...
  Outside working hours → skip
[13:49:07] Live scan
  Outside working hours → skip

🔥 RUN #746: analyzed=0, signals=0
⏳ Next scan in 3m...
[13:52:07] Live scan
  Outside working hours → skip

🔥 RUN #747: analyzed=0, signals=0
⏳ Next scan in 3m...
[13:55:08] Live scan

🔥 RUN #748: analyzed=0, signals=0
⏳ Next scan in 3m...
  Outside working hours → skip
[13:58:08] Live scan

🔥 RUN #749: analyzed=0, signals=0
⏳ Next scan in 3m...
  Outside working hours → skip
[14:01:08] Live scan

🔥 RUN #750: analyzed=0, signals=0
⏳ Next scan in 3m...
  Outside working hours → skip
[14:04:08] Live scan

🔥 RUN #751: analyzed=0, signals=0
⏳ Next scan in 3m...
  Outside working hours → skip
[14:07:08] Live scan

🔥 RUN #752: analyzed=0, signals=0
⏳ Next scan in 3m...
  Outside working hours → skip
[14:10:08] Live scan
  Outside working hours → skip

🔥 RUN #753: analyzed=0, signals=0
⏳ Next scan in 3m...
[14:13:09] Live scan

🔥 RUN #754: analyzed=0, signals=0
⏳ Next scan in 3m...
  Outside working hours → skip
[14:16:09] Live scan

🔥 RUN #755: analyzed=0, signals=0
  Outside working hours → skip
Message sent to Telegram
⏳ Next scan in 3m...
[14:19:09] Live scan
  Outside working hours → skip

🔥 RUN #756: analyzed=0, signals=0
⏳ Next scan in 3m...
[14:22:09] Live scan

🔥 RUN #757: analyzed=0, signals=0
⏳ Next scan in 3m...
  Outside working hours → skip
[14:25:10] Live scan
  Outside working hours → skip

🔥 RUN #758: analyzed=0, signals=0
⏳ Next scan in 3m...
[14:28:10] Live scan

🔥 RUN #759: analyzed=0, signals=0
⏳ Next scan in 3m...
  Outside working hours → skip
[14:31:10] Live scan

🔥 RUN #760: analyzed=0, signals=0
⏳ Next scan in 3m...
  Outside working hours → skip
[14:34:10] Live scan

🔥 RUN #761: analyzed=0, signals=0
⏳ Next scan in 3m...
  Outside working hours → skip
[14:37:10] Live scan

🔥 RUN #762: analyzed=0, signals=0
⏳ Next scan in 3m...
  Outside working hours → skip
[14:40:10] Live scan

🔥 RUN #763: analyzed=0, signals=0
⏳ Next scan in 3m...
  Outside working hours → skip
[14:43:11] Live scan

🔥 RUN #764: analyzed=0, signals=0
⏳ Next scan in 3m...
  Outside working hours → skip
[14:46:11] Live scan

🔥 RUN #765: analyzed=0, signals=0
⏳ Next scan in 3m...
  Outside working hours → skip
[14:49:11] Live scan
  Outside working hours → skip

🔥 RUN #766: analyzed=0, signals=0
⏳ Next scan in 3m...
[14:52:11] Live scan

🔥 RUN #767: analyzed=0, signals=0
⏳ Next scan in 3m...
  Outside working hours → skip
[14:55:11] Live scan

🔥 RUN #768: analyzed=0, signals=0
⏳ Next scan in 3m...
  Outside working hours → skip
[14:58:11] Live scan

🔥 RUN #769: analyzed=0, signals=0
⏳ Next scan in 3m...
  Outside working hours → skip
[15:01:12] Live scan

🔥 RUN #770: analyzed=0, signals=0
⏳ Next scan in 3m...
  Outside working hours → skip
[15:04:12] Live scan

🔥 RUN #771: analyzed=0, signals=0
⏳ Next scan in 3m...
  Outside working hours → skip
[15:07:12] Live scan
  Outside working hours → skip

🔥 RUN #772: analyzed=0, signals=0
⏳ Next scan in 3m...
[15:10:13] Live scan

🔥 RUN #773: analyzed=0, signals=0
⏳ Next scan in 3m...
  Outside working hours → skip
[15:13:14] Live scan
  Outside working hours → skip

🔥 RUN #774: analyzed=0, signals=0
⏳ Next scan in 3m...
[15:16:14] Live scan

🔥 RUN #775: analyzed=0, signals=0
  Outside working hours → skip
Message sent to Telegram
⏳ Next scan in 3m...
[15:19:14] Live scan

🔥 RUN #776: analyzed=0, signals=0
⏳ Next scan in 3m...
  Outside working hours → skip
[15:22:14] Live scan
  Outside working hours → skip

🔥 RUN #777: analyzed=0, signals=0
⏳ Next scan in 3m...
[15:25:15] Live scan

🔥 RUN #778: analyzed=0, signals=0
⏳ Next scan in 3m...
  Outside working hours → skip
[15:28:15] Live scan

🔥 RUN #779: analyzed=0, signals=0
⏳ Next scan in 3m...
  Outside working hours → skip
[15:31:15] Live scan

🔥 RUN #780: analyzed=0, signals=0
⏳ Next scan in 3m...
  Outside working hours → skip
[15:34:15] Live scan

🔥 RUN #781: analyzed=0, signals=0
⏳ Next scan in 3m...
  Outside working hours → skip
[15:37:15] Live scan

🔥 RUN #782: analyzed=0, signals=0
⏳ Next scan in 3m...
  Outside working hours → skip
[15:40:15] Live scan

🔥 RUN #783: analyzed=0, signals=0
⏳ Next scan in 3m...
  Outside working hours → skip
[15:43:16] Live scan

🔥 RUN #784: analyzed=0, signals=0
⏳ Next scan in 3m...
  Outside working hours → skip
[15:46:16] Live scan

🔥 RUN #785: analyzed=0, signals=0
⏳ Next scan in 3m...
  Outside working hours → skip
[15:49:16] Live scan

🔥 RUN #786: analyzed=0, signals=0
⏳ Next scan in 3m...
  Outside working hours → skip
[15:52:16] Live scan

🔥 RUN #787: analyzed=0, signals=0
⏳ Next scan in 3m...
  Outside working hours → skip
[15:55:16] Live scan

🔥 RUN #788: analyzed=0, signals=0
⏳ Next scan in 3m...
  Outside working hours → skip
[15:58:16] Live scan
  Outside working hours → skip

🔥 RUN #789: analyzed=0, signals=0
⏳ Next scan in 3m...
[16:01:17] Live scan
  Запуск live-скрапера (після ранкових Telegram, якщо були).
Opening: https://m.flashscore.ua/?s=2 (minute >= 60, 0:0 only)
Provider health [https://m.flashscore.ua/?s=2]: rows=52, 0:0 total=13, candidates=0
  ⏸ 0:0 ще рано (< 60'):
    45' Сток Сіті U21 - Саутгемптон U21 [АНГЛІЯ: Прем'єр-ліга 2 Таблиця]
    45' Фінляндія U19 W - Сербія U19 W [ЄВРОПА: Євро U19 (Жінки) - Кваліфікація - Round 2 - League A Таблиця]
    32' Аталанта U23 - Монополі [ІТАЛІЯ: Серія С - Група С Таблиця]
    32' Латіна - Казарано [ІТАЛІЯ: Серія С - Група С Таблиця]
    32' Фоджа - Сіракуза [ІТАЛІЯ: Серія С - Група С Таблиця]
    32' Рейнджерс - Найробі Юнайтед [КЕНІЯ: FKF Mozzart Bet Cup]
    45' Хемі Лейпциг - Локомотив Лейпциг [НІМЕЧЧИНА: Регіональна ліга - Північний Схід Таблиця]
    45' Алтинорду - Буджаспор 1928 [ТУРЕЧЧИНА: 2. Ліга - Біла група Таблиця]
    45' Анкарагюджю - Інеголспор [ТУРЕЧЧИНА: 2. Ліга - Біла група Таблиця]
    45' Елязигспор - Ербааспор [ТУРЕЧЧИНА: 2. Ліга - Біла група Таблиця]
    45' Мусспор - Арнавуткой Бл. [ТУРЕЧЧИНА: 2. Ліга - Червона група Таблиця]
    45' Пробій Городенка - ЮКСА [УКРАЇНА: Перша ліга Таблиця]
  Found: 0 candidates, 0 new, 0 permanently skipped

Done: 0 analyzed, 0 actionable, 0 TG sent

🔥 RUN #790: analyzed=0, signals=0
⏳ Next scan in 3m...
[16:04:21] Live scan
  Запуск live-скрапера (після ранкових Telegram, якщо були).
Opening: https://m.flashscore.ua/?s=2 (minute >= 60, 0:0 only)
Provider health [https://m.flashscore.ua/?s=2]: rows=70, 0:0 total=43, candidates=0
  ⏸ 0:0 ще рано (< 60'):
    4' Ноттінгем - Астон Вілла [АНГЛІЯ: Прем'єр-ліга Таблиця]
    4' Сандерленд - Тоттенгем [АНГЛІЯ: Прем'єр-ліга Таблиця]
    45' Сток Сіті U21 - Саутгемптон U21 [АНГЛІЯ: Прем'єр-ліга 2 Таблиця]
    4' Тінен - Дессель [БЕЛЬГІЯ: Національний дивізіон 1 - ВВ Таблиця]
    46' Фінляндія U19 W - Сербія U19 W [ЄВРОПА: Євро U19 (Жінки) - Кваліфікація - Round 2 - League A Таблиця]
    4' Туреччина U19 W - Албанія U19 W [ЄВРОПА: Євро U19 (Жінки) - Кваліфікація - Раунд 2 - Ліга B Таблиця]
    34' Аталанта U23 - Монополі [ІТАЛІЯ: Серія С - Група С Таблиця]
    34' Латіна - Казарано [ІТАЛІЯ: Серія С - Група С Таблиця]
    34' Фоджа - Сіракуза [ІТАЛІЯ: Серія С - Група С Таблиця]
    4' Валенцана - Гоццано [ІТАЛІЯ: Серія D - Група А Таблиця]
    4' Лаваньєзе - Вадо [ІТАЛІЯ: Серія D - Група А Таблиця]
    4' НоваРоментін - Імперія [ІТАЛІЯ: Серія D - Група А Таблиця]
    4' Павія - Сканцорошіате [ІТАЛІЯ: Серія D - Група В Таблиця]
    4' Леньяно Салюс - Есте [ІТАЛІЯ: Серія D - Група С Таблиця]
    4' Тревільєзе - Палаццоло [ІТАЛІЯ: Серія D - Група D Таблиця]
    4' Чіттаделла Віс Модена - Rovato Vertovese [ІТАЛІЯ: Серія D - Група D Таблиця]
    4' Серавецца Поцці - Сієна [ІТАЛІЯ: Серія D - Група Е Таблиця]
    4' Вальмонтоне - Монтеспаккато [ІТАЛІЯ: Серія D - Група G Таблиця]
    4' Реал Монтеротондо - Кассіно [ІТАЛІЯ: Серія D - Група G Таблиця]
    34' Рейнджерс - Найробі Юнайтед [КЕНІЯ: FKF Mozzart Bet Cup]
    4' Дріта - Ферізай [КОСОВО: Суперліга Таблиця]
    4' НС Матрікс - ДПММ [МАЛАЙЗІЯ: Суперліга Таблиця]
    45' Хемі Лейпциг - Локомотив Лейпциг [НІМЕЧЧИНА: Регіональна ліга - Північний Схід Таблиця]
    4' Ферде - Согндал 2 [НОРВЕГІЯ: Дивізіон 3 - Група 3 Таблиця]
    4' Флеккерей - Вікінг 2 [НОРВЕГІЯ: Дивізіон 3 - Група 4 Таблиця]
    4' Такуарі - Ресістенсія [ПАРАГВАЙ: Другий дивізіон Таблиця]
    4' Чертаново М. - Луки-Энергия [РОСІЯ: ФНЛ 2 - Дивізіон В - Група 2 Таблиця]
    4' Ювенес/Догана - Фольгоре [САН-МАРИНО: Чемпіонат Таблиця]
    4' Сінгіда Блек Старз - Мбея Сіті [ТАНЗАНІЯ: Federation Cup]
    45' Алтинорду - Буджаспор 1928 [ТУРЕЧЧИНА: 2. Ліга - Біла група Таблиця]
    45' Анкарагюджю - Інеголспор [ТУРЕЧЧИНА: 2. Ліга - Біла група Таблиця]
    45' Елязигспор - Ербааспор [ТУРЕЧЧИНА: 2. Ліга - Біла група Таблиця]
    45' Мусспор - Арнавуткой Бл. [ТУРЕЧЧИНА: 2. Ліга - Червона група Таблиця]
    4' Кючюкчекмедже - Етімесгут [ТУРЕЧЧИНА: 3. Ліга - Група 1 Таблиця]
    4' Чанкая - Бейкоз Ісхаклі Спор [ТУРЕЧЧИНА: 3. Ліга - Група 1 Таблиця]
    4' Ескішехір Анадолу - Айваликгюджю [ТУРЕЧЧИНА: 3. Ліга - Група 4 Таблиця]
    4' Ізмір Чорухлу - Ушакспор [ТУРЕЧЧИНА: 3. Ліга - Група 4 Таблиця]
    4' Сен-Мало - Ла-Рош [ФРАНЦІЯ: Насьональ 2 - Група A Таблиця]
    4' Арсенал Тиват - Морнар Бар [ЧОРНОГОРІЯ: Перша ліга Таблиця]
    4' Єзеро - ОФК Петровац [ЧОРНОГОРІЯ: Перша ліга Таблиця]
    4' Младост ДГ - Бокель [ЧОРНОГОРІЯ: Перша ліга Таблиця]
    4' Ландскруна - Фалькенберг [ШВЕЦІЯ: Супереттан Таблиця]
    4' Раппе - Лілла Торг [ШВЕЦІЯ: Дивізіон 2 - Південний Йоталанд Таблиця]
  Found: 0 candidates, 0 new, 0 permanently skipped

Done: 0 analyzed, 0 actionable, 0 TG sent

🔥 RUN #791: analyzed=0, signals=0
⏳ Next scan in 3m...
[16:07:24] Live scan
  Запуск live-скрапера (після ранкових Telegram, якщо були).
Opening: https://m.flashscore.ua/?s=2 (minute >= 60, 0:0 only)
Provider health [https://m.flashscore.ua/?s=2]: rows=100, 0:0 total=68, candidates=0
  ⏸ 0:0 ще рано (< 60'):
    8' Ноттінгем - Астон Вілла [АНГЛІЯ: Прем'єр-ліга Таблиця]
    8' Сандерленд - Тоттенгем [АНГЛІЯ: Прем'єр-ліга Таблиця]
    48' Сток Сіті U21 - Саутгемптон U21 [АНГЛІЯ: Прем'єр-ліга 2 Таблиця]
    8' Шербек-Евер - Стоке-Варфюзе [БЕЛЬГІЯ: Національний дивізіон 1 - АКФФ - Група вибування Таблиця]
    8' СК Руселаре - Дігем [БЕЛЬГІЯ: Національний дивізіон 1 - ВВ Таблиця]
    8' Тінен - Дессель [БЕЛЬГІЯ: Національний дивізіон 1 - ВВ Таблиця]
    50' Фінляндія U19 W - Сербія U19 W [ЄВРОПА: Євро U19 (Жінки) - Кваліфікація - Round 2 - League A Таблиця]
    8' Туреччина U19 W - Албанія U19 W [ЄВРОПА: Євро U19 (Жінки) - Кваліфікація - Раунд 2 - Ліга B Таблиця]
    38' Аталанта U23 - Монополі [ІТАЛІЯ: Серія С - Група С Таблиця]
    38' Латіна - Казарано [ІТАЛІЯ: Серія С - Група С Таблиця]
    8' Лаваньєзе - Вадо [ІТАЛІЯ: Серія D - Група А Таблиця]
    8' Кастелланцезе - Леон [ІТАЛІЯ: Серія D - Група В Таблиця]
    8' Павія - Сканцорошіате [ІТАЛІЯ: Серія D - Група В Таблиця]
    8' Реал Калепіна - Брену [ІТАЛІЯ: Серія D - Група В Таблиця]
    8' Леньяно Салюс - Есте [ІТАЛІЯ: Серія D - Група С Таблиця]
    8' Про Сесто - Пістоєзе [ІТАЛІЯ: Серія D - Група D Таблиця]
    8' Тревільєзе - Палаццоло [ІТАЛІЯ: Серія D - Група D Таблиця]
    8' Чіттаделла Віс Модена - Rovato Vertovese [ІТАЛІЯ: Серія D - Група D Таблиця]
    8' Сан-Донато Таварнелле - Гівіборго [ІТАЛІЯ: Серія D - Група Е Таблиця]
    8' Серавецца Поцці - Сієна [ІТАЛІЯ: Серія D - Група Е Таблиця]
    8' Тау - Каннара [ІТАЛІЯ: Серія D - Група Е Таблиця]
    8' Трестіна - Фоллоніка Гаворрано [ІТАЛІЯ: Серія D - Група Е Таблиця]
    8' Фоліньйо - Прато [ІТАЛІЯ: Серія D - Група Е Таблиця]
    8' Кальчо К'єті - Уніпомеція [ІТАЛІЯ: Серія D - Група F Таблиця]
    8' Нотареско Кальчо - Остіамаре [ІТАЛІЯ: Серія D - Група F Таблиця]
    8' Терамо - Термолі [ІТАЛІЯ: Серія D - Група F Таблиця]
    8' Атл. Лоджіані - Ночеріна [ІТАЛІЯ: Серія D - Група G Таблиця]
    8' Латте Дольче - Пальмезе 1914 [ІТАЛІЯ: Серія D - Група G Таблиця]
    8' Монастір - Трастевере Кальчо [ІТАЛІЯ: Серія D - Група G Таблиця]
    8' Реал Монтеротондо - Кассіно [ІТАЛІЯ: Серія D - Група G Таблиця]
    8' АС Ачіреале - Нісса [ІТАЛІЯ: Серія D - Група І Таблиця]
    8' Ламеція - Савоя [ІТАЛІЯ: Серія D - Група І Таблиця]
    8' Мессіна - Рагуза [ІТАЛІЯ: Серія D - Група І Таблиця]
    8' Санкатальдезе - Джельбісон [ІТАЛІЯ: Серія D - Група І Таблиця]
    38' Рейнджерс - Найробі Юнайтед [КЕНІЯ: FKF Mozzart Bet Cup]
    8' Дріта - Ферізай [КОСОВО: Суперліга Таблиця]
    8' НС Матрікс - ДПММ [МАЛАЙЗІЯ: Суперліга Таблиця]
    46' Хемі Лейпциг - Локомотив Лейпциг [НІМЕЧЧИНА: Регіональна ліга - Північний Схід Таблиця]
    8' Ферде - Согндал 2 [НОРВЕГІЯ: Дивізіон 3 - Група 3 Таблиця]
    8' Такуарі - Ресістенсія [ПАРАГВАЙ: Другий дивізіон Таблиця]
    8' Чертаново М. - Луки-Энергия [РОСІЯ: ФНЛ 2 - Дивізіон В - Група 2 Таблиця]
    8' Рубін Казань 2 - Pobeda Nizhniy Novgorod [РОСІЯ: ФНЛ 2 - Дивізіон В - Група 4 Таблиця]
    8' Космос - Пеннаросса [САН-МАРИНО: Чемпіонат Таблиця]
    8' Тре Фіорі - Лібертас [САН-МАРИНО: Чемпіонат Таблиця]
    8' Ювенес/Догана - Фольгоре [САН-МАРИНО: Чемпіонат Таблиця]
    8' Сінгіда Блек Старз - Мбея Сіті [ТАНЗАНІЯ: Federation Cup]
    45' Алтинорду - Буджаспор 1928 [ТУРЕЧЧИНА: 2. Ліга - Біла група Таблиця]
    45' Анкарагюджю - Інеголспор [ТУРЕЧЧИНА: 2. Ліга - Біла група Таблиця]
    45' Елязигспор - Ербааспор [ТУРЕЧЧИНА: 2. Ліга - Біла група Таблиця]
    45' Мусспор - Арнавуткой Бл. [ТУРЕЧЧИНА: 2. Ліга - Червона група Таблиця]
    8' Бурса Їлдірімспор - Галата [ТУРЕЧЧИНА: 3. Ліга - Група 1 Таблиця]
    8' Едірнеспор - Інкілапспор [ТУРЕЧЧИНА: 3. Ліга - Група 1 Таблиця]
    8' Єшіл Ялова ФК - Чорлуспор [ТУРЕЧЧИНА: 3. Ліга - Група 1 Таблиця]
    8' Кестел Чілекспор - Інегол Кафкас [ТУРЕЧЧИНА: 3. Ліга - Група 1 Таблиця]
    8' Кючюкчекмедже - Етімесгут [ТУРЕЧЧИНА: 3. Ліга - Група 1 Таблиця]
    8' Сілівріспор - Бурса Нілуфер [ТУРЕЧЧИНА: 3. Ліга - Група 1 Таблиця]
    8' Чанкая - Бейкоз Ісхаклі Спор [ТУРЕЧЧИНА: 3. Ліга - Група 1 Таблиця]
    8' Афьонспор - Тіре 2021 [ТУРЕЧЧИНА: 3. Ліга - Група 4 Таблиця]
    8' Баликесірспор - Ескішехірспор [ТУРЕЧЧИНА: 3. Ліга - Група 4 Таблиця]
    8' Ескішехір Анадолу - Айваликгюджю [ТУРЕЧЧИНА: 3. Ліга - Група 4 Таблиця]
    8' Ізмір Чорухлу - Ушакспор [ТУРЕЧЧИНА: 3. Ліга - Група 4 Таблиця]
    8' Каршияка - Секе 1970 [ТУРЕЧЧИНА: 3. Ліга - Група 4 Таблиця]
    8' Сен-Мало - Ла-Рош [ФРАНЦІЯ: Насьональ 2 - Група A Таблиця]
    8' Арсенал Тиват - Морнар Бар [ЧОРНОГОРІЯ: Перша ліга Таблиця]
    8' Єзеро - ОФК Петровац [ЧОРНОГОРІЯ: Перша ліга Таблиця]
    8' Младост ДГ - Бокель [ЧОРНОГОРІЯ: Перша ліга Таблиця]
    8' Ландскруна - Фалькенберг [ШВЕЦІЯ: Супереттан Таблиця]
    8' Раппе - Лілла Торг [ШВЕЦІЯ: Дивізіон 2 - Південний Йоталанд Таблиця]
  Found: 0 candidates, 0 new, 0 permanently skipped

Done: 0 analyzed, 0 actionable, 0 TG sent

🔥 RUN #792: analyzed=0, signals=0
⏳ Next scan in 3m...
[16:10:28] Live scan
  Запуск live-скрапера (після ранкових Telegram, якщо були).
Opening: https://m.flashscore.ua/?s=2 (minute >= 60, 0:0 only)
Provider health [https://m.flashscore.ua/?s=2]: rows=105, 0:0 total=67, candidates=0
  ⏸ 0:0 ще рано (< 60'):
    11' Ноттінгем - Астон Вілла [АНГЛІЯ: Прем'єр-ліга Таблиця]
    11' Сандерленд - Тоттенгем [АНГЛІЯ: Прем'єр-ліга Таблиця]
    52' Сток Сіті U21 - Саутгемптон U21 [АНГЛІЯ: Прем'єр-ліга 2 Таблиця]
    11' Шербек-Евер - Стоке-Варфюзе [БЕЛЬГІЯ: Національний дивізіон 1 - АКФФ - Група вибування Таблиця]
    11' Туреччина U19 W - Албанія U19 W [ЄВРОПА: Євро U19 (Жінки) - Кваліфікація - Раунд 2 - Ліга B Таблиця]
    41' Аталанта U23 - Монополі [ІТАЛІЯ: Серія С - Група С Таблиця]
    41' Латіна - Казарано [ІТАЛІЯ: Серія С - Група С Таблиця]
    11' Лаваньєзе - Вадо [ІТАЛІЯ: Серія D - Група А Таблиця]
    11' Кастелланцезе - Леон [ІТАЛІЯ: Серія D - Група В Таблиця]
    11' Павія - Сканцорошіате [ІТАЛІЯ: Серія D - Група В Таблиця]
    11' Реал Калепіна - Брену [ІТАЛІЯ: Серія D - Група В Таблиця]
    11' Сондріо - Кальдьєро Терме [ІТАЛІЯ: Серія D - Група В Таблиця]
    11' Леньяно Салюс - Есте [ІТАЛІЯ: Серія D - Група С Таблиця]
    11' Про Сесто - Пістоєзе [ІТАЛІЯ: Серія D - Група D Таблиця]
    11' Тревільєзе - Палаццоло [ІТАЛІЯ: Серія D - Група D Таблиця]
    11' Чіттаделла Віс Модена - Rovato Vertovese [ІТАЛІЯ: Серія D - Група D Таблиця]
    11' Сан-Донато Таварнелле - Гівіборго [ІТАЛІЯ: Серія D - Група Е Таблиця]
    11' Серавецца Поцці - Сієна [ІТАЛІЯ: Серія D - Група Е Таблиця]
    11' Тау - Каннара [ІТАЛІЯ: Серія D - Група Е Таблиця]
    11' Трестіна - Фоллоніка Гаворрано [ІТАЛІЯ: Серія D - Група Е Таблиця]
    11' Фоліньйо - Прато [ІТАЛІЯ: Серія D - Група Е Таблиця]
    11' Кальчо К'єті - Уніпомеція [ІТАЛІЯ: Серія D - Група F Таблиця]
    11' Мачератезе - Реканатезе [ІТАЛІЯ: Серія D - Група F Таблиця]
    11' Нотареско Кальчо - Остіамаре [ІТАЛІЯ: Серія D - Група F Таблиця]
    11' Терамо - Термолі [ІТАЛІЯ: Серія D - Група F Таблиця]
    11' Атл. Лоджіані - Ночеріна [ІТАЛІЯ: Серія D - Група G Таблиця]
    11' Латте Дольче - Пальмезе 1914 [ІТАЛІЯ: Серія D - Група G Таблиця]
    11' Монастір - Трастевере Кальчо [ІТАЛІЯ: Серія D - Група G Таблиця]
    11' Реал Монтеротондо - Кассіно [ІТАЛІЯ: Серія D - Група G Таблиця]
    11' АС Ачіреале - Нісса [ІТАЛІЯ: Серія D - Група І Таблиця]
    11' Джела - Реджина 1914 [ІТАЛІЯ: Серія D - Група І Таблиця]
    11' Ламеція - Савоя [ІТАЛІЯ: Серія D - Група І Таблиця]
    11' Мессіна - Рагуза [ІТАЛІЯ: Серія D - Група І Таблиця]
    11' Санкатальдезе - Джельбісон [ІТАЛІЯ: Серія D - Група І Таблиця]
    11' Дріта - Ферізай [КОСОВО: Суперліга Таблиця]
    11' НС Матрікс - ДПММ [МАЛАЙЗІЯ: Суперліга Таблиця]
    50' Хемі Лейпциг - Локомотив Лейпциг [НІМЕЧЧИНА: Регіональна ліга - Північний Схід Таблиця]
    11' Ферде - Согндал 2 [НОРВЕГІЯ: Дивізіон 3 - Група 3 Таблиця]
    11' Такуарі - Ресістенсія [ПАРАГВАЙ: Другий дивізіон Таблиця]
    11' Чертаново М. - Луки-Энергия [РОСІЯ: ФНЛ 2 - Дивізіон В - Група 2 Таблиця]
    11' Рубін Казань 2 - Pobeda Nizhniy Novgorod [РОСІЯ: ФНЛ 2 - Дивізіон В - Група 4 Таблиця]
    11' Космос - Пеннаросса [САН-МАРИНО: Чемпіонат Таблиця]
    11' Тре Фіорі - Лібертас [САН-МАРИНО: Чемпіонат Таблиця]
    11' Сінгіда Блек Старз - Мбея Сіті [ТАНЗАНІЯ: Federation Cup]
    45' Алтинорду - Буджаспор 1928 [ТУРЕЧЧИНА: 2. Ліга - Біла група Таблиця]
    47' Анкарагюджю - Інеголспор [ТУРЕЧЧИНА: 2. Ліга - Біла група Таблиця]
    45' Елязигспор - Ербааспор [ТУРЕЧЧИНА: 2. Ліга - Біла група Таблиця]
    45' Мусспор - Арнавуткой Бл. [ТУРЕЧЧИНА: 2. Ліга - Червона група Таблиця]
    11' Бурса Їлдірімспор - Галата [ТУРЕЧЧИНА: 3. Ліга - Група 1 Таблиця]
    11' Едірнеспор - Інкілапспор [ТУРЕЧЧИНА: 3. Ліга - Група 1 Таблиця]
    11' Кестел Чілекспор - Інегол Кафкас [ТУРЕЧЧИНА: 3. Ліга - Група 1 Таблиця]
    11' Кючюкчекмедже - Етімесгут [ТУРЕЧЧИНА: 3. Ліга - Група 1 Таблиця]
    11' Сілівріспор - Бурса Нілуфер [ТУРЕЧЧИНА: 3. Ліга - Група 1 Таблиця]
    11' Чанкая - Бейкоз Ісхаклі Спор [ТУРЕЧЧИНА: 3. Ліга - Група 1 Таблиця]
    11' Афьонспор - Тіре 2021 [ТУРЕЧЧИНА: 3. Ліга - Група 4 Таблиця]
    11' Баликесірспор - Ескішехірспор [ТУРЕЧЧИНА: 3. Ліга - Група 4 Таблиця]
    11' Ескішехір Анадолу - Айваликгюджю [ТУРЕЧЧИНА: 3. Ліга - Група 4 Таблиця]
    11' Ізмір Чорухлу - Ушакспор [ТУРЕЧЧИНА: 3. Ліга - Група 4 Таблиця]
    11' Каршияка - Секе 1970 [ТУРЕЧЧИНА: 3. Ліга - Група 4 Таблиця]
    11' Кутахьяспор - Борнова [ТУРЕЧЧИНА: 3. Ліга - Група 4 Таблиця]
    11' Агробізнес - Чорноморець [УКРАЇНА: Перша ліга Таблиця]
    11' Сен-Мало - Ла-Рош [ФРАНЦІЯ: Насьональ 2 - Група A Таблиця]
    11' Арсенал Тиват - Морнар Бар [ЧОРНОГОРІЯ: Перша ліга Таблиця]
    11' Єзеро - ОФК Петровац [ЧОРНОГОРІЯ: Перша ліга Таблиця]
    11' Младост ДГ - Бокель [ЧОРНОГОРІЯ: Перша ліга Таблиця]
    11' Ландскруна - Фалькенберг [ШВЕЦІЯ: Супереттан Таблиця]
    11' Раппе - Лілла Торг [ШВЕЦІЯ: Дивізіон 2 - Південний Йоталанд Таблиця]
  Found: 0 candidates, 0 new, 0 permanently skipped

Done: 0 analyzed, 0 actionable, 0 TG sent

🔥 RUN #793: analyzed=0, signals=0
⏳ Next scan in 3m...
[16:13:32] Live scan
  Запуск live-скрапера (після ранкових Telegram, якщо були).
Opening: https://m.flashscore.ua/?s=2 (minute >= 60, 0:0 only)
Provider health [https://m.flashscore.ua/?s=2]: rows=104, 0:0 total=65, candidates=0
  ⏸ 0:0 ще рано (< 60'):
    14' Ноттінгем - Астон Вілла [АНГЛІЯ: Прем'єр-ліга Таблиця]
    14' Сандерленд - Тоттенгем [АНГЛІЯ: Прем'єр-ліга Таблиця]
    14' Шербек-Евер - Стоке-Варфюзе [БЕЛЬГІЯ: Національний дивізіон 1 - АКФФ - Група вибування Таблиця]
    14' Туреччина U19 W - Албанія U19 W [ЄВРОПА: Євро U19 (Жінки) - Кваліфікація - Раунд 2 - Ліга B Таблиця]
    44' Аталанта U23 - Монополі [ІТАЛІЯ: Серія С - Група С Таблиця]
    44' Латіна - Казарано [ІТАЛІЯ: Серія С - Група С Таблиця]
    14' Лаваньєзе - Вадо [ІТАЛІЯ: Серія D - Група А Таблиця]
    14' Кастелланцезе - Леон [ІТАЛІЯ: Серія D - Група В Таблиця]
    14' Павія - Сканцорошіате [ІТАЛІЯ: Серія D - Група В Таблиця]
    14' Реал Калепіна - Брену [ІТАЛІЯ: Серія D - Група В Таблиця]
    14' Сондріо - Кальдьєро Терме [ІТАЛІЯ: Серія D - Група В Таблиця]
    14' Леньяно Салюс - Есте [ІТАЛІЯ: Серія D - Група С Таблиця]
    14' Про Сесто - Пістоєзе [ІТАЛІЯ: Серія D - Група D Таблиця]
    14' Тревільєзе - Палаццоло [ІТАЛІЯ: Серія D - Група D Таблиця]
    14' Чіттаделла Віс Модена - Rovato Vertovese [ІТАЛІЯ: Серія D - Група D Таблиця]
    14' Сан-Донато Таварнелле - Гівіборго [ІТАЛІЯ: Серія D - Група Е Таблиця]
    14' Серавецца Поцці - Сієна [ІТАЛІЯ: Серія D - Група Е Таблиця]
    14' Тау - Каннара [ІТАЛІЯ: Серія D - Група Е Таблиця]
    14' Трестіна - Фоллоніка Гаворрано [ІТАЛІЯ: Серія D - Група Е Таблиця]
    14' Фоліньйо - Прато [ІТАЛІЯ: Серія D - Група Е Таблиця]
    14' Кальчо К'єті - Уніпомеція [ІТАЛІЯ: Серія D - Група F Таблиця]
    14' Мачератезе - Реканатезе [ІТАЛІЯ: Серія D - Група F Таблиця]
    14' Нотареско Кальчо - Остіамаре [ІТАЛІЯ: Серія D - Група F Таблиця]
    14' Терамо - Термолі [ІТАЛІЯ: Серія D - Група F Таблиця]
    14' Атл. Лоджіані - Ночеріна [ІТАЛІЯ: Серія D - Група G Таблиця]
    14' Латте Дольче - Пальмезе 1914 [ІТАЛІЯ: Серія D - Група G Таблиця]
    14' Монастір - Трастевере Кальчо [ІТАЛІЯ: Серія D - Група G Таблиця]
    14' Реал Монтеротондо - Кассіно [ІТАЛІЯ: Серія D - Група G Таблиця]
    14' АС Ачіреале - Нісса [ІТАЛІЯ: Серія D - Група І Таблиця]
    14' Джела - Реджина 1914 [ІТАЛІЯ: Серія D - Група І Таблиця]
    14' Ламеція - Савоя [ІТАЛІЯ: Серія D - Група І Таблиця]
    14' Мессіна - Рагуза [ІТАЛІЯ: Серія D - Група І Таблиця]
    14' Санкатальдезе - Джельбісон [ІТАЛІЯ: Серія D - Група І Таблиця]
    14' Дріта - Ферізай [КОСОВО: Суперліга Таблиця]
    14' НС Матрікс - ДПММ [МАЛАЙЗІЯ: Суперліга Таблиця]
    53' Хемі Лейпциг - Локомотив Лейпциг [НІМЕЧЧИНА: Регіональна ліга - Північний Схід Таблиця]
    14' Ферде - Согндал 2 [НОРВЕГІЯ: Дивізіон 3 - Група 3 Таблиця]
    14' Такуарі - Ресістенсія [ПАРАГВАЙ: Другий дивізіон Таблиця]
    14' Чертаново М. - Луки-Энергия [РОСІЯ: ФНЛ 2 - Дивізіон В - Група 2 Таблиця]
    14' Рубін Казань 2 - Pobeda Nizhniy Novgorod [РОСІЯ: ФНЛ 2 - Дивізіон В - Група 4 Таблиця]
    14' Космос - Пеннаросса [САН-МАРИНО: Чемпіонат Таблиця]
    14' Тре Фіорі - Лібертас [САН-МАРИНО: Чемпіонат Таблиця]
    14' Сінгіда Блек Старз - Мбея Сіті [ТАНЗАНІЯ: Federation Cup]
    45' Алтинорду - Буджаспор 1928 [ТУРЕЧЧИНА: 2. Ліга - Біла група Таблиця]
    50' Анкарагюджю - Інеголспор [ТУРЕЧЧИНА: 2. Ліга - Біла група Таблиця]
    45' Елязигспор - Ербааспор [ТУРЕЧЧИНА: 2. Ліга - Біла група Таблиця]
    45' Мусспор - Арнавуткой Бл. [ТУРЕЧЧИНА: 2. Ліга - Червона група Таблиця]
    14' Бурса Їлдірімспор - Галата [ТУРЕЧЧИНА: 3. Ліга - Група 1 Таблиця]
    14' Едірнеспор - Інкілапспор [ТУРЕЧЧИНА: 3. Ліга - Група 1 Таблиця]
    14' Кестел Чілекспор - Інегол Кафкас [ТУРЕЧЧИНА: 3. Ліга - Група 1 Таблиця]
    14' Сілівріспор - Бурса Нілуфер [ТУРЕЧЧИНА: 3. Ліга - Група 1 Таблиця]
    14' Чанкая - Бейкоз Ісхаклі Спор [ТУРЕЧЧИНА: 3. Ліга - Група 1 Таблиця]
    14' Афьонспор - Тіре 2021 [ТУРЕЧЧИНА: 3. Ліга - Група 4 Таблиця]
    14' Баликесірспор - Ескішехірспор [ТУРЕЧЧИНА: 3. Ліга - Група 4 Таблиця]
    14' Ескішехір Анадолу - Айваликгюджю [ТУРЕЧЧИНА: 3. Ліга - Група 4 Таблиця]
    14' Ізмір Чорухлу - Ушакспор [ТУРЕЧЧИНА: 3. Ліга - Група 4 Таблиця]
    14' Каршияка - Секе 1970 [ТУРЕЧЧИНА: 3. Ліга - Група 4 Таблиця]
    14' Кутахьяспор - Борнова [ТУРЕЧЧИНА: 3. Ліга - Група 4 Таблиця]
    14' Агробізнес - Чорноморець [УКРАЇНА: Перша ліга Таблиця]
    14' Сен-Мало - Ла-Рош [ФРАНЦІЯ: Насьональ 2 - Група A Таблиця]
    14' Арсенал Тиват - Морнар Бар [ЧОРНОГОРІЯ: Перша ліга Таблиця]
    14' Єзеро - ОФК Петровац [ЧОРНОГОРІЯ: Перша ліга Таблиця]
    14' Младост ДГ - Бокель [ЧОРНОГОРІЯ: Перша ліга Таблиця]
    14' Ландскруна - Фалькенберг [ШВЕЦІЯ: Супереттан Таблиця]
    14' Раппе - Лілла Торг [ШВЕЦІЯ: Дивізіон 2 - Південний Йоталанд Таблиця]
  Found: 0 candidates, 0 new, 0 permanently skipped

Done: 0 analyzed, 0 actionable, 0 TG sent

🔥 RUN #794: analyzed=0, signals=0
⏳ Next scan in 3m...
[16:16:36] Live scan
  Запуск live-скрапера (після ранкових Telegram, якщо були).
Opening: https://m.flashscore.ua/?s=2 (minute >= 60, 0:0 only)
Provider health [https://m.flashscore.ua/?s=2]: rows=132, 0:0 total=80, candidates=0
  ⏸ 0:0 ще рано (< 60'):
    17' Ноттінгем - Астон Вілла [АНГЛІЯ: Прем'єр-ліга Таблиця]
    17' Сандерленд - Тоттенгем [АНГЛІЯ: Прем'єр-ліга Таблиця]
    17' Шербек-Евер - Стоке-Варфюзе [БЕЛЬГІЯ: Національний дивізіон 1 - АКФФ - Група вибування Таблиця]
    17' Туреччина U19 W - Албанія U19 W [ЄВРОПА: Євро U19 (Жінки) - Кваліфікація - Раунд 2 - Ліга B Таблиця]
    45' Аталанта U23 - Монополі [ІТАЛІЯ: Серія С - Група С Таблиця]
    17' Асті - Салуццо [ІТАЛІЯ: Серія D - Група А Таблиця]
    17' Кайрезе - Клуб Мілано [ІТАЛІЯ: Серія D - Група А Таблиця]
    17' Кізола - Лігорна [ІТАЛІЯ: Серія D - Група А Таблиця]
    17' Лаваньєзе - Вадо [ІТАЛІЯ: Серія D - Група А Таблиця]
    17' Санремезе - Дертона [ІТАЛІЯ: Серія D - Група А Таблиця]
    17' Варезіна - К'єво [ІТАЛІЯ: Серія D - Група В Таблиця]
    17' Кастелланцезе - Леон [ІТАЛІЯ: Серія D - Група В Таблиця]
    17' Павія - Сканцорошіате [ІТАЛІЯ: Серія D - Група В Таблиця]
    17' Сондріо - Кальдьєро Терме [ІТАЛІЯ: Серія D - Група В Таблиця]
    17' Камподарсего - Бассано [ІТАЛІЯ: Серія D - Група С Таблиця]
    17' Леньяно Салюс - Есте [ІТАЛІЯ: Серія D - Група С Таблиця]
    17' Лупаренсе - Местре [ІТАЛІЯ: Серія D - Група С Таблиця]
    17' Уніон Клодьєнсе - Комітел Вігазіо [ІТАЛІЯ: Серія D - Група С Таблиця]
    17' Дезенцано Кальвіна - Сассо Марконі [ІТАЛІЯ: Серія D - Група D Таблиця]
    17' Крема - Санджуліано Сіті [ІТАЛІЯ: Серія D - Група D Таблиця]
    17' Лентіджоне - Туттокуойо [ІТАЛІЯ: Серія D - Група D Таблиця]
    17' Про Сесто - Пістоєзе [ІТАЛІЯ: Серія D - Група D Таблиця]
    17' Сант'Антанджело - П'яченца [ІТАЛІЯ: Серія D - Група D Таблиця]
    17' Чіттаделла Віс Модена - Rovato Vertovese [ІТАЛІЯ: Серія D - Група D Таблиця]
    17' Камайоре - Поджібонсі [ІТАЛІЯ: Серія D - Група Е Таблиця]
    17' Монтеваркі - Террануова Траяна [ІТАЛІЯ: Серія D - Група Е Таблиця]
    17' Орв'єтана - Скандіччі [ІТАЛІЯ: Серія D - Група Е Таблиця]
    17' Сан-Донато Таварнелле - Гівіборго [ІТАЛІЯ: Серія D - Група Е Таблиця]
    17' Серавецца Поцці - Сієна [ІТАЛІЯ: Серія D - Група Е Таблиця]
    17' Тау - Каннара [ІТАЛІЯ: Серія D - Група Е Таблиця]
    17' Трестіна - Фоллоніка Гаворрано [ІТАЛІЯ: Серія D - Група Е Таблиця]
    17' Фоліньйо - Прато [ІТАЛІЯ: Серія D - Група Е Таблиця]
    17' Джуліанова - Кастельфідардо [ІТАЛІЯ: Серія D - Група F Таблиця]
    17' Кальчо К'єті - Уніпомеція [ІТАЛІЯ: Серія D - Група F Таблиця]
    17' Мачератезе - Реканатезе [ІТАЛІЯ: Серія D - Група F Таблиця]
    17' Нотареско Кальчо - Остіамаре [ІТАЛІЯ: Серія D - Група F Таблиця]
    17' Сора - Сан-Марино Кальчо [ІТАЛІЯ: Серія D - Група F Таблиця]
    17' Терамо - Термолі [ІТАЛІЯ: Серія D - Група F Таблиця]
    17' Фоссомброне - Анкона [ІТАЛІЯ: Серія D - Група F Таблиця]
    17' Атл. Лоджіані - Ночеріна [ІТАЛІЯ: Серія D - Група G Таблиця]
    17' Латте Дольче - Пальмезе 1914 [ІТАЛІЯ: Серія D - Група G Таблиця]
    17' Монастір - Трастевере Кальчо [ІТАЛІЯ: Серія D - Група G Таблиця]
    17' Реал Монтеротондо - Кассіно [ІТАЛІЯ: Серія D - Група G Таблиця]
    17' Саррабус Ольястра - Будоні [ІТАЛІЯ: Серія D - Група G Таблиця]
    17' Фламінія - Альбалонга [ІТАЛІЯ: Серія D - Група G Таблиця]
    17' Помпеї - Heraclea [ІТАЛІЯ: Серія D - Група H Таблиця]
    17' АС Ачіреале - Нісса [ІТАЛІЯ: Серія D - Група І Таблиця]
    17' Джела - Реджина 1914 [ІТАЛІЯ: Серія D - Група І Таблиця]
    17' Іджеа Віртус - Вібонезе [ІТАЛІЯ: Серія D - Група І Таблиця]
    17' Мессіна - Рагуза [ІТАЛІЯ: Серія D - Група І Таблиця]
    17' Патерно - Мілаццо [ІТАЛІЯ: Серія D - Група І Таблиця]
    17' Санкатальдезе - Джельбісон [ІТАЛІЯ: Серія D - Група І Таблиця]
    17' Дріта - Ферізай [КОСОВО: Суперліга Таблиця]
    17' НС Матрікс - ДПММ [МАЛАЙЗІЯ: Суперліга Таблиця]
    56' Хемі Лейпциг - Локомотив Лейпциг [НІМЕЧЧИНА: Регіональна ліга - Північний Схід Таблиця]
    17' Ферде - Согндал 2 [НОРВЕГІЯ: Дивізіон 3 - Група 3 Таблиця]
    17' Такуарі - Ресістенсія [ПАРАГВАЙ: Другий дивізіон Таблиця]
    17' Рубін Казань 2 - Pobeda Nizhniy Novgorod [РОСІЯ: ФНЛ 2 - Дивізіон В - Група 4 Таблиця]
    17' Космос - Пеннаросса [САН-МАРИНО: Чемпіонат Таблиця]
    17' Тре Фіорі - Лібертас [САН-МАРИНО: Чемпіонат Таблиця]
    50' Алтинорду - Буджаспор 1928 [ТУРЕЧЧИНА: 2. Ліга - Біла група Таблиця]
    53' Анкарагюджю - Інеголспор [ТУРЕЧЧИНА: 2. Ліга - Біла група Таблиця]
    17' Бурса Їлдірімспор - Галата [ТУРЕЧЧИНА: 3. Ліга - Група 1 Таблиця]
    17' Едірнеспор - Інкілапспор [ТУРЕЧЧИНА: 3. Ліга - Група 1 Таблиця]
    17' Кестел Чілекспор - Інегол Кафкас [ТУРЕЧЧИНА: 3. Ліга - Група 1 Таблиця]
    17' Сілівріспор - Бурса Нілуфер [ТУРЕЧЧИНА: 3. Ліга - Група 1 Таблиця]
    17' Чанкая - Бейкоз Ісхаклі Спор [ТУРЕЧЧИНА: 3. Ліга - Група 1 Таблиця]
    17' Афьонспор - Тіре 2021 [ТУРЕЧЧИНА: 3. Ліга - Група 4 Таблиця]
    17' Баликесірспор - Ескішехірспор [ТУРЕЧЧИНА: 3. Ліга - Група 4 Таблиця]
    17' Ескішехір Анадолу - Айваликгюджю [ТУРЕЧЧИНА: 3. Ліга - Група 4 Таблиця]
    17' Ізмір Чорухлу - Ушакспор [ТУРЕЧЧИНА: 3. Ліга - Група 4 Таблиця]
    17' Каршияка - Секе 1970 [ТУРЕЧЧИНА: 3. Ліга - Група 4 Таблиця]
    17' Кутахьяспор - Борнова [ТУРЕЧЧИНА: 3. Ліга - Група 4 Таблиця]
    2' Андіжан - АГМК [УЗБЕКИСТАН: Суперліга Таблиця]
    17' Сен-Мало - Ла-Рош [ФРАНЦІЯ: Насьональ 2 - Група A Таблиця]
    17' Арсенал Тиват - Морнар Бар [ЧОРНОГОРІЯ: Перша ліга Таблиця]
    17' Єзеро - ОФК Петровац [ЧОРНОГОРІЯ: Перша ліга Таблиця]
    17' Младост ДГ - Бокель [ЧОРНОГОРІЯ: Перша ліга Таблиця]
    17' Ландскруна - Фалькенберг [ШВЕЦІЯ: Супереттан Таблиця]
  Found: 0 candidates, 0 new, 0 permanently skipped

Done: 0 analyzed, 0 actionable, 0 TG sent

🔥 RUN #795: analyzed=0, signals=0
Message sent to Telegram
⏳ Next scan in 3m...
[16:19:40] Live scan
  Запуск live-скрапера (після ранкових Telegram, якщо були).
Opening: https://m.flashscore.ua/?s=2 (minute >= 60, 0:0 only)
Provider health [https://m.flashscore.ua/?s=2]: rows=132, 0:0 total=77, candidates=0
  ⏸ 0:0 ще рано (< 60'):
    20' Ноттінгем - Астон Вілла [АНГЛІЯ: Прем'єр-ліга Таблиця]
    20' Сандерленд - Тоттенгем [АНГЛІЯ: Прем'єр-ліга Таблиця]
    20' Шербек-Евер - Стоке-Варфюзе [БЕЛЬГІЯ: Національний дивізіон 1 - АКФФ - Група вибування Таблиця]
    20' Туреччина U19 W - Албанія U19 W [ЄВРОПА: Євро U19 (Жінки) - Кваліфікація - Раунд 2 - Ліга B Таблиця]
    45' Аталанта U23 - Монополі [ІТАЛІЯ: Серія С - Група С Таблиця]
    20' Асті - Салуццо [ІТАЛІЯ: Серія D - Група А Таблиця]
    20' Кайрезе - Клуб Мілано [ІТАЛІЯ: Серія D - Група А Таблиця]
    20' Кізола - Лігорна [ІТАЛІЯ: Серія D - Група А Таблиця]
    20' Лаваньєзе - Вадо [ІТАЛІЯ: Серія D - Група А Таблиця]
    20' Санремезе - Дертона [ІТАЛІЯ: Серія D - Група А Таблиця]
    20' Варезіна - К'єво [ІТАЛІЯ: Серія D - Група В Таблиця]
    20' Кастелланцезе - Леон [ІТАЛІЯ: Серія D - Група В Таблиця]
    20' Павія - Сканцорошіате [ІТАЛІЯ: Серія D - Група В Таблиця]
    20' Сондріо - Кальдьєро Терме [ІТАЛІЯ: Серія D - Група В Таблиця]
    20' Камподарсего - Бассано [ІТАЛІЯ: Серія D - Група С Таблиця]
    20' Леньяно Салюс - Есте [ІТАЛІЯ: Серія D - Група С Таблиця]
    20' Лупаренсе - Местре [ІТАЛІЯ: Серія D - Група С Таблиця]
    20' Уніон Клодьєнсе - Комітел Вігазіо [ІТАЛІЯ: Серія D - Група С Таблиця]
    20' Дезенцано Кальвіна - Сассо Марконі [ІТАЛІЯ: Серія D - Група D Таблиця]
    20' Крема - Санджуліано Сіті [ІТАЛІЯ: Серія D - Група D Таблиця]
    20' Лентіджоне - Туттокуойо [ІТАЛІЯ: Серія D - Група D Таблиця]
    20' Про Сесто - Пістоєзе [ІТАЛІЯ: Серія D - Група D Таблиця]
    20' Сант'Антанджело - П'яченца [ІТАЛІЯ: Серія D - Група D Таблиця]
    20' Чіттаделла Віс Модена - Rovato Vertovese [ІТАЛІЯ: Серія D - Група D Таблиця]
    20' Камайоре - Поджібонсі [ІТАЛІЯ: Серія D - Група Е Таблиця]
    20' Монтеваркі - Террануова Траяна [ІТАЛІЯ: Серія D - Група Е Таблиця]
    20' Орв'єтана - Скандіччі [ІТАЛІЯ: Серія D - Група Е Таблиця]
    20' Сан-Донато Таварнелле - Гівіборго [ІТАЛІЯ: Серія D - Група Е Таблиця]
    20' Серавецца Поцці - Сієна [ІТАЛІЯ: Серія D - Група Е Таблиця]
    20' Тау - Каннара [ІТАЛІЯ: Серія D - Група Е Таблиця]
    20' Трестіна - Фоллоніка Гаворрано [ІТАЛІЯ: Серія D - Група Е Таблиця]
    20' Фоліньйо - Прато [ІТАЛІЯ: Серія D - Група Е Таблиця]
    20' Джуліанова - Кастельфідардо [ІТАЛІЯ: Серія D - Група F Таблиця]
    20' Кальчо К'єті - Уніпомеція [ІТАЛІЯ: Серія D - Група F Таблиця]
    20' Мачератезе - Реканатезе [ІТАЛІЯ: Серія D - Група F Таблиця]
    20' Нотареско Кальчо - Остіамаре [ІТАЛІЯ: Серія D - Група F Таблиця]
    20' Сора - Сан-Марино Кальчо [ІТАЛІЯ: Серія D - Група F Таблиця]
    20' Терамо - Термолі [ІТАЛІЯ: Серія D - Група F Таблиця]
    20' Фоссомброне - Анкона [ІТАЛІЯ: Серія D - Група F Таблиця]
    20' Атл. Лоджіані - Ночеріна [ІТАЛІЯ: Серія D - Група G Таблиця]
    20' Латте Дольче - Пальмезе 1914 [ІТАЛІЯ: Серія D - Група G Таблиця]
    20' Монастір - Трастевере Кальчо [ІТАЛІЯ: Серія D - Група G Таблиця]
    20' Реал Монтеротондо - Кассіно [ІТАЛІЯ: Серія D - Група G Таблиця]
    20' Саррабус Ольястра - Будоні [ІТАЛІЯ: Серія D - Група G Таблиця]
    20' Фламінія - Альбалонга [ІТАЛІЯ: Серія D - Група G Таблиця]
    20' Помпеї - Heraclea [ІТАЛІЯ: Серія D - Група H Таблиця]
    20' АС Ачіреале - Нісса [ІТАЛІЯ: Серія D - Група І Таблиця]
    20' Джела - Реджина 1914 [ІТАЛІЯ: Серія D - Група І Таблиця]
    20' Іджеа Віртус - Вібонезе [ІТАЛІЯ: Серія D - Група І Таблиця]
    20' Мессіна - Рагуза [ІТАЛІЯ: Серія D - Група І Таблиця]
    20' Патерно - Мілаццо [ІТАЛІЯ: Серія D - Група І Таблиця]
    20' Санкатальдезе - Джельбісон [ІТАЛІЯ: Серія D - Група І Таблиця]
    20' НС Матрікс - ДПММ [МАЛАЙЗІЯ: Суперліга Таблиця]
    20' Ферде - Согндал 2 [НОРВЕГІЯ: Дивізіон 3 - Група 3 Таблиця]
    20' Такуарі - Ресістенсія [ПАРАГВАЙ: Другий дивізіон Таблиця]
    20' Рубін Казань 2 - Pobeda Nizhniy Novgorod [РОСІЯ: ФНЛ 2 - Дивізіон В - Група 4 Таблиця]
    20' Космос - Пеннаросса [САН-МАРИНО: Чемпіонат Таблиця]
    20' Тре Фіорі - Лібертас [САН-МАРИНО: Чемпіонат Таблиця]
    53' Алтинорду - Буджаспор 1928 [ТУРЕЧЧИНА: 2. Ліга - Біла група Таблиця]
    56' Анкарагюджю - Інеголспор [ТУРЕЧЧИНА: 2. Ліга - Біла група Таблиця]
    20' Бурса Їлдірімспор - Галата [ТУРЕЧЧИНА: 3. Ліга - Група 1 Таблиця]
    20' Едірнеспор - Інкілапспор [ТУРЕЧЧИНА: 3. Ліга - Група 1 Таблиця]
    20' Кестел Чілекспор - Інегол Кафкас [ТУРЕЧЧИНА: 3. Ліга - Група 1 Таблиця]
    20' Сілівріспор - Бурса Нілуфер [ТУРЕЧЧИНА: 3. Ліга - Група 1 Таблиця]
    20' Чанкая - Бейкоз Ісхаклі Спор [ТУРЕЧЧИНА: 3. Ліга - Група 1 Таблиця]
    20' Баликесірспор - Ескішехірспор [ТУРЕЧЧИНА: 3. Ліга - Група 4 Таблиця]
    20' Ескішехір Анадолу - Айваликгюджю [ТУРЕЧЧИНА: 3. Ліга - Група 4 Таблиця]
    20' Ізмір Чорухлу - Ушакспор [ТУРЕЧЧИНА: 3. Ліга - Група 4 Таблиця]
    20' Каршияка - Секе 1970 [ТУРЕЧЧИНА: 3. Ліга - Група 4 Таблиця]
    20' Кутахьяспор - Борнова [ТУРЕЧЧИНА: 3. Ліга - Група 4 Таблиця]
    5' Андіжан - АГМК [УЗБЕКИСТАН: Суперліга Таблиця]
    20' Сен-Мало - Ла-Рош [ФРАНЦІЯ: Насьональ 2 - Група A Таблиця]
    20' Арсенал Тиват - Морнар Бар [ЧОРНОГОРІЯ: Перша ліга Таблиця]
    20' Єзеро - ОФК Петровац [ЧОРНОГОРІЯ: Перша ліга Таблиця]
    20' Младост ДГ - Бокель [ЧОРНОГОРІЯ: Перша ліга Таблиця]
    20' Ландскруна - Фалькенберг [ШВЕЦІЯ: Супереттан Таблиця]
  Found: 0 candidates, 0 new, 0 permanently skipped

Done: 0 analyzed, 0 actionable, 0 TG sent

🔥 RUN #796: analyzed=0, signals=0
⏳ Next scan in 3m...
[16:22:44] Live scan
  Запуск live-скрапера (після ранкових Telegram, якщо були).
Opening: https://m.flashscore.ua/?s=2 (minute >= 60, 0:0 only)
Provider health [https://m.flashscore.ua/?s=2]: rows=131, 0:0 total=75, candidates=0
  ⏸ 0:0 ще рано (< 60'):
    23' Ноттінгем - Астон Вілла [АНГЛІЯ: Прем'єр-ліга Таблиця]
    23' Сандерленд - Тоттенгем [АНГЛІЯ: Прем'єр-ліга Таблиця]
    23' Шербек-Евер - Стоке-Варфюзе [БЕЛЬГІЯ: Національний дивізіон 1 - АКФФ - Група вибування Таблиця]
    23' Туреччина U19 W - Албанія U19 W [ЄВРОПА: Євро U19 (Жінки) - Кваліфікація - Раунд 2 - Ліга B Таблиця]
    45' Аталанта U23 - Монополі [ІТАЛІЯ: Серія С - Група С Таблиця]
    45' Латіна - Казарано [ІТАЛІЯ: Серія С - Група С Таблиця]
    23' Асті - Салуццо [ІТАЛІЯ: Серія D - Група А Таблиця]
    23' Кайрезе - Клуб Мілано [ІТАЛІЯ: Серія D - Група А Таблиця]
    23' Кізола - Лігорна [ІТАЛІЯ: Серія D - Група А Таблиця]
    23' Лаваньєзе - Вадо [ІТАЛІЯ: Серія D - Група А Таблиця]
    23' Санремезе - Дертона [ІТАЛІЯ: Серія D - Група А Таблиця]
    23' Варезіна - К'єво [ІТАЛІЯ: Серія D - Група В Таблиця]
    23' Кастелланцезе - Леон [ІТАЛІЯ: Серія D - Група В Таблиця]
    23' Павія - Сканцорошіате [ІТАЛІЯ: Серія D - Група В Таблиця]
    23' Реал Калепіна - Брену [ІТАЛІЯ: Серія D - Група В Таблиця]
    23' Сондріо - Кальдьєро Терме [ІТАЛІЯ: Серія D - Група В Таблиця]
    23' Камподарсего - Бассано [ІТАЛІЯ: Серія D - Група С Таблиця]
    23' Леньяно Салюс - Есте [ІТАЛІЯ: Серія D - Група С Таблиця]
    23' Лупаренсе - Местре [ІТАЛІЯ: Серія D - Група С Таблиця]
    23' Уніон Клодьєнсе - Комітел Вігазіо [ІТАЛІЯ: Серія D - Група С Таблиця]
    23' Дезенцано Кальвіна - Сассо Марконі [ІТАЛІЯ: Серія D - Група D Таблиця]
    23' Крема - Санджуліано Сіті [ІТАЛІЯ: Серія D - Група D Таблиця]
    23' Лентіджоне - Туттокуойо [ІТАЛІЯ: Серія D - Група D Таблиця]
    23' Про Сесто - Пістоєзе [ІТАЛІЯ: Серія D - Група D Таблиця]
    23' Сант'Антанджело - П'яченца [ІТАЛІЯ: Серія D - Група D Таблиця]
    23' Чіттаделла Віс Модена - Rovato Vertovese [ІТАЛІЯ: Серія D - Група D Таблиця]
    23' Камайоре - Поджібонсі [ІТАЛІЯ: Серія D - Група Е Таблиця]
    23' Монтеваркі - Террануова Траяна [ІТАЛІЯ: Серія D - Група Е Таблиця]
    23' Орв'єтана - Скандіччі [ІТАЛІЯ: Серія D - Група Е Таблиця]
    23' Сан-Донато Таварнелле - Гівіборго [ІТАЛІЯ: Серія D - Група Е Таблиця]
    23' Серавецца Поцці - Сієна [ІТАЛІЯ: Серія D - Група Е Таблиця]
    23' Тау - Каннара [ІТАЛІЯ: Серія D - Група Е Таблиця]
    23' Трестіна - Фоллоніка Гаворрано [ІТАЛІЯ: Серія D - Група Е Таблиця]
    23' Фоліньйо - Прато [ІТАЛІЯ: Серія D - Група Е Таблиця]
    23' Джуліанова - Кастельфідардо [ІТАЛІЯ: Серія D - Група F Таблиця]
    23' Кальчо К'єті - Уніпомеція [ІТАЛІЯ: Серія D - Група F Таблиця]
    23' Мачератезе - Реканатезе [ІТАЛІЯ: Серія D - Група F Таблиця]
    23' Нотареско Кальчо - Остіамаре [ІТАЛІЯ: Серія D - Група F Таблиця]
    23' Сора - Сан-Марино Кальчо [ІТАЛІЯ: Серія D - Група F Таблиця]
    23' Терамо - Термолі [ІТАЛІЯ: Серія D - Група F Таблиця]
    23' Фоссомброне - Анкона [ІТАЛІЯ: Серія D - Група F Таблиця]
    23' Атл. Лоджіані - Ночеріна [ІТАЛІЯ: Серія D - Група G Таблиця]
    23' Латте Дольче - Пальмезе 1914 [ІТАЛІЯ: Серія D - Група G Таблиця]
    23' Реал Монтеротондо - Кассіно [ІТАЛІЯ: Серія D - Група G Таблиця]
    23' Саррабус Ольястра - Будоні [ІТАЛІЯ: Серія D - Група G Таблиця]
    23' Фламінія - Альбалонга [ІТАЛІЯ: Серія D - Група G Таблиця]
    23' Помпеї - Heraclea [ІТАЛІЯ: Серія D - Група H Таблиця]
    23' АС Ачіреале - Нісса [ІТАЛІЯ: Серія D - Група І Таблиця]
    23' Джела - Реджина 1914 [ІТАЛІЯ: Серія D - Група І Таблиця]
    23' Іджеа Віртус - Вібонезе [ІТАЛІЯ: Серія D - Група І Таблиця]
    23' Мессіна - Рагуза [ІТАЛІЯ: Серія D - Група І Таблиця]
    23' Патерно - Мілаццо [ІТАЛІЯ: Серія D - Група І Таблиця]
    23' Санкатальдезе - Джельбісон [ІТАЛІЯ: Серія D - Група І Таблиця]
    23' НС Матрікс - ДПММ [МАЛАЙЗІЯ: Суперліга Таблиця]
    23' Ферде - Согндал 2 [НОРВЕГІЯ: Дивізіон 3 - Група 3 Таблиця]
    23' Такуарі - Ресістенсія [ПАРАГВАЙ: Другий дивізіон Таблиця]
    23' Рубін Казань 2 - Pobeda Nizhniy Novgorod [РОСІЯ: ФНЛ 2 - Дивізіон В - Група 4 Таблиця]
    23' Космос - Пеннаросса [САН-МАРИНО: Чемпіонат Таблиця]
    56' Алтинорду - Буджаспор 1928 [ТУРЕЧЧИНА: 2. Ліга - Біла група Таблиця]
    59' Анкарагюджю - Інеголспор [ТУРЕЧЧИНА: 2. Ліга - Біла група Таблиця]
    23' Бурса Їлдірімспор - Галата [ТУРЕЧЧИНА: 3. Ліга - Група 1 Таблиця]
    23' Едірнеспор - Інкілапспор [ТУРЕЧЧИНА: 3. Ліга - Група 1 Таблиця]
    23' Кестел Чілекспор - Інегол Кафкас [ТУРЕЧЧИНА: 3. Ліга - Група 1 Таблиця]
    23' Сілівріспор - Бурса Нілуфер [ТУРЕЧЧИНА: 3. Ліга - Група 1 Таблиця]
    23' Чанкая - Бейкоз Ісхаклі Спор [ТУРЕЧЧИНА: 3. Ліга - Група 1 Таблиця]
    23' Баликесірспор - Ескішехірспор [ТУРЕЧЧИНА: 3. Ліга - Група 4 Таблиця]
    23' Ескішехір Анадолу - Айваликгюджю [ТУРЕЧЧИНА: 3. Ліга - Група 4 Таблиця]
    23' Ізмір Чорухлу - Ушакспор [ТУРЕЧЧИНА: 3. Ліга - Група 4 Таблиця]
    23' Кутахьяспор - Борнова [ТУРЕЧЧИНА: 3. Ліга - Група 4 Таблиця]
    8' Андіжан - АГМК [УЗБЕКИСТАН: Суперліга Таблиця]
    23' Сен-Мало - Ла-Рош [ФРАНЦІЯ: Насьональ 2 - Група A Таблиця]
    23' Арсенал Тиват - Морнар Бар [ЧОРНОГОРІЯ: Перша ліга Таблиця]
    23' Єзеро - ОФК Петровац [ЧОРНОГОРІЯ: Перша ліга Таблиця]
    23' Младост ДГ - Бокель [ЧОРНОГОРІЯ: Перша ліга Таблиця]
    23' Ландскруна - Фалькенберг [ШВЕЦІЯ: Супереттан Таблиця]
  Found: 0 candidates, 0 new, 0 permanently skipped

Done: 0 analyzed, 0 actionable, 0 TG sent

🔥 RUN #797: analyzed=0, signals=0
⏳ Next scan in 3m...
[16:25:48] Live scan
  Запуск live-скрапера (після ранкових Telegram, якщо були).
Opening: https://m.flashscore.ua/?s=2 (minute >= 60, 0:0 only)
Provider health [https://m.flashscore.ua/?s=2]: rows=128, 0:0 total=70, candidates=1
  ⏸ 0:0 ще рано (< 60'):
    26' Сандерленд - Тоттенгем [АНГЛІЯ: Прем'єр-ліга Таблиця]
    26' Шербек-Евер - Стоке-Варфюзе [БЕЛЬГІЯ: Національний дивізіон 1 - АКФФ - Група вибування Таблиця]
    26' Туреччина U19 W - Албанія U19 W [ЄВРОПА: Євро U19 (Жінки) - Кваліфікація - Раунд 2 - Ліга B Таблиця]
    45' Аталанта U23 - Монополі [ІТАЛІЯ: Серія С - Група С Таблиця]
    45' Латіна - Казарано [ІТАЛІЯ: Серія С - Група С Таблиця]
    26' Асті - Салуццо [ІТАЛІЯ: Серія D - Група А Таблиця]
    26' Кайрезе - Клуб Мілано [ІТАЛІЯ: Серія D - Група А Таблиця]
    26' Кізола - Лігорна [ІТАЛІЯ: Серія D - Група А Таблиця]
    26' Лаваньєзе - Вадо [ІТАЛІЯ: Серія D - Група А Таблиця]
    26' Санремезе - Дертона [ІТАЛІЯ: Серія D - Група А Таблиця]
    26' Варезіна - К'єво [ІТАЛІЯ: Серія D - Група В Таблиця]
    26' Кастелланцезе - Леон [ІТАЛІЯ: Серія D - Група В Таблиця]
    26' Реал Калепіна - Брену [ІТАЛІЯ: Серія D - Група В Таблиця]
    26' Сондріо - Кальдьєро Терме [ІТАЛІЯ: Серія D - Група В Таблиця]
    26' Камподарсего - Бассано [ІТАЛІЯ: Серія D - Група С Таблиця]
    26' Леньяно Салюс - Есте [ІТАЛІЯ: Серія D - Група С Таблиця]
    26' Лупаренсе - Местре [ІТАЛІЯ: Серія D - Група С Таблиця]
    26' Уніон Клодьєнсе - Комітел Вігазіо [ІТАЛІЯ: Серія D - Група С Таблиця]
    26' Дезенцано Кальвіна - Сассо Марконі [ІТАЛІЯ: Серія D - Група D Таблиця]
    26' Крема - Санджуліано Сіті [ІТАЛІЯ: Серія D - Група D Таблиця]
    26' Лентіджоне - Туттокуойо [ІТАЛІЯ: Серія D - Група D Таблиця]
    26' Про Сесто - Пістоєзе [ІТАЛІЯ: Серія D - Група D Таблиця]
    26' Сант'Антанджело - П'яченца [ІТАЛІЯ: Серія D - Група D Таблиця]
    26' Чіттаделла Віс Модена - Rovato Vertovese [ІТАЛІЯ: Серія D - Група D Таблиця]
    26' Камайоре - Поджібонсі [ІТАЛІЯ: Серія D - Група Е Таблиця]
    26' Монтеваркі - Террануова Траяна [ІТАЛІЯ: Серія D - Група Е Таблиця]
    26' Орв'єтана - Скандіччі [ІТАЛІЯ: Серія D - Група Е Таблиця]
    26' Сан-Донато Таварнелле - Гівіборго [ІТАЛІЯ: Серія D - Група Е Таблиця]
    26' Серавецца Поцці - Сієна [ІТАЛІЯ: Серія D - Група Е Таблиця]
    26' Тау - Каннара [ІТАЛІЯ: Серія D - Група Е Таблиця]
    26' Трестіна - Фоллоніка Гаворрано [ІТАЛІЯ: Серія D - Група Е Таблиця]
    26' Фоліньйо - Прато [ІТАЛІЯ: Серія D - Група Е Таблиця]
    26' Джуліанова - Кастельфідардо [ІТАЛІЯ: Серія D - Група F Таблиця]
    26' Кальчо К'єті - Уніпомеція [ІТАЛІЯ: Серія D - Група F Таблиця]
    26' Мачератезе - Реканатезе [ІТАЛІЯ: Серія D - Група F Таблиця]
    26' Нотареско Кальчо - Остіамаре [ІТАЛІЯ: Серія D - Група F Таблиця]
    26' Сора - Сан-Марино Кальчо [ІТАЛІЯ: Серія D - Група F Таблиця]
    26' Терамо - Термолі [ІТАЛІЯ: Серія D - Група F Таблиця]
    26' Фоссомброне - Анкона [ІТАЛІЯ: Серія D - Група F Таблиця]
    26' Атл. Лоджіані - Ночеріна [ІТАЛІЯ: Серія D - Група G Таблиця]
    26' Латте Дольче - Пальмезе 1914 [ІТАЛІЯ: Серія D - Група G Таблиця]
    26' Реал Монтеротондо - Кассіно [ІТАЛІЯ: Серія D - Група G Таблиця]
    26' Саррабус Ольястра - Будоні [ІТАЛІЯ: Серія D - Група G Таблиця]
    26' Фламінія - Альбалонга [ІТАЛІЯ: Серія D - Група G Таблиця]
    26' АС Ачіреале - Нісса [ІТАЛІЯ: Серія D - Група І Таблиця]
    26' Джела - Реджина 1914 [ІТАЛІЯ: Серія D - Група І Таблиця]
    26' Іджеа Віртус - Вібонезе [ІТАЛІЯ: Серія D - Група І Таблиця]
    26' Мессіна - Рагуза [ІТАЛІЯ: Серія D - Група І Таблиця]
    26' Патерно - Мілаццо [ІТАЛІЯ: Серія D - Група І Таблиця]
    26' Санкатальдезе - Джельбісон [ІТАЛІЯ: Серія D - Група І Таблиця]
    26' Ферде - Согндал 2 [НОРВЕГІЯ: Дивізіон 3 - Група 3 Таблиця]
    26' Такуарі - Ресістенсія [ПАРАГВАЙ: Другий дивізіон Таблиця]
    26' Рубін Казань 2 - Pobeda Nizhniy Novgorod [РОСІЯ: ФНЛ 2 - Дивізіон В - Група 4 Таблиця]
    26' Космос - Пеннаросса [САН-МАРИНО: Чемпіонат Таблиця]
    59' Алтинорду - Буджаспор 1928 [ТУРЕЧЧИНА: 2. Ліга - Біла група Таблиця]
    26' Бурса Їлдірімспор - Галата [ТУРЕЧЧИНА: 3. Ліга - Група 1 Таблиця]
    26' Едірнеспор - Інкілапспор [ТУРЕЧЧИНА: 3. Ліга - Група 1 Таблиця]
    26' Кестел Чілекспор - Інегол Кафкас [ТУРЕЧЧИНА: 3. Ліга - Група 1 Таблиця]
    26' Сілівріспор - Бурса Нілуфер [ТУРЕЧЧИНА: 3. Ліга - Група 1 Таблиця]
    26' Чанкая - Бейкоз Ісхаклі Спор [ТУРЕЧЧИНА: 3. Ліга - Група 1 Таблиця]
    26' Баликесірспор - Ескішехірспор [ТУРЕЧЧИНА: 3. Ліга - Група 4 Таблиця]
    26' Ескішехір Анадолу - Айваликгюджю [ТУРЕЧЧИНА: 3. Ліга - Група 4 Таблиця]
    26' Ізмір Чорухлу - Ушакспор [ТУРЕЧЧИНА: 3. Ліга - Група 4 Таблиця]
    26' Кутахьяспор - Борнова [ТУРЕЧЧИНА: 3. Ліга - Група 4 Таблиця]
    11' Андіжан - АГМК [УЗБЕКИСТАН: Суперліга Таблиця]
    26' Сен-Мало - Ла-Рош [ФРАНЦІЯ: Насьональ 2 - Група A Таблиця]
    26' Арсенал Тиват - Морнар Бар [ЧОРНОГОРІЯ: Перша ліга Таблиця]
    26' Єзеро - ОФК Петровац [ЧОРНОГОРІЯ: Перша ліга Таблиця]
    26' Младост ДГ - Бокель [ЧОРНОГОРІЯ: Перша ліга Таблиця]
  ✔ 62' Анкарагюджю - Інеголспор [ТУРЕЧЧИНА: 2. Ліга - Біла група Таблиця] id=UTTBlRzi
  Found: 1 candidates, 1 new, 0 permanently skipped

→ Анкарагюджю - Інеголспор (62') [ТУРЕЧЧИНА: 2. Ліга - Біла група Таблиця]
  Кф 1X2: 1.93 / 3.55 / 3.55
  Desktop: https://www.flashscore.ua/match/soccer/ankaragucu-OWyZjzgj/inegolspor-8pFgGSxO/?mid=UTTBlRzi
  [stats] UTTBlRzi overall: no data-testid (old=0, any=0, body=148352)
  [stats] UTTBlRzi secondHalf: no data-testid (old=0, any=0, body=148352)
  [stats] UTTBlRzi → unavailable, 0 metrics
  Features: quality=0, primary=0, status=unavailable
  ✗ No stats at all → permanent skip

Done: 0 analyzed, 0 actionable, 0 TG sent

🔥 RUN #798: analyzed=0, signals=0
⏳ Next scan in 3m...
[16:29:29] Live scan
  Запуск live-скрапера (після ранкових Telegram, якщо були).
Opening: https://m.flashscore.ua/?s=2 (minute >= 60, 0:0 only)
Provider health [https://m.flashscore.ua/?s=2]: rows=127, 0:0 total=67, candidates=2
  ⏸ 0:0 ще рано (< 60'):
    30' Сандерленд - Тоттенгем [АНГЛІЯ: Прем'єр-ліга Таблиця]
    30' Шербек-Евер - Стоке-Варфюзе [БЕЛЬГІЯ: Національний дивізіон 1 - АКФФ - Група вибування Таблиця]
    30' Туреччина U19 W - Албанія U19 W [ЄВРОПА: Євро U19 (Жінки) - Кваліфікація - Раунд 2 - Ліга B Таблиця]
    45' Аталанта U23 - Монополі [ІТАЛІЯ: Серія С - Група С Таблиця]
    45' Латіна - Казарано [ІТАЛІЯ: Серія С - Група С Таблиця]
    30' Асті - Салуццо [ІТАЛІЯ: Серія D - Група А Таблиця]
    30' Кайрезе - Клуб Мілано [ІТАЛІЯ: Серія D - Група А Таблиця]
    30' Кізола - Лігорна [ІТАЛІЯ: Серія D - Група А Таблиця]
    30' Лаваньєзе - Вадо [ІТАЛІЯ: Серія D - Група А Таблиця]
    30' Санремезе - Дертона [ІТАЛІЯ: Серія D - Група А Таблиця]
    30' Варезіна - К'єво [ІТАЛІЯ: Серія D - Група В Таблиця]
    30' Реал Калепіна - Брену [ІТАЛІЯ: Серія D - Група В Таблиця]
    30' Сондріо - Кальдьєро Терме [ІТАЛІЯ: Серія D - Група В Таблиця]
    30' Камподарсего - Бассано [ІТАЛІЯ: Серія D - Група С Таблиця]
    30' Лупаренсе - Местре [ІТАЛІЯ: Серія D - Група С Таблиця]
    30' Уніон Клодьєнсе - Комітел Вігазіо [ІТАЛІЯ: Серія D - Група С Таблиця]
    30' Дезенцано Кальвіна - Сассо Марконі [ІТАЛІЯ: Серія D - Група D Таблиця]
    30' Крема - Санджуліано Сіті [ІТАЛІЯ: Серія D - Група D Таблиця]
    30' Лентіджоне - Туттокуойо [ІТАЛІЯ: Серія D - Група D Таблиця]
    30' Про Сесто - Пістоєзе [ІТАЛІЯ: Серія D - Група D Таблиця]
    30' Сант'Антанджело - П'яченца [ІТАЛІЯ: Серія D - Група D Таблиця]
    30' Чіттаделла Віс Модена - Rovato Vertovese [ІТАЛІЯ: Серія D - Група D Таблиця]
    30' Камайоре - Поджібонсі [ІТАЛІЯ: Серія D - Група Е Таблиця]
    30' Монтеваркі - Террануова Траяна [ІТАЛІЯ: Серія D - Група Е Таблиця]
    30' Орв'єтана - Скандіччі [ІТАЛІЯ: Серія D - Група Е Таблиця]
    30' Сан-Донато Таварнелле - Гівіборго [ІТАЛІЯ: Серія D - Група Е Таблиця]
    30' Тау - Каннара [ІТАЛІЯ: Серія D - Група Е Таблиця]
    30' Трестіна - Фоллоніка Гаворрано [ІТАЛІЯ: Серія D - Група Е Таблиця]
    30' Фоліньйо - Прато [ІТАЛІЯ: Серія D - Група Е Таблиця]
    30' Джуліанова - Кастельфідардо [ІТАЛІЯ: Серія D - Група F Таблиця]
    30' Кальчо К'єті - Уніпомеція [ІТАЛІЯ: Серія D - Група F Таблиця]
    30' Мачератезе - Реканатезе [ІТАЛІЯ: Серія D - Група F Таблиця]
    30' Нотареско Кальчо - Остіамаре [ІТАЛІЯ: Серія D - Група F Таблиця]
    30' Сора - Сан-Марино Кальчо [ІТАЛІЯ: Серія D - Група F Таблиця]
    30' Терамо - Термолі [ІТАЛІЯ: Серія D - Група F Таблиця]
    30' Фоссомброне - Анкона [ІТАЛІЯ: Серія D - Група F Таблиця]
    30' Атл. Лоджіані - Ночеріна [ІТАЛІЯ: Серія D - Група G Таблиця]
    30' Латте Дольче - Пальмезе 1914 [ІТАЛІЯ: Серія D - Група G Таблиця]
    30' Реал Монтеротондо - Кассіно [ІТАЛІЯ: Серія D - Група G Таблиця]
    30' Саррабус Ольястра - Будоні [ІТАЛІЯ: Серія D - Група G Таблиця]
    30' Фламінія - Альбалонга [ІТАЛІЯ: Серія D - Група G Таблиця]
    30' АС Ачіреале - Нісса [ІТАЛІЯ: Серія D - Група І Таблиця]
    30' Джела - Реджина 1914 [ІТАЛІЯ: Серія D - Група І Таблиця]
    30' Іджеа Віртус - Вібонезе [ІТАЛІЯ: Серія D - Група І Таблиця]
    30' Мессіна - Рагуза [ІТАЛІЯ: Серія D - Група І Таблиця]
    30' Патерно - Мілаццо [ІТАЛІЯ: Серія D - Група І Таблиця]
    30' Санкатальдезе - Джельбісон [ІТАЛІЯ: Серія D - Група І Таблиця]
    30' Ферде - Согндал 2 [НОРВЕГІЯ: Дивізіон 3 - Група 3 Таблиця]
    30' Такуарі - Ресістенсія [ПАРАГВАЙ: Другий дивізіон Таблиця]
    30' Рубін Казань 2 - Pobeda Nizhniy Novgorod [РОСІЯ: ФНЛ 2 - Дивізіон В - Група 4 Таблиця]
    30' Космос - Пеннаросса [САН-МАРИНО: Чемпіонат Таблиця]
    30' Бурса Їлдірімспор - Галата [ТУРЕЧЧИНА: 3. Ліга - Група 1 Таблиця]
    30' Едірнеспор - Інкілапспор [ТУРЕЧЧИНА: 3. Ліга - Група 1 Таблиця]
    30' Кестел Чілекспор - Інегол Кафкас [ТУРЕЧЧИНА: 3. Ліга - Група 1 Таблиця]
    30' Сілівріспор - Бурса Нілуфер [ТУРЕЧЧИНА: 3. Ліга - Група 1 Таблиця]
    30' Чанкая - Бейкоз Ісхаклі Спор [ТУРЕЧЧИНА: 3. Ліга - Група 1 Таблиця]
    30' Баликесірспор - Ескішехірспор [ТУРЕЧЧИНА: 3. Ліга - Група 4 Таблиця]
    30' Ескішехір Анадолу - Айваликгюджю [ТУРЕЧЧИНА: 3. Ліга - Група 4 Таблиця]
    30' Ізмір Чорухлу - Ушакспор [ТУРЕЧЧИНА: 3. Ліга - Група 4 Таблиця]
    30' Кутахьяспор - Борнова [ТУРЕЧЧИНА: 3. Ліга - Група 4 Таблиця]
    15' Андіжан - АГМК [УЗБЕКИСТАН: Суперліга Таблиця]
    30' Сен-Мало - Ла-Рош [ФРАНЦІЯ: Насьональ 2 - Група A Таблиця]
    30' Арсенал Тиват - Морнар Бар [ЧОРНОГОРІЯ: Перша ліга Таблиця]
    30' Єзеро - ОФК Петровац [ЧОРНОГОРІЯ: Перша ліга Таблиця]
    30' Младост ДГ - Бокель [ЧОРНОГОРІЯ: Перша ліга Таблиця]
  ✔ 62' Алтинорду - Буджаспор 1928 [ТУРЕЧЧИНА: 2. Ліга - Біла група Таблиця] id=GrBgYQ77
  ✔ 66' Анкарагюджю - Інеголспор [ТУРЕЧЧИНА: 2. Ліга - Біла група Таблиця] id=UTTBlRzi
  Found: 2 candidates, 1 new, 1 permanently skipped

→ Алтинорду - Буджаспор 1928 (62') [ТУРЕЧЧИНА: 2. Ліга - Біла група Таблиця]
  Кф 1X2: 1.32 / 4.65 / 7.7
  Desktop: https://www.flashscore.ua/match/soccer/altinordu-rmSFNqqq/bucaspor-1928-bmHv5CjF/?mid=GrBgYQ77
  [stats] GrBgYQ77 overall: no data-testid (old=0, any=0, body=148357)
  [stats] GrBgYQ77 secondHalf: no data-testid (old=0, any=0, body=148357)
  [stats] GrBgYQ77 → unavailable, 0 metrics
  Features: quality=0, primary=0, status=unavailable
  ✗ No stats at all → permanent skip

Done: 0 analyzed, 0 actionable, 0 TG sent

🔥 RUN #799: analyzed=0, signals=0
⏳ Next scan in 3m...
[16:33:08] Live scan
  Запуск live-скрапера (після ранкових Telegram, якщо були).
Opening: https://m.flashscore.ua/?s=2 (minute >= 60, 0:0 only)
Provider health [https://m.flashscore.ua/?s=2]: rows=131, 0:0 total=63, candidates=1
  ⏸ 0:0 ще рано (< 60'):
    33' Сандерленд - Тоттенгем [АНГЛІЯ: Прем'єр-ліга Таблиця]
    33' Шербек-Евер - Стоке-Варфюзе [БЕЛЬГІЯ: Національний дивізіон 1 - АКФФ - Група вибування Таблиця]
    33' Туреччина U19 W - Албанія U19 W [ЄВРОПА: Євро U19 (Жінки) - Кваліфікація - Раунд 2 - Ліга B Таблиця]
    46' Аталанта U23 - Монополі [ІТАЛІЯ: Серія С - Група С Таблиця]
    45' Латіна - Казарано [ІТАЛІЯ: Серія С - Група С Таблиця]
    33' Асті - Салуццо [ІТАЛІЯ: Серія D - Група А Таблиця]
    33' Кайрезе - Клуб Мілано [ІТАЛІЯ: Серія D - Група А Таблиця]
    33' Кізола - Лігорна [ІТАЛІЯ: Серія D - Група А Таблиця]
    33' Лаваньєзе - Вадо [ІТАЛІЯ: Серія D - Група А Таблиця]
    33' Санремезе - Дертона [ІТАЛІЯ: Серія D - Група А Таблиця]
    33' Варезіна - К'єво [ІТАЛІЯ: Серія D - Група В Таблиця]
    33' Сондріо - Кальдьєро Терме [ІТАЛІЯ: Серія D - Група В Таблиця]
    33' Камподарсего - Бассано [ІТАЛІЯ: Серія D - Група С Таблиця]
    33' Лупаренсе - Местре [ІТАЛІЯ: Серія D - Група С Таблиця]
    33' Уніон Клодьєнсе - Комітел Вігазіо [ІТАЛІЯ: Серія D - Група С Таблиця]
    33' Крема - Санджуліано Сіті [ІТАЛІЯ: Серія D - Група D Таблиця]
    33' Про Сесто - Пістоєзе [ІТАЛІЯ: Серія D - Група D Таблиця]
    33' Сант'Антанджело - П'яченца [ІТАЛІЯ: Серія D - Група D Таблиця]
    33' Чіттаделла Віс Модена - Rovato Vertovese [ІТАЛІЯ: Серія D - Група D Таблиця]
    33' Камайоре - Поджібонсі [ІТАЛІЯ: Серія D - Група Е Таблиця]
    33' Орв'єтана - Скандіччі [ІТАЛІЯ: Серія D - Група Е Таблиця]
    33' Сан-Донато Таварнелле - Гівіборго [ІТАЛІЯ: Серія D - Група Е Таблиця]
    33' Тау - Каннара [ІТАЛІЯ: Серія D - Група Е Таблиця]
    33' Трестіна - Фоллоніка Гаворрано [ІТАЛІЯ: Серія D - Група Е Таблиця]
    33' Фоліньйо - Прато [ІТАЛІЯ: Серія D - Група Е Таблиця]
    33' Джуліанова - Кастельфідардо [ІТАЛІЯ: Серія D - Група F Таблиця]
    33' Кальчо К'єті - Уніпомеція [ІТАЛІЯ: Серія D - Група F Таблиця]
    33' Мачератезе - Реканатезе [ІТАЛІЯ: Серія D - Група F Таблиця]
    33' Нотареско Кальчо - Остіамаре [ІТАЛІЯ: Серія D - Група F Таблиця]
    33' Сора - Сан-Марино Кальчо [ІТАЛІЯ: Серія D - Група F Таблиця]
    33' Терамо - Термолі [ІТАЛІЯ: Серія D - Група F Таблиця]
    33' Атл. Лоджіані - Ночеріна [ІТАЛІЯ: Серія D - Група G Таблиця]
    33' Латте Дольче - Пальмезе 1914 [ІТАЛІЯ: Серія D - Група G Таблиця]
    33' Реал Монтеротондо - Кассіно [ІТАЛІЯ: Серія D - Група G Таблиця]
    33' Саррабус Ольястра - Будоні [ІТАЛІЯ: Серія D - Група G Таблиця]
    33' Фламінія - Альбалонга [ІТАЛІЯ: Серія D - Група G Таблиця]
    3' Ferrandina - Гравіна [ІТАЛІЯ: Серія D - Група H Таблиця]
    33' АС Ачіреале - Нісса [ІТАЛІЯ: Серія D - Група І Таблиця]
    33' Джела - Реджина 1914 [ІТАЛІЯ: Серія D - Група І Таблиця]
    33' Іджеа Віртус - Вібонезе [ІТАЛІЯ: Серія D - Група І Таблиця]
    33' Мессіна - Рагуза [ІТАЛІЯ: Серія D - Група І Таблиця]
    33' Патерно - Мілаццо [ІТАЛІЯ: Серія D - Група І Таблиця]
    33' Санкатальдезе - Джельбісон [ІТАЛІЯ: Серія D - Група І Таблиця]
    33' Такуарі - Ресістенсія [ПАРАГВАЙ: Другий дивізіон Таблиця]
    3' Торпедо Москва - Арсенал Тула [РОСІЯ: ФНЛ Таблиця]
    33' Рубін Казань 2 - Pobeda Nizhniy Novgorod [РОСІЯ: ФНЛ 2 - Дивізіон В - Група 4 Таблиця]
    33' Космос - Пеннаросса [САН-МАРИНО: Чемпіонат Таблиця]
    33' Бурса Їлдірімспор - Галата [ТУРЕЧЧИНА: 3. Ліга - Група 1 Таблиця]
    33' Едірнеспор - Інкілапспор [ТУРЕЧЧИНА: 3. Ліга - Група 1 Таблиця]
    33' Кестел Чілекспор - Інегол Кафкас [ТУРЕЧЧИНА: 3. Ліга - Група 1 Таблиця]
    33' Сілівріспор - Бурса Нілуфер [ТУРЕЧЧИНА: 3. Ліга - Група 1 Таблиця]
    33' Чанкая - Бейкоз Ісхаклі Спор [ТУРЕЧЧИНА: 3. Ліга - Група 1 Таблиця]
    33' Баликесірспор - Ескішехірспор [ТУРЕЧЧИНА: 3. Ліга - Група 4 Таблиця]
    33' Ескішехір Анадолу - Айваликгюджю [ТУРЕЧЧИНА: 3. Ліга - Група 4 Таблиця]
    33' Ізмір Чорухлу - Ушакспор [ТУРЕЧЧИНА: 3. Ліга - Група 4 Таблиця]
    18' Андіжан - АГМК [УЗБЕКИСТАН: Суперліга Таблиця]
    33' Сен-Мало - Ла-Рош [ФРАНЦІЯ: Насьональ 2 - Група A Таблиця]
    3' Тепліце - Спарта Прага [ЧЕХІЯ: 1. Ліга Таблиця]
    3' ФК Пардубіце - Сігма Оломоуц [ЧЕХІЯ: 1. Ліга Таблиця]
    33' Арсенал Тиват - Морнар Бар [ЧОРНОГОРІЯ: Перша ліга Таблиця]
    33' Єзеро - ОФК Петровац [ЧОРНОГОРІЯ: Перша ліга Таблиця]
    33' Младост ДГ - Бокель [ЧОРНОГОРІЯ: Перша ліга Таблиця]
  ✔ 69' Анкарагюджю - Інеголспор [ТУРЕЧЧИНА: 2. Ліга - Біла група Таблиця] id=UTTBlRzi
  Found: 1 candidates, 0 new, 2 permanently skipped

Done: 0 analyzed, 0 actionable, 0 TG sent

🔥 RUN #800: analyzed=0, signals=0
⏳ Next scan in 3m...
[16:36:12] Live scan
  Запуск live-скрапера (після ранкових Telegram, якщо були).
Opening: https://m.flashscore.ua/?s=2 (minute >= 60, 0:0 only)
Provider health [https://m.flashscore.ua/?s=2]: rows=133, 0:0 total=63, candidates=1
  ⏸ 0:0 ще рано (< 60'):
    36' Сандерленд - Тоттенгем [АНГЛІЯ: Прем'єр-ліга Таблиця]
    36' Шербек-Евер - Стоке-Варфюзе [БЕЛЬГІЯ: Національний дивізіон 1 - АКФФ - Група вибування Таблиця]
    36' Туреччина U19 W - Албанія U19 W [ЄВРОПА: Євро U19 (Жінки) - Кваліфікація - Раунд 2 - Ліга B Таблиця]
    49' Аталанта U23 - Монополі [ІТАЛІЯ: Серія С - Група С Таблиця]
    45' Латіна - Казарано [ІТАЛІЯ: Серія С - Група С Таблиця]
    36' Асті - Салуццо [ІТАЛІЯ: Серія D - Група А Таблиця]
    36' Кайрезе - Клуб Мілано [ІТАЛІЯ: Серія D - Група А Таблиця]
    36' Кізола - Лігорна [ІТАЛІЯ: Серія D - Група А Таблиця]
    36' Лаваньєзе - Вадо [ІТАЛІЯ: Серія D - Група А Таблиця]
    36' Санремезе - Дертона [ІТАЛІЯ: Серія D - Група А Таблиця]
    36' Варезіна - К'єво [ІТАЛІЯ: Серія D - Група В Таблиця]
    36' Сондріо - Кальдьєро Терме [ІТАЛІЯ: Серія D - Група В Таблиця]
    36' Камподарсего - Бассано [ІТАЛІЯ: Серія D - Група С Таблиця]
    36' Лупаренсе - Местре [ІТАЛІЯ: Серія D - Група С Таблиця]
    36' Уніон Клодьєнсе - Комітел Вігазіо [ІТАЛІЯ: Серія D - Група С Таблиця]
    36' Крема - Санджуліано Сіті [ІТАЛІЯ: Серія D - Група D Таблиця]
    36' Про Сесто - Пістоєзе [ІТАЛІЯ: Серія D - Група D Таблиця]
    36' Сант'Антанджело - П'яченца [ІТАЛІЯ: Серія D - Група D Таблиця]
    36' Чіттаделла Віс Модена - Rovato Vertovese [ІТАЛІЯ: Серія D - Група D Таблиця]
    36' Камайоре - Поджібонсі [ІТАЛІЯ: Серія D - Група Е Таблиця]
    36' Орв'єтана - Скандіччі [ІТАЛІЯ: Серія D - Група Е Таблиця]
    36' Сан-Донато Таварнелле - Гівіборго [ІТАЛІЯ: Серія D - Група Е Таблиця]
    36' Тау - Каннара [ІТАЛІЯ: Серія D - Група Е Таблиця]
    36' Трестіна - Фоллоніка Гаворрано [ІТАЛІЯ: Серія D - Група Е Таблиця]
    36' Джуліанова - Кастельфідардо [ІТАЛІЯ: Серія D - Група F Таблиця]
    36' Кальчо К'єті - Уніпомеція [ІТАЛІЯ: Серія D - Група F Таблиця]
    36' Мачератезе - Реканатезе [ІТАЛІЯ: Серія D - Група F Таблиця]
    36' Нотареско Кальчо - Остіамаре [ІТАЛІЯ: Серія D - Група F Таблиця]
    36' Сора - Сан-Марино Кальчо [ІТАЛІЯ: Серія D - Група F Таблиця]
    36' Терамо - Термолі [ІТАЛІЯ: Серія D - Група F Таблиця]
    36' Атл. Лоджіані - Ночеріна [ІТАЛІЯ: Серія D - Група G Таблиця]
    36' Латте Дольче - Пальмезе 1914 [ІТАЛІЯ: Серія D - Група G Таблиця]
    36' Реал Монтеротондо - Кассіно [ІТАЛІЯ: Серія D - Група G Таблиця]
    36' Саррабус Ольястра - Будоні [ІТАЛІЯ: Серія D - Група G Таблиця]
    36' Фламінія - Альбалонга [ІТАЛІЯ: Серія D - Група G Таблиця]
    6' Ferrandina - Гравіна [ІТАЛІЯ: Серія D - Група H Таблиця]
    6' Сарнезе - АКД Нардо [ІТАЛІЯ: Серія D - Група H Таблиця]
    36' АС Ачіреале - Нісса [ІТАЛІЯ: Серія D - Група І Таблиця]
    36' Джела - Реджина 1914 [ІТАЛІЯ: Серія D - Група І Таблиця]
    36' Іджеа Віртус - Вібонезе [ІТАЛІЯ: Серія D - Група І Таблиця]
    36' Мессіна - Рагуза [ІТАЛІЯ: Серія D - Група І Таблиця]
    36' Патерно - Мілаццо [ІТАЛІЯ: Серія D - Група І Таблиця]
    36' Санкатальдезе - Джельбісон [ІТАЛІЯ: Серія D - Група І Таблиця]
    36' Такуарі - Ресістенсія [ПАРАГВАЙ: Другий дивізіон Таблиця]
    6' Торпедо Москва - Арсенал Тула [РОСІЯ: ФНЛ Таблиця]
    36' Рубін Казань 2 - Pobeda Nizhniy Novgorod [РОСІЯ: ФНЛ 2 - Дивізіон В - Група 4 Таблиця]
    36' Космос - Пеннаросса [САН-МАРИНО: Чемпіонат Таблиця]
    36' Бурса Їлдірімспор - Галата [ТУРЕЧЧИНА: 3. Ліга - Група 1 Таблиця]
    36' Едірнеспор - Інкілапспор [ТУРЕЧЧИНА: 3. Ліга - Група 1 Таблиця]
    36' Кестел Чілекспор - Інегол Кафкас [ТУРЕЧЧИНА: 3. Ліга - Група 1 Таблиця]
    36' Сілівріспор - Бурса Нілуфер [ТУРЕЧЧИНА: 3. Ліга - Група 1 Таблиця]
    36' Чанкая - Бейкоз Ісхаклі Спор [ТУРЕЧЧИНА: 3. Ліга - Група 1 Таблиця]
    36' Баликесірспор - Ескішехірспор [ТУРЕЧЧИНА: 3. Ліга - Група 4 Таблиця]
    36' Ескішехір Анадолу - Айваликгюджю [ТУРЕЧЧИНА: 3. Ліга - Група 4 Таблиця]
    36' Ізмір Чорухлу - Ушакспор [ТУРЕЧЧИНА: 3. Ліга - Група 4 Таблиця]
    21' Андіжан - АГМК [УЗБЕКИСТАН: Суперліга Таблиця]
    36' Сен-Мало - Ла-Рош [ФРАНЦІЯ: Насьональ 2 - Група A Таблиця]
    6' Тепліце - Спарта Прага [ЧЕХІЯ: 1. Ліга Таблиця]
    6' ФК Пардубіце - Сігма Оломоуц [ЧЕХІЯ: 1. Ліга Таблиця]
    36' Арсенал Тиват - Морнар Бар [ЧОРНОГОРІЯ: Перша ліга Таблиця]
    36' Єзеро - ОФК Петровац [ЧОРНОГОРІЯ: Перша ліга Таблиця]
    36' Младост ДГ - Бокель [ЧОРНОГОРІЯ: Перша ліга Таблиця]
  ✔ 72' Анкарагюджю - Інеголспор [ТУРЕЧЧИНА: 2. Ліга - Біла група Таблиця] id=UTTBlRzi
  Found: 1 candidates, 0 new, 2 permanently skipped

Done: 0 analyzed, 0 actionable, 0 TG sent

🔥 RUN #801: analyzed=0, signals=0
⏳ Next scan in 3m...
[16:39:16] Live scan
  Запуск live-скрапера (після ранкових Telegram, якщо були).
Opening: https://m.flashscore.ua/?s=2 (minute >= 60, 0:0 only)
Provider health [https://m.flashscore.ua/?s=2]: rows=135, 0:0 total=60, candidates=0
  ⏸ 0:0 ще рано (< 60'):
    40' Сандерленд - Тоттенгем [АНГЛІЯ: Прем'єр-ліга Таблиця]
    40' Шербек-Евер - Стоке-Варфюзе [БЕЛЬГІЯ: Національний дивізіон 1 - АКФФ - Група вибування Таблиця]
    40' Туреччина U19 W - Албанія U19 W [ЄВРОПА: Євро U19 (Жінки) - Кваліфікація - Раунд 2 - Ліга B Таблиця]
    53' Аталанта U23 - Монополі [ІТАЛІЯ: Серія С - Група С Таблиця]
    51' Латіна - Казарано [ІТАЛІЯ: Серія С - Група С Таблиця]
    40' Асті - Салуццо [ІТАЛІЯ: Серія D - Група А Таблиця]
    40' Кайрезе - Клуб Мілано [ІТАЛІЯ: Серія D - Група А Таблиця]
    40' Кізола - Лігорна [ІТАЛІЯ: Серія D - Група А Таблиця]
    40' Лаваньєзе - Вадо [ІТАЛІЯ: Серія D - Група А Таблиця]
    40' Санремезе - Дертона [ІТАЛІЯ: Серія D - Група А Таблиця]
    40' Варезіна - К'єво [ІТАЛІЯ: Серія D - Група В Таблиця]
    40' Сондріо - Кальдьєро Терме [ІТАЛІЯ: Серія D - Група В Таблиця]
    40' Камподарсего - Бассано [ІТАЛІЯ: Серія D - Група С Таблиця]
    40' Лупаренсе - Местре [ІТАЛІЯ: Серія D - Група С Таблиця]
    40' Уніон Клодьєнсе - Комітел Вігазіо [ІТАЛІЯ: Серія D - Група С Таблиця]
    40' Крема - Санджуліано Сіті [ІТАЛІЯ: Серія D - Група D Таблиця]
    40' Про Сесто - Пістоєзе [ІТАЛІЯ: Серія D - Група D Таблиця]
    40' Сант'Антанджело - П'яченца [ІТАЛІЯ: Серія D - Група D Таблиця]
    40' Чіттаделла Віс Модена - Rovato Vertovese [ІТАЛІЯ: Серія D - Група D Таблиця]
    40' Камайоре - Поджібонсі [ІТАЛІЯ: Серія D - Група Е Таблиця]
    40' Орв'єтана - Скандіччі [ІТАЛІЯ: Серія D - Група Е Таблиця]
    40' Сан-Донато Таварнелле - Гівіборго [ІТАЛІЯ: Серія D - Група Е Таблиця]
    40' Тау - Каннара [ІТАЛІЯ: Серія D - Група Е Таблиця]
    40' Джуліанова - Кастельфідардо [ІТАЛІЯ: Серія D - Група F Таблиця]
    40' Кальчо К'єті - Уніпомеція [ІТАЛІЯ: Серія D - Група F Таблиця]
    40' Мачератезе - Реканатезе [ІТАЛІЯ: Серія D - Група F Таблиця]
    40' Сора - Сан-Марино Кальчо [ІТАЛІЯ: Серія D - Група F Таблиця]
    40' Терамо - Термолі [ІТАЛІЯ: Серія D - Група F Таблиця]
    40' Атл. Лоджіані - Ночеріна [ІТАЛІЯ: Серія D - Група G Таблиця]
    40' Латте Дольче - Пальмезе 1914 [ІТАЛІЯ: Серія D - Група G Таблиця]
    40' Саррабус Ольястра - Будоні [ІТАЛІЯ: Серія D - Група G Таблиця]
    40' Фламінія - Альбалонга [ІТАЛІЯ: Серія D - Група G Таблиця]
    10' Ferrandina - Гравіна [ІТАЛІЯ: Серія D - Група H Таблиця]
    10' Сарнезе - АКД Нардо [ІТАЛІЯ: Серія D - Група H Таблиця]
    40' АС Ачіреале - Нісса [ІТАЛІЯ: Серія D - Група І Таблиця]
    40' Джела - Реджина 1914 [ІТАЛІЯ: Серія D - Група І Таблиця]
    40' Іджеа Віртус - Вібонезе [ІТАЛІЯ: Серія D - Група І Таблиця]
    40' Мессіна - Рагуза [ІТАЛІЯ: Серія D - Група І Таблиця]
    40' Патерно - Мілаццо [ІТАЛІЯ: Серія D - Група І Таблиця]
    40' Санкатальдезе - Джельбісон [ІТАЛІЯ: Серія D - Група І Таблиця]
    40' Такуарі - Ресістенсія [ПАРАГВАЙ: Другий дивізіон Таблиця]
    10' ФК Ростов - Спартак Москва [РОСІЯ: Прем'єр-ліга Таблиця]
    10' Торпедо Москва - Арсенал Тула [РОСІЯ: ФНЛ Таблиця]
    40' Рубін Казань 2 - Pobeda Nizhniy Novgorod [РОСІЯ: ФНЛ 2 - Дивізіон В - Група 4 Таблиця]
    40' Космос - Пеннаросса [САН-МАРИНО: Чемпіонат Таблиця]
    40' Бурса Їлдірімспор - Галата [ТУРЕЧЧИНА: 3. Ліга - Група 1 Таблиця]
    40' Кестел Чілекспор - Інегол Кафкас [ТУРЕЧЧИНА: 3. Ліга - Група 1 Таблиця]
    40' Сілівріспор - Бурса Нілуфер [ТУРЕЧЧИНА: 3. Ліга - Група 1 Таблиця]
    40' Чанкая - Бейкоз Ісхаклі Спор [ТУРЕЧЧИНА: 3. Ліга - Група 1 Таблиця]
    40' Баликесірспор - Ескішехірспор [ТУРЕЧЧИНА: 3. Ліга - Група 4 Таблиця]
    40' Ескішехір Анадолу - Айваликгюджю [ТУРЕЧЧИНА: 3. Ліга - Група 4 Таблиця]
    40' Ізмір Чорухлу - Ушакспор [ТУРЕЧЧИНА: 3. Ліга - Група 4 Таблиця]
    25' Андіжан - АГМК [УЗБЕКИСТАН: Суперліга Таблиця]
    40' Сен-Мало - Ла-Рош [ФРАНЦІЯ: Насьональ 2 - Група A Таблиця]
    10' Тепліце - Спарта Прага [ЧЕХІЯ: 1. Ліга Таблиця]
    10' ФК Пардубіце - Сігма Оломоуц [ЧЕХІЯ: 1. Ліга Таблиця]
    10' Ланжгот - Козловіце [ЧЕХІЯ: 4. ліга - Група E Таблиця]
    10' Фридлант - Римаржов [ЧЕХІЯ: 4. ліга - Група F Таблиця]
    40' Арсенал Тиват - Морнар Бар [ЧОРНОГОРІЯ: Перша ліга Таблиця]
    40' Єзеро - ОФК Петровац [ЧОРНОГОРІЯ: Перша ліга Таблиця]
  Found: 0 candidates, 0 new, 2 permanently skipped

Done: 0 analyzed, 0 actionable, 0 TG sent

🔥 RUN #802: analyzed=0, signals=0
⏳ Next scan in 3m...
[16:42:20] Live scan
  Запуск live-скрапера (після ранкових Telegram, якщо були).
Opening: https://m.flashscore.ua/?s=2 (minute >= 60, 0:0 only)
Provider health [https://m.flashscore.ua/?s=2]: rows=136, 0:0 total=60, candidates=0
  ⏸ 0:0 ще рано (< 60'):
    43' Сандерленд - Тоттенгем [АНГЛІЯ: Прем'єр-ліга Таблиця]
    43' Шербек-Евер - Стоке-Варфюзе [БЕЛЬГІЯ: Національний дивізіон 1 - АКФФ - Група вибування Таблиця]
    43' Туреччина U19 W - Албанія U19 W [ЄВРОПА: Євро U19 (Жінки) - Кваліфікація - Раунд 2 - Ліга B Таблиця]
    56' Аталанта U23 - Монополі [ІТАЛІЯ: Серія С - Група С Таблиця]
    54' Латіна - Казарано [ІТАЛІЯ: Серія С - Група С Таблиця]
    43' Асті - Салуццо [ІТАЛІЯ: Серія D - Група А Таблиця]
    43' Кайрезе - Клуб Мілано [ІТАЛІЯ: Серія D - Група А Таблиця]
    43' Кізола - Лігорна [ІТАЛІЯ: Серія D - Група А Таблиця]
    43' Лаваньєзе - Вадо [ІТАЛІЯ: Серія D - Група А Таблиця]
    43' Санремезе - Дертона [ІТАЛІЯ: Серія D - Група А Таблиця]
    43' Варезіна - К'єво [ІТАЛІЯ: Серія D - Група В Таблиця]
    43' Сондріо - Кальдьєро Терме [ІТАЛІЯ: Серія D - Група В Таблиця]
    43' Камподарсего - Бассано [ІТАЛІЯ: Серія D - Група С Таблиця]
    43' Лупаренсе - Местре [ІТАЛІЯ: Серія D - Група С Таблиця]
    43' Уніон Клодьєнсе - Комітел Вігазіо [ІТАЛІЯ: Серія D - Група С Таблиця]
    43' Крема - Санджуліано Сіті [ІТАЛІЯ: Серія D - Група D Таблиця]
    43' Про Сесто - Пістоєзе [ІТАЛІЯ: Серія D - Група D Таблиця]
    43' Сант'Антанджело - П'яченца [ІТАЛІЯ: Серія D - Група D Таблиця]
    43' Чіттаделла Віс Модена - Rovato Vertovese [ІТАЛІЯ: Серія D - Група D Таблиця]
    43' Камайоре - Поджібонсі [ІТАЛІЯ: Серія D - Група Е Таблиця]
    43' Орв'єтана - Скандіччі [ІТАЛІЯ: Серія D - Група Е Таблиця]
    43' Сан-Донато Таварнелле - Гівіборго [ІТАЛІЯ: Серія D - Група Е Таблиця]
    43' Тау - Каннара [ІТАЛІЯ: Серія D - Група Е Таблиця]
    43' Джуліанова - Кастельфідардо [ІТАЛІЯ: Серія D - Група F Таблиця]
    43' Кальчо К'єті - Уніпомеція [ІТАЛІЯ: Серія D - Група F Таблиця]
    43' Мачератезе - Реканатезе [ІТАЛІЯ: Серія D - Група F Таблиця]
    43' Сора - Сан-Марино Кальчо [ІТАЛІЯ: Серія D - Група F Таблиця]
    43' Терамо - Термолі [ІТАЛІЯ: Серія D - Група F Таблиця]
    43' Атл. Лоджіані - Ночеріна [ІТАЛІЯ: Серія D - Група G Таблиця]
    43' Латте Дольче - Пальмезе 1914 [ІТАЛІЯ: Серія D - Група G Таблиця]
    43' Саррабус Ольястра - Будоні [ІТАЛІЯ: Серія D - Група G Таблиця]
    43' Фламінія - Альбалонга [ІТАЛІЯ: Серія D - Група G Таблиця]
    13' Ferrandina - Гравіна [ІТАЛІЯ: Серія D - Група H Таблиця]
    13' Барлетта - Чітта ді Фазано [ІТАЛІЯ: Серія D - Група H Таблиця]
    13' Сарнезе - АКД Нардо [ІТАЛІЯ: Серія D - Група H Таблиця]
    43' АС Ачіреале - Нісса [ІТАЛІЯ: Серія D - Група І Таблиця]
    43' Джела - Реджина 1914 [ІТАЛІЯ: Серія D - Група І Таблиця]
    43' Іджеа Віртус - Вібонезе [ІТАЛІЯ: Серія D - Група І Таблиця]
    43' Мессіна - Рагуза [ІТАЛІЯ: Серія D - Група І Таблиця]
    43' Патерно - Мілаццо [ІТАЛІЯ: Серія D - Група І Таблиця]
    43' Санкатальдезе - Джельбісон [ІТАЛІЯ: Серія D - Група І Таблиця]
    43' Такуарі - Ресістенсія [ПАРАГВАЙ: Другий дивізіон Таблиця]
    13' ФК Ростов - Спартак Москва [РОСІЯ: Прем'єр-ліга Таблиця]
    13' Торпедо Москва - Арсенал Тула [РОСІЯ: ФНЛ Таблиця]
    43' Рубін Казань 2 - Pobeda Nizhniy Novgorod [РОСІЯ: ФНЛ 2 - Дивізіон В - Група 4 Таблиця]
    43' Космос - Пеннаросса [САН-МАРИНО: Чемпіонат Таблиця]
    43' Бурса Їлдірімспор - Галата [ТУРЕЧЧИНА: 3. Ліга - Група 1 Таблиця]
    43' Кестел Чілекспор - Інегол Кафкас [ТУРЕЧЧИНА: 3. Ліга - Група 1 Таблиця]
    43' Сілівріспор - Бурса Нілуфер [ТУРЕЧЧИНА: 3. Ліга - Група 1 Таблиця]
    43' Чанкая - Бейкоз Ісхаклі Спор [ТУРЕЧЧИНА: 3. Ліга - Група 1 Таблиця]
    43' Баликесірспор - Ескішехірспор [ТУРЕЧЧИНА: 3. Ліга - Група 4 Таблиця]
    43' Ескішехір Анадолу - Айваликгюджю [ТУРЕЧЧИНА: 3. Ліга - Група 4 Таблиця]
    43' Ізмір Чорухлу - Ушакспор [ТУРЕЧЧИНА: 3. Ліга - Група 4 Таблиця]
    28' Андіжан - АГМК [УЗБЕКИСТАН: Суперліга Таблиця]
    43' Сен-Мало - Ла-Рош [ФРАНЦІЯ: Насьональ 2 - Група A Таблиця]
    13' Тепліце - Спарта Прага [ЧЕХІЯ: 1. Ліга Таблиця]
    13' ФК Пардубіце - Сігма Оломоуц [ЧЕХІЯ: 1. Ліга Таблиця]
    13' Фридлант - Римаржов [ЧЕХІЯ: 4. ліга - Група F Таблиця]
    43' Арсенал Тиват - Морнар Бар [ЧОРНОГОРІЯ: Перша ліга Таблиця]
    43' Єзеро - ОФК Петровац [ЧОРНОГОРІЯ: Перша ліга Таблиця]
  Found: 0 candidates, 0 new, 2 permanently skipped

Done: 0 analyzed, 0 actionable, 0 TG sent

🔥 RUN #803: analyzed=0, signals=0
⏳ Next scan in 3m...
[16:45:24] Live scan
  Запуск live-скрапера (після ранкових Telegram, якщо були).
Opening: https://m.flashscore.ua/?s=2 (minute >= 60, 0:0 only)
Provider health [https://m.flashscore.ua/?s=2]: rows=137, 0:0 total=49, candidates=0
  ⏸ 0:0 ще рано (< 60'):
    16' Ferrandina - Гравіна [ІТАЛІЯ: Серія D - Група H Таблиця]
    16' Барлетта - Чітта ді Фазано [ІТАЛІЯ: Серія D - Група H Таблиця]
    16' Сарнезе - АКД Нардо [ІТАЛІЯ: Серія D - Група H Таблиця]
    16' Енна - Самб'язе [ІТАЛІЯ: Серія D - Група І Таблиця]
    16' Торпедо Москва - Арсенал Тула [РОСІЯ: ФНЛ Таблиця]
    16' Тепліце - Спарта Прага [ЧЕХІЯ: 1. Ліга Таблиця]
    16' Фридлант - Римаржов [ЧЕХІЯ: 4. ліга - Група F Таблиця]
  Found: 0 candidates, 0 new, 2 permanently skipped

Done: 0 analyzed, 0 actionable, 0 TG sent

🔥 RUN #804: analyzed=0, signals=0
⏳ Next scan in 3m...
[16:48:28] Live scan
  Запуск live-скрапера (після ранкових Telegram, якщо були).
Opening: https://m.flashscore.ua/?s=2 (minute >= 60, 0:0 only)
Provider health [https://m.flashscore.ua/?s=2]: rows=137, 0:0 total=47, candidates=0
  ⏸ 0:0 ще рано (< 60'):
    45' Лаваньєзе - Вадо [ІТАЛІЯ: Серія D - Група А Таблиця]
    45' Про Сесто - Пістоєзе [ІТАЛІЯ: Серія D - Група D Таблиця]
    45' Чіттаделла Віс Модена - Rovato Vertovese [ІТАЛІЯ: Серія D - Група D Таблиця]
    45' Сан-Донато Таварнелле - Гівіборго [ІТАЛІЯ: Серія D - Група Е Таблиця]
    19' Ferrandina - Гравіна [ІТАЛІЯ: Серія D - Група H Таблиця]
    19' Барлетта - Чітта ді Фазано [ІТАЛІЯ: Серія D - Група H Таблиця]
    19' Сарнезе - АКД Нардо [ІТАЛІЯ: Серія D - Група H Таблиця]
    19' Енна - Самб'язе [ІТАЛІЯ: Серія D - Група І Таблиця]
    19' Торпедо Москва - Арсенал Тула [РОСІЯ: ФНЛ Таблиця]
    45' Ескішехір Анадолу - Айваликгюджю [ТУРЕЧЧИНА: 3. Ліга - Група 4 Таблиця]
    19' Тепліце - Спарта Прага [ЧЕХІЯ: 1. Ліга Таблиця]
    19' Фридлант - Римаржов [ЧЕХІЯ: 4. ліга - Група F Таблиця]
    45' Арсенал Тиват - Морнар Бар [ЧОРНОГОРІЯ: Перша ліга Таблиця]
  Found: 0 candidates, 0 new, 2 permanently skipped

Done: 0 analyzed, 0 actionable, 0 TG sent

🔥 RUN #805: analyzed=0, signals=0
⏳ Next scan in 3m...
[16:51:32] Live scan
  Запуск live-скрапера (після ранкових Telegram, якщо були).
Opening: https://m.flashscore.ua/?s=2 (minute >= 60, 0:0 only)
Provider health [https://m.flashscore.ua/?s=2]: rows=131, 0:0 total=45, candidates=0
  ⏸ 0:0 ще рано (< 60'):
    45' Сандерленд - Тоттенгем [АНГЛІЯ: Прем'єр-ліга Таблиця]
    45' Лаваньєзе - Вадо [ІТАЛІЯ: Серія D - Група А Таблиця]
    45' Про Сесто - Пістоєзе [ІТАЛІЯ: Серія D - Група D Таблиця]
    45' Чіттаделла Віс Модена - Rovato Vertovese [ІТАЛІЯ: Серія D - Група D Таблиця]
    45' Сан-Донато Таварнелле - Гівіборго [ІТАЛІЯ: Серія D - Група Е Таблиця]
    45' Тау - Каннара [ІТАЛІЯ: Серія D - Група Е Таблиця]
    45' Атл. Лоджіані - Ночеріна [ІТАЛІЯ: Серія D - Група G Таблиця]
    45' Латте Дольче - Пальмезе 1914 [ІТАЛІЯ: Серія D - Група G Таблиця]
    22' Ferrandina - Гравіна [ІТАЛІЯ: Серія D - Група H Таблиця]
    22' Барлетта - Чітта ді Фазано [ІТАЛІЯ: Серія D - Група H Таблиця]
    22' Сарнезе - АКД Нардо [ІТАЛІЯ: Серія D - Група H Таблиця]
    45' Мессіна - Рагуза [ІТАЛІЯ: Серія D - Група І Таблиця]
    45' Патерно - Мілаццо [ІТАЛІЯ: Серія D - Група І Таблиця]
    45' Санкатальдезе - Джельбісон [ІТАЛІЯ: Серія D - Група І Таблиця]
    22' Енна - Самб'язе [ІТАЛІЯ: Серія D - Група І Таблиця]
    22' Торпедо Москва - Арсенал Тула [РОСІЯ: ФНЛ Таблиця]
    45' Сілівріспор - Бурса Нілуфер [ТУРЕЧЧИНА: 3. Ліга - Група 1 Таблиця]
    45' Чанкая - Бейкоз Ісхаклі Спор [ТУРЕЧЧИНА: 3. Ліга - Група 1 Таблиця]
    45' Баликесірспор - Ескішехірспор [ТУРЕЧЧИНА: 3. Ліга - Група 4 Таблиця]
    45' Ескішехір Анадолу - Айваликгюджю [ТУРЕЧЧИНА: 3. Ліга - Група 4 Таблиця]
    45' Ізмір Чорухлу - Ушакспор [ТУРЕЧЧИНА: 3. Ліга - Група 4 Таблиця]
    22' Тепліце - Спарта Прага [ЧЕХІЯ: 1. Ліга Таблиця]
    22' Фридлант - Римаржов [ЧЕХІЯ: 4. ліга - Група F Таблиця]
  Found: 0 candidates, 0 new, 2 permanently skipped

Done: 0 analyzed, 0 actionable, 0 TG sent

🔥 RUN #806: analyzed=0, signals=0
⏳ Next scan in 3m...
[16:54:36] Live scan
  Запуск live-скрапера (після ранкових Telegram, якщо були).
Opening: https://m.flashscore.ua/?s=2 (minute >= 60, 0:0 only)
Provider health [https://m.flashscore.ua/?s=2]: rows=124, 0:0 total=42, candidates=0
  ⏸ 0:0 ще рано (< 60'):
    45' Сандерленд - Тоттенгем [АНГЛІЯ: Прем'єр-ліга Таблиця]
    45' Лаваньєзе - Вадо [ІТАЛІЯ: Серія D - Група А Таблиця]
    45' Про Сесто - Пістоєзе [ІТАЛІЯ: Серія D - Група D Таблиця]
    45' Чіттаделла Віс Модена - Rovato Vertovese [ІТАЛІЯ: Серія D - Група D Таблиця]
    45' Сан-Донато Таварнелле - Гівіборго [ІТАЛІЯ: Серія D - Група Е Таблиця]
    45' Тау - Каннара [ІТАЛІЯ: Серія D - Група Е Таблиця]
    45' Кальчо К'єті - Уніпомеція [ІТАЛІЯ: Серія D - Група F Таблиця]
    45' Терамо - Термолі [ІТАЛІЯ: Серія D - Група F Таблиця]
    45' Атл. Лоджіані - Ночеріна [ІТАЛІЯ: Серія D - Група G Таблиця]
    45' Латте Дольче - Пальмезе 1914 [ІТАЛІЯ: Серія D - Група G Таблиця]
    25' Ferrandina - Гравіна [ІТАЛІЯ: Серія D - Група H Таблиця]
    25' Барлетта - Чітта ді Фазано [ІТАЛІЯ: Серія D - Група H Таблиця]
    25' Сарнезе - АКД Нардо [ІТАЛІЯ: Серія D - Група H Таблиця]
    45' Мессіна - Рагуза [ІТАЛІЯ: Серія D - Група І Таблиця]
    45' Патерно - Мілаццо [ІТАЛІЯ: Серія D - Група І Таблиця]
    45' Санкатальдезе - Джельбісон [ІТАЛІЯ: Серія D - Група І Таблиця]
    25' Енна - Самб'язе [ІТАЛІЯ: Серія D - Група І Таблиця]
    25' Торпедо Москва - Арсенал Тула [РОСІЯ: ФНЛ Таблиця]
    45' Бурса Їлдірімспор - Галата [ТУРЕЧЧИНА: 3. Ліга - Група 1 Таблиця]
    45' Кестел Чілекспор - Інегол Кафкас [ТУРЕЧЧИНА: 3. Ліга - Група 1 Таблиця]
    45' Сілівріспор - Бурса Нілуфер [ТУРЕЧЧИНА: 3. Ліга - Група 1 Таблиця]
    45' Чанкая - Бейкоз Ісхаклі Спор [ТУРЕЧЧИНА: 3. Ліга - Група 1 Таблиця]
    45' Баликесірспор - Ескішехірспор [ТУРЕЧЧИНА: 3. Ліга - Група 4 Таблиця]
    45' Ескішехір Анадолу - Айваликгюджю [ТУРЕЧЧИНА: 3. Ліга - Група 4 Таблиця]
    45' Ізмір Чорухлу - Ушакспор [ТУРЕЧЧИНА: 3. Ліга - Група 4 Таблиця]
    25' Тепліце - Спарта Прага [ЧЕХІЯ: 1. Ліга Таблиця]
    25' Фридлант - Римаржов [ЧЕХІЯ: 4. ліга - Група F Таблиця]
  Found: 0 candidates, 0 new, 2 permanently skipped

Done: 0 analyzed, 0 actionable, 0 TG sent

🔥 RUN #807: analyzed=0, signals=0
⏳ Next scan in 3m...
[16:57:40] Live scan
  Запуск live-скрапера (після ранкових Telegram, якщо були).
Opening: https://m.flashscore.ua/?s=2 (minute >= 60, 0:0 only)
Provider health [https://m.flashscore.ua/?s=2]: rows=114, 0:0 total=40, candidates=0
  ⏸ 0:0 ще рано (< 60'):
    45' Сандерленд - Тоттенгем [АНГЛІЯ: Прем'єр-ліга Таблиця]
    45' Лаваньєзе - Вадо [ІТАЛІЯ: Серія D - Група А Таблиця]
    45' Про Сесто - Пістоєзе [ІТАЛІЯ: Серія D - Група D Таблиця]
    45' Чіттаделла Віс Модена - Rovato Vertovese [ІТАЛІЯ: Серія D - Група D Таблиця]
    45' Сан-Донато Таварнелле - Гівіборго [ІТАЛІЯ: Серія D - Група Е Таблиця]
    45' Тау - Каннара [ІТАЛІЯ: Серія D - Група Е Таблиця]
    45' Кальчо К'єті - Уніпомеція [ІТАЛІЯ: Серія D - Група F Таблиця]
    45' Терамо - Термолі [ІТАЛІЯ: Серія D - Група F Таблиця]
    45' Атл. Лоджіані - Ночеріна [ІТАЛІЯ: Серія D - Група G Таблиця]
    45' Латте Дольче - Пальмезе 1914 [ІТАЛІЯ: Серія D - Група G Таблиця]
    28' Ferrandina - Гравіна [ІТАЛІЯ: Серія D - Група H Таблиця]
    28' Барлетта - Чітта ді Фазано [ІТАЛІЯ: Серія D - Група H Таблиця]
    28' Сарнезе - АКД Нардо [ІТАЛІЯ: Серія D - Група H Таблиця]
    45' АС Ачіреале - Нісса [ІТАЛІЯ: Серія D - Група І Таблиця]
    45' Джела - Реджина 1914 [ІТАЛІЯ: Серія D - Група І Таблиця]
    45' Мессіна - Рагуза [ІТАЛІЯ: Серія D - Група І Таблиця]
    45' Патерно - Мілаццо [ІТАЛІЯ: Серія D - Група І Таблиця]
    45' Санкатальдезе - Джельбісон [ІТАЛІЯ: Серія D - Група І Таблиця]
    28' Енна - Самб'язе [ІТАЛІЯ: Серія D - Група І Таблиця]
    3' Дубай Сіті - Аль-Хамрія [ОБ’ЄДНАНІ АРАБСЬКІ ЕМІРАТИ: Дивізіон 1 Таблиця]
    45' Бурса Їлдірімспор - Галата [ТУРЕЧЧИНА: 3. Ліга - Група 1 Таблиця]
    45' Кестел Чілекспор - Інегол Кафкас [ТУРЕЧЧИНА: 3. Ліга - Група 1 Таблиця]
    45' Сілівріспор - Бурса Нілуфер [ТУРЕЧЧИНА: 3. Ліга - Група 1 Таблиця]
    45' Чанкая - Бейкоз Ісхаклі Спор [ТУРЕЧЧИНА: 3. Ліга - Група 1 Таблиця]
    45' Баликесірспор - Ескішехірспор [ТУРЕЧЧИНА: 3. Ліга - Група 4 Таблиця]
    45' Ескішехір Анадолу - Айваликгюджю [ТУРЕЧЧИНА: 3. Ліга - Група 4 Таблиця]
    45' Ізмір Чорухлу - Ушакспор [ТУРЕЧЧИНА: 3. Ліга - Група 4 Таблиця]
    28' Тепліце - Спарта Прага [ЧЕХІЯ: 1. Ліга Таблиця]
    28' Фридлант - Римаржов [ЧЕХІЯ: 4. ліга - Група F Таблиця]
  Found: 0 candidates, 0 new, 2 permanently skipped

Done: 0 analyzed, 0 actionable, 0 TG sent

🔥 RUN #808: analyzed=0, signals=0
⏳ Next scan in 3m...
[17:00:44] Live scan
  Запуск live-скрапера (після ранкових Telegram, якщо були).
Opening: https://m.flashscore.ua/?s=2 (minute >= 60, 0:0 only)
LIVE MATCHES ERROR: Navigation timeout of 60000 ms exceeded
  Found: 0 candidates, 0 new, 2 permanently skipped

Done: 0 analyzed, 0 actionable, 0 TG sent

🔥 RUN #809: analyzed=0, signals=0
⏳ Next scan in 3m...
[17:04:45] Live scan
  Запуск live-скрапера (після ранкових Telegram, якщо були).
Opening: https://m.flashscore.ua/?s=2 (minute >= 60, 0:0 only)
Provider health [https://m.flashscore.ua/?s=2]: rows=122, 0:0 total=50, candidates=0
  ⏸ 0:0 ще рано (< 60'):
    45' Сандерленд - Тоттенгем [АНГЛІЯ: Прем'єр-ліга Таблиця]
    48' Лаваньєзе - Вадо [ІТАЛІЯ: Серія D - Група А Таблиця]
    45' Про Сесто - Пістоєзе [ІТАЛІЯ: Серія D - Група D Таблиця]
    45' Чіттаделла Віс Модена - Rovato Vertovese [ІТАЛІЯ: Серія D - Група D Таблиця]
    50' Сан-Донато Таварнелле - Гівіборго [ІТАЛІЯ: Серія D - Група Е Таблиця]
    45' Тау - Каннара [ІТАЛІЯ: Серія D - Група Е Таблиця]
    45' Кальчо К'єті - Уніпомеція [ІТАЛІЯ: Серія D - Група F Таблиця]
    45' Терамо - Термолі [ІТАЛІЯ: Серія D - Група F Таблиця]
    45' Атл. Лоджіані - Ночеріна [ІТАЛІЯ: Серія D - Група G Таблиця]
    45' Латте Дольче - Пальмезе 1914 [ІТАЛІЯ: Серія D - Група G Таблиця]
    45' Саррабус Ольястра - Будоні [ІТАЛІЯ: Серія D - Група G Таблиця]
    35' Ferrandina - Гравіна [ІТАЛІЯ: Серія D - Група H Таблиця]
    35' Барлетта - Чітта ді Фазано [ІТАЛІЯ: Серія D - Група H Таблиця]
    35' Сарнезе - АКД Нардо [ІТАЛІЯ: Серія D - Група H Таблиця]
    45' АС Ачіреале - Нісса [ІТАЛІЯ: Серія D - Група І Таблиця]
    45' Джела - Реджина 1914 [ІТАЛІЯ: Серія D - Група І Таблиця]
    45' Мессіна - Рагуза [ІТАЛІЯ: Серія D - Група І Таблиця]
    45' Патерно - Мілаццо [ІТАЛІЯ: Серія D - Група І Таблиця]
    45' Санкатальдезе - Джельбісон [ІТАЛІЯ: Серія D - Група І Таблиця]
    35' Енна - Самб'язе [ІТАЛІЯ: Серія D - Група І Таблиця]
    5' Роданж - Уньйон Тітус Петанж [ЛЮКСЕМБУРГ: Ліга БГЛ Таблиця]
    5' УНА Штрассен - Расінг Люксембург [ЛЮКСЕМБУРГ: Ліга БГЛ Таблиця]
    5' Шейд - Юнкерен [НОРВЕГІЯ: Дивізіон 2 - Група 2 Таблиця]
    5' Шервей - Тромсе 2 [НОРВЕГІЯ: Дивізіон 3 - Група 5 Таблиця]
    10' Дубай Сіті - Аль-Хамрія [ОБ’ЄДНАНІ АРАБСЬКІ ЕМІРАТИ: Дивізіон 1 Таблиця]
    10' Аль-Наср U23 - Аль-Дафра U23 [ОБ’ЄДНАНІ АРАБСЬКІ ЕМІРАТИ: Про-ліга U23 Таблиця]
    5' Гутнік Краків - Клечев [ПОЛЬЩА: Дивізіон 2 Таблиця]
    5' Спортінг К. - Атлетико [ПОРТУГАЛІЯ: Ліга 3 - Група вибування Таблиця]
    5' Ротор В. - Саратов [РОСІЯ: ФНЛ Таблиця]
    45' Космос - Пеннаросса [САН-МАРИНО: Чемпіонат Таблиця]
    45' Бурса Їлдірімспор - Галата [ТУРЕЧЧИНА: 3. Ліга - Група 1 Таблиця]
    45' Кестел Чілекспор - Інегол Кафкас [ТУРЕЧЧИНА: 3. Ліга - Група 1 Таблиця]
    45' Сілівріспор - Бурса Нілуфер [ТУРЕЧЧИНА: 3. Ліга - Група 1 Таблиця]
    45' Чанкая - Бейкоз Ісхаклі Спор [ТУРЕЧЧИНА: 3. Ліга - Група 1 Таблиця]
    45' Баликесірспор - Ескішехірспор [ТУРЕЧЧИНА: 3. Ліга - Група 4 Таблиця]
    45' Ескішехір Анадолу - Айваликгюджю [ТУРЕЧЧИНА: 3. Ліга - Група 4 Таблиця]
    45' Ізмір Чорухлу - Ушакспор [ТУРЕЧЧИНА: 3. Ліга - Група 4 Таблиця]
    5' Стреймур - ХБ Торсхавн [ФАРЕРСЬКІ ОСТРОВИ: Прем'єр-ліга Таблиця]
    5' Рієка - Осієк [ХОРВАТІЯ: ХФЛ Таблиця]
    35' Тепліце - Спарта Прага [ЧЕХІЯ: 1. Ліга Таблиця]
    5' Дечич - Єдінство [ЧОРНОГОРІЯ: Перша ліга Таблиця]
    5' Іскра - Ловчен [ЧОРНОГОРІЯ: Друга ліга Таблиця]
    5' ФК Подгоріца - Ігало [ЧОРНОГОРІЯ: Друга ліга Таблиця]
    5' Стокгольм Інтернаціонале - Карлстад [ШВЕЦІЯ: Дивізіон 1 - Північ Таблиця]
  Found: 0 candidates, 0 new, 2 permanently skipped

Done: 0 analyzed, 0 actionable, 0 TG sent

🔥 RUN #810: analyzed=0, signals=0
⏳ Next scan in 3m...
[17:08:15] Live scan
  Запуск live-скрапера (після ранкових Telegram, якщо були).
Opening: https://m.flashscore.ua/?s=2 (minute >= 60, 0:0 only)
Provider health [https://m.flashscore.ua/?s=2]: rows=122, 0:0 total=50, candidates=0
  ⏸ 0:0 ще рано (< 60'):
    45' Сандерленд - Тоттенгем [АНГЛІЯ: Прем'єр-ліга Таблиця]
    52' Лаваньєзе - Вадо [ІТАЛІЯ: Серія D - Група А Таблиця]
    45' Про Сесто - Пістоєзе [ІТАЛІЯ: Серія D - Група D Таблиця]
    45' Чіттаделла Віс Модена - Rovato Vertovese [ІТАЛІЯ: Серія D - Група D Таблиця]
    53' Сан-Донато Таварнелле - Гівіборго [ІТАЛІЯ: Серія D - Група Е Таблиця]
    45' Тау - Каннара [ІТАЛІЯ: Серія D - Група Е Таблиця]
    45' Кальчо К'єті - Уніпомеція [ІТАЛІЯ: Серія D - Група F Таблиця]
    45' Терамо - Термолі [ІТАЛІЯ: Серія D - Група F Таблиця]
    45' Атл. Лоджіані - Ночеріна [ІТАЛІЯ: Серія D - Група G Таблиця]
    45' Латте Дольче - Пальмезе 1914 [ІТАЛІЯ: Серія D - Група G Таблиця]
    45' Саррабус Ольястра - Будоні [ІТАЛІЯ: Серія D - Група G Таблиця]
    38' Ferrandina - Гравіна [ІТАЛІЯ: Серія D - Група H Таблиця]
    38' Барлетта - Чітта ді Фазано [ІТАЛІЯ: Серія D - Група H Таблиця]
    38' Сарнезе - АКД Нардо [ІТАЛІЯ: Серія D - Група H Таблиця]
    45' АС Ачіреале - Нісса [ІТАЛІЯ: Серія D - Група І Таблиця]
    45' Джела - Реджина 1914 [ІТАЛІЯ: Серія D - Група І Таблиця]
    45' Мессіна - Рагуза [ІТАЛІЯ: Серія D - Група І Таблиця]
    45' Патерно - Мілаццо [ІТАЛІЯ: Серія D - Група І Таблиця]
    45' Санкатальдезе - Джельбісон [ІТАЛІЯ: Серія D - Група І Таблиця]
    38' Енна - Самб'язе [ІТАЛІЯ: Серія D - Група І Таблиця]
    8' Роданж - Уньйон Тітус Петанж [ЛЮКСЕМБУРГ: Ліга БГЛ Таблиця]
    8' УНА Штрассен - Расінг Люксембург [ЛЮКСЕМБУРГ: Ліга БГЛ Таблиця]
    8' Шейд - Юнкерен [НОРВЕГІЯ: Дивізіон 2 - Група 2 Таблиця]
    8' Шервей - Тромсе 2 [НОРВЕГІЯ: Дивізіон 3 - Група 5 Таблиця]
    13' Дубай Сіті - Аль-Хамрія [ОБ’ЄДНАНІ АРАБСЬКІ ЕМІРАТИ: Дивізіон 1 Таблиця]
    13' Аль-Наср U23 - Аль-Дафра U23 [ОБ’ЄДНАНІ АРАБСЬКІ ЕМІРАТИ: Про-ліга U23 Таблиця]
    8' Гутнік Краків - Клечев [ПОЛЬЩА: Дивізіон 2 Таблиця]
    8' Спортінг К. - Атлетико [ПОРТУГАЛІЯ: Ліга 3 - Група вибування Таблиця]
    8' Ротор В. - Саратов [РОСІЯ: ФНЛ Таблиця]
    45' Космос - Пеннаросса [САН-МАРИНО: Чемпіонат Таблиця]
    45' Бурса Їлдірімспор - Галата [ТУРЕЧЧИНА: 3. Ліга - Група 1 Таблиця]
    45' Кестел Чілекспор - Інегол Кафкас [ТУРЕЧЧИНА: 3. Ліга - Група 1 Таблиця]
    45' Сілівріспор - Бурса Нілуфер [ТУРЕЧЧИНА: 3. Ліга - Група 1 Таблиця]
    45' Чанкая - Бейкоз Ісхаклі Спор [ТУРЕЧЧИНА: 3. Ліга - Група 1 Таблиця]
    45' Баликесірспор - Ескішехірспор [ТУРЕЧЧИНА: 3. Ліга - Група 4 Таблиця]
    45' Ескішехір Анадолу - Айваликгюджю [ТУРЕЧЧИНА: 3. Ліга - Група 4 Таблиця]
    45' Ізмір Чорухлу - Ушакспор [ТУРЕЧЧИНА: 3. Ліга - Група 4 Таблиця]
    8' Стреймур - ХБ Торсхавн [ФАРЕРСЬКІ ОСТРОВИ: Прем'єр-ліга Таблиця]
    8' Рієка - Осієк [ХОРВАТІЯ: ХФЛ Таблиця]
    38' Тепліце - Спарта Прага [ЧЕХІЯ: 1. Ліга Таблиця]
    8' Дечич - Єдінство [ЧОРНОГОРІЯ: Перша ліга Таблиця]
    8' Іскра - Ловчен [ЧОРНОГОРІЯ: Друга ліга Таблиця]
    8' ФК Подгоріца - Ігало [ЧОРНОГОРІЯ: Друга ліга Таблиця]
    8' Стокгольм Інтернаціонале - Карлстад [ШВЕЦІЯ: Дивізіон 1 - Північ Таблиця]
  Found: 0 candidates, 0 new, 2 permanently skipped

Done: 0 analyzed, 0 actionable, 0 TG sent

🔥 RUN #811: analyzed=0, signals=0
⏳ Next scan in 3m...
[17:11:19] Live scan
  Запуск live-скрапера (після ранкових Telegram, якщо були).
Opening: https://m.flashscore.ua/?s=2 (minute >= 60, 0:0 only)
Provider health [https://m.flashscore.ua/?s=2]: rows=122, 0:0 total=48, candidates=0
  ⏸ 0:0 ще рано (< 60'):
    51' Сандерленд - Тоттенгем [АНГЛІЯ: Прем'єр-ліга Таблиця]
    55' Лаваньєзе - Вадо [ІТАЛІЯ: Серія D - Група А Таблиця]
    46' Уніон Клодьєнсе - Комітел Вігазіо [ІТАЛІЯ: Серія D - Група С Таблиця]
    45' Про Сесто - Пістоєзе [ІТАЛІЯ: Серія D - Група D Таблиця]
    45' Чіттаделла Віс Модена - Rovato Vertovese [ІТАЛІЯ: Серія D - Група D Таблиця]
    57' Сан-Донато Таварнелле - Гівіборго [ІТАЛІЯ: Серія D - Група Е Таблиця]
    45' Тау - Каннара [ІТАЛІЯ: Серія D - Група Е Таблиця]
    45' Джуліанова - Кастельфідардо [ІТАЛІЯ: Серія D - Група F Таблиця]
    45' Кальчо К'єті - Уніпомеція [ІТАЛІЯ: Серія D - Група F Таблиця]
    45' Терамо - Термолі [ІТАЛІЯ: Серія D - Група F Таблиця]
    45' Атл. Лоджіані - Ночеріна [ІТАЛІЯ: Серія D - Група G Таблиця]
    45' Латте Дольче - Пальмезе 1914 [ІТАЛІЯ: Серія D - Група G Таблиця]
    45' Саррабус Ольястра - Будоні [ІТАЛІЯ: Серія D - Група G Таблиця]
    42' Ferrandina - Гравіна [ІТАЛІЯ: Серія D - Група H Таблиця]
    42' Барлетта - Чітта ді Фазано [ІТАЛІЯ: Серія D - Група H Таблиця]
    42' Сарнезе - АКД Нардо [ІТАЛІЯ: Серія D - Група H Таблиця]
    45' АС Ачіреале - Нісса [ІТАЛІЯ: Серія D - Група І Таблиця]
    45' Джела - Реджина 1914 [ІТАЛІЯ: Серія D - Група І Таблиця]
    45' Мессіна - Рагуза [ІТАЛІЯ: Серія D - Група І Таблиця]
    45' Патерно - Мілаццо [ІТАЛІЯ: Серія D - Група І Таблиця]
    45' Санкатальдезе - Джельбісон [ІТАЛІЯ: Серія D - Група І Таблиця]
    42' Енна - Самб'язе [ІТАЛІЯ: Серія D - Група І Таблиця]
    12' Роданж - Уньйон Тітус Петанж [ЛЮКСЕМБУРГ: Ліга БГЛ Таблиця]
    12' УНА Штрассен - Расінг Люксембург [ЛЮКСЕМБУРГ: Ліга БГЛ Таблиця]
    12' Шейд - Юнкерен [НОРВЕГІЯ: Дивізіон 2 - Група 2 Таблиця]
    12' Шервей - Тромсе 2 [НОРВЕГІЯ: Дивізіон 3 - Група 5 Таблиця]
    17' Дубай Сіті - Аль-Хамрія [ОБ’ЄДНАНІ АРАБСЬКІ ЕМІРАТИ: Дивізіон 1 Таблиця]
    17' Аль-Наср U23 - Аль-Дафра U23 [ОБ’ЄДНАНІ АРАБСЬКІ ЕМІРАТИ: Про-ліга U23 Таблиця]
    12' Гутнік Краків - Клечев [ПОЛЬЩА: Дивізіон 2 Таблиця]
    12' Спортінг К. - Атлетико [ПОРТУГАЛІЯ: Ліга 3 - Група вибування Таблиця]
    12' Ротор В. - Саратов [РОСІЯ: ФНЛ Таблиця]
    45' Космос - Пеннаросса [САН-МАРИНО: Чемпіонат Таблиця]
    45' Бурса Їлдірімспор - Галата [ТУРЕЧЧИНА: 3. Ліга - Група 1 Таблиця]
    45' Кестел Чілекспор - Інегол Кафкас [ТУРЕЧЧИНА: 3. Ліга - Група 1 Таблиця]
    45' Сілівріспор - Бурса Нілуфер [ТУРЕЧЧИНА: 3. Ліга - Група 1 Таблиця]
    46' Чанкая - Бейкоз Ісхаклі Спор [ТУРЕЧЧИНА: 3. Ліга - Група 1 Таблиця]
    45' Баликесірспор - Ескішехірспор [ТУРЕЧЧИНА: 3. Ліга - Група 4 Таблиця]
    45' Ескішехір Анадолу - Айваликгюджю [ТУРЕЧЧИНА: 3. Ліга - Група 4 Таблиця]
    45' Ізмір Чорухлу - Ушакспор [ТУРЕЧЧИНА: 3. Ліга - Група 4 Таблиця]
    12' НСІ Рунавік - 07 Вестур Сорвагур [ФАРЕРСЬКІ ОСТРОВИ: Прем'єр-ліга Таблиця]
    12' Стреймур - ХБ Торсхавн [ФАРЕРСЬКІ ОСТРОВИ: Прем'єр-ліга Таблиця]
    12' Дечич - Єдінство [ЧОРНОГОРІЯ: Перша ліга Таблиця]
    12' Іскра - Ловчен [ЧОРНОГОРІЯ: Друга ліга Таблиця]
    12' ФК Подгоріца - Ігало [ЧОРНОГОРІЯ: Друга ліга Таблиця]
    12' Стокгольм Інтернаціонале - Карлстад [ШВЕЦІЯ: Дивізіон 1 - Північ Таблиця]
  Found: 0 candidates, 0 new, 2 permanently skipped

Done: 0 analyzed, 0 actionable, 0 TG sent

🔥 RUN #812: analyzed=0, signals=0
⏳ Next scan in 3m...
[17:14:22] Live scan
  Запуск live-скрапера (після ранкових Telegram, якщо були).
Opening: https://m.flashscore.ua/?s=2 (minute >= 60, 0:0 only)
Provider health [https://m.flashscore.ua/?s=2]: rows=122, 0:0 total=49, candidates=0
  ⏸ 0:0 ще рано (< 60'):
    53' Сандерленд - Тоттенгем [АНГЛІЯ: Прем'єр-ліга Таблиця]
    58' Лаваньєзе - Вадо [ІТАЛІЯ: Серія D - Група А Таблиця]
    45' Про Сесто - Пістоєзе [ІТАЛІЯ: Серія D - Група D Таблиця]
    45' Чіттаделла Віс Модена - Rovato Vertovese [ІТАЛІЯ: Серія D - Група D Таблиця]
    45' Орв'єтана - Скандіччі [ІТАЛІЯ: Серія D - Група Е Таблиця]
    59' Сан-Донато Таварнелле - Гівіборго [ІТАЛІЯ: Серія D - Група Е Таблиця]
    45' Тау - Каннара [ІТАЛІЯ: Серія D - Група Е Таблиця]
    45' Джуліанова - Кастельфідардо [ІТАЛІЯ: Серія D - Група F Таблиця]
    45' Кальчо К'єті - Уніпомеція [ІТАЛІЯ: Серія D - Група F Таблиця]
    45' Терамо - Термолі [ІТАЛІЯ: Серія D - Група F Таблиця]
    45' Атл. Лоджіані - Ночеріна [ІТАЛІЯ: Серія D - Група G Таблиця]
    45' Латте Дольче - Пальмезе 1914 [ІТАЛІЯ: Серія D - Група G Таблиця]
    45' Саррабус Ольястра - Будоні [ІТАЛІЯ: Серія D - Група G Таблиця]
    45' Ferrandina - Гравіна [ІТАЛІЯ: Серія D - Група H Таблиця]
    45' Барлетта - Чітта ді Фазано [ІТАЛІЯ: Серія D - Група H Таблиця]
    45' Сарнезе - АКД Нардо [ІТАЛІЯ: Серія D - Група H Таблиця]
    45' АС Ачіреале - Нісса [ІТАЛІЯ: Серія D - Група І Таблиця]
    45' Джела - Реджина 1914 [ІТАЛІЯ: Серія D - Група І Таблиця]
    45' Мессіна - Рагуза [ІТАЛІЯ: Серія D - Група І Таблиця]
    45' Патерно - Мілаццо [ІТАЛІЯ: Серія D - Група І Таблиця]
    45' Санкатальдезе - Джельбісон [ІТАЛІЯ: Серія D - Група І Таблиця]
    45' Енна - Самб'язе [ІТАЛІЯ: Серія D - Група І Таблиця]
    15' Роданж - Уньйон Тітус Петанж [ЛЮКСЕМБУРГ: Ліга БГЛ Таблиця]
    15' УНА Штрассен - Расінг Люксембург [ЛЮКСЕМБУРГ: Ліга БГЛ Таблиця]
    15' Шейд - Юнкерен [НОРВЕГІЯ: Дивізіон 2 - Група 2 Таблиця]
    15' Шервей - Тромсе 2 [НОРВЕГІЯ: Дивізіон 3 - Група 5 Таблиця]
    20' Дубай Сіті - Аль-Хамрія [ОБ’ЄДНАНІ АРАБСЬКІ ЕМІРАТИ: Дивізіон 1 Таблиця]
    20' Аль-Наср U23 - Аль-Дафра U23 [ОБ’ЄДНАНІ АРАБСЬКІ ЕМІРАТИ: Про-ліга U23 Таблиця]
    15' Гутнік Краків - Клечев [ПОЛЬЩА: Дивізіон 2 Таблиця]
    15' Паредіш - Брага B [ПОРТУГАЛІЯ: Ліга 3 - Група вибування Таблиця]
    15' Сан-Жуан-де-Вер - АД Марку 09 [ПОРТУГАЛІЯ: Ліга 3 - Група вибування Таблиця]
    15' Спортінг К. - Атлетико [ПОРТУГАЛІЯ: Ліга 3 - Група вибування Таблиця]
    15' Ротор В. - Саратов [РОСІЯ: ФНЛ Таблиця]
    47' Космос - Пеннаросса [САН-МАРИНО: Чемпіонат Таблиця]
    48' Бурса Їлдірімспор - Галата [ТУРЕЧЧИНА: 3. Ліга - Група 1 Таблиця]
    48' Кестел Чілекспор - Інегол Кафкас [ТУРЕЧЧИНА: 3. Ліга - Група 1 Таблиця]
    48' Сілівріспор - Бурса Нілуфер [ТУРЕЧЧИНА: 3. Ліга - Група 1 Таблиця]
    48' Чанкая - Бейкоз Ісхаклі Спор [ТУРЕЧЧИНА: 3. Ліга - Група 1 Таблиця]
    47' Баликесірспор - Ескішехірспор [ТУРЕЧЧИНА: 3. Ліга - Група 4 Таблиця]
    47' Ескішехір Анадолу - Айваликгюджю [ТУРЕЧЧИНА: 3. Ліга - Група 4 Таблиця]
    47' Ізмір Чорухлу - Ушакспор [ТУРЕЧЧИНА: 3. Ліга - Група 4 Таблиця]
    15' НСІ Рунавік - 07 Вестур Сорвагур [ФАРЕРСЬКІ ОСТРОВИ: Прем'єр-ліга Таблиця]
    15' Стреймур - ХБ Торсхавн [ФАРЕРСЬКІ ОСТРОВИ: Прем'єр-ліга Таблиця]
    15' Кромержиж B - Скаштіце [ЧЕХІЯ: 4. ліга - Група E Таблиця]
    15' Дечич - Єдінство [ЧОРНОГОРІЯ: Перша ліга Таблиця]
    15' Іскра - Ловчен [ЧОРНОГОРІЯ: Друга ліга Таблиця]
    15' ФК Подгоріца - Ігало [ЧОРНОГОРІЯ: Друга ліга Таблиця]
    15' Стокгольм Інтернаціонале - Карлстад [ШВЕЦІЯ: Дивізіон 1 - Північ Таблиця]
  Found: 0 candidates, 0 new, 2 permanently skipped

Done: 0 analyzed, 0 actionable, 0 TG sent

🔥 RUN #813: analyzed=0, signals=0
⏳ Next scan in 3m...
[17:17:26] Live scan
  Запуск live-скрапера (після ранкових Telegram, якщо були).
Opening: https://m.flashscore.ua/?s=2 (minute >= 60, 0:0 only)
Provider health [https://m.flashscore.ua/?s=2]: rows=122, 0:0 total=49, candidates=2
  ⏸ 0:0 ще рано (< 60'):
    57' Сандерленд - Тоттенгем [АНГЛІЯ: Прем'єр-ліга Таблиця]
    45' Про Сесто - Пістоєзе [ІТАЛІЯ: Серія D - Група D Таблиця]
    45' Чіттаделла Віс Модена - Rovato Vertovese [ІТАЛІЯ: Серія D - Група D Таблиця]
    45' Орв'єтана - Скандіччі [ІТАЛІЯ: Серія D - Група Е Таблиця]
    45' Тау - Каннара [ІТАЛІЯ: Серія D - Група Е Таблиця]
    45' Джуліанова - Кастельфідардо [ІТАЛІЯ: Серія D - Група F Таблиця]
    45' Кальчо К'єті - Уніпомеція [ІТАЛІЯ: Серія D - Група F Таблиця]
    45' Терамо - Термолі [ІТАЛІЯ: Серія D - Група F Таблиця]
    45' Атл. Лоджіані - Ночеріна [ІТАЛІЯ: Серія D - Група G Таблиця]
    45' Латте Дольче - Пальмезе 1914 [ІТАЛІЯ: Серія D - Група G Таблиця]
    45' Саррабус Ольястра - Будоні [ІТАЛІЯ: Серія D - Група G Таблиця]
    45' АС Ачіреале - Нісса [ІТАЛІЯ: Серія D - Група І Таблиця]
    45' Джела - Реджина 1914 [ІТАЛІЯ: Серія D - Група І Таблиця]
    45' Мессіна - Рагуза [ІТАЛІЯ: Серія D - Група І Таблиця]
    45' Патерно - Мілаццо [ІТАЛІЯ: Серія D - Група І Таблиця]
    45' Санкатальдезе - Джельбісон [ІТАЛІЯ: Серія D - Група І Таблиця]
    18' Роданж - Уньйон Тітус Петанж [ЛЮКСЕМБУРГ: Ліга БГЛ Таблиця]
    18' УНА Штрассен - Расінг Люксембург [ЛЮКСЕМБУРГ: Ліга БГЛ Таблиця]
    18' Шейд - Юнкерен [НОРВЕГІЯ: Дивізіон 2 - Група 2 Таблиця]
    18' Шервей - Тромсе 2 [НОРВЕГІЯ: Дивізіон 3 - Група 5 Таблиця]
    23' Дубай Сіті - Аль-Хамрія [ОБ’ЄДНАНІ АРАБСЬКІ ЕМІРАТИ: Дивізіон 1 Таблиця]
    23' Аль-Наср U23 - Аль-Дафра U23 [ОБ’ЄДНАНІ АРАБСЬКІ ЕМІРАТИ: Про-ліга U23 Таблиця]
    18' Гутнік Краків - Клечев [ПОЛЬЩА: Дивізіон 2 Таблиця]
    18' Паредіш - Брага B [ПОРТУГАЛІЯ: Ліга 3 - Група вибування Таблиця]
    18' Сан-Жуан-де-Вер - АД Марку 09 [ПОРТУГАЛІЯ: Ліга 3 - Група вибування Таблиця]
    18' Спортінг К. - Атлетико [ПОРТУГАЛІЯ: Ліга 3 - Група вибування Таблиця]
    18' Ротор В. - Саратов [РОСІЯ: ФНЛ Таблиця]
    50' Космос - Пеннаросса [САН-МАРИНО: Чемпіонат Таблиця]
    52' Бурса Їлдірімспор - Галата [ТУРЕЧЧИНА: 3. Ліга - Група 1 Таблиця]
    52' Кестел Чілекспор - Інегол Кафкас [ТУРЕЧЧИНА: 3. Ліга - Група 1 Таблиця]
    52' Сілівріспор - Бурса Нілуфер [ТУРЕЧЧИНА: 3. Ліга - Група 1 Таблиця]
    52' Чанкая - Бейкоз Ісхаклі Спор [ТУРЕЧЧИНА: 3. Ліга - Група 1 Таблиця]
    50' Баликесірспор - Ескішехірспор [ТУРЕЧЧИНА: 3. Ліга - Група 4 Таблиця]
    50' Ескішехір Анадолу - Айваликгюджю [ТУРЕЧЧИНА: 3. Ліга - Група 4 Таблиця]
    50' Ізмір Чорухлу - Ушакспор [ТУРЕЧЧИНА: 3. Ліга - Група 4 Таблиця]
    18' НСІ Рунавік - 07 Вестур Сорвагур [ФАРЕРСЬКІ ОСТРОВИ: Прем'єр-ліга Таблиця]
    18' Стреймур - ХБ Торсхавн [ФАРЕРСЬКІ ОСТРОВИ: Прем'єр-ліга Таблиця]
    18' Кромержиж B - Скаштіце [ЧЕХІЯ: 4. ліга - Група E Таблиця]
    18' Дечич - Єдінство [ЧОРНОГОРІЯ: Перша ліга Таблиця]
    18' Іскра - Ловчен [ЧОРНОГОРІЯ: Друга ліга Таблиця]
    18' ФК Подгоріца - Ігало [ЧОРНОГОРІЯ: Друга ліга Таблиця]
    18' Стокгольм Інтернаціонале - Карлстад [ШВЕЦІЯ: Дивізіон 1 - Північ Таблиця]
  ✔ 61' Лаваньєзе - Вадо [ІТАЛІЯ: Серія D - Група А Таблиця] id=fmua1lfl
  ✔ 62' Сан-Донато Таварнелле - Гівіборго [ІТАЛІЯ: Серія D - Група Е Таблиця] id=Q5vosRiR
  Found: 2 candidates, 2 new, 2 permanently skipped

→ Лаваньєзе - Вадо (61') [ІТАЛІЯ: Серія D - Група А Таблиця]

→ Сан-Донато Таварнелле - Гівіборго (62') [ІТАЛІЯ: Серія D - Група Е Таблиця]
  Кф 1X2: 2.69 / 3.21 / 2.59
  Кф 1X2: 4.03 / 3.52 / 1.86
  Desktop: https://www.flashscore.ua/match/soccer/ghiviborgo-YXAbleXg/san-donato-tavarnelle-WCVXF9em/?mid=Q5vosRiR
  Desktop: https://www.flashscore.ua/match/soccer/lavagnese-8rnRptZE/vado-8WeFoDPP/?mid=fmua1lfl
  [stats] Q5vosRiR overall: no data-testid (old=0, any=0, body=148363)
  [stats] fmua1lfl overall: no data-testid (old=0, any=0, body=148216)
  [stats] Q5vosRiR secondHalf: no data-testid (old=0, any=0, body=148363)
  [stats] fmua1lfl secondHalf: no data-testid (old=0, any=0, body=148216)
  [stats] Q5vosRiR → unavailable, 0 metrics
  [stats] fmua1lfl → unavailable, 0 metrics
  Features: quality=0, primary=0, status=unavailable
  ✗ No stats at all → permanent skip
  Features: quality=0, primary=0, status=unavailable
  ✗ No stats at all → permanent skip

Done: 0 analyzed, 0 actionable, 0 TG sent

🔥 RUN #814: analyzed=0, signals=0
Message sent to Telegram
⏳ Next scan in 3m...
[17:21:07] Live scan
  Запуск live-скрапера (після ранкових Telegram, якщо були).
Opening: https://m.flashscore.ua/?s=2 (minute >= 60, 0:0 only)
Provider health [https://m.flashscore.ua/?s=2]: rows=131, 0:0 total=41, candidates=2
  ⏸ 0:0 ще рано (< 60'):
    22' Баракальдо - Арентейро [ІСПАНІЯ: Прімера КІФФ - Група 1 Таблиця]
    22' Талавера - Самора [ІСПАНІЯ: Прімера КІФФ - Група 1 Таблиця]
    22' Уніоністас де Саламанка - Гвадалахара [ІСПАНІЯ: Прімера КІФФ - Група 1 Таблиця]
    49' Про Сесто - Пістоєзе [ІТАЛІЯ: Серія D - Група D Таблиця]
    49' Чіттаделла Віс Модена - Rovato Vertovese [ІТАЛІЯ: Серія D - Група D Таблиця]
    45' Орв'єтана - Скандіччі [ІТАЛІЯ: Серія D - Група Е Таблиця]
    49' Тау - Каннара [ІТАЛІЯ: Серія D - Група Е Таблиця]
    45' Джуліанова - Кастельфідардо [ІТАЛІЯ: Серія D - Група F Таблиця]
    49' Кальчо К'єті - Уніпомеція [ІТАЛІЯ: Серія D - Група F Таблиця]
    49' Терамо - Термолі [ІТАЛІЯ: Серія D - Група F Таблиця]
    22' Саммаурезе - Л'Аквіла [ІТАЛІЯ: Серія D - Група F Таблиця]
    49' Атл. Лоджіані - Ночеріна [ІТАЛІЯ: Серія D - Група G Таблиця]
    45' Саррабус Ольястра - Будоні [ІТАЛІЯ: Серія D - Група G Таблиця]
    45' Сарнезе - АКД Нардо [ІТАЛІЯ: Серія D - Група H Таблиця]
    22' Манфредонія - СС Нола 1925 [ІТАЛІЯ: Серія D - Група H Таблиця]
    47' АС Ачіреале - Нісса [ІТАЛІЯ: Серія D - Група І Таблиця]
    49' Джела - Реджина 1914 [ІТАЛІЯ: Серія D - Група І Таблиця]
    49' Мессіна - Рагуза [ІТАЛІЯ: Серія D - Група І Таблиця]
    47' Патерно - Мілаццо [ІТАЛІЯ: Серія D - Група І Таблиця]
    49' Санкатальдезе - Джельбісон [ІТАЛІЯ: Серія D - Група І Таблиця]
    22' Роданж - Уньйон Тітус Петанж [ЛЮКСЕМБУРГ: Ліга БГЛ Таблиця]
    22' УНА Штрассен - Расінг Люксембург [ЛЮКСЕМБУРГ: Ліга БГЛ Таблиця]
    22' Арендал - Б'ярг [НОРВЕГІЯ: Дивізіон 2 - Група 1 Таблиця]
    22' Шервей - Тромсе 2 [НОРВЕГІЯ: Дивізіон 3 - Група 5 Таблиця]
    27' Аль-Наср U23 - Аль-Дафра U23 [ОБ’ЄДНАНІ АРАБСЬКІ ЕМІРАТИ: Про-ліга U23 Таблиця]
    22' Сан-Жуан-де-Вер - АД Марку 09 [ПОРТУГАЛІЯ: Ліга 3 - Група вибування Таблиця]
    22' Спортінг К. - Атлетико [ПОРТУГАЛІЯ: Ліга 3 - Група вибування Таблиця]
    54' Космос - Пеннаросса [САН-МАРИНО: Чемпіонат Таблиця]
    55' Бурса Їлдірімспор - Галата [ТУРЕЧЧИНА: 3. Ліга - Група 1 Таблиця]
    55' Чанкая - Бейкоз Ісхаклі Спор [ТУРЕЧЧИНА: 3. Ліга - Група 1 Таблиця]
    54' Ескішехір Анадолу - Айваликгюджю [ТУРЕЧЧИНА: 3. Ліга - Група 4 Таблиця]
    22' НСІ Рунавік - 07 Вестур Сорвагур [ФАРЕРСЬКІ ОСТРОВИ: Прем'єр-ліга Таблиця]
    22' Стреймур - ХБ Торсхавн [ФАРЕРСЬКІ ОСТРОВИ: Прем'єр-ліга Таблиця]
    22' Дечич - Єдінство [ЧОРНОГОРІЯ: Перша ліга Таблиця]
    22' Іскра - Ловчен [ЧОРНОГОРІЯ: Друга ліга Таблиця]
    22' ФК Подгоріца - Ігало [ЧОРНОГОРІЯ: Друга ліга Таблиця]
    22' Стокгольм Інтернаціонале - Карлстад [ШВЕЦІЯ: Дивізіон 1 - Північ Таблиця]
  ✔ 61' Сандерленд - Тоттенгем [АНГЛІЯ: Прем'єр-ліга Таблиця] id=pxlmliDE
  ✔ 66' Сан-Донато Таварнелле - Гівіборго [ІТАЛІЯ: Серія D - Група Е Таблиця] id=Q5vosRiR
  Found: 2 candidates, 1 new, 4 permanently skipped

→ Сандерленд - Тоттенгем (61') [АНГЛІЯ: Прем'єр-ліга Таблиця]
  Кф 1X2: 3.13 / 3.33 / 2.43
  Desktop: https://www.flashscore.ua/match/soccer/sunderland-WSzc94ws/tottenham-UDg08Ohm/?mid=pxlmliDE
  [stats] pxlmliDE → both, 31 metrics
  Features: quality=1, primary=6, status=both
  Score (windowed): pGoal=0.235, pDry=0.765 | 60-70 → UNDER_0_5 [TG]
Message sent to Telegram
  ✓ Telegram sent

Done: 1 analyzed, 1 actionable, 1 TG sent
📌 Tracking 1 active prediction(s)

🔥 RUN #815: analyzed=1, signals=1
⏳ Next scan in 3m...
[17:24:20] Live scan
  Запуск live-скрапера (після ранкових Telegram, якщо були).
Opening: https://m.flashscore.ua/?s=2 (minute >= 60, 0:0 only)
Provider health [https://m.flashscore.ua/?s=2]: rows=128, 0:0 total=36, candidates=0
  ⏸ 0:0 ще рано (< 60'):
    24' Талавера - Самора [ІСПАНІЯ: Прімера КІФФ - Група 1 Таблиця]
    24' Уніоністас де Саламанка - Гвадалахара [ІСПАНІЯ: Прімера КІФФ - Група 1 Таблиця]
    52' Про Сесто - Пістоєзе [ІТАЛІЯ: Серія D - Група D Таблиця]
    52' Чіттаделла Віс Модена - Rovato Vertovese [ІТАЛІЯ: Серія D - Група D Таблиця]
    45' Орв'єтана - Скандіччі [ІТАЛІЯ: Серія D - Група Е Таблиця]
    52' Тау - Каннара [ІТАЛІЯ: Серія D - Група Е Таблиця]
    45' Джуліанова - Кастельфідардо [ІТАЛІЯ: Серія D - Група F Таблиця]
    52' Кальчо К'єті - Уніпомеція [ІТАЛІЯ: Серія D - Група F Таблиця]
    52' Терамо - Термолі [ІТАЛІЯ: Серія D - Група F Таблиця]
    24' Саммаурезе - Л'Аквіла [ІТАЛІЯ: Серія D - Група F Таблиця]
    52' Атл. Лоджіані - Ночеріна [ІТАЛІЯ: Серія D - Група G Таблиця]
    45' Саррабус Ольястра - Будоні [ІТАЛІЯ: Серія D - Група G Таблиця]
    45' Сарнезе - АКД Нардо [ІТАЛІЯ: Серія D - Група H Таблиця]
    24' Манфредонія - СС Нола 1925 [ІТАЛІЯ: Серія D - Група H Таблиця]
    50' АС Ачіреале - Нісса [ІТАЛІЯ: Серія D - Група І Таблиця]
    52' Джела - Реджина 1914 [ІТАЛІЯ: Серія D - Група І Таблиця]
    52' Мессіна - Рагуза [ІТАЛІЯ: Серія D - Група І Таблиця]
    50' Патерно - Мілаццо [ІТАЛІЯ: Серія D - Група І Таблиця]
    52' Санкатальдезе - Джельбісон [ІТАЛІЯ: Серія D - Група І Таблиця]
    24' Роданж - Уньйон Тітус Петанж [ЛЮКСЕМБУРГ: Ліга БГЛ Таблиця]
    24' УНА Штрассен - Расінг Люксембург [ЛЮКСЕМБУРГ: Ліга БГЛ Таблиця]
    24' Арендал - Б'ярг [НОРВЕГІЯ: Дивізіон 2 - Група 1 Таблиця]
    24' Шервей - Тромсе 2 [НОРВЕГІЯ: Дивізіон 3 - Група 5 Таблиця]
    24' Сан-Жуан-де-Вер - АД Марку 09 [ПОРТУГАЛІЯ: Ліга 3 - Група вибування Таблиця]
    57' Космос - Пеннаросса [САН-МАРИНО: Чемпіонат Таблиця]
    58' Бурса Їлдірімспор - Галата [ТУРЕЧЧИНА: 3. Ліга - Група 1 Таблиця]
    58' Чанкая - Бейкоз Ісхаклі Спор [ТУРЕЧЧИНА: 3. Ліга - Група 1 Таблиця]
    57' Ескішехір Анадолу - Айваликгюджю [ТУРЕЧЧИНА: 3. Ліга - Група 4 Таблиця]
    24' НСІ Рунавік - 07 Вестур Сорвагур [ФАРЕРСЬКІ ОСТРОВИ: Прем'єр-ліга Таблиця]
    24' Стреймур - ХБ Торсхавн [ФАРЕРСЬКІ ОСТРОВИ: Прем'єр-ліга Таблиця]
    24' Дечич - Єдінство [ЧОРНОГОРІЯ: Перша ліга Таблиця]
    24' Іскра - Ловчен [ЧОРНОГОРІЯ: Друга ліга Таблиця]
    24' ФК Подгоріца - Ігало [ЧОРНОГОРІЯ: Друга ліга Таблиця]
    24' Стокгольм Інтернаціонале - Карлстад [ШВЕЦІЯ: Дивізіон 1 - Північ Таблиця]
  Found: 0 candidates, 0 new, 4 permanently skipped

Done: 0 analyzed, 0 actionable, 0 TG sent

🔍 Checking 1 possibly finished match(es)...
  ⚽ Сандерленд - Тоттенгем: 1:0 [GOAL→resolved] → ТМ:❌
Message sent to Telegram
  ✓ Telegram result sent (1:0 (ще триває, гол вирішив))

🔥 RUN #816: analyzed=0, signals=0
⏳ Next scan in 3m...
[17:27:26] Live scan
  Запуск live-скрапера (після ранкових Telegram, якщо були).
Opening: https://m.flashscore.ua/?s=2 (minute >= 60, 0:0 only)
Provider health [https://m.flashscore.ua/?s=2]: rows=125, 0:0 total=34, candidates=4
  ⏸ 0:0 ще рано (< 60'):
    27' Талавера - Самора [ІСПАНІЯ: Прімера КІФФ - Група 1 Таблиця]
    27' Уніоністас де Саламанка - Гвадалахара [ІСПАНІЯ: Прімера КІФФ - Група 1 Таблиця]
    55' Про Сесто - Пістоєзе [ІТАЛІЯ: Серія D - Група D Таблиця]
    55' Чіттаделла Віс Модена - Rovato Vertovese [ІТАЛІЯ: Серія D - Група D Таблиця]
    45' Орв'єтана - Скандіччі [ІТАЛІЯ: Серія D - Група Е Таблиця]
    55' Тау - Каннара [ІТАЛІЯ: Серія D - Група Е Таблиця]
    45' Джуліанова - Кастельфідардо [ІТАЛІЯ: Серія D - Група F Таблиця]
    55' Кальчо К'єті - Уніпомеція [ІТАЛІЯ: Серія D - Група F Таблиця]
    55' Терамо - Термолі [ІТАЛІЯ: Серія D - Група F Таблиця]
    27' Саммаурезе - Л'Аквіла [ІТАЛІЯ: Серія D - Група F Таблиця]
    55' Атл. Лоджіані - Ночеріна [ІТАЛІЯ: Серія D - Група G Таблиця]
    45' Сарнезе - АКД Нардо [ІТАЛІЯ: Серія D - Група H Таблиця]
    27' Манфредонія - СС Нола 1925 [ІТАЛІЯ: Серія D - Група H Таблиця]
    53' АС Ачіреале - Нісса [ІТАЛІЯ: Серія D - Група І Таблиця]
    55' Джела - Реджина 1914 [ІТАЛІЯ: Серія D - Група І Таблиця]
    55' Мессіна - Рагуза [ІТАЛІЯ: Серія D - Група І Таблиця]
    53' Патерно - Мілаццо [ІТАЛІЯ: Серія D - Група І Таблиця]
    55' Санкатальдезе - Джельбісон [ІТАЛІЯ: Серія D - Група І Таблиця]
    27' Роданж - Уньйон Тітус Петанж [ЛЮКСЕМБУРГ: Ліга БГЛ Таблиця]
    27' УНА Штрассен - Расінг Люксембург [ЛЮКСЕМБУРГ: Ліга БГЛ Таблиця]
    27' Арендал - Б'ярг [НОРВЕГІЯ: Дивізіон 2 - Група 1 Таблиця]
    27' Шервей - Тромсе 2 [НОРВЕГІЯ: Дивізіон 3 - Група 5 Таблиця]
    27' Сан-Жуан-де-Вер - АД Марку 09 [ПОРТУГАЛІЯ: Ліга 3 - Група вибування Таблиця]
    27' НСІ Рунавік - 07 Вестур Сорвагур [ФАРЕРСЬКІ ОСТРОВИ: Прем'єр-ліга Таблиця]
    27' Стреймур - ХБ Торсхавн [ФАРЕРСЬКІ ОСТРОВИ: Прем'єр-ліга Таблиця]
    27' Дечич - Єдінство [ЧОРНОГОРІЯ: Перша ліга Таблиця]
    27' Іскра - Ловчен [ЧОРНОГОРІЯ: Друга ліга Таблиця]
    27' ФК Подгоріца - Ігало [ЧОРНОГОРІЯ: Друга ліга Таблиця]
    27' Стокгольм Інтернаціонале - Карлстад [ШВЕЦІЯ: Дивізіон 1 - Північ Таблиця]
  ✔ 60' Космос - Пеннаросса [САН-МАРИНО: Чемпіонат Таблиця] id=8vLQtDEF
  ✔ 61' Бурса Їлдірімспор - Галата [ТУРЕЧЧИНА: 3. Ліга - Група 1 Таблиця] id=EsuIqvRF
  ✔ 61' Чанкая - Бейкоз Ісхаклі Спор [ТУРЕЧЧИНА: 3. Ліга - Група 1 Таблиця] id=6gaVjeYr
  ✔ 60' Ескішехір Анадолу - Айваликгюджю [ТУРЕЧЧИНА: 3. Ліга - Група 4 Таблиця] id=8Ycu0Xu0
  Found: 4 candidates, 4 new, 4 permanently skipped

→ Космос - Пеннаросса (60') [САН-МАРИНО: Чемпіонат Таблиця]

→ Бурса Їлдірімспор - Галата (61') [ТУРЕЧЧИНА: 3. Ліга - Група 1 Таблиця]
  Кф 1X2: 1.72 / 3.95 / 4.27
  Кф 1X2: 1.68 / 3.38 / 4.75
  Desktop: https://www.flashscore.ua/match/soccer/bursa-yildirimspor-d80RJL4i/galata-spor-kulubu-As8cF91M/?mid=EsuIqvRF
  Desktop: https://www.flashscore.ua/match/soccer/sp-cosmos-A1dhkqDS/ss-pennarossa-6DHgkGdl/?mid=8vLQtDEF
  [stats] EsuIqvRF overall: no data-testid (old=0, any=0, body=148256)
  [stats] 8vLQtDEF overall: no data-testid (old=0, any=0, body=148196)
  [stats] 8vLQtDEF secondHalf: no data-testid (old=0, any=0, body=148196)
  [stats] EsuIqvRF secondHalf: no data-testid (old=0, any=0, body=148256)
  [stats] EsuIqvRF → unavailable, 0 metrics
  [stats] 8vLQtDEF → unavailable, 0 metrics
  Features: quality=0, primary=0, status=unavailable
  ✗ No stats at all → permanent skip

→ Чанкая - Бейкоз Ісхаклі Спор (61') [ТУРЕЧЧИНА: 3. Ліга - Група 1 Таблиця]
  Features: quality=0, primary=0, status=unavailable
  ✗ No stats at all → permanent skip

→ Ескішехір Анадолу - Айваликгюджю (60') [ТУРЕЧЧИНА: 3. Ліга - Група 4 Таблиця]
  Кф 1X2: 3.88 / 2.81 / 2.05
  Кф 1X2: 1.54 / 3.26 / 6.88
  Desktop: https://www.flashscore.ua/match/soccer/ayvalikgucu-Q3SE3Myj/eskisehir-anadolu-l0m5IQTR/?mid=8Ycu0Xu0
  Desktop: https://www.flashscore.ua/match/soccer/beykoz-ishakli-spor-z9HKE9fK/cankaya-fk-bPv26khU/?mid=6gaVjeYr
  [stats] 8Ycu0Xu0 overall: no data-testid (old=0, any=0, body=148363)
  [stats] 6gaVjeYr overall: no data-testid (old=0, any=0, body=148312)
  [stats] 8Ycu0Xu0 secondHalf: no data-testid (old=0, any=0, body=148363)
  [stats] 6gaVjeYr secondHalf: no data-testid (old=0, any=0, body=148312)
  [stats] 8Ycu0Xu0 → unavailable, 0 metrics
  [stats] 6gaVjeYr → unavailable, 0 metrics
  Features: quality=0, primary=0, status=unavailable
  ✗ No stats at all → permanent skip
  Features: quality=0, primary=0, status=unavailable
  ✗ No stats at all → permanent skip

Done: 0 analyzed, 0 actionable, 0 TG sent

🔥 RUN #817: analyzed=0, signals=0
⏳ Next scan in 3m...
[17:31:42] Live scan
  Запуск live-скрапера (після ранкових Telegram, якщо були).
Opening: https://m.flashscore.ua/?s=2 (minute >= 60, 0:0 only)
Provider health [https://m.flashscore.ua/?s=2]: rows=127, 0:0 total=38, candidates=4
  ⏸ 0:0 ще рано (< 60'):
    2' Литва U19 W - Фарерські острови U19 W [ЄВРОПА: Євро U19 (Жінки) - Кваліфікація - Раунд 2 - Ліга B Таблиця]
    32' Талавера - Самора [ІСПАНІЯ: Прімера КІФФ - Група 1 Таблиця]
    32' Уніоністас де Саламанка - Гвадалахара [ІСПАНІЯ: Прімера КІФФ - Група 1 Таблиця]
    59' Про Сесто - Пістоєзе [ІТАЛІЯ: Серія D - Група D Таблиця]
    59' Чіттаделла Віс Модена - Rovato Vertovese [ІТАЛІЯ: Серія D - Група D Таблиця]
    45' Орв'єтана - Скандіччі [ІТАЛІЯ: Серія D - Група Е Таблиця]
    59' Тау - Каннара [ІТАЛІЯ: Серія D - Група Е Таблиця]
    45' Джуліанова - Кастельфідардо [ІТАЛІЯ: Серія D - Група F Таблиця]
    59' Кальчо К'єті - Уніпомеція [ІТАЛІЯ: Серія D - Група F Таблиця]
    59' Терамо - Термолі [ІТАЛІЯ: Серія D - Група F Таблиця]
    32' Саммаурезе - Л'Аквіла [ІТАЛІЯ: Серія D - Група F Таблиця]
    59' Атл. Лоджіані - Ночеріна [ІТАЛІЯ: Серія D - Група G Таблиця]
    45' Сарнезе - АКД Нардо [ІТАЛІЯ: Серія D - Група H Таблиця]
    32' Манфредонія - СС Нола 1925 [ІТАЛІЯ: Серія D - Група H Таблиця]
    57' АС Ачіреале - Нісса [ІТАЛІЯ: Серія D - Група І Таблиця]
    59' Джела - Реджина 1914 [ІТАЛІЯ: Серія D - Група І Таблиця]
    58' Патерно - Мілаццо [ІТАЛІЯ: Серія D - Група І Таблиця]
    59' Санкатальдезе - Джельбісон [ІТАЛІЯ: Серія D - Група І Таблиця]
    45' Енна - Самб'язе [ІТАЛІЯ: Серія D - Група І Таблиця]
    32' Роданж - Уньйон Тітус Петанж [ЛЮКСЕМБУРГ: Ліга БГЛ Таблиця]
    32' УНА Штрассен - Расінг Люксембург [ЛЮКСЕМБУРГ: Ліга БГЛ Таблиця]
    32' Арендал - Б'ярг [НОРВЕГІЯ: Дивізіон 2 - Група 1 Таблиця]
    32' Шервей - Тромсе 2 [НОРВЕГІЯ: Дивізіон 3 - Група 5 Таблиця]
    2' Лейшоеш - Олівейренсе [ПОРТУГАЛІЯ: Ліга Португалії 2 Таблиця]
    32' Сан-Жуан-де-Вер - АД Марку 09 [ПОРТУГАЛІЯ: Ліга 3 - Група вибування Таблиця]
    32' НСІ Рунавік - 07 Вестур Сорвагур [ФАРЕРСЬКІ ОСТРОВИ: Прем'єр-ліга Таблиця]
    32' Стреймур - ХБ Торсхавн [ФАРЕРСЬКІ ОСТРОВИ: Прем'єр-ліга Таблиця]
    2' Часлав - Глінско [ЧЕХІЯ: 4. ліга - Група C Таблиця]
    32' Дечич - Єдінство [ЧОРНОГОРІЯ: Перша ліга Таблиця]
    32' Іскра - Ловчен [ЧОРНОГОРІЯ: Друга ліга Таблиця]
    32' ФК Подгоріца - Ігало [ЧОРНОГОРІЯ: Друга ліга Таблиця]
    2' Сьон - Лозанна [ШВЕЙЦАРІЯ: Суперліга Таблиця]
    2' Янг Бойз - Серветт [ШВЕЙЦАРІЯ: Суперліга Таблиця]
    32' Стокгольм Інтернаціонале - Карлстад [ШВЕЦІЯ: Дивізіон 1 - Північ Таблиця]
  ✔ 65' Космос - Пеннаросса [САН-МАРИНО: Чемпіонат Таблиця] id=8vLQtDEF
  ✔ 66' Бурса Їлдірімспор - Галата [ТУРЕЧЧИНА: 3. Ліга - Група 1 Таблиця] id=EsuIqvRF
  ✔ 66' Чанкая - Бейкоз Ісхаклі Спор [ТУРЕЧЧИНА: 3. Ліга - Група 1 Таблиця] id=6gaVjeYr
  ✔ 69' Ескішехір Анадолу - Айваликгюджю [ТУРЕЧЧИНА: 3. Ліга - Група 4 Таблиця] id=8Ycu0Xu0
  Found: 4 candidates, 0 new, 8 permanently skipped

Done: 0 analyzed, 0 actionable, 0 TG sent

🔥 RUN #818: analyzed=0, signals=0
⏳ Next scan in 3m...
[17:34:46] Live scan
  Запуск live-скрапера (після ранкових Telegram, якщо були).
Opening: https://m.flashscore.ua/?s=2 (minute >= 60, 0:0 only)
Provider health [https://m.flashscore.ua/?s=2]: rows=131, 0:0 total=40, candidates=14
  ⏸ 0:0 ще рано (< 60'):
    5' ТОСК Тешань - НК Вітез [БОСНІЯ ТА ГЕРЦЕГОВИНА: Перша ліга - ФБіГ Таблиця]
    5' Литва U19 W - Фарерські острови U19 W [ЄВРОПА: Євро U19 (Жінки) - Кваліфікація - Раунд 2 - Ліга B Таблиця]
    35' Талавера - Самора [ІСПАНІЯ: Прімера КІФФ - Група 1 Таблиця]
    35' Уніоністас де Саламанка - Гвадалахара [ІСПАНІЯ: Прімера КІФФ - Група 1 Таблиця]
    5' Тревізо - Конельяно [ІТАЛІЯ: Серія D - Група С Таблиця]
    47' Орв'єтана - Скандіччі [ІТАЛІЯ: Серія D - Група Е Таблиця]
    45' Джуліанова - Кастельфідардо [ІТАЛІЯ: Серія D - Група F Таблиця]
    35' Саммаурезе - Л'Аквіла [ІТАЛІЯ: Серія D - Група F Таблиця]
    45' Сарнезе - АКД Нардо [ІТАЛІЯ: Серія D - Група H Таблиця]
    35' Манфредонія - СС Нола 1925 [ІТАЛІЯ: Серія D - Група H Таблиця]
    45' Енна - Самб'язе [ІТАЛІЯ: Серія D - Група І Таблиця]
    35' Роданж - Уньйон Тітус Петанж [ЛЮКСЕМБУРГ: Ліга БГЛ Таблиця]
    35' УНА Штрассен - Расінг Люксембург [ЛЮКСЕМБУРГ: Ліга БГЛ Таблиця]
    35' Шервей - Тромсе 2 [НОРВЕГІЯ: Дивізіон 3 - Група 5 Таблиця]
    5' Лейшоеш - Олівейренсе [ПОРТУГАЛІЯ: Ліга Португалії 2 Таблиця]
    35' Сан-Жуан-де-Вер - АД Марку 09 [ПОРТУГАЛІЯ: Ліга 3 - Група вибування Таблиця]
    5' Celoricense - Машіку [ПОРТУГАЛІЯ: Чемпіонат Португалії - Група A Таблиця]
    35' НСІ Рунавік - 07 Вестур Сорвагур [ФАРЕРСЬКІ ОСТРОВИ: Прем'єр-ліга Таблиця]
    35' Стреймур - ХБ Торсхавн [ФАРЕРСЬКІ ОСТРОВИ: Прем'єр-ліга Таблиця]
    5' Трутнов - Космоноси [ЧЕХІЯ: 4. ліга - Група C Таблиця]
    5' Часлав - Глінско [ЧЕХІЯ: 4. ліга - Група C Таблиця]
    35' Дечич - Єдінство [ЧОРНОГОРІЯ: Перша ліга Таблиця]
    35' Іскра - Ловчен [ЧОРНОГОРІЯ: Друга ліга Таблиця]
    5' Сьон - Лозанна [ШВЕЙЦАРІЯ: Суперліга Таблиця]
    5' Янг Бойз - Серветт [ШВЕЙЦАРІЯ: Суперліга Таблиця]
    35' Стокгольм Інтернаціонале - Карлстад [ШВЕЦІЯ: Дивізіон 1 - Північ Таблиця]
  ✔ 63' Про Сесто - Пістоєзе [ІТАЛІЯ: Серія D - Група D Таблиця] id=Sr8fkBWs
  ✔ 63' Чіттаделла Віс Модена - Rovato Vertovese [ІТАЛІЯ: Серія D - Група D Таблиця] id=6VERoxQk
  ✔ 63' Тау - Каннара [ІТАЛІЯ: Серія D - Група Е Таблиця] id=C2CYXMED
  ✔ 63' Кальчо К'єті - Уніпомеція [ІТАЛІЯ: Серія D - Група F Таблиця] id=Qi9Di4P7
  ✔ 63' Терамо - Термолі [ІТАЛІЯ: Серія D - Група F Таблиця] id=SKiEMOOs
  ✔ 63' Атл. Лоджіані - Ночеріна [ІТАЛІЯ: Серія D - Група G Таблиця] id=lIfoTtfd
  ✔ 61' АС Ачіреале - Нісса [ІТАЛІЯ: Серія D - Група І Таблиця] id=SUbZ4N87
  ✔ 63' Джела - Реджина 1914 [ІТАЛІЯ: Серія D - Група І Таблиця] id=fyiLSQ0E
  ✔ 61' Патерно - Мілаццо [ІТАЛІЯ: Серія D - Група І Таблиця] id=lbSGH0hD
  ✔ 63' Санкатальдезе - Джельбісон [ІТАЛІЯ: Серія D - Група І Таблиця] id=Ug53u4pK
  ✔ 68' Космос - Пеннаросса [САН-МАРИНО: Чемпіонат Таблиця] id=8vLQtDEF
  ✔ 69' Бурса Їлдірімспор - Галата [ТУРЕЧЧИНА: 3. Ліга - Група 1 Таблиця] id=EsuIqvRF
  ✔ 69' Чанкая - Бейкоз Ісхаклі Спор [ТУРЕЧЧИНА: 3. Ліга - Група 1 Таблиця] id=6gaVjeYr
  ✔ 73' Ескішехір Анадолу - Айваликгюджю [ТУРЕЧЧИНА: 3. Ліга - Група 4 Таблиця] id=8Ycu0Xu0
  Found: 14 candidates, 10 new, 8 permanently skipped

→ Про Сесто - Пістоєзе (63') [ІТАЛІЯ: Серія D - Група D Таблиця]

→ Чіттаделла Віс Модена - Rovato Vertovese (63') [ІТАЛІЯ: Серія D - Група D Таблиця]
  Кф 1X2: 4 / 3.49 / 1.88
  Кф 1X2: 2.1 / 3.14 / 3.66
  Desktop: https://www.flashscore.ua/match/soccer/cittadella-vis-modena-ETwYXZnD/rovato-vertovese-U3WV27Bc/?mid=6VERoxQk
  Desktop: https://www.flashscore.ua/match/soccer/pistoiese-v10H6bJI/pro-sesto-CSJD7vLs/?mid=Sr8fkBWs
  [stats] 6VERoxQk overall: no data-testid (old=0, any=0, body=148448)
  [stats] Sr8fkBWs overall: no data-testid (old=0, any=0, body=148312)
  [stats] 6VERoxQk secondHalf: no data-testid (old=0, any=0, body=148448)
  [stats] Sr8fkBWs secondHalf: no data-testid (old=0, any=0, body=148312)
  [stats] 6VERoxQk → unavailable, 0 metrics
  [stats] Sr8fkBWs → unavailable, 0 metrics
  Features: quality=0, primary=0, status=unavailable
  ✗ No stats at all → permanent skip

→ Тау - Каннара (63') [ІТАЛІЯ: Серія D - Група Е Таблиця]
  Features: quality=0, primary=0, status=unavailable
  ✗ No stats at all → permanent skip

→ Кальчо К'єті - Уніпомеція (63') [ІТАЛІЯ: Серія D - Група F Таблиця]
  Кф 1X2: 1.5 / 4.24 / 5.95
  Кф 1X2: 3.1 / 3.36 / 2.23
  Desktop: https://www.flashscore.ua/match/soccer/calcio-chieti-fTKXOVgb/unipomezia-rLFUaYyf/?mid=Qi9Di4P7
  Desktop: https://www.flashscore.ua/match/soccer/cannara-YaUFIQAh/tau-Eg19f9Q7/?mid=C2CYXMED
  [stats] Qi9Di4P7 overall: no data-testid (old=0, any=0, body=148355)
  [stats] C2CYXMED overall: no data-testid (old=0, any=0, body=148151)
  [stats] Qi9Di4P7 secondHalf: no data-testid (old=0, any=0, body=148355)
  [stats] C2CYXMED secondHalf: no data-testid (old=0, any=0, body=148151)
  [stats] Qi9Di4P7 → unavailable, 0 metrics
  [stats] C2CYXMED → unavailable, 0 metrics
  Features: quality=0, primary=0, status=unavailable
  ✗ No stats at all → permanent skip

→ Терамо - Термолі (63') [ІТАЛІЯ: Серія D - Група F Таблиця]
  Features: quality=0, primary=0, status=unavailable
  ✗ No stats at all → permanent skip

→ Атл. Лоджіані - Ночеріна (63') [ІТАЛІЯ: Серія D - Група G Таблиця]
  Кф 1X2: 1.33 / 4.58 / 10.1
  Кф 1X2: 2.29 / 3.38 / 2.98
  Desktop: https://www.flashscore.ua/match/soccer/atl-lodigiani-hMDDphFL/nocerina-8YHKEM9K/?mid=lIfoTtfd
  Desktop: https://www.flashscore.ua/match/soccer/teramo-63vnVPlL/termoli-69prSvm0/?mid=SKiEMOOs
  [stats] lIfoTtfd overall: no data-testid (old=0, any=0, body=148272)
  [stats] SKiEMOOs overall: no data-testid (old=0, any=0, body=148186)
  [stats] lIfoTtfd secondHalf: no data-testid (old=0, any=0, body=148272)
  [stats] SKiEMOOs secondHalf: no data-testid (old=0, any=0, body=148186)
  [stats] SKiEMOOs → unavailable, 0 metrics
  [stats] lIfoTtfd → unavailable, 0 metrics
  Features: quality=0, primary=0, status=unavailable
  ✗ No stats at all → permanent skip

→ АС Ачіреале - Нісса (61') [ІТАЛІЯ: Серія D - Група І Таблиця]
  Features: quality=0, primary=0, status=unavailable
  ✗ No stats at all → permanent skip

→ Джела - Реджина 1914 (63') [ІТАЛІЯ: Серія D - Група І Таблиця]
  Кф 1X2: 4.84 / 3.42 / 1.66
  Кф 1X2: 6.86 / 3.69 / 1.53
  Desktop: https://www.flashscore.ua/match/soccer/gela-MJWEq83E/reggina-p0CtcHL7/?mid=fyiLSQ0E
  Desktop: https://www.flashscore.ua/match/soccer/as-acireale-2Hl0vwOu/nissa-OrB4N6Bt/?mid=SUbZ4N87
  [stats] SUbZ4N87 overall: no data-testid (old=0, any=0, body=148165)
  [stats] fyiLSQ0E overall: no data-testid (old=0, any=0, body=148209)
  [stats] SUbZ4N87 secondHalf: no data-testid (old=0, any=0, body=148165)
  [stats] fyiLSQ0E secondHalf: no data-testid (old=0, any=0, body=148209)
  [stats] SUbZ4N87 → unavailable, 0 metrics
  [stats] fyiLSQ0E → unavailable, 0 metrics
  Features: quality=0, primary=0, status=unavailable
  ✗ No stats at all → permanent skip

→ Патерно - Мілаццо (61') [ІТАЛІЯ: Серія D - Група І Таблиця]
  Features: quality=0, primary=0, status=unavailable
  ✗ No stats at all → permanent skip

→ Санкатальдезе - Джельбісон (63') [ІТАЛІЯ: Серія D - Група І Таблиця]
  Кф 1X2: немає на сторінці огляду
  Кф 1X2: 3.23 / 3.44 / 2.14
  Desktop: https://www.flashscore.ua/match/soccer/gelbison-EgYzZsf9/sancataldese-fwo3kY4s/?mid=Ug53u4pK
  Desktop: https://www.flashscore.ua/match/soccer/milazzo-YgGjm8H1/paterno-lf8QOWb9/?mid=lbSGH0hD
  [stats] Ug53u4pK overall: no data-testid (old=0, any=0, body=148283)
  [stats] lbSGH0hD overall: no data-testid (old=0, any=0, body=148038)
  [stats] Ug53u4pK secondHalf: no data-testid (old=0, any=0, body=148283)
  [stats] lbSGH0hD secondHalf: no data-testid (old=0, any=0, body=148038)
  [stats] lbSGH0hD → unavailable, 0 metrics
  [stats] Ug53u4pK → unavailable, 0 metrics
  Features: quality=0, primary=0, status=unavailable
  ✗ No stats at all → permanent skip
  Features: quality=0, primary=0, status=unavailable
  ✗ No stats at all → permanent skip

Done: 0 analyzed, 0 actionable, 0 TG sent

🔥 RUN #819: analyzed=0, signals=0
⏳ Next scan in 3m...
[17:40:49] Live scan
  Запуск live-скрапера (після ранкових Telegram, якщо були).
Opening: https://m.flashscore.ua/?s=2 (minute >= 60, 0:0 only)
Provider health [https://m.flashscore.ua/?s=2]: rows=130, 0:0 total=36, candidates=13
  ⏸ 0:0 ще рано (< 60'):
    11' ТОСК Тешань - НК Вітез [БОСНІЯ ТА ГЕРЦЕГОВИНА: Перша ліга - ФБіГ Таблиця]
    41' Талавера - Самора [ІСПАНІЯ: Прімера КІФФ - Група 1 Таблиця]
    41' Уніоністас де Саламанка - Гвадалахара [ІСПАНІЯ: Прімера КІФФ - Група 1 Таблиця]
    11' Тревізо - Конельяно [ІТАЛІЯ: Серія D - Група С Таблиця]
    53' Орв'єтана - Скандіччі [ІТАЛІЯ: Серія D - Група Е Таблиця]
    45' Джуліанова - Кастельфідардо [ІТАЛІЯ: Серія D - Група F Таблиця]
    41' Саммаурезе - Л'Аквіла [ІТАЛІЯ: Серія D - Група F Таблиця]
    51' Сарнезе - АКД Нардо [ІТАЛІЯ: Серія D - Група H Таблиця]
    41' Манфредонія - СС Нола 1925 [ІТАЛІЯ: Серія D - Група H Таблиця]
    45' Енна - Самб'язе [ІТАЛІЯ: Серія D - Група І Таблиця]
    41' Роданж - Уньйон Тітус Петанж [ЛЮКСЕМБУРГ: Ліга БГЛ Таблиця]
    41' УНА Штрассен - Расінг Люксембург [ЛЮКСЕМБУРГ: Ліга БГЛ Таблиця]
    41' Шервей - Тромсе 2 [НОРВЕГІЯ: Дивізіон 3 - Група 5 Таблиця]
    11' Лейшоеш - Олівейренсе [ПОРТУГАЛІЯ: Ліга Португалії 2 Таблиця]
    41' Сан-Жуан-де-Вер - АД Марку 09 [ПОРТУГАЛІЯ: Ліга 3 - Група вибування Таблиця]
    11' Celoricense - Машіку [ПОРТУГАЛІЯ: Чемпіонат Португалії - Група A Таблиця]
    41' НСІ Рунавік - 07 Вестур Сорвагур [ФАРЕРСЬКІ ОСТРОВИ: Прем'єр-ліга Таблиця]
    41' Стреймур - ХБ Торсхавн [ФАРЕРСЬКІ ОСТРОВИ: Прем'єр-ліга Таблиця]
    11' Часлав - Глінско [ЧЕХІЯ: 4. ліга - Група C Таблиця]
    41' Іскра - Ловчен [ЧОРНОГОРІЯ: Друга ліга Таблиця]
    11' Сьон - Лозанна [ШВЕЙЦАРІЯ: Суперліга Таблиця]
    11' Янг Бойз - Серветт [ШВЕЙЦАРІЯ: Суперліга Таблиця]
    41' Стокгольм Інтернаціонале - Карлстад [ШВЕЦІЯ: Дивізіон 1 - Північ Таблиця]
  ✔ 69' Про Сесто - Пістоєзе [ІТАЛІЯ: Серія D - Група D Таблиця] id=Sr8fkBWs
  ✔ 69' Чіттаделла Віс Модена - Rovato Vertovese [ІТАЛІЯ: Серія D - Група D Таблиця] id=6VERoxQk
  ✔ 69' Тау - Каннара [ІТАЛІЯ: Серія D - Група Е Таблиця] id=C2CYXMED
  ✔ 69' Кальчо К'єті - Уніпомеція [ІТАЛІЯ: Серія D - Група F Таблиця] id=Qi9Di4P7
  ✔ 69' Терамо - Термолі [ІТАЛІЯ: Серія D - Група F Таблиця] id=SKiEMOOs
  ✔ 67' АС Ачіреале - Нісса [ІТАЛІЯ: Серія D - Група І Таблиця] id=SUbZ4N87
  ✔ 69' Джела - Реджина 1914 [ІТАЛІЯ: Серія D - Група І Таблиця] id=fyiLSQ0E
  ✔ 67' Патерно - Мілаццо [ІТАЛІЯ: Серія D - Група І Таблиця] id=lbSGH0hD
  ✔ 69' Санкатальдезе - Джельбісон [ІТАЛІЯ: Серія D - Група І Таблиця] id=Ug53u4pK
  ✔ 74' Космос - Пеннаросса [САН-МАРИНО: Чемпіонат Таблиця] id=8vLQtDEF
  ✔ 75' Бурса Їлдірімспор - Галата [ТУРЕЧЧИНА: 3. Ліга - Група 1 Таблиця] id=EsuIqvRF
  ✔ 75' Чанкая - Бейкоз Ісхаклі Спор [ТУРЕЧЧИНА: 3. Ліга - Група 1 Таблиця] id=6gaVjeYr
  ✔ 79' Ескішехір Анадолу - Айваликгюджю [ТУРЕЧЧИНА: 3. Ліга - Група 4 Таблиця] id=8Ycu0Xu0
  Found: 13 candidates, 0 new, 18 permanently skipped

Done: 0 analyzed, 0 actionable, 0 TG sent

🔥 RUN #820: analyzed=0, signals=0
⏳ Next scan in 3m...
[17:43:53] Live scan
  Запуск live-скрапера (після ранкових Telegram, якщо були).
Opening: https://m.flashscore.ua/?s=2 (minute >= 60, 0:0 only)
Provider health [https://m.flashscore.ua/?s=2]: rows=130, 0:0 total=36, candidates=13
  ⏸ 0:0 ще рано (< 60'):
    14' ТОСК Тешань - НК Вітез [БОСНІЯ ТА ГЕРЦЕГОВИНА: Перша ліга - ФБіГ Таблиця]
    44' Талавера - Самора [ІСПАНІЯ: Прімера КІФФ - Група 1 Таблиця]
    44' Уніоністас де Саламанка - Гвадалахара [ІСПАНІЯ: Прімера КІФФ - Група 1 Таблиця]
    14' Тревізо - Конельяно [ІТАЛІЯ: Серія D - Група С Таблиця]
    55' Орв'єтана - Скандіччі [ІТАЛІЯ: Серія D - Група Е Таблиця]
    45' Джуліанова - Кастельфідардо [ІТАЛІЯ: Серія D - Група F Таблиця]
    44' Саммаурезе - Л'Аквіла [ІТАЛІЯ: Серія D - Група F Таблиця]
    54' Сарнезе - АКД Нардо [ІТАЛІЯ: Серія D - Група H Таблиця]
    44' Манфредонія - СС Нола 1925 [ІТАЛІЯ: Серія D - Група H Таблиця]
    45' Енна - Самб'язе [ІТАЛІЯ: Серія D - Група І Таблиця]
    44' Роданж - Уньйон Тітус Петанж [ЛЮКСЕМБУРГ: Ліга БГЛ Таблиця]
    44' УНА Штрассен - Расінг Люксембург [ЛЮКСЕМБУРГ: Ліга БГЛ Таблиця]
    44' Шервей - Тромсе 2 [НОРВЕГІЯ: Дивізіон 3 - Група 5 Таблиця]
    14' Лейшоеш - Олівейренсе [ПОРТУГАЛІЯ: Ліга Португалії 2 Таблиця]
    44' Сан-Жуан-де-Вер - АД Марку 09 [ПОРТУГАЛІЯ: Ліга 3 - Група вибування Таблиця]
    14' Celoricense - Машіку [ПОРТУГАЛІЯ: Чемпіонат Португалії - Група A Таблиця]
    44' НСІ Рунавік - 07 Вестур Сорвагур [ФАРЕРСЬКІ ОСТРОВИ: Прем'єр-ліга Таблиця]
    44' Стреймур - ХБ Торсхавн [ФАРЕРСЬКІ ОСТРОВИ: Прем'єр-ліга Таблиця]
    14' Часлав - Глінско [ЧЕХІЯ: 4. ліга - Група C Таблиця]
    44' Іскра - Ловчен [ЧОРНОГОРІЯ: Друга ліга Таблиця]
    14' Сьон - Лозанна [ШВЕЙЦАРІЯ: Суперліга Таблиця]
    14' Янг Бойз - Серветт [ШВЕЙЦАРІЯ: Суперліга Таблиця]
    44' Стокгольм Інтернаціонале - Карлстад [ШВЕЦІЯ: Дивізіон 1 - Північ Таблиця]
  ✔ 71' Про Сесто - Пістоєзе [ІТАЛІЯ: Серія D - Група D Таблиця] id=Sr8fkBWs
  ✔ 71' Чіттаделла Віс Модена - Rovato Vertovese [ІТАЛІЯ: Серія D - Група D Таблиця] id=6VERoxQk
  ✔ 71' Тау - Каннара [ІТАЛІЯ: Серія D - Група Е Таблиця] id=C2CYXMED
  ✔ 71' Кальчо К'єті - Уніпомеція [ІТАЛІЯ: Серія D - Група F Таблиця] id=Qi9Di4P7
  ✔ 71' Терамо - Термолі [ІТАЛІЯ: Серія D - Група F Таблиця] id=SKiEMOOs
  ✔ 69' АС Ачіреале - Нісса [ІТАЛІЯ: Серія D - Група І Таблиця] id=SUbZ4N87
  ✔ 71' Джела - Реджина 1914 [ІТАЛІЯ: Серія D - Група І Таблиця] id=fyiLSQ0E
  ✔ 70' Патерно - Мілаццо [ІТАЛІЯ: Серія D - Група І Таблиця] id=lbSGH0hD
  ✔ 71' Санкатальдезе - Джельбісон [ІТАЛІЯ: Серія D - Група І Таблиця] id=Ug53u4pK
  ✔ 77' Космос - Пеннаросса [САН-МАРИНО: Чемпіонат Таблиця] id=8vLQtDEF
  ✔ 78' Бурса Їлдірімспор - Галата [ТУРЕЧЧИНА: 3. Ліга - Група 1 Таблиця] id=EsuIqvRF
  ✔ 78' Чанкая - Бейкоз Ісхаклі Спор [ТУРЕЧЧИНА: 3. Ліга - Група 1 Таблиця] id=6gaVjeYr
  ✔ 81' Ескішехір Анадолу - Айваликгюджю [ТУРЕЧЧИНА: 3. Ліга - Група 4 Таблиця] id=8Ycu0Xu0
  Found: 13 candidates, 0 new, 18 permanently skipped

Done: 0 analyzed, 0 actionable, 0 TG sent

🔥 RUN #821: analyzed=0, signals=0
⏳ Next scan in 3m...
[17:46:57] Live scan
  Запуск live-скрапера (після ранкових Telegram, якщо були).
Opening: https://m.flashscore.ua/?s=2 (minute >= 60, 0:0 only)
Provider health [https://m.flashscore.ua/?s=2]: rows=129, 0:0 total=33, candidates=12
  ⏸ 0:0 ще рано (< 60'):
    17' ТОСК Тешань - НК Вітез [БОСНІЯ ТА ГЕРЦЕГОВИНА: Перша ліга - ФБіГ Таблиця]
    17' Тревізо - Конельяно [ІТАЛІЯ: Серія D - Група С Таблиця]
    59' Орв'єтана - Скандіччі [ІТАЛІЯ: Серія D - Група Е Таблиця]
    45' Джуліанова - Кастельфідардо [ІТАЛІЯ: Серія D - Група F Таблиця]
    57' Сарнезе - АКД Нардо [ІТАЛІЯ: Серія D - Група H Таблиця]
    45' Енна - Самб'язе [ІТАЛІЯ: Серія D - Група І Таблиця]
    45' Роданж - Уньйон Тітус Петанж [ЛЮКСЕМБУРГ: Ліга БГЛ Таблиця]
    17' Celoricense - Машіку [ПОРТУГАЛІЯ: Чемпіонат Португалії - Група A Таблиця]
    17' Часлав - Глінско [ЧЕХІЯ: 4. ліга - Група C Таблиця]
    17' Сьон - Лозанна [ШВЕЙЦАРІЯ: Суперліга Таблиця]
    17' Янг Бойз - Серветт [ШВЕЙЦАРІЯ: Суперліга Таблиця]
  ✔ 75' Про Сесто - Пістоєзе [ІТАЛІЯ: Серія D - Група D Таблиця] id=Sr8fkBWs
  ✔ 75' Чіттаделла Віс Модена - Rovato Vertovese [ІТАЛІЯ: Серія D - Група D Таблиця] id=6VERoxQk
  ✔ 75' Тау - Каннара [ІТАЛІЯ: Серія D - Група Е Таблиця] id=C2CYXMED
  ✔ 75' Кальчо К'єті - Уніпомеція [ІТАЛІЯ: Серія D - Група F Таблиця] id=Qi9Di4P7
  ✔ 75' Терамо - Термолі [ІТАЛІЯ: Серія D - Група F Таблиця] id=SKiEMOOs
  ✔ 73' АС Ачіреале - Нісса [ІТАЛІЯ: Серія D - Група І Таблиця] id=SUbZ4N87
  ✔ 75' Джела - Реджина 1914 [ІТАЛІЯ: Серія D - Група І Таблиця] id=fyiLSQ0E
  ✔ 73' Патерно - Мілаццо [ІТАЛІЯ: Серія D - Група І Таблиця] id=lbSGH0hD
  ✔ 80' Космос - Пеннаросса [САН-МАРИНО: Чемпіонат Таблиця] id=8vLQtDEF
  ✔ 81' Бурса Їлдірімспор - Галата [ТУРЕЧЧИНА: 3. Ліга - Група 1 Таблиця] id=EsuIqvRF
  ✔ 81' Чанкая - Бейкоз Ісхаклі Спор [ТУРЕЧЧИНА: 3. Ліга - Група 1 Таблиця] id=6gaVjeYr
  ✔ 85' Ескішехір Анадолу - Айваликгюджю [ТУРЕЧЧИНА: 3. Ліга - Група 4 Таблиця] id=8Ycu0Xu0
  Found: 12 candidates, 0 new, 18 permanently skipped

Done: 0 analyzed, 0 actionable, 0 TG sent

🔥 RUN #822: analyzed=0, signals=0
⏳ Next scan in 3m...
[17:50:01] Live scan
  Запуск live-скрапера (після ранкових Telegram, якщо були).
Opening: https://m.flashscore.ua/?s=2 (minute >= 60, 0:0 only)
Provider health [https://m.flashscore.ua/?s=2]: rows=122, 0:0 total=28, candidates=11
  ⏸ 0:0 ще рано (< 60'):
    20' ТОСК Тешань - НК Вітез [БОСНІЯ ТА ГЕРЦЕГОВИНА: Перша ліга - ФБіГ Таблиця]
    45' Талавера - Самора [ІСПАНІЯ: Прімера КІФФ - Група 1 Таблиця]
    20' Тревізо - Конельяно [ІТАЛІЯ: Серія D - Група С Таблиця]
    48' Джуліанова - Кастельфідардо [ІТАЛІЯ: Серія D - Група F Таблиця]
    47' Енна - Самб'язе [ІТАЛІЯ: Серія D - Група І Таблиця]
    45' Роданж - Уньйон Тітус Петанж [ЛЮКСЕМБУРГ: Ліга БГЛ Таблиця]
    45' УНА Штрассен - Расінг Люксембург [ЛЮКСЕМБУРГ: Ліга БГЛ Таблиця]
    20' Celoricense - Машіку [ПОРТУГАЛІЯ: Чемпіонат Португалії - Група A Таблиця]
    45' Стреймур - ХБ Торсхавн [ФАРЕРСЬКІ ОСТРОВИ: Прем'єр-ліга Таблиця]
    20' Часлав - Глінско [ЧЕХІЯ: 4. ліга - Група C Таблиця]
    20' Сьон - Лозанна [ШВЕЙЦАРІЯ: Суперліга Таблиця]
    20' Янг Бойз - Серветт [ШВЕЙЦАРІЯ: Суперліга Таблиця]
  ✔ 78' Про Сесто - Пістоєзе [ІТАЛІЯ: Серія D - Група D Таблиця] id=Sr8fkBWs
  ✔ 78' Чіттаделла Віс Модена - Rovato Vertovese [ІТАЛІЯ: Серія D - Група D Таблиця] id=6VERoxQk
  ✔ 62' Орв'єтана - Скандіччі [ІТАЛІЯ: Серія D - Група Е Таблиця] id=xpbjLqV7
  ✔ 78' Кальчо К'єті - Уніпомеція [ІТАЛІЯ: Серія D - Група F Таблиця] id=Qi9Di4P7
  ✔ 78' Терамо - Термолі [ІТАЛІЯ: Серія D - Група F Таблиця] id=SKiEMOOs
  ✔ 60' Сарнезе - АКД Нардо [ІТАЛІЯ: Серія D - Група H Таблиця] id=OWj762K8
  ✔ 76' АС Ачіреале - Нісса [ІТАЛІЯ: Серія D - Група І Таблиця] id=SUbZ4N87
  ✔ 78' Джела - Реджина 1914 [ІТАЛІЯ: Серія D - Група І Таблиця] id=fyiLSQ0E
  ✔ 84' Бурса Їлдірімспор - Галата [ТУРЕЧЧИНА: 3. Ліга - Група 1 Таблиця] id=EsuIqvRF
  ✔ 84' Чанкая - Бейкоз Ісхаклі Спор [ТУРЕЧЧИНА: 3. Ліга - Група 1 Таблиця] id=6gaVjeYr
  ✔ 88' Ескішехір Анадолу - Айваликгюджю [ТУРЕЧЧИНА: 3. Ліга - Група 4 Таблиця] id=8Ycu0Xu0
  Found: 11 candidates, 2 new, 18 permanently skipped

→ Орв'єтана - Скандіччі (62') [ІТАЛІЯ: Серія D - Група Е Таблиця]

→ Сарнезе - АКД Нардо (60') [ІТАЛІЯ: Серія D - Група H Таблиця]
  Кф 1X2: немає на сторінці огляду
  Кф 1X2: 2.16 / 3.3 / 3.3
  Desktop: https://www.flashscore.ua/match/soccer/orvietana-fkvdICIE/scandicci-nm8x4XgC/?mid=xpbjLqV7
  Desktop: https://www.flashscore.ua/match/soccer/a-c-d-nardo-WjQU4Sdd/sarnese-OMdO14oA/?mid=OWj762K8
  [stats] OWj762K8 overall: no data-testid (old=0, any=0, body=148221)
  [stats] xpbjLqV7 overall: no data-testid (old=0, any=0, body=148082)
  [stats] OWj762K8 secondHalf: no data-testid (old=0, any=0, body=148221)
  [stats] xpbjLqV7 secondHalf: no data-testid (old=0, any=0, body=148082)
  [stats] OWj762K8 → unavailable, 0 metrics
  [stats] xpbjLqV7 → unavailable, 0 metrics
  Features: quality=0, primary=0, status=unavailable
  ✗ No stats at all → permanent skip
  Features: quality=0, primary=0, status=unavailable
  ✗ No stats at all → permanent skip

Done: 0 analyzed, 0 actionable, 0 TG sent

🔥 RUN #823: analyzed=0, signals=0
⏳ Next scan in 3m...
[17:53:42] Live scan
  Запуск live-скрапера (після ранкових Telegram, якщо були).
Opening: https://m.flashscore.ua/?s=2 (minute >= 60, 0:0 only)
Provider health [https://m.flashscore.ua/?s=2]: rows=105, 0:0 total=25, candidates=8
  ⏸ 0:0 ще рано (< 60'):
    24' ТОСК Тешань - НК Вітез [БОСНІЯ ТА ГЕРЦЕГОВИНА: Перша ліга - ФБіГ Таблиця]
    45' Талавера - Самора [ІСПАНІЯ: Прімера КІФФ - Група 1 Таблиця]
    24' Тревізо - Конельяно [ІТАЛІЯ: Серія D - Група С Таблиця]
    51' Джуліанова - Кастельфідардо [ІТАЛІЯ: Серія D - Група F Таблиця]
    50' Енна - Самб'язе [ІТАЛІЯ: Серія D - Група І Таблиця]
    45' Роданж - Уньйон Тітус Петанж [ЛЮКСЕМБУРГ: Ліга БГЛ Таблиця]
    45' УНА Штрассен - Расінг Люксембург [ЛЮКСЕМБУРГ: Ліга БГЛ Таблиця]
    45' Сан-Жуан-де-Вер - АД Марку 09 [ПОРТУГАЛІЯ: Ліга 3 - Група вибування Таблиця]
    24' Celoricense - Машіку [ПОРТУГАЛІЯ: Чемпіонат Португалії - Група A Таблиця]
    45' НСІ Рунавік - 07 Вестур Сорвагур [ФАРЕРСЬКІ ОСТРОВИ: Прем'єр-ліга Таблиця]
    45' Стреймур - ХБ Торсхавн [ФАРЕРСЬКІ ОСТРОВИ: Прем'єр-ліга Таблиця]
    24' Сьон - Лозанна [ШВЕЙЦАРІЯ: Суперліга Таблиця]
    24' Янг Бойз - Серветт [ШВЕЙЦАРІЯ: Суперліга Таблиця]
    45' Стокгольм Інтернаціонале - Карлстад [ШВЕЦІЯ: Дивізіон 1 - Північ Таблиця]
  ✔ 65' Орв'єтана - Скандіччі [ІТАЛІЯ: Серія D - Група Е Таблиця] id=xpbjLqV7
  ✔ 81' Кальчо К'єті - Уніпомеція [ІТАЛІЯ: Серія D - Група F Таблиця] id=Qi9Di4P7
  ✔ 81' Терамо - Термолі [ІТАЛІЯ: Серія D - Група F Таблиця] id=SKiEMOOs
  ✔ 64' Сарнезе - АКД Нардо [ІТАЛІЯ: Серія D - Група H Таблиця] id=OWj762K8
  ✔ 79' АС Ачіреале - Нісса [ІТАЛІЯ: Серія D - Група І Таблиця] id=SUbZ4N87
  ✔ 81' Джела - Реджина 1914 [ІТАЛІЯ: Серія D - Група І Таблиця] id=fyiLSQ0E
  ✔ 88' Бурса Їлдірімспор - Галата [ТУРЕЧЧИНА: 3. Ліга - Група 1 Таблиця] id=EsuIqvRF
  ✔ 88' Чанкая - Бейкоз Ісхаклі Спор [ТУРЕЧЧИНА: 3. Ліга - Група 1 Таблиця] id=6gaVjeYr
  Found: 8 candidates, 0 new, 20 permanently skipped

Done: 0 analyzed, 0 actionable, 0 TG sent

🔥 RUN #824: analyzed=0, signals=0
⏳ Next scan in 3m...
[17:56:46] Live scan
  Запуск live-скрапера (після ранкових Telegram, якщо були).
Opening: https://m.flashscore.ua/?s=2 (minute >= 60, 0:0 only)
Provider health [https://m.flashscore.ua/?s=2]: rows=88, 0:0 total=24, candidates=6
  ⏸ 0:0 ще рано (< 60'):
    27' ТОСК Тешань - НК Вітез [БОСНІЯ ТА ГЕРЦЕГОВИНА: Перша ліга - ФБіГ Таблиця]
    45' Талавера - Самора [ІСПАНІЯ: Прімера КІФФ - Група 1 Таблиця]
    27' Тревізо - Конельяно [ІТАЛІЯ: Серія D - Група С Таблиця]
    54' Джуліанова - Кастельфідардо [ІТАЛІЯ: Серія D - Група F Таблиця]
    53' Енна - Самб'язе [ІТАЛІЯ: Серія D - Група І Таблиця]
    45' Роданж - Уньйон Тітус Петанж [ЛЮКСЕМБУРГ: Ліга БГЛ Таблиця]
    45' УНА Штрассен - Расінг Люксембург [ЛЮКСЕМБУРГ: Ліга БГЛ Таблиця]
    45' Сан-Жуан-де-Вер - АД Марку 09 [ПОРТУГАЛІЯ: Ліга 3 - Група вибування Таблиця]
    27' Celoricense - Машіку [ПОРТУГАЛІЯ: Чемпіонат Португалії - Група A Таблиця]
    45' НСІ Рунавік - 07 Вестур Сорвагур [ФАРЕРСЬКІ ОСТРОВИ: Прем'єр-ліга Таблиця]
    45' Стреймур - ХБ Торсхавн [ФАРЕРСЬКІ ОСТРОВИ: Прем'єр-ліга Таблиця]
    27' Сьон - Лозанна [ШВЕЙЦАРІЯ: Суперліга Таблиця]
    27' Янг Бойз - Серветт [ШВЕЙЦАРІЯ: Суперліга Таблиця]
    45' Стокгольм Інтернаціонале - Карлстад [ШВЕЦІЯ: Дивізіон 1 - Північ Таблиця]
  ✔ 68' Орв'єтана - Скандіччі [ІТАЛІЯ: Серія D - Група Е Таблиця] id=xpbjLqV7
  ✔ 84' Кальчо К'єті - Уніпомеція [ІТАЛІЯ: Серія D - Група F Таблиця] id=Qi9Di4P7
  ✔ 84' Терамо - Термолі [ІТАЛІЯ: Серія D - Група F Таблиця] id=SKiEMOOs
  ✔ 67' Сарнезе - АКД Нардо [ІТАЛІЯ: Серія D - Група H Таблиця] id=OWj762K8
  ✔ 82' АС Ачіреале - Нісса [ІТАЛІЯ: Серія D - Група І Таблиця] id=SUbZ4N87
  ✔ 84' Джела - Реджина 1914 [ІТАЛІЯ: Серія D - Група І Таблиця] id=fyiLSQ0E
  Found: 6 candidates, 0 new, 20 permanently skipped

Done: 0 analyzed, 0 actionable, 0 TG sent

🔥 RUN #825: analyzed=0, signals=0
⏳ Next scan in 3m...
[17:59:50] Live scan
  Запуск live-скрапера (після ранкових Telegram, якщо були).
Opening: https://m.flashscore.ua/?s=2 (minute >= 60, 0:0 only)
Provider health [https://m.flashscore.ua/?s=2]: rows=64, 0:0 total=23, candidates=6
  ⏸ 0:0 ще рано (< 60'):
    30' ТОСК Тешань - НК Вітез [БОСНІЯ ТА ГЕРЦЕГОВИНА: Перша ліга - ФБіГ Таблиця]
    45' Талавера - Самора [ІСПАНІЯ: Прімера КІФФ - Група 1 Таблиця]
    30' Тревізо - Конельяно [ІТАЛІЯ: Серія D - Група С Таблиця]
    57' Енна - Самб'язе [ІТАЛІЯ: Серія D - Група І Таблиця]
    45' Роданж - Уньйон Тітус Петанж [ЛЮКСЕМБУРГ: Ліга БГЛ Таблиця]
    45' УНА Штрассен - Расінг Люксембург [ЛЮКСЕМБУРГ: Ліга БГЛ Таблиця]
    1' Стабек - Асане [НОРВЕГІЯ: ОБОС-ліга Таблиця]
    45' Сан-Жуан-де-Вер - АД Марку 09 [ПОРТУГАЛІЯ: Ліга 3 - Група вибування Таблиця]
    30' Celoricense - Машіку [ПОРТУГАЛІЯ: Чемпіонат Португалії - Група A Таблиця]
    1' Маріньєнсе - Лаженсе [ПОРТУГАЛІЯ: Чемпіонат Португалії - Група C Таблиця]
    45' НСІ Рунавік - 07 Вестур Сорвагур [ФАРЕРСЬКІ ОСТРОВИ: Прем'єр-ліга Таблиця]
    45' Стреймур - ХБ Торсхавн [ФАРЕРСЬКІ ОСТРОВИ: Прем'єр-ліга Таблиця]
    30' Сьон - Лозанна [ШВЕЙЦАРІЯ: Суперліга Таблиця]
    30' Янг Бойз - Серветт [ШВЕЙЦАРІЯ: Суперліга Таблиця]
    45' Стокгольм Інтернаціонале - Карлстад [ШВЕЦІЯ: Дивізіон 1 - Північ Таблиця]
  ✔ 72' Орв'єтана - Скандіччі [ІТАЛІЯ: Серія D - Група Е Таблиця] id=xpbjLqV7
  ✔ 88' Кальчо К'єті - Уніпомеція [ІТАЛІЯ: Серія D - Група F Таблиця] id=Qi9Di4P7
  ✔ 88' Терамо - Термолі [ІТАЛІЯ: Серія D - Група F Таблиця] id=SKiEMOOs
  ✔ 70' Сарнезе - АКД Нардо [ІТАЛІЯ: Серія D - Група H Таблиця] id=OWj762K8
  ✔ 86' АС Ачіреале - Нісса [ІТАЛІЯ: Серія D - Група І Таблиця] id=SUbZ4N87
  ✔ 88' Джела - Реджина 1914 [ІТАЛІЯ: Серія D - Група І Таблиця] id=fyiLSQ0E
  Found: 6 candidates, 0 new, 20 permanently skipped

Done: 0 analyzed, 0 actionable, 0 TG sent

🔥 RUN #826: analyzed=0, signals=0
⏳ Next scan in 3m...
[18:02:54] Live scan
  Запуск live-скрапера (після ранкових Telegram, якщо були).
Opening: https://m.flashscore.ua/?s=2 (minute >= 60, 0:0 only)
Provider health [https://m.flashscore.ua/?s=2]: rows=77, 0:0 total=36, candidates=4
  ⏸ 0:0 ще рано (< 60'):
    33' ТОСК Тешань - НК Вітез [БОСНІЯ ТА ГЕРЦЕГОВИНА: Перша ліга - ФБіГ Таблиця]
    3' Медеама - Асанте Котоко [ГАНА: Прем'єр-ліга Таблиця]
    45' Талавера - Самора [ІСПАНІЯ: Прімера КІФФ - Група 1 Таблиця]
    3' Маріно де Луанко - Реал Ов'єдо B [ІСПАНІЯ: Сегунда КІФФ - Група 1 Таблиця]
    3' Нумансія - Реал Авіла [ІСПАНІЯ: Сегунда КІФФ - Група 1 Таблиця]
    3' Нахара - СД Логроньєс [ІСПАНІЯ: Сегунда КІФФ - Група 2 Таблиця]
    45' Саммаурезе - Л'Аквіла [ІТАЛІЯ: Серія D - Група F Таблиця]
    59' Енна - Самб'язе [ІТАЛІЯ: Серія D - Група І Таблиця]
    47' Роданж - Уньйон Тітус Петанж [ЛЮКСЕМБУРГ: Ліга БГЛ Таблиця]
    45' УНА Штрассен - Расінг Люксембург [ЛЮКСЕМБУРГ: Ліга БГЛ Таблиця]
    3' Олесунн - КФУМ Осло [НОРВЕГІЯ: Елітсеріен Таблиця]
    3' Фредрікстад - Волеренга [НОРВЕГІЯ: Елітсеріен Таблиця]
    3' Мосс - Хедд [НОРВЕГІЯ: ОБОС-ліга Таблиця]
    3' Стабек - Асане [НОРВЕГІЯ: ОБОС-ліга Таблиця]
    45' Сан-Жуан-де-Вер - АД Марку 09 [ПОРТУГАЛІЯ: Ліга 3 - Група вибування Таблиця]
    33' Celoricense - Машіку [ПОРТУГАЛІЯ: Чемпіонат Португалії - Група A Таблиця]
    3' Деспортіву Монсан - Віаненсе [ПОРТУГАЛІЯ: Чемпіонат Португалії - Група A Таблиця]
    3' Мірандела - Сан-Мартінью [ПОРТУГАЛІЯ: Чемпіонат Португалії - Група A Таблиця]
    3' Апаресіда - Флорграде [ПОРТУГАЛІЯ: Чемпіонат Португалії - Група B Таблиця]
    3' Віла Реал - Віла Мея [ПОРТУГАЛІЯ: Чемпіонат Португалії - Група B Таблиця]
    3' Електріку - Фатіма [ПОРТУГАЛІЯ: Чемпіонат Португалії - Група C Таблиця]
    3' Каштелу-Бранку - Samora Correia [ПОРТУГАЛІЯ: Чемпіонат Португалії - Група C Таблиця]
    3' Уніао Да Серра - Пеніше [ПОРТУГАЛІЯ: Чемпіонат Португалії - Група C Таблиця]
    3' Васку да Гама - Лулетано [ПОРТУГАЛІЯ: Чемпіонат Португалії - Група D Таблиця]
    3' Індустрія - О Елваш [ПОРТУГАЛІЯ: Чемпіонат Португалії - Група D Таблиця]
    3' Серпа - Алверка B [ПОРТУГАЛІЯ: Чемпіонат Португалії - Група D Таблиця]
    45' НСІ Рунавік - 07 Вестур Сорвагур [ФАРЕРСЬКІ ОСТРОВИ: Прем'єр-ліга Таблиця]
    45' Стреймур - ХБ Торсхавн [ФАРЕРСЬКІ ОСТРОВИ: Прем'єр-ліга Таблиця]
    3' Артіс Брно B - Пелгржімов [ЧЕХІЯ: 4. ліга - Група D Таблиця]
    33' Сьон - Лозанна [ШВЕЙЦАРІЯ: Суперліга Таблиця]
    33' Янг Бойз - Серветт [ШВЕЙЦАРІЯ: Суперліга Таблиця]
    45' Стокгольм Інтернаціонале - Карлстад [ШВЕЦІЯ: Дивізіон 1 - Північ Таблиця]
  ✔ 90' Терамо - Термолі [ІТАЛІЯ: Серія D - Група F Таблиця] id=SKiEMOOs
  ✔ 73' Сарнезе - АКД Нардо [ІТАЛІЯ: Серія D - Група H Таблиця] id=OWj762K8
  ✔ 88' АС Ачіреале - Нісса [ІТАЛІЯ: Серія D - Група І Таблиця] id=SUbZ4N87
  ✔ 90' Джела - Реджина 1914 [ІТАЛІЯ: Серія D - Група І Таблиця] id=fyiLSQ0E
  Found: 4 candidates, 0 new, 20 permanently skipped

Done: 0 analyzed, 0 actionable, 0 TG sent

🔥 RUN #827: analyzed=0, signals=0
⏳ Next scan in 3m...
[18:05:58] Live scan
  Запуск live-скрапера (після ранкових Telegram, якщо були).
Opening: https://m.flashscore.ua/?s=2 (minute >= 60, 0:0 only)
Provider health [https://m.flashscore.ua/?s=2]: rows=91, 0:0 total=51, candidates=2
  ⏸ 0:0 ще рано (< 60'):
    36' ТОСК Тешань - НК Вітез [БОСНІЯ ТА ГЕРЦЕГОВИНА: Перша ліга - ФБіГ Таблиця]
    6' Медеама - Асанте Котоко [ГАНА: Прем'єр-ліга Таблиця]
    6' Нейшнс ФК - Холі Старз [ГАНА: Прем'єр-ліга Таблиця]
    6' Янг Апостлс - Сведру Олл Блекс [ГАНА: Прем'єр-ліга Таблиця]
    47' Талавера - Самора [ІСПАНІЯ: Прімера КІФФ - Група 1 Таблиця]
    6' Маріно де Луанко - Реал Ов'єдо B [ІСПАНІЯ: Сегунда КІФФ - Група 1 Таблиця]
    6' Нумансія - Реал Авіла [ІСПАНІЯ: Сегунда КІФФ - Група 1 Таблиця]
    6' Нахара - СД Логроньєс [ІСПАНІЯ: Сегунда КІФФ - Група 2 Таблиця]
    6' Ла-Нусія - Еркулес B [ІСПАНІЯ: Терсера КІФФ - Група 6 Таблиця]
    6' Гіхуело - Колехіос Діокесанос [ІСПАНІЯ: Терсера КІФФ - Група 8 Таблиця]
    6' Єклано B - Каравака [ІСПАНІЯ: Терсера КІФФ - Група 13 Таблиця]
    6' Віанес - Ягуе [ІСПАНІЯ: Терсера КІФФ - Група 16 Таблиця]
    6' Пенья Бальсамаїсо - Аро Депортіво [ІСПАНІЯ: Терсера КІФФ - Група 16 Таблиця]
    6' Атлетіко Монсон - Касетас [ІСПАНІЯ: Терсера КІФФ - Група 17 Таблиця]
    6' ФК Андорра - Епіла [ІСПАНІЯ: Терсера КІФФ - Група 17 Таблиця]
    45' Саммаурезе - Л'Аквіла [ІТАЛІЯ: Серія D - Група F Таблиця]
    50' Роданж - Уньйон Тітус Петанж [ЛЮКСЕМБУРГ: Ліга БГЛ Таблиця]
    48' УНА Штрассен - Расінг Люксембург [ЛЮКСЕМБУРГ: Ліга БГЛ Таблиця]
    6' Барау - Ремо Старз [НІГЕРІЯ: Прем'єр-ліга Таблиця]
    6' Ікороду Сіті - Кано [НІГЕРІЯ: Прем'єр-ліга Таблиця]
    6' Ріверс Юнайтед ФК - Плато [НІГЕРІЯ: Прем'єр-ліга Таблиця]
    6' Шутінг - Квара [НІГЕРІЯ: Прем'єр-ліга Таблиця]
    6' Олесунн - КФУМ Осло [НОРВЕГІЯ: Елітсеріен Таблиця]
    6' Фредрікстад - Волеренга [НОРВЕГІЯ: Елітсеріен Таблиця]
    6' Мосс - Хедд [НОРВЕГІЯ: ОБОС-ліга Таблиця]
    6' Стабек - Асане [НОРВЕГІЯ: ОБОС-ліга Таблиця]
    45' Сан-Жуан-де-Вер - АД Марку 09 [ПОРТУГАЛІЯ: Ліга 3 - Група вибування Таблиця]
    36' Celoricense - Машіку [ПОРТУГАЛІЯ: Чемпіонат Португалії - Група A Таблиця]
    6' АД Ліміануш - Тірсенсе [ПОРТУГАЛІЯ: Чемпіонат Португалії - Група A Таблиця]
    6' Деспортіву Монсан - Віаненсе [ПОРТУГАЛІЯ: Чемпіонат Португалії - Група A Таблиця]
    6' Шавіш B - Браганса [ПОРТУГАЛІЯ: Чемпіонат Португалії - Група A Таблиця]
    6' Апаресіда - Флорграде [ПОРТУГАЛІЯ: Чемпіонат Португалії - Група B Таблиця]
    6' Бейра Мар - Уніао Ламаш [ПОРТУГАЛІЯ: Чемпіонат Португалії - Група B Таблиця]
    6' Віла Реал - Віла Мея [ПОРТУГАЛІЯ: Чемпіонат Португалії - Група B Таблиця]
    6' Салгейруш - Алпендорада [ПОРТУГАЛІЯ: Чемпіонат Португалії - Група B Таблиця]
    6' Електріку - Фатіма [ПОРТУГАЛІЯ: Чемпіонат Португалії - Група C Таблиця]
    6' Каштелу-Бранку - Samora Correia [ПОРТУГАЛІЯ: Чемпіонат Португалії - Група C Таблиця]
    6' Ос Маріалвас - Naval 1893 [ПОРТУГАЛІЯ: Чемпіонат Португалії - Група C Таблиця]
    6' Уніао Да Серра - Пеніше [ПОРТУГАЛІЯ: Чемпіонат Португалії - Група C Таблиця]
    6' Індустрія - О Елваш [ПОРТУГАЛІЯ: Чемпіонат Португалії - Група D Таблиця]
    6' Монкарапашенсе - Юв. Евора [ПОРТУГАЛІЯ: Чемпіонат Португалії - Група D Таблиця]
    6' Портімоненсе B - Лагоа [ПОРТУГАЛІЯ: Чемпіонат Португалії - Група D Таблиця]
    6' Серпа - Алверка B [ПОРТУГАЛІЯ: Чемпіонат Португалії - Група D Таблиця]
    45' НСІ Рунавік - 07 Вестур Сорвагур [ФАРЕРСЬКІ ОСТРОВИ: Прем'єр-ліга Таблиця]
    48' Стреймур - ХБ Торсхавн [ФАРЕРСЬКІ ОСТРОВИ: Прем'єр-ліга Таблиця]
    6' Артіс Брно B - Пелгржімов [ЧЕХІЯ: 4. ліга - Група D Таблиця]
    36' Сьон - Лозанна [ШВЕЙЦАРІЯ: Суперліга Таблиця]
    36' Янг Бойз - Серветт [ШВЕЙЦАРІЯ: Суперліга Таблиця]
    45' Стокгольм Інтернаціонале - Карлстад [ШВЕЦІЯ: Дивізіон 1 - Північ Таблиця]
  ✔ 76' Сарнезе - АКД Нардо [ІТАЛІЯ: Серія D - Група H Таблиця] id=OWj762K8
  ✔ 62' Енна - Самб'язе [ІТАЛІЯ: Серія D - Група І Таблиця] id=lzpUQ4VQ
  Found: 2 candidates, 1 new, 20 permanently skipped

→ Енна - Самб'язе (62') [ІТАЛІЯ: Серія D - Група І Таблиця]
  Кф 1X2: 2.42 / 3 / 2.73
  Desktop: https://www.flashscore.ua/match/soccer/enna-8hMmdUCs/sambiase-OOSLH2uI/?mid=lzpUQ4VQ
  [stats] lzpUQ4VQ overall: no data-testid (old=0, any=0, body=148118)
  [stats] lzpUQ4VQ secondHalf: no data-testid (old=0, any=0, body=148118)
  [stats] lzpUQ4VQ → unavailable, 0 metrics
  Features: quality=0, primary=0, status=unavailable
  ✗ No stats at all → permanent skip

Done: 0 analyzed, 0 actionable, 0 TG sent

🔥 RUN #828: analyzed=0, signals=0
⏳ Next scan in 3m...
[18:09:38] Live scan
  Запуск live-скрапера (після ранкових Telegram, якщо були).
Opening: https://m.flashscore.ua/?s=2 (minute >= 60, 0:0 only)
Provider health [https://m.flashscore.ua/?s=2]: rows=91, 0:0 total=53, candidates=1
  ⏸ 0:0 ще рано (< 60'):
    40' ТОСК Тешань - НК Вітез [БОСНІЯ ТА ГЕРЦЕГОВИНА: Перша ліга - ФБіГ Таблиця]
    10' Карела - Харт оф Лайонс [ГАНА: Прем'єр-ліга Таблиця]
    10' Медеама - Асанте Котоко [ГАНА: Прем'єр-ліга Таблиця]
    10' Нейшнс ФК - Холі Старз [ГАНА: Прем'єр-ліга Таблиця]
    10' Янг Апостлс - Сведру Олл Блекс [ГАНА: Прем'єр-ліга Таблиця]
    51' Талавера - Самора [ІСПАНІЯ: Прімера КІФФ - Група 1 Таблиця]
    10' Маріно де Луанко - Реал Ов'єдо B [ІСПАНІЯ: Сегунда КІФФ - Група 1 Таблиця]
    10' Нумансія - Реал Авіла [ІСПАНІЯ: Сегунда КІФФ - Група 1 Таблиця]
    10' Нахара - СД Логроньєс [ІСПАНІЯ: Сегунда КІФФ - Група 2 Таблиця]
    10' Льянера - Спортінг Х. B [ІСПАНІЯ: Терсера КІФФ - Група 2 Таблиця]
    10' Ла-Нусія - Еркулес B [ІСПАНІЯ: Терсера КІФФ - Група 6 Таблиця]
    10' Гіхуело - Колехіос Діокесанос [ІСПАНІЯ: Терсера КІФФ - Група 8 Таблиця]
    10' Єклано B - Каравака [ІСПАНІЯ: Терсера КІФФ - Група 13 Таблиця]
    10' Віанес - Ягуе [ІСПАНІЯ: Терсера КІФФ - Група 16 Таблиця]
    10' Пенья Бальсамаїсо - Аро Депортіво [ІСПАНІЯ: Терсера КІФФ - Група 16 Таблиця]
    10' Атлетіко Монсон - Касетас [ІСПАНІЯ: Терсера КІФФ - Група 17 Таблиця]
    10' ФК Андорра - Епіла [ІСПАНІЯ: Терсера КІФФ - Група 17 Таблиця]
    48' Саммаурезе - Л'Аквіла [ІТАЛІЯ: Серія D - Група F Таблиця]
    55' Роданж - Уньйон Тітус Петанж [ЛЮКСЕМБУРГ: Ліга БГЛ Таблиця]
    10' Барау - Ремо Старз [НІГЕРІЯ: Прем'єр-ліга Таблиця]
    10' Ікороду Сіті - Кано [НІГЕРІЯ: Прем'єр-ліга Таблиця]
    10' Кун Халіфа - Воррі [НІГЕРІЯ: Прем'єр-ліга Таблиця]
    10' Ріверс Юнайтед ФК - Плато [НІГЕРІЯ: Прем'єр-ліга Таблиця]
    10' Шутінг - Квара [НІГЕРІЯ: Прем'єр-ліга Таблиця]
    10' Олесунн - КФУМ Осло [НОРВЕГІЯ: Елітсеріен Таблиця]
    10' Фредрікстад - Волеренга [НОРВЕГІЯ: Елітсеріен Таблиця]
    10' Мосс - Хедд [НОРВЕГІЯ: ОБОС-ліга Таблиця]
    10' Стабек - Асане [НОРВЕГІЯ: ОБОС-ліга Таблиця]
    45' Сан-Жуан-де-Вер - АД Марку 09 [ПОРТУГАЛІЯ: Ліга 3 - Група вибування Таблиця]
    40' Celoricense - Машіку [ПОРТУГАЛІЯ: Чемпіонат Португалії - Група A Таблиця]
    10' АД Ліміануш - Тірсенсе [ПОРТУГАЛІЯ: Чемпіонат Португалії - Група A Таблиця]
    10' Деспортіву Монсан - Віаненсе [ПОРТУГАЛІЯ: Чемпіонат Португалії - Група A Таблиця]
    10' Шавіш B - Браганса [ПОРТУГАЛІЯ: Чемпіонат Португалії - Група A Таблиця]
    10' Апаресіда - Флорграде [ПОРТУГАЛІЯ: Чемпіонат Португалії - Група B Таблиця]
    10' Бейра Мар - Уніао Ламаш [ПОРТУГАЛІЯ: Чемпіонат Португалії - Група B Таблиця]
    10' Віла Реал - Віла Мея [ПОРТУГАЛІЯ: Чемпіонат Португалії - Група B Таблиця]
    10' Ребордоза - Леса [ПОРТУГАЛІЯ: Чемпіонат Португалії - Група B Таблиця]
    10' Салгейруш - Алпендорада [ПОРТУГАЛІЯ: Чемпіонат Португалії - Група B Таблиця]
    10' Каштелу-Бранку - Samora Correia [ПОРТУГАЛІЯ: Чемпіонат Португалії - Група C Таблиця]
    10' Ос Маріалвас - Naval 1893 [ПОРТУГАЛІЯ: Чемпіонат Португалії - Група C Таблиця]
    10' Уніао Да Серра - Пеніше [ПОРТУГАЛІЯ: Чемпіонат Португалії - Група C Таблиця]
    10' Індустрія - О Елваш [ПОРТУГАЛІЯ: Чемпіонат Португалії - Група D Таблиця]
    10' Малвейра - Сінтренсе [ПОРТУГАЛІЯ: Чемпіонат Португалії - Група D Таблиця]
    10' Монкарапашенсе - Юв. Евора [ПОРТУГАЛІЯ: Чемпіонат Португалії - Група D Таблиця]
    10' Портімоненсе B - Лагоа [ПОРТУГАЛІЯ: Чемпіонат Португалії - Група D Таблиця]
    10' Серпа - Алверка B [ПОРТУГАЛІЯ: Чемпіонат Португалії - Група D Таблиця]
    45' НСІ Рунавік - 07 Вестур Сорвагур [ФАРЕРСЬКІ ОСТРОВИ: Прем'єр-ліга Таблиця]
    52' Стреймур - ХБ Торсхавн [ФАРЕРСЬКІ ОСТРОВИ: Прем'єр-ліга Таблиця]
    10' Артіс Брно B - Пелгржімов [ЧЕХІЯ: 4. ліга - Група D Таблиця]
    40' Сьон - Лозанна [ШВЕЙЦАРІЯ: Суперліга Таблиця]
    40' Янг Бойз - Серветт [ШВЕЙЦАРІЯ: Суперліга Таблиця]
    45' Стокгольм Інтернаціонале - Карлстад [ШВЕЦІЯ: Дивізіон 1 - Північ Таблиця]
  ✔ 80' Сарнезе - АКД Нардо [ІТАЛІЯ: Серія D - Група H Таблиця] id=OWj762K8
  Found: 1 candidates, 0 new, 21 permanently skipped

Done: 0 analyzed, 0 actionable, 0 TG sent

🔥 RUN #829: analyzed=0, signals=0
⏳ Next scan in 3m...
[18:12:42] Live scan
  Запуск live-скрапера (після ранкових Telegram, якщо були).
Opening: https://m.flashscore.ua/?s=2 (minute >= 60, 0:0 only)
Provider health [https://m.flashscore.ua/?s=2]: rows=89, 0:0 total=48, candidates=1
  ⏸ 0:0 ще рано (< 60'):
    13' Карела - Харт оф Лайонс [ГАНА: Прем'єр-ліга Таблиця]
    13' Медеама - Асанте Котоко [ГАНА: Прем'єр-ліга Таблиця]
    13' Маріно де Луанко - Реал Ов'єдо B [ІСПАНІЯ: Сегунда КІФФ - Група 1 Таблиця]
    13' Нумансія - Реал Авіла [ІСПАНІЯ: Сегунда КІФФ - Група 1 Таблиця]
    13' Нахара - СД Логроньєс [ІСПАНІЯ: Сегунда КІФФ - Група 2 Таблиця]
    13' Льянера - Спортінг Х. B [ІСПАНІЯ: Терсера КІФФ - Група 2 Таблиця]
    13' Ла-Нусія - Еркулес B [ІСПАНІЯ: Терсера КІФФ - Група 6 Таблиця]
    13' Гіхуело - Колехіос Діокесанос [ІСПАНІЯ: Терсера КІФФ - Група 8 Таблиця]
    13' Єклано B - Каравака [ІСПАНІЯ: Терсера КІФФ - Група 13 Таблиця]
    13' Віанес - Ягуе [ІСПАНІЯ: Терсера КІФФ - Група 16 Таблиця]
    13' ФК Андорра - Епіла [ІСПАНІЯ: Терсера КІФФ - Група 17 Таблиця]
    51' Саммаурезе - Л'Аквіла [ІТАЛІЯ: Серія D - Група F Таблиця]
    58' Роданж - Уньйон Тітус Петанж [ЛЮКСЕМБУРГ: Ліга БГЛ Таблиця]
    13' УНАМ Пумас U21 - Масатлан ФК U21 [МЕКСИКА: Ліга MX U21 - Клаусура Таблиця]
    13' Барау - Ремо Старз [НІГЕРІЯ: Прем'єр-ліга Таблиця]
    13' Еньїмба - Каціна Юнайтед [НІГЕРІЯ: Прем'єр-ліга Таблиця]
    13' Ікороду Сіті - Кано [НІГЕРІЯ: Прем'єр-ліга Таблиця]
    13' Кун Халіфа - Воррі [НІГЕРІЯ: Прем'єр-ліга Таблиця]
    13' Найджер Торнадос - Рейнджерс Інт. [НІГЕРІЯ: Прем'єр-ліга Таблиця]
    13' Ріверс Юнайтед ФК - Плато [НІГЕРІЯ: Прем'єр-ліга Таблиця]
    13' Шутінг - Квара [НІГЕРІЯ: Прем'єр-ліга Таблиця]
    13' Фредрікстад - Волеренга [НОРВЕГІЯ: Елітсеріен Таблиця]
    13' Мосс - Хедд [НОРВЕГІЯ: ОБОС-ліга Таблиця]
    13' Стабек - Асане [НОРВЕГІЯ: ОБОС-ліга Таблиця]
    46' Сан-Жуан-де-Вер - АД Марку 09 [ПОРТУГАЛІЯ: Ліга 3 - Група вибування Таблиця]
    43' Celoricense - Машіку [ПОРТУГАЛІЯ: Чемпіонат Португалії - Група A Таблиця]
    13' АД Ліміануш - Тірсенсе [ПОРТУГАЛІЯ: Чемпіонат Португалії - Група A Таблиця]
    13' Шавіш B - Браганса [ПОРТУГАЛІЯ: Чемпіонат Португалії - Група A Таблиця]
    13' Апаресіда - Флорграде [ПОРТУГАЛІЯ: Чемпіонат Португалії - Група B Таблиця]
    13' Бейра Мар - Уніао Ламаш [ПОРТУГАЛІЯ: Чемпіонат Португалії - Група B Таблиця]
    13' Ребордоза - Леса [ПОРТУГАЛІЯ: Чемпіонат Португалії - Група B Таблиця]
    13' Ресенде - Сінфайнш [ПОРТУГАЛІЯ: Чемпіонат Португалії - Група B Таблиця]
    13' Салгейруш - Алпендорада [ПОРТУГАЛІЯ: Чемпіонат Португалії - Група B Таблиця]
    13' Каштелу-Бранку - Samora Correia [ПОРТУГАЛІЯ: Чемпіонат Португалії - Група C Таблиця]
    13' Ос Маріалвас - Naval 1893 [ПОРТУГАЛІЯ: Чемпіонат Португалії - Група C Таблиця]
    13' Уніао Да Серра - Пеніше [ПОРТУГАЛІЯ: Чемпіонат Португалії - Група C Таблиця]
    13' Індустрія - О Елваш [ПОРТУГАЛІЯ: Чемпіонат Португалії - Група D Таблиця]
    13' Малвейра - Сінтренсе [ПОРТУГАЛІЯ: Чемпіонат Португалії - Група D Таблиця]
    13' Монкарапашенсе - Юв. Евора [ПОРТУГАЛІЯ: Чемпіонат Португалії - Група D Таблиця]
    13' Портімоненсе B - Лагоа [ПОРТУГАЛІЯ: Чемпіонат Португалії - Група D Таблиця]
    13' Серпа - Алверка B [ПОРТУГАЛІЯ: Чемпіонат Португалії - Група D Таблиця]
    50' НСІ Рунавік - 07 Вестур Сорвагур [ФАРЕРСЬКІ ОСТРОВИ: Прем'єр-ліга Таблиця]
    55' Стреймур - ХБ Торсхавн [ФАРЕРСЬКІ ОСТРОВИ: Прем'єр-ліга Таблиця]
    13' Артіс Брно B - Пелгржімов [ЧЕХІЯ: 4. ліга - Група D Таблиця]
    43' Сьон - Лозанна [ШВЕЙЦАРІЯ: Суперліга Таблиця]
    43' Янг Бойз - Серветт [ШВЕЙЦАРІЯ: Суперліга Таблиця]
    49' Стокгольм Інтернаціонале - Карлстад [ШВЕЦІЯ: Дивізіон 1 - Північ Таблиця]
  ✔ 83' Сарнезе - АКД Нардо [ІТАЛІЯ: Серія D - Група H Таблиця] id=OWj762K8
  Found: 1 candidates, 0 new, 21 permanently skipped

Done: 0 analyzed, 0 actionable, 0 TG sent

🔥 RUN #830: analyzed=0, signals=0
⏳ Next scan in 3m...
[18:15:46] Live scan
  Запуск live-скрапера (після ранкових Telegram, якщо були).
Opening: https://m.flashscore.ua/?s=2 (minute >= 60, 0:0 only)
Provider health [https://m.flashscore.ua/?s=2]: rows=89, 0:0 total=46, candidates=2
  ⏸ 0:0 ще рано (< 60'):
    15' Карела - Харт оф Лайонс [ГАНА: Прем'єр-ліга Таблиця]
    15' Медеама - Асанте Котоко [ГАНА: Прем'єр-ліга Таблиця]
    15' Маріно де Луанко - Реал Ов'єдо B [ІСПАНІЯ: Сегунда КІФФ - Група 1 Таблиця]
    15' Нумансія - Реал Авіла [ІСПАНІЯ: Сегунда КІФФ - Група 1 Таблиця]
    15' Нахара - СД Логроньєс [ІСПАНІЯ: Сегунда КІФФ - Група 2 Таблиця]
    15' Льянера - Спортінг Х. B [ІСПАНІЯ: Терсера КІФФ - Група 2 Таблиця]
    15' Ла-Нусія - Еркулес B [ІСПАНІЯ: Терсера КІФФ - Група 6 Таблиця]
    15' Гіхуело - Колехіос Діокесанос [ІСПАНІЯ: Терсера КІФФ - Група 8 Таблиця]
    15' Єклано B - Каравака [ІСПАНІЯ: Терсера КІФФ - Група 13 Таблиця]
    15' Віанес - Ягуе [ІСПАНІЯ: Терсера КІФФ - Група 16 Таблиця]
    15' ФК Андорра - Епіла [ІСПАНІЯ: Терсера КІФФ - Група 17 Таблиця]
    54' Саммаурезе - Л'Аквіла [ІТАЛІЯ: Серія D - Група F Таблиця]
    15' УНАМ Пумас U21 - Масатлан ФК U21 [МЕКСИКА: Ліга MX U21 - Клаусура Таблиця]
    15' Барау - Ремо Старз [НІГЕРІЯ: Прем'єр-ліга Таблиця]
    15' Еньїмба - Каціна Юнайтед [НІГЕРІЯ: Прем'єр-ліга Таблиця]
    15' Ікороду Сіті - Кано [НІГЕРІЯ: Прем'єр-ліга Таблиця]
    15' Кун Халіфа - Воррі [НІГЕРІЯ: Прем'єр-ліга Таблиця]
    15' Найджер Торнадос - Рейнджерс Інт. [НІГЕРІЯ: Прем'єр-ліга Таблиця]
    15' Ріверс Юнайтед ФК - Плато [НІГЕРІЯ: Прем'єр-ліга Таблиця]
    15' Шутінг - Квара [НІГЕРІЯ: Прем'єр-ліга Таблиця]
    15' Фредрікстад - Волеренга [НОРВЕГІЯ: Елітсеріен Таблиця]
    15' Мосс - Хедд [НОРВЕГІЯ: ОБОС-ліга Таблиця]
    48' Сан-Жуан-де-Вер - АД Марку 09 [ПОРТУГАЛІЯ: Ліга 3 - Група вибування Таблиця]
    45' Celoricense - Машіку [ПОРТУГАЛІЯ: Чемпіонат Португалії - Група A Таблиця]
    15' АД Ліміануш - Тірсенсе [ПОРТУГАЛІЯ: Чемпіонат Португалії - Група A Таблиця]
    15' Шавіш B - Браганса [ПОРТУГАЛІЯ: Чемпіонат Португалії - Група A Таблиця]
    15' Апаресіда - Флорграде [ПОРТУГАЛІЯ: Чемпіонат Португалії - Група B Таблиця]
    15' Бейра Мар - Уніао Ламаш [ПОРТУГАЛІЯ: Чемпіонат Португалії - Група B Таблиця]
    15' Ребордоза - Леса [ПОРТУГАЛІЯ: Чемпіонат Португалії - Група B Таблиця]
    15' Ресенде - Сінфайнш [ПОРТУГАЛІЯ: Чемпіонат Португалії - Група B Таблиця]
    15' Каштелу-Бранку - Samora Correia [ПОРТУГАЛІЯ: Чемпіонат Португалії - Група C Таблиця]
    15' Ос Маріалвас - Naval 1893 [ПОРТУГАЛІЯ: Чемпіонат Португалії - Група C Таблиця]
    15' Уніао Да Серра - Пеніше [ПОРТУГАЛІЯ: Чемпіонат Португалії - Група C Таблиця]
    15' Індустрія - О Елваш [ПОРТУГАЛІЯ: Чемпіонат Португалії - Група D Таблиця]
    15' Малвейра - Сінтренсе [ПОРТУГАЛІЯ: Чемпіонат Португалії - Група D Таблиця]
    15' Монкарапашенсе - Юв. Евора [ПОРТУГАЛІЯ: Чемпіонат Португалії - Група D Таблиця]
    15' Портімоненсе B - Лагоа [ПОРТУГАЛІЯ: Чемпіонат Португалії - Група D Таблиця]
    15' Серпа - Алверка B [ПОРТУГАЛІЯ: Чемпіонат Португалії - Група D Таблиця]
    52' НСІ Рунавік - 07 Вестур Сорвагур [ФАРЕРСЬКІ ОСТРОВИ: Прем'єр-ліга Таблиця]
    57' Стреймур - ХБ Торсхавн [ФАРЕРСЬКІ ОСТРОВИ: Прем'єр-ліга Таблиця]
    15' Артіс Брно B - Пелгржімов [ЧЕХІЯ: 4. ліга - Група D Таблиця]
    45' Сьон - Лозанна [ШВЕЙЦАРІЯ: Суперліга Таблиця]
    45' Янг Бойз - Серветт [ШВЕЙЦАРІЯ: Суперліга Таблиця]
    52' Стокгольм Інтернаціонале - Карлстад [ШВЕЦІЯ: Дивізіон 1 - Північ Таблиця]
  ✔ 85' Сарнезе - АКД Нардо [ІТАЛІЯ: Серія D - Група H Таблиця] id=OWj762K8
  ✔ 60' Роданж - Уньйон Тітус Петанж [ЛЮКСЕМБУРГ: Ліга БГЛ Таблиця] id=WIchLRQO
  Found: 2 candidates, 1 new, 21 permanently skipped

→ Роданж - Уньйон Тітус Петанж (60') [ЛЮКСЕМБУРГ: Ліга БГЛ Таблиця]
  Кф 1X2: 2.53 / 3.61 / 2.53
  Desktop: https://www.flashscore.ua/match/soccer/fc-rodange-91-dxIY6XQK/union-titus-petange-6DfKw3is/?mid=WIchLRQO
  [stats] WIchLRQO overall: no data-testid (old=0, any=0, body=148496)
  [stats] WIchLRQO secondHalf: no data-testid (old=0, any=0, body=148496)
  [stats] WIchLRQO → unavailable, 0 metrics
  Features: quality=0, primary=0, status=unavailable
  ✗ No stats at all → permanent skip

Done: 0 analyzed, 0 actionable, 0 TG sent

🔥 RUN #831: analyzed=0, signals=0
⏳ Next scan in 3m...
[18:19:28] Live scan
  Запуск live-скрапера (після ранкових Telegram, якщо були).
Opening: https://m.flashscore.ua/?s=2 (minute >= 60, 0:0 only)
Provider health [https://m.flashscore.ua/?s=2]: rows=89, 0:0 total=43, candidates=3
  ⏸ 0:0 ще рано (< 60'):
    5' Тулуза - Лілль [ФРАНЦІЯ: Ліга 1 Таблиця]
    20' Медеама - Асанте Котоко [ГАНА: Прем'єр-ліга Таблиця]
    20' Маріно де Луанко - Реал Ов'єдо B [ІСПАНІЯ: Сегунда КІФФ - Група 1 Таблиця]
    20' Нумансія - Реал Авіла [ІСПАНІЯ: Сегунда КІФФ - Група 1 Таблиця]
    20' Нахара - СД Логроньєс [ІСПАНІЯ: Сегунда КІФФ - Група 2 Таблиця]
    20' Льянера - Спортінг Х. B [ІСПАНІЯ: Терсера КІФФ - Група 2 Таблиця]
    20' Ла-Нусія - Еркулес B [ІСПАНІЯ: Терсера КІФФ - Група 6 Таблиця]
    20' Гіхуело - Колехіос Діокесанос [ІСПАНІЯ: Терсера КІФФ - Група 8 Таблиця]
    20' Єклано B - Каравака [ІСПАНІЯ: Терсера КІФФ - Група 13 Таблиця]
    20' Віанес - Ягуе [ІСПАНІЯ: Терсера КІФФ - Група 16 Таблиця]
    20' ФК Андорра - Епіла [ІСПАНІЯ: Терсера КІФФ - Група 17 Таблиця]
    58' Саммаурезе - Л'Аквіла [ІТАЛІЯ: Серія D - Група F Таблиця]
    20' УНАМ Пумас U21 - Масатлан ФК U21 [МЕКСИКА: Ліга MX U21 - Клаусура Таблиця]
    20' Барау - Ремо Старз [НІГЕРІЯ: Прем'єр-ліга Таблиця]
    20' Еньїмба - Каціна Юнайтед [НІГЕРІЯ: Прем'єр-ліга Таблиця]
    20' Ікороду Сіті - Кано [НІГЕРІЯ: Прем'єр-ліга Таблиця]
    20' Кун Халіфа - Воррі [НІГЕРІЯ: Прем'єр-ліга Таблиця]
    20' Найджер Торнадос - Рейнджерс Інт. [НІГЕРІЯ: Прем'єр-ліга Таблиця]
    20' Шутінг - Квара [НІГЕРІЯ: Прем'єр-ліга Таблиця]
    20' Фредрікстад - Волеренга [НОРВЕГІЯ: Елітсеріен Таблиця]
    20' Мосс - Хедд [НОРВЕГІЯ: ОБОС-ліга Таблиця]
    53' Сан-Жуан-де-Вер - АД Марку 09 [ПОРТУГАЛІЯ: Ліга 3 - Група вибування Таблиця]
    20' АД Ліміануш - Тірсенсе [ПОРТУГАЛІЯ: Чемпіонат Португалії - Група A Таблиця]
    20' Шавіш B - Браганса [ПОРТУГАЛІЯ: Чемпіонат Португалії - Група A Таблиця]
    20' Апаресіда - Флорграде [ПОРТУГАЛІЯ: Чемпіонат Португалії - Група B Таблиця]
    20' Бейра Мар - Уніао Ламаш [ПОРТУГАЛІЯ: Чемпіонат Португалії - Група B Таблиця]
    20' Ребордоза - Леса [ПОРТУГАЛІЯ: Чемпіонат Португалії - Група B Таблиця]
    20' Ресенде - Сінфайнш [ПОРТУГАЛІЯ: Чемпіонат Португалії - Група B Таблиця]
    20' Каштелу-Бранку - Samora Correia [ПОРТУГАЛІЯ: Чемпіонат Португалії - Група C Таблиця]
    20' Ос Маріалвас - Naval 1893 [ПОРТУГАЛІЯ: Чемпіонат Португалії - Група C Таблиця]
    20' Уніао Да Серра - Пеніше [ПОРТУГАЛІЯ: Чемпіонат Португалії - Група C Таблиця]
    20' Індустрія - О Елваш [ПОРТУГАЛІЯ: Чемпіонат Португалії - Група D Таблиця]
    20' Малвейра - Сінтренсе [ПОРТУГАЛІЯ: Чемпіонат Португалії - Група D Таблиця]
    20' Монкарапашенсе - Юв. Евора [ПОРТУГАЛІЯ: Чемпіонат Португалії - Група D Таблиця]
    20' Портімоненсе B - Лагоа [ПОРТУГАЛІЯ: Чемпіонат Португалії - Група D Таблиця]
    20' Серпа - Алверка B [ПОРТУГАЛІЯ: Чемпіонат Португалії - Група D Таблиця]
    20' Артіс Брно B - Пелгржімов [ЧЕХІЯ: 4. ліга - Група D Таблиця]
    45' Сьон - Лозанна [ШВЕЙЦАРІЯ: Суперліга Таблиця]
    45' Янг Бойз - Серветт [ШВЕЙЦАРІЯ: Суперліга Таблиця]
  ✔ 90' Сарнезе - АКД Нардо [ІТАЛІЯ: Серія D - Група H Таблиця] id=OWj762K8
  ✔ 65' Роданж - Уньйон Тітус Петанж [ЛЮКСЕМБУРГ: Ліга БГЛ Таблиця] id=WIchLRQO
  ✔ 62' Стреймур - ХБ Торсхавн [ФАРЕРСЬКІ ОСТРОВИ: Прем'єр-ліга Таблиця] id=AeNP7V8K
  Found: 3 candidates, 1 new, 22 permanently skipped

→ Стреймур - ХБ Торсхавн (62') [ФАРЕРСЬКІ ОСТРОВИ: Прем'єр-ліга Таблиця]
  Кф 1X2: 6.67 / 5.05 / 1.33
  Desktop: https://www.flashscore.ua/match/soccer/eb-streymur-Y9M5L9HM/hb-torshavn-CUC7tw3r/?mid=AeNP7V8K
  [stats] AeNP7V8K → both, 6 metrics
  Features: quality=0.23, primary=2, status=both
  Score (windowed): pGoal=0.138, pDry=0.862 | 60-70 → UNDER_0_5
  ⏸ сигнал не пройшов (вікно 60-70, впевненість: low, bet: UNDER_0_5)

Done: 1 analyzed, 1 actionable, 0 TG sent
📌 Tracking 1 active prediction(s)

🔥 RUN #832: analyzed=1, signals=0
Message sent to Telegram
⏳ Next scan in 3m...
[18:22:42] Live scan
  Запуск live-скрапера (після ранкових Telegram, якщо були).
Opening: https://m.flashscore.ua/?s=2 (minute >= 60, 0:0 only)
Provider health [https://m.flashscore.ua/?s=2]: rows=88, 0:0 total=41, candidates=2
  ⏸ 0:0 ще рано (< 60'):
    7' Тулуза - Лілль [ФРАНЦІЯ: Ліга 1 Таблиця]
    22' Медеама - Асанте Котоко [ГАНА: Прем'єр-ліга Таблиця]
    22' Маріно де Луанко - Реал Ов'єдо B [ІСПАНІЯ: Сегунда КІФФ - Група 1 Таблиця]
    22' Нумансія - Реал Авіла [ІСПАНІЯ: Сегунда КІФФ - Група 1 Таблиця]
    22' Нахара - СД Логроньєс [ІСПАНІЯ: Сегунда КІФФ - Група 2 Таблиця]
    22' Льянера - Спортінг Х. B [ІСПАНІЯ: Терсера КІФФ - Група 2 Таблиця]
    22' Ла-Нусія - Еркулес B [ІСПАНІЯ: Терсера КІФФ - Група 6 Таблиця]
    22' Гіхуело - Колехіос Діокесанос [ІСПАНІЯ: Терсера КІФФ - Група 8 Таблиця]
    7' Сеута B - Кордоба B [ІСПАНІЯ: Терсера КІФФ - Група 10 Таблиця]
    22' Єклано B - Каравака [ІСПАНІЯ: Терсера КІФФ - Група 13 Таблиця]
    22' Віанес - Ягуе [ІСПАНІЯ: Терсера КІФФ - Група 16 Таблиця]
    22' УНАМ Пумас U21 - Масатлан ФК U21 [МЕКСИКА: Ліга MX U21 - Клаусура Таблиця]
    22' Барау - Ремо Старз [НІГЕРІЯ: Прем'єр-ліга Таблиця]
    22' Еньїмба - Каціна Юнайтед [НІГЕРІЯ: Прем'єр-ліга Таблиця]
    22' Ікороду Сіті - Кано [НІГЕРІЯ: Прем'єр-ліга Таблиця]
    22' Кун Халіфа - Воррі [НІГЕРІЯ: Прем'єр-ліга Таблиця]
    22' Найджер Торнадос - Рейнджерс Інт. [НІГЕРІЯ: Прем'єр-ліга Таблиця]
    22' Шутінг - Квара [НІГЕРІЯ: Прем'єр-ліга Таблиця]
    22' Фредрікстад - Волеренга [НОРВЕГІЯ: Елітсеріен Таблиця]
    22' Мосс - Хедд [НОРВЕГІЯ: ОБОС-ліга Таблиця]
    55' Сан-Жуан-де-Вер - АД Марку 09 [ПОРТУГАЛІЯ: Ліга 3 - Група вибування Таблиця]
    22' АД Ліміануш - Тірсенсе [ПОРТУГАЛІЯ: Чемпіонат Португалії - Група A Таблиця]
    22' Шавіш B - Браганса [ПОРТУГАЛІЯ: Чемпіонат Португалії - Група A Таблиця]
    22' Апаресіда - Флорграде [ПОРТУГАЛІЯ: Чемпіонат Португалії - Група B Таблиця]
    22' Бейра Мар - Уніао Ламаш [ПОРТУГАЛІЯ: Чемпіонат Португалії - Група B Таблиця]
    22' Ребордоза - Леса [ПОРТУГАЛІЯ: Чемпіонат Португалії - Група B Таблиця]
    22' Ресенде - Сінфайнш [ПОРТУГАЛІЯ: Чемпіонат Португалії - Група B Таблиця]
    22' Каштелу-Бранку - Samora Correia [ПОРТУГАЛІЯ: Чемпіонат Португалії - Група C Таблиця]
    22' Ос Маріалвас - Naval 1893 [ПОРТУГАЛІЯ: Чемпіонат Португалії - Група C Таблиця]
    22' Уніао Да Серра - Пеніше [ПОРТУГАЛІЯ: Чемпіонат Португалії - Група C Таблиця]
    22' Індустрія - О Елваш [ПОРТУГАЛІЯ: Чемпіонат Португалії - Група D Таблиця]
    22' Малвейра - Сінтренсе [ПОРТУГАЛІЯ: Чемпіонат Португалії - Група D Таблиця]
    22' Монкарапашенсе - Юв. Евора [ПОРТУГАЛІЯ: Чемпіонат Португалії - Група D Таблиця]
    22' Портімоненсе B - Лагоа [ПОРТУГАЛІЯ: Чемпіонат Португалії - Група D Таблиця]
    22' Артіс Брно B - Пелгржімов [ЧЕХІЯ: 4. ліга - Група D Таблиця]
    45' Сьон - Лозанна [ШВЕЙЦАРІЯ: Суперліга Таблиця]
    45' Янг Бойз - Серветт [ШВЕЙЦАРІЯ: Суперліга Таблиця]
  ✔ 61' Саммаурезе - Л'Аквіла [ІТАЛІЯ: Серія D - Група F Таблиця] id=YcWv8P9l
  ✔ 64' Стреймур - ХБ Торсхавн [ФАРЕРСЬКІ ОСТРОВИ: Прем'єр-ліга Таблиця] id=AeNP7V8K
  Found: 2 candidates, 2 new, 22 permanently skipped

→ Саммаурезе - Л'Аквіла (61') [ІТАЛІЯ: Серія D - Група F Таблиця]

→ Стреймур - ХБ Торсхавн (64') [ФАРЕРСЬКІ ОСТРОВИ: Прем'єр-ліга Таблиця]
  Кф 1X2: 6.67 / 5.05 / 1.33
  Кф 1X2: 3.98 / 3.36 / 1.92
  Desktop: https://www.flashscore.ua/match/soccer/eb-streymur-Y9M5L9HM/hb-torshavn-CUC7tw3r/?mid=AeNP7V8K
  Desktop: https://www.flashscore.ua/match/soccer/aquila-calcio-nyTwKJyf/sammaurese-l44rGMtK/?mid=YcWv8P9l
  [stats] AeNP7V8K → both, 6 metrics
  Features: quality=0.23, primary=2, status=both
  Score (windowed): pGoal=0.143, pDry=0.857 | 60-70 → UNDER_0_5
  ⏸ сигнал не пройшов (вікно 60-70, впевненість: low, bet: UNDER_0_5)
  [stats] YcWv8P9l overall: no data-testid (old=0, any=0, body=148248)
  [stats] YcWv8P9l secondHalf: no data-testid (old=0, any=0, body=148248)
  [stats] YcWv8P9l → unavailable, 0 metrics
  Features: quality=0, primary=0, status=unavailable
  ✗ No stats at all → permanent skip

Done: 1 analyzed, 1 actionable, 0 TG sent
📌 Tracking 1 active prediction(s)

🔥 RUN #833: analyzed=1, signals=0
⏳ Next scan in 3m...
[18:26:23] Live scan
  Запуск live-скрапера (після ранкових Telegram, якщо були).
Opening: https://m.flashscore.ua/?s=2 (minute >= 60, 0:0 only)
Provider health [https://m.flashscore.ua/?s=2]: rows=82, 0:0 total=36, candidates=2
  ⏸ 0:0 ще рано (< 60'):
    11' Тулуза - Лілль [ФРАНЦІЯ: Ліга 1 Таблиця]
    26' Медеама - Асанте Котоко [ГАНА: Прем'єр-ліга Таблиця]
    26' Маріно де Луанко - Реал Ов'єдо B [ІСПАНІЯ: Сегунда КІФФ - Група 1 Таблиця]
    26' Нумансія - Реал Авіла [ІСПАНІЯ: Сегунда КІФФ - Група 1 Таблиця]
    26' Нахара - СД Логроньєс [ІСПАНІЯ: Сегунда КІФФ - Група 2 Таблиця]
    26' Льянера - Спортінг Х. B [ІСПАНІЯ: Терсера КІФФ - Група 2 Таблиця]
    26' Ла-Нусія - Еркулес B [ІСПАНІЯ: Терсера КІФФ - Група 6 Таблиця]
    26' Гіхуело - Колехіос Діокесанос [ІСПАНІЯ: Терсера КІФФ - Група 8 Таблиця]
    11' Сеута B - Кордоба B [ІСПАНІЯ: Терсера КІФФ - Група 10 Таблиця]
    26' Віанес - Ягуе [ІСПАНІЯ: Терсера КІФФ - Група 16 Таблиця]
    26' УНАМ Пумас U21 - Масатлан ФК U21 [МЕКСИКА: Ліга MX U21 - Клаусура Таблиця]
    26' Барау - Ремо Старз [НІГЕРІЯ: Прем'єр-ліга Таблиця]
    26' Еньїмба - Каціна Юнайтед [НІГЕРІЯ: Прем'єр-ліга Таблиця]
    26' Ікороду Сіті - Кано [НІГЕРІЯ: Прем'єр-ліга Таблиця]
    26' Найджер Торнадос - Рейнджерс Інт. [НІГЕРІЯ: Прем'єр-ліга Таблиця]
    26' Шутінг - Квара [НІГЕРІЯ: Прем'єр-ліга Таблиця]
    26' Мосс - Хедд [НОРВЕГІЯ: ОБОС-ліга Таблиця]
    59' Сан-Жуан-де-Вер - АД Марку 09 [ПОРТУГАЛІЯ: Ліга 3 - Група вибування Таблиця]
    45' Celoricense - Машіку [ПОРТУГАЛІЯ: Чемпіонат Португалії - Група A Таблиця]
    26' АД Ліміануш - Тірсенсе [ПОРТУГАЛІЯ: Чемпіонат Португалії - Група A Таблиця]
    26' Шавіш B - Браганса [ПОРТУГАЛІЯ: Чемпіонат Португалії - Група A Таблиця]
    26' Апаресіда - Флорграде [ПОРТУГАЛІЯ: Чемпіонат Португалії - Група B Таблиця]
    26' Бейра Мар - Уніао Ламаш [ПОРТУГАЛІЯ: Чемпіонат Португалії - Група B Таблиця]
    26' Ребордоза - Леса [ПОРТУГАЛІЯ: Чемпіонат Португалії - Група B Таблиця]
    26' Каштелу-Бранку - Samora Correia [ПОРТУГАЛІЯ: Чемпіонат Португалії - Група C Таблиця]
    26' Ос Маріалвас - Naval 1893 [ПОРТУГАЛІЯ: Чемпіонат Португалії - Група C Таблиця]
    26' Уніао Да Серра - Пеніше [ПОРТУГАЛІЯ: Чемпіонат Португалії - Група C Таблиця]
    26' Індустрія - О Елваш [ПОРТУГАЛІЯ: Чемпіонат Португалії - Група D Таблиця]
    26' Малвейра - Сінтренсе [ПОРТУГАЛІЯ: Чемпіонат Португалії - Група D Таблиця]
    26' Монкарапашенсе - Юв. Евора [ПОРТУГАЛІЯ: Чемпіонат Португалії - Група D Таблиця]
    26' Портімоненсе B - Лагоа [ПОРТУГАЛІЯ: Чемпіонат Португалії - Група D Таблиця]
    45' Сьон - Лозанна [ШВЕЙЦАРІЯ: Суперліга Таблиця]
    45' Янг Бойз - Серветт [ШВЕЙЦАРІЯ: Суперліга Таблиця]
  ✔ 65' Саммаурезе - Л'Аквіла [ІТАЛІЯ: Серія D - Група F Таблиця] id=YcWv8P9l
  ✔ 68' Стреймур - ХБ Торсхавн [ФАРЕРСЬКІ ОСТРОВИ: Прем'єр-ліга Таблиця] id=AeNP7V8K
  Found: 2 candidates, 1 new, 23 permanently skipped

→ Стреймур - ХБ Торсхавн (68') [ФАРЕРСЬКІ ОСТРОВИ: Прем'єр-ліга Таблиця]
  Кф 1X2: 6.67 / 5.05 / 1.33
  Desktop: https://www.flashscore.ua/match/soccer/eb-streymur-Y9M5L9HM/hb-torshavn-CUC7tw3r/?mid=AeNP7V8K
  [stats] AeNP7V8K → both, 6 metrics
  Features: quality=0.23, primary=2, status=both
  Score (windowed): pGoal=0.273, pDry=0.727 | 60-70 → UNDER_0_5
  ⏸ сигнал не пройшов (вікно 60-70, впевненість: low, bet: UNDER_0_5)

Done: 1 analyzed, 1 actionable, 0 TG sent
📌 Tracking 1 active prediction(s)

🔥 RUN #834: analyzed=1, signals=0
⏳ Next scan in 3m...
[18:29:39] Live scan
  Запуск live-скрапера (після ранкових Telegram, якщо були).
Opening: https://m.flashscore.ua/?s=2 (minute >= 60, 0:0 only)
Provider health [https://m.flashscore.ua/?s=2]: rows=79, 0:0 total=32, candidates=3
  ⏸ 0:0 ще рано (< 60'):
    15' Тулуза - Лілль [ФРАНЦІЯ: Ліга 1 Таблиця]
    30' Маріно де Луанко - Реал Ов'єдо B [ІСПАНІЯ: Сегунда КІФФ - Група 1 Таблиця]
    30' Нумансія - Реал Авіла [ІСПАНІЯ: Сегунда КІФФ - Група 1 Таблиця]
    30' Нахара - СД Логроньєс [ІСПАНІЯ: Сегунда КІФФ - Група 2 Таблиця]
    30' Льянера - Спортінг Х. B [ІСПАНІЯ: Терсера КІФФ - Група 2 Таблиця]
    30' Ла-Нусія - Еркулес B [ІСПАНІЯ: Терсера КІФФ - Група 6 Таблиця]
    30' Гіхуело - Колехіос Діокесанос [ІСПАНІЯ: Терсера КІФФ - Група 8 Таблиця]
    15' Сеута B - Кордоба B [ІСПАНІЯ: Терсера КІФФ - Група 10 Таблиця]
    30' Віанес - Ягуе [ІСПАНІЯ: Терсера КІФФ - Група 16 Таблиця]
    30' УНАМ Пумас U21 - Масатлан ФК U21 [МЕКСИКА: Ліга MX U21 - Клаусура Таблиця]
    30' Барау - Ремо Старз [НІГЕРІЯ: Прем'єр-ліга Таблиця]
    30' Найджер Торнадос - Рейнджерс Інт. [НІГЕРІЯ: Прем'єр-ліга Таблиця]
    30' Шутінг - Квара [НІГЕРІЯ: Прем'єр-ліга Таблиця]
    30' Мосс - Хедд [НОРВЕГІЯ: ОБОС-ліга Таблиця]
    45' Celoricense - Машіку [ПОРТУГАЛІЯ: Чемпіонат Португалії - Група A Таблиця]
    30' АД Ліміануш - Тірсенсе [ПОРТУГАЛІЯ: Чемпіонат Португалії - Група A Таблиця]
    30' Шавіш B - Браганса [ПОРТУГАЛІЯ: Чемпіонат Португалії - Група A Таблиця]
    30' Апаресіда - Флорграде [ПОРТУГАЛІЯ: Чемпіонат Португалії - Група B Таблиця]
    30' Бейра Мар - Уніао Ламаш [ПОРТУГАЛІЯ: Чемпіонат Португалії - Група B Таблиця]
    30' Ребордоза - Леса [ПОРТУГАЛІЯ: Чемпіонат Португалії - Група B Таблиця]
    30' Каштелу-Бранку - Samora Correia [ПОРТУГАЛІЯ: Чемпіонат Португалії - Група C Таблиця]
    30' Ос Маріалвас - Naval 1893 [ПОРТУГАЛІЯ: Чемпіонат Португалії - Група C Таблиця]
    30' Уніао Да Серра - Пеніше [ПОРТУГАЛІЯ: Чемпіонат Португалії - Група C Таблиця]
    30' Індустрія - О Елваш [ПОРТУГАЛІЯ: Чемпіонат Португалії - Група D Таблиця]
    30' Малвейра - Сінтренсе [ПОРТУГАЛІЯ: Чемпіонат Португалії - Група D Таблиця]
    30' Монкарапашенсе - Юв. Евора [ПОРТУГАЛІЯ: Чемпіонат Португалії - Група D Таблиця]
    30' Портімоненсе B - Лагоа [ПОРТУГАЛІЯ: Чемпіонат Португалії - Група D Таблиця]
    45' Сьон - Лозанна [ШВЕЙЦАРІЯ: Суперліга Таблиця]
    45' Янг Бойз - Серветт [ШВЕЙЦАРІЯ: Суперліга Таблиця]
  ✔ 68' Саммаурезе - Л'Аквіла [ІТАЛІЯ: Серія D - Група F Таблиця] id=YcWv8P9l
  ✔ 63' Сан-Жуан-де-Вер - АД Марку 09 [ПОРТУГАЛІЯ: Ліга 3 - Група вибування Таблиця] id=nDs7lh6t
  ✔ 72' Стреймур - ХБ Торсхавн [ФАРЕРСЬКІ ОСТРОВИ: Прем'єр-ліга Таблиця] id=AeNP7V8K
  Found: 3 candidates, 2 new, 23 permanently skipped

→ Сан-Жуан-де-Вер - АД Марку 09 (63') [ПОРТУГАЛІЯ: Ліга 3 - Група вибування Таблиця]

→ Стреймур - ХБ Торсхавн (72') [ФАРЕРСЬКІ ОСТРОВИ: Прем'єр-ліга Таблиця]
  Кф 1X2: 6.67 / 5.05 / 1.33
  Кф 1X2: 2.19 / 3.4 / 3.14
  Desktop: https://www.flashscore.ua/match/soccer/eb-streymur-Y9M5L9HM/hb-torshavn-CUC7tw3r/?mid=AeNP7V8K
  Desktop: https://www.flashscore.ua/match/soccer/ad-marco-09-StiY6qwD/sao-joao-de-ver-UDP0oQHO/?mid=nDs7lh6t
  [stats] AeNP7V8K → both, 6 metrics
  [stats] nDs7lh6t → both, 6 metrics
  Features: quality=0.23, primary=2, status=both
  Score (windowed): pGoal=0.303, pDry=0.697 | 70-80 → UNDER_0_5
  ⏸ сигнал не пройшов (вікно 70-80, впевненість: low, bet: UNDER_0_5)
  [incidents] nDs7lh6t: 1H + 1A red cards
  Features: quality=0.23, primary=2, status=both | redCards=1H+1A
  Score (windowed): pGoal=0.717, pDry=0.283 | 60-70 → SKIP

Done: 2 analyzed, 1 actionable, 0 TG sent
📌 Tracking 1 active prediction(s)

🔥 RUN #835: analyzed=2, signals=0
⏳ Next scan in 3m...
[18:32:52] Live scan
  Запуск live-скрапера (після ранкових Telegram, якщо були).
Opening: https://m.flashscore.ua/?s=2 (minute >= 60, 0:0 only)
Provider health [https://m.flashscore.ua/?s=2]: rows=83, 0:0 total=35, candidates=1
  ⏸ 0:0 ще рано (< 60'):
    18' Тулуза - Лілль [ФРАНЦІЯ: Ліга 1 Таблиця]
    33' Маріно де Луанко - Реал Ов'єдо B [ІСПАНІЯ: Сегунда КІФФ - Група 1 Таблиця]
    33' Нумансія - Реал Авіла [ІСПАНІЯ: Сегунда КІФФ - Група 1 Таблиця]
    33' Нахара - СД Логроньєс [ІСПАНІЯ: Сегунда КІФФ - Група 2 Таблиця]
    33' Льянера - Спортінг Х. B [ІСПАНІЯ: Терсера КІФФ - Група 2 Таблиця]
    33' Ла-Нусія - Еркулес B [ІСПАНІЯ: Терсера КІФФ - Група 6 Таблиця]
    33' Гіхуело - Колехіос Діокесанос [ІСПАНІЯ: Терсера КІФФ - Група 8 Таблиця]
    18' Сеута B - Кордоба B [ІСПАНІЯ: Терсера КІФФ - Група 10 Таблиця]
    33' Віанес - Ягуе [ІСПАНІЯ: Терсера КІФФ - Група 16 Таблиця]
    3' Чіттаделла - Тренто [ІТАЛІЯ: Серія С - Група А Таблиця]
    3' Понтедера - Равенна [ІТАЛІЯ: Серія С - Група В Таблиця]
    3' Аль-Харітіят - Аль-Хор [КАТАР: Дивізіон 2 Таблиця]
    3' Лусаїл - Аль-Месаймір [КАТАР: Дивізіон 2 Таблиця]
    33' УНАМ Пумас U21 - Масатлан ФК U21 [МЕКСИКА: Ліга MX U21 - Клаусура Таблиця]
    33' Барау - Ремо Старз [НІГЕРІЯ: Прем'єр-ліга Таблиця]
    33' Найджер Торнадос - Рейнджерс Інт. [НІГЕРІЯ: Прем'єр-ліга Таблиця]
    33' Шутінг - Квара [НІГЕРІЯ: Прем'єр-ліга Таблиця]
    33' Мосс - Хедд [НОРВЕГІЯ: ОБОС-ліга Таблиця]
    45' Celoricense - Машіку [ПОРТУГАЛІЯ: Чемпіонат Португалії - Група A Таблиця]
    33' АД Ліміануш - Тірсенсе [ПОРТУГАЛІЯ: Чемпіонат Португалії - Група A Таблиця]
    33' Шавіш B - Браганса [ПОРТУГАЛІЯ: Чемпіонат Португалії - Група A Таблиця]
    33' Апаресіда - Флорграде [ПОРТУГАЛІЯ: Чемпіонат Португалії - Група B Таблиця]
    33' Бейра Мар - Уніао Ламаш [ПОРТУГАЛІЯ: Чемпіонат Португалії - Група B Таблиця]
    33' Ребордоза - Леса [ПОРТУГАЛІЯ: Чемпіонат Португалії - Група B Таблиця]
    33' Каштелу-Бранку - Samora Correia [ПОРТУГАЛІЯ: Чемпіонат Португалії - Група C Таблиця]
    33' Ос Маріалвас - Naval 1893 [ПОРТУГАЛІЯ: Чемпіонат Португалії - Група C Таблиця]
    33' Уніао Да Серра - Пеніше [ПОРТУГАЛІЯ: Чемпіонат Португалії - Група C Таблиця]
    33' Індустрія - О Елваш [ПОРТУГАЛІЯ: Чемпіонат Португалії - Група D Таблиця]
    33' Малвейра - Сінтренсе [ПОРТУГАЛІЯ: Чемпіонат Португалії - Група D Таблиця]
    33' Монкарапашенсе - Юв. Евора [ПОРТУГАЛІЯ: Чемпіонат Португалії - Група D Таблиця]
    33' Портімоненсе B - Лагоа [ПОРТУГАЛІЯ: Чемпіонат Португалії - Група D Таблиця]
    3' Стапа де Рояль - Сяякс'ярвен Лойске [ФІНЛЯНДІЯ: Кубок Фінляндії]
    47' Сьон - Лозанна [ШВЕЙЦАРІЯ: Суперліга Таблиця]
    46' Янг Бойз - Серветт [ШВЕЙЦАРІЯ: Суперліга Таблиця]
  ✔ 66' Сан-Жуан-де-Вер - АД Марку 09 [ПОРТУГАЛІЯ: Ліга 3 - Група вибування Таблиця] id=nDs7lh6t
  Found: 1 candidates, 1 new, 23 permanently skipped

→ Сан-Жуан-де-Вер - АД Марку 09 (66') [ПОРТУГАЛІЯ: Ліга 3 - Група вибування Таблиця]
  Кф 1X2: 2.19 / 3.4 / 3.14
  Desktop: https://www.flashscore.ua/match/soccer/ad-marco-09-StiY6qwD/sao-joao-de-ver-UDP0oQHO/?mid=nDs7lh6t
  [stats] nDs7lh6t → both, 6 metrics
  [incidents] nDs7lh6t: 1H + 1A red cards
  Features: quality=0.23, primary=2, status=both | redCards=1H+1A
  Score (windowed): pGoal=0.717, pDry=0.283 | 60-70 → SKIP

Done: 1 analyzed, 0 actionable, 0 TG sent

🔍 Checking 1 possibly finished match(es)...
  ⚽ Стреймур - ХБ Торсхавн: 1:0 [GOAL→resolved] → ТМ:❌ ТМ:❌

🔥 RUN #836: analyzed=1, signals=0
⏳ Next scan in 3m...
[18:36:08] Live scan
  Запуск live-скрапера (після ранкових Telegram, якщо були).
Opening: https://m.flashscore.ua/?s=2 (minute >= 60, 0:0 only)
Provider health [https://m.flashscore.ua/?s=2]: rows=89, 0:0 total=38, candidates=1
  ⏸ 0:0 ще рано (< 60'):
    22' Тулуза - Лілль [ФРАНЦІЯ: Ліга 1 Таблиця]
    37' Маріно де Луанко - Реал Ов'єдо B [ІСПАНІЯ: Сегунда КІФФ - Група 1 Таблиця]
    37' Нумансія - Реал Авіла [ІСПАНІЯ: Сегунда КІФФ - Група 1 Таблиця]
    37' Нахара - СД Логроньєс [ІСПАНІЯ: Сегунда КІФФ - Група 2 Таблиця]
    7' Конкенсе - Сокуельямос [ІСПАНІЯ: Сегунда КІФФ - Група 5 Таблиця]
    7' Барбадас-Бентракес - Сельтіга [ІСПАНІЯ: Терсера КІФФ - Група 1 Таблиця]
    37' Льянера - Спортінг Х. B [ІСПАНІЯ: Терсера КІФФ - Група 2 Таблиця]
    37' Ла-Нусія - Еркулес B [ІСПАНІЯ: Терсера КІФФ - Група 6 Таблиця]
    37' Гіхуело - Колехіос Діокесанос [ІСПАНІЯ: Терсера КІФФ - Група 8 Таблиця]
    22' Сеута B - Кордоба B [ІСПАНІЯ: Терсера КІФФ - Група 10 Таблиця]
    37' Віанес - Ягуе [ІСПАНІЯ: Терсера КІФФ - Група 16 Таблиця]
    7' Аутоль - Ангіано [ІСПАНІЯ: Терсера КІФФ - Група 16 Таблиця]
    7' КДФК Сальсада - Вільєгас [ІСПАНІЯ: Терсера КІФФ - Група 16 Таблиця]
    7' Чіттаделла - Тренто [ІТАЛІЯ: Серія С - Група А Таблиця]
    7' Вис Пезаро - АК Карпі [ІТАЛІЯ: Серія С - Група В Таблиця]
    7' Понтедера - Равенна [ІТАЛІЯ: Серія С - Група В Таблиця]
    7' Аль-Харітіят - Аль-Хор [КАТАР: Дивізіон 2 Таблиця]
    37' УНАМ Пумас U21 - Масатлан ФК U21 [МЕКСИКА: Ліга MX U21 - Клаусура Таблиця]
    37' Барау - Ремо Старз [НІГЕРІЯ: Прем'єр-ліга Таблиця]
    37' Найджер Торнадос - Рейнджерс Інт. [НІГЕРІЯ: Прем'єр-ліга Таблиця]
    37' Шутінг - Квара [НІГЕРІЯ: Прем'єр-ліга Таблиця]
    37' Мосс - Хедд [НОРВЕГІЯ: ОБОС-ліга Таблиця]
    45' Celoricense - Машіку [ПОРТУГАЛІЯ: Чемпіонат Португалії - Група A Таблиця]
    37' АД Ліміануш - Тірсенсе [ПОРТУГАЛІЯ: Чемпіонат Португалії - Група A Таблиця]
    37' Шавіш B - Браганса [ПОРТУГАЛІЯ: Чемпіонат Португалії - Група A Таблиця]
    37' Апаресіда - Флорграде [ПОРТУГАЛІЯ: Чемпіонат Португалії - Група B Таблиця]
    37' Ребордоза - Леса [ПОРТУГАЛІЯ: Чемпіонат Португалії - Група B Таблиця]
    37' Каштелу-Бранку - Samora Correia [ПОРТУГАЛІЯ: Чемпіонат Португалії - Група C Таблиця]
    37' Ос Маріалвас - Naval 1893 [ПОРТУГАЛІЯ: Чемпіонат Португалії - Група C Таблиця]
    37' Уніао Да Серра - Пеніше [ПОРТУГАЛІЯ: Чемпіонат Португалії - Група C Таблиця]
    37' Індустрія - О Елваш [ПОРТУГАЛІЯ: Чемпіонат Португалії - Група D Таблиця]
    37' Малвейра - Сінтренсе [ПОРТУГАЛІЯ: Чемпіонат Португалії - Група D Таблиця]
    37' Монкарапашенсе - Юв. Евора [ПОРТУГАЛІЯ: Чемпіонат Португалії - Група D Таблиця]
    37' Портімоненсе B - Лагоа [ПОРТУГАЛІЯ: Чемпіонат Португалії - Група D Таблиця]
    7' Стапа де Рояль - Сяякс'ярвен Лойске [ФІНЛЯНДІЯ: Кубок Фінляндії]
    50' Сьон - Лозанна [ШВЕЙЦАРІЯ: Суперліга Таблиця]
    50' Янг Бойз - Серветт [ШВЕЙЦАРІЯ: Суперліга Таблиця]
  ✔ 69' Сан-Жуан-де-Вер - АД Марку 09 [ПОРТУГАЛІЯ: Ліга 3 - Група вибування Таблиця] id=nDs7lh6t
  Found: 1 candidates, 1 new, 23 permanently skipped

→ Сан-Жуан-де-Вер - АД Марку 09 (69') [ПОРТУГАЛІЯ: Ліга 3 - Група вибування Таблиця]
  Кф 1X2: 2.19 / 3.4 / 3.14
  Desktop: https://www.flashscore.ua/match/soccer/ad-marco-09-StiY6qwD/sao-joao-de-ver-UDP0oQHO/?mid=nDs7lh6t
  [stats] nDs7lh6t → both, 6 metrics
  [incidents] nDs7lh6t: 1H + 1A red cards
  Features: quality=0.23, primary=2, status=both | redCards=1H+1A
  Score (windowed): pGoal=0.72, pDry=0.28 | 60-70 → SKIP

Done: 1 analyzed, 0 actionable, 0 TG sent

🔥 RUN #837: analyzed=1, signals=0
⏳ Next scan in 3m...
[18:39:22] Live scan
  Запуск live-скрапера (після ранкових Telegram, якщо були).
Opening: https://m.flashscore.ua/?s=2 (minute >= 60, 0:0 only)
Provider health [https://m.flashscore.ua/?s=2]: rows=90, 0:0 total=37, candidates=1
  ⏸ 0:0 ще рано (< 60'):
    40' Маріно де Луанко - Реал Ов'єдо B [ІСПАНІЯ: Сегунда КІФФ - Група 1 Таблиця]
    40' Нумансія - Реал Авіла [ІСПАНІЯ: Сегунда КІФФ - Група 1 Таблиця]
    40' Нахара - СД Логроньєс [ІСПАНІЯ: Сегунда КІФФ - Група 2 Таблиця]
    10' Конкенсе - Сокуельямос [ІСПАНІЯ: Сегунда КІФФ - Група 5 Таблиця]
    10' Барбадас-Бентракес - Сельтіга [ІСПАНІЯ: Терсера КІФФ - Група 1 Таблиця]
    40' Льянера - Спортінг Х. B [ІСПАНІЯ: Терсера КІФФ - Група 2 Таблиця]
    40' Ла-Нусія - Еркулес B [ІСПАНІЯ: Терсера КІФФ - Група 6 Таблиця]
    40' Гіхуело - Колехіос Діокесанос [ІСПАНІЯ: Терсера КІФФ - Група 8 Таблиця]
    25' Сеута B - Кордоба B [ІСПАНІЯ: Терсера КІФФ - Група 10 Таблиця]
    40' Віанес - Ягуе [ІСПАНІЯ: Терсера КІФФ - Група 16 Таблиця]
    10' Аутоль - Ангіано [ІСПАНІЯ: Терсера КІФФ - Група 16 Таблиця]
    10' КДФК Сальсада - Вільєгас [ІСПАНІЯ: Терсера КІФФ - Група 16 Таблиця]
    10' Тамаріте - Суера [ІСПАНІЯ: Терсера КІФФ - Група 17 Таблиця]
    10' Чіттаделла - Тренто [ІТАЛІЯ: Серія С - Група А Таблиця]
    10' Вис Пезаро - АК Карпі [ІТАЛІЯ: Серія С - Група В Таблиця]
    10' Понтедера - Равенна [ІТАЛІЯ: Серія С - Група В Таблиця]
    10' Аль-Харітіят - Аль-Хор [КАТАР: Дивізіон 2 Таблиця]
    40' УНАМ Пумас U21 - Масатлан ФК U21 [МЕКСИКА: Ліга MX U21 - Клаусура Таблиця]
    40' Барау - Ремо Старз [НІГЕРІЯ: Прем'єр-ліга Таблиця]
    40' Найджер Торнадос - Рейнджерс Інт. [НІГЕРІЯ: Прем'єр-ліга Таблиця]
    40' Шутінг - Квара [НІГЕРІЯ: Прем'єр-ліга Таблиця]
    45' Celoricense - Машіку [ПОРТУГАЛІЯ: Чемпіонат Португалії - Група A Таблиця]
    40' АД Ліміануш - Тірсенсе [ПОРТУГАЛІЯ: Чемпіонат Португалії - Група A Таблиця]
    40' Шавіш B - Браганса [ПОРТУГАЛІЯ: Чемпіонат Португалії - Група A Таблиця]
    40' Апаресіда - Флорграде [ПОРТУГАЛІЯ: Чемпіонат Португалії - Група B Таблиця]
    40' Ребордоза - Леса [ПОРТУГАЛІЯ: Чемпіонат Португалії - Група B Таблиця]
    40' Каштелу-Бранку - Samora Correia [ПОРТУГАЛІЯ: Чемпіонат Португалії - Група C Таблиця]
    40' Ос Маріалвас - Naval 1893 [ПОРТУГАЛІЯ: Чемпіонат Португалії - Група C Таблиця]
    40' Уніао Да Серра - Пеніше [ПОРТУГАЛІЯ: Чемпіонат Португалії - Група C Таблиця]
    40' Індустрія - О Елваш [ПОРТУГАЛІЯ: Чемпіонат Португалії - Група D Таблиця]
    40' Малвейра - Сінтренсе [ПОРТУГАЛІЯ: Чемпіонат Португалії - Група D Таблиця]
    40' Монкарапашенсе - Юв. Евора [ПОРТУГАЛІЯ: Чемпіонат Португалії - Група D Таблиця]
    40' Портімоненсе B - Лагоа [ПОРТУГАЛІЯ: Чемпіонат Португалії - Група D Таблиця]
    10' Стапа де Рояль - Сяякс'ярвен Лойске [ФІНЛЯНДІЯ: Кубок Фінляндії]
    54' Сьон - Лозанна [ШВЕЙЦАРІЯ: Суперліга Таблиця]
    53' Янг Бойз - Серветт [ШВЕЙЦАРІЯ: Суперліга Таблиця]
  ✔ 73' Сан-Жуан-де-Вер - АД Марку 09 [ПОРТУГАЛІЯ: Ліга 3 - Група вибування Таблиця] id=nDs7lh6t
  Found: 1 candidates, 1 new, 23 permanently skipped

→ Сан-Жуан-де-Вер - АД Марку 09 (73') [ПОРТУГАЛІЯ: Ліга 3 - Група вибування Таблиця]
  Кф 1X2: 2.19 / 3.4 / 3.14
  Desktop: https://www.flashscore.ua/match/soccer/ad-marco-09-StiY6qwD/sao-joao-de-ver-UDP0oQHO/?mid=nDs7lh6t
  [stats] nDs7lh6t → both, 6 metrics
  [incidents] nDs7lh6t: 1H + 1A red cards
  Features: quality=0.23, primary=2, status=both | redCards=1H+1A
  Score (windowed): pGoal=0.75, pDry=0.25 | 70-80 → OVER_0_5
  ⏸ сигнал не пройшов (вікно 70-80, впевненість: low, bet: OVER_0_5)

Done: 1 analyzed, 1 actionable, 0 TG sent
📌 Tracking 1 active prediction(s)

🔥 RUN #838: analyzed=1, signals=0
⏳ Next scan in 3m...
[18:42:36] Live scan
  Запуск live-скрапера (після ранкових Telegram, якщо були).
Opening: https://m.flashscore.ua/?s=2 (minute >= 60, 0:0 only)
Provider health [https://m.flashscore.ua/?s=2]: rows=91, 0:0 total=37, candidates=1
  ⏸ 0:0 ще рано (< 60'):
    43' Маріно де Луанко - Реал Ов'єдо B [ІСПАНІЯ: Сегунда КІФФ - Група 1 Таблиця]
    43' Нумансія - Реал Авіла [ІСПАНІЯ: Сегунда КІФФ - Група 1 Таблиця]
    13' Конкенсе - Сокуельямос [ІСПАНІЯ: Сегунда КІФФ - Група 5 Таблиця]
    13' Барбадас-Бентракес - Сельтіга [ІСПАНІЯ: Терсера КІФФ - Група 1 Таблиця]
    43' Льянера - Спортінг Х. B [ІСПАНІЯ: Терсера КІФФ - Група 2 Таблиця]
    43' Ла-Нусія - Еркулес B [ІСПАНІЯ: Терсера КІФФ - Група 6 Таблиця]
    43' Гіхуело - Колехіос Діокесанос [ІСПАНІЯ: Терсера КІФФ - Група 8 Таблиця]
    28' Сеута B - Кордоба B [ІСПАНІЯ: Терсера КІФФ - Група 10 Таблиця]
    43' Віанес - Ягуе [ІСПАНІЯ: Терсера КІФФ - Група 16 Таблиця]
    13' Аутоль - Ангіано [ІСПАНІЯ: Терсера КІФФ - Група 16 Таблиця]
    13' КДФК Сальсада - Вільєгас [ІСПАНІЯ: Терсера КІФФ - Група 16 Таблиця]
    13' Сан-Марсіаль - Калаорра [ІСПАНІЯ: Терсера КІФФ - Група 16 Таблиця]
    13' Тамаріте - Суера [ІСПАНІЯ: Терсера КІФФ - Група 17 Таблиця]
    13' Чіттаделла - Тренто [ІТАЛІЯ: Серія С - Група А Таблиця]
    13' Вис Пезаро - АК Карпі [ІТАЛІЯ: Серія С - Група В Таблиця]
    13' Понтедера - Равенна [ІТАЛІЯ: Серія С - Група В Таблиця]
    13' Аль-Харітіят - Аль-Хор [КАТАР: Дивізіон 2 Таблиця]
    43' УНАМ Пумас U21 - Масатлан ФК U21 [МЕКСИКА: Ліга MX U21 - Клаусура Таблиця]
    43' Барау - Ремо Старз [НІГЕРІЯ: Прем'єр-ліга Таблиця]
    43' Найджер Торнадос - Рейнджерс Інт. [НІГЕРІЯ: Прем'єр-ліга Таблиця]
    43' Шутінг - Квара [НІГЕРІЯ: Прем'єр-ліга Таблиця]
    47' Celoricense - Машіку [ПОРТУГАЛІЯ: Чемпіонат Португалії - Група A Таблиця]
    43' АД Ліміануш - Тірсенсе [ПОРТУГАЛІЯ: Чемпіонат Португалії - Група A Таблиця]
    43' Шавіш B - Браганса [ПОРТУГАЛІЯ: Чемпіонат Португалії - Група A Таблиця]
    43' Апаресіда - Флорграде [ПОРТУГАЛІЯ: Чемпіонат Португалії - Група B Таблиця]
    43' Ребордоза - Леса [ПОРТУГАЛІЯ: Чемпіонат Португалії - Група B Таблиця]
    43' Каштелу-Бранку - Samora Correia [ПОРТУГАЛІЯ: Чемпіонат Португалії - Група C Таблиця]
    43' Ос Маріалвас - Naval 1893 [ПОРТУГАЛІЯ: Чемпіонат Португалії - Група C Таблиця]
    43' Уніао Да Серра - Пеніше [ПОРТУГАЛІЯ: Чемпіонат Португалії - Група C Таблиця]
    43' Індустрія - О Елваш [ПОРТУГАЛІЯ: Чемпіонат Португалії - Група D Таблиця]
    43' Малвейра - Сінтренсе [ПОРТУГАЛІЯ: Чемпіонат Португалії - Група D Таблиця]
    43' Монкарапашенсе - Юв. Евора [ПОРТУГАЛІЯ: Чемпіонат Португалії - Група D Таблиця]
    43' Портімоненсе B - Лагоа [ПОРТУГАЛІЯ: Чемпіонат Португалії - Група D Таблиця]
    13' Стапа де Рояль - Сяякс'ярвен Лойске [ФІНЛЯНДІЯ: Кубок Фінляндії]
    56' Сьон - Лозанна [ШВЕЙЦАРІЯ: Суперліга Таблиця]
    56' Янг Бойз - Серветт [ШВЕЙЦАРІЯ: Суперліга Таблиця]
  ✔ 75' Сан-Жуан-де-Вер - АД Марку 09 [ПОРТУГАЛІЯ: Ліга 3 - Група вибування Таблиця] id=nDs7lh6t
  Found: 1 candidates, 1 new, 23 permanently skipped

→ Сан-Жуан-де-Вер - АД Марку 09 (75') [ПОРТУГАЛІЯ: Ліга 3 - Група вибування Таблиця]
  Кф 1X2: 2.19 / 3.4 / 3.14
  Desktop: https://www.flashscore.ua/match/soccer/ad-marco-09-StiY6qwD/sao-joao-de-ver-UDP0oQHO/?mid=nDs7lh6t
  [stats] nDs7lh6t → both, 6 metrics
  [incidents] nDs7lh6t: 1H + 1A red cards
  Features: quality=0.23, primary=2, status=both | redCards=1H+1A
  Score (windowed): pGoal=0.75, pDry=0.25 | 70-80 → OVER_0_5
  ⏸ сигнал не пройшов (вікно 70-80, впевненість: low, bet: OVER_0_5)

Done: 1 analyzed, 1 actionable, 0 TG sent
📌 Tracking 1 active prediction(s)

🔥 RUN #839: analyzed=1, signals=0
⏳ Next scan in 3m...
[18:45:49] Live scan
  Запуск live-скрапера (після ранкових Telegram, якщо були).
Opening: https://m.flashscore.ua/?s=2 (minute >= 60, 0:0 only)
Provider health [https://m.flashscore.ua/?s=2]: rows=91, 0:0 total=34, candidates=1
  ⏸ 0:0 ще рано (< 60'):
    45' Нумансія - Реал Авіла [ІСПАНІЯ: Сегунда КІФФ - Група 1 Таблиця]
    15' Конкенсе - Сокуельямос [ІСПАНІЯ: Сегунда КІФФ - Група 5 Таблиця]
    15' Барбадас-Бентракес - Сельтіга [ІСПАНІЯ: Терсера КІФФ - Група 1 Таблиця]
    45' Льянера - Спортінг Х. B [ІСПАНІЯ: Терсера КІФФ - Група 2 Таблиця]
    45' Ла-Нусія - Еркулес B [ІСПАНІЯ: Терсера КІФФ - Група 6 Таблиця]
    45' Гіхуело - Колехіос Діокесанос [ІСПАНІЯ: Терсера КІФФ - Група 8 Таблиця]
    30' Сеута B - Кордоба B [ІСПАНІЯ: Терсера КІФФ - Група 10 Таблиця]
    45' Віанес - Ягуе [ІСПАНІЯ: Терсера КІФФ - Група 16 Таблиця]
    15' Аутоль - Ангіано [ІСПАНІЯ: Терсера КІФФ - Група 16 Таблиця]
    15' КДФК Сальсада - Вільєгас [ІСПАНІЯ: Терсера КІФФ - Група 16 Таблиця]
    15' Сан-Марсіаль - Калаорра [ІСПАНІЯ: Терсера КІФФ - Група 16 Таблиця]
    15' Тамаріте - Суера [ІСПАНІЯ: Терсера КІФФ - Група 17 Таблиця]
    15' Чіттаделла - Тренто [ІТАЛІЯ: Серія С - Група А Таблиця]
    15' Вис Пезаро - АК Карпі [ІТАЛІЯ: Серія С - Група В Таблиця]
    15' Понтедера - Равенна [ІТАЛІЯ: Серія С - Група В Таблиця]
    15' Аль-Харітіят - Аль-Хор [КАТАР: Дивізіон 2 Таблиця]
    45' УНАМ Пумас U21 - Масатлан ФК U21 [МЕКСИКА: Ліга MX U21 - Клаусура Таблиця]
    45' Барау - Ремо Старз [НІГЕРІЯ: Прем'єр-ліга Таблиця]
    45' Найджер Торнадос - Рейнджерс Інт. [НІГЕРІЯ: Прем'єр-ліга Таблиця]
    45' Шутінг - Квара [НІГЕРІЯ: Прем'єр-ліга Таблиця]
    50' Celoricense - Машіку [ПОРТУГАЛІЯ: Чемпіонат Португалії - Група A Таблиця]
    45' АД Ліміануш - Тірсенсе [ПОРТУГАЛІЯ: Чемпіонат Португалії - Група A Таблиця]
    45' Шавіш B - Браганса [ПОРТУГАЛІЯ: Чемпіонат Португалії - Група A Таблиця]
    45' Ребордоза - Леса [ПОРТУГАЛІЯ: Чемпіонат Португалії - Група B Таблиця]
    45' Каштелу-Бранку - Samora Correia [ПОРТУГАЛІЯ: Чемпіонат Португалії - Група C Таблиця]
    45' Ос Маріалвас - Naval 1893 [ПОРТУГАЛІЯ: Чемпіонат Португалії - Група C Таблиця]
    45' Уніао Да Серра - Пеніше [ПОРТУГАЛІЯ: Чемпіонат Португалії - Група C Таблиця]
    45' Індустрія - О Елваш [ПОРТУГАЛІЯ: Чемпіонат Португалії - Група D Таблиця]
    45' Малвейра - Сінтренсе [ПОРТУГАЛІЯ: Чемпіонат Португалії - Група D Таблиця]
    45' Монкарапашенсе - Юв. Евора [ПОРТУГАЛІЯ: Чемпіонат Португалії - Група D Таблиця]
    45' Портімоненсе B - Лагоа [ПОРТУГАЛІЯ: Чемпіонат Португалії - Група D Таблиця]
    15' Стапа де Рояль - Сяякс'ярвен Лойске [ФІНЛЯНДІЯ: Кубок Фінляндії]
    58' Янг Бойз - Серветт [ШВЕЙЦАРІЯ: Суперліга Таблиця]
  ✔ 78' Сан-Жуан-де-Вер - АД Марку 09 [ПОРТУГАЛІЯ: Ліга 3 - Група вибування Таблиця] id=nDs7lh6t
  Found: 1 candidates, 1 new, 23 permanently skipped

→ Сан-Жуан-де-Вер - АД Марку 09 (78') [ПОРТУГАЛІЯ: Ліга 3 - Група вибування Таблиця]
  Кф 1X2: 2.19 / 3.4 / 3.14
  Desktop: https://www.flashscore.ua/match/soccer/ad-marco-09-StiY6qwD/sao-joao-de-ver-UDP0oQHO/?mid=nDs7lh6t
  [stats] nDs7lh6t → both, 6 metrics
  [incidents] nDs7lh6t: 1H + 1A red cards
  Features: quality=0.23, primary=2, status=both | redCards=1H+1A
  Score (windowed): pGoal=0.78, pDry=0.22 | 70-80 → OVER_0_5
  ⏸ сигнал не пройшов (вікно 70-80, впевненість: low, bet: OVER_0_5)

Done: 1 analyzed, 1 actionable, 0 TG sent
📌 Tracking 1 active prediction(s)

🔥 RUN #840: analyzed=1, signals=0
⏳ Next scan in 3m...
[18:49:04] Live scan
  Запуск live-скрапера (після ранкових Telegram, якщо були).
Opening: https://m.flashscore.ua/?s=2 (minute >= 60, 0:0 only)
Provider health [https://m.flashscore.ua/?s=2]: rows=90, 0:0 total=30, candidates=1
  ⏸ 0:0 ще рано (< 60'):
    45' Нумансія - Реал Авіла [ІСПАНІЯ: Сегунда КІФФ - Група 1 Таблиця]
    19' Конкенсе - Сокуельямос [ІСПАНІЯ: Сегунда КІФФ - Група 5 Таблиця]
    19' Барбадас-Бентракес - Сельтіга [ІСПАНІЯ: Терсера КІФФ - Група 1 Таблиця]
    45' Льянера - Спортінг Х. B [ІСПАНІЯ: Терсера КІФФ - Група 2 Таблиця]
    45' Ла-Нусія - Еркулес B [ІСПАНІЯ: Терсера КІФФ - Група 6 Таблиця]
    34' Сеута B - Кордоба B [ІСПАНІЯ: Терсера КІФФ - Група 10 Таблиця]
    45' Віанес - Ягуе [ІСПАНІЯ: Терсера КІФФ - Група 16 Таблиця]
    19' Аутоль - Ангіано [ІСПАНІЯ: Терсера КІФФ - Група 16 Таблиця]
    19' КДФК Сальсада - Вільєгас [ІСПАНІЯ: Терсера КІФФ - Група 16 Таблиця]
    19' Тамаріте - Суера [ІСПАНІЯ: Терсера КІФФ - Група 17 Таблиця]
    19' Чіттаделла - Тренто [ІТАЛІЯ: Серія С - Група А Таблиця]
    19' Вис Пезаро - АК Карпі [ІТАЛІЯ: Серія С - Група В Таблиця]
    19' Понтедера - Равенна [ІТАЛІЯ: Серія С - Група В Таблиця]
    19' Аль-Харітіят - Аль-Хор [КАТАР: Дивізіон 2 Таблиця]
    54' Celoricense - Машіку [ПОРТУГАЛІЯ: Чемпіонат Португалії - Група A Таблиця]
    45' Каштелу-Бранку - Samora Correia [ПОРТУГАЛІЯ: Чемпіонат Португалії - Група C Таблиця]
    45' Уніао Да Серра - Пеніше [ПОРТУГАЛІЯ: Чемпіонат Португалії - Група C Таблиця]
    19' Стапа де Рояль - Сяякс'ярвен Лойске [ФІНЛЯНДІЯ: Кубок Фінляндії]
  ✔ 82' Сан-Жуан-де-Вер - АД Марку 09 [ПОРТУГАЛІЯ: Ліга 3 - Група вибування Таблиця] id=nDs7lh6t
  Found: 1 candidates, 1 new, 23 permanently skipped

→ Сан-Жуан-де-Вер - АД Марку 09 (82') [ПОРТУГАЛІЯ: Ліга 3 - Група вибування Таблиця]
  Кф 1X2: 2.19 / 3.4 / 3.14
  Desktop: https://www.flashscore.ua/match/soccer/ad-marco-09-StiY6qwD/sao-joao-de-ver-UDP0oQHO/?mid=nDs7lh6t
  [stats] nDs7lh6t → both, 6 metrics
  [incidents] nDs7lh6t: 1H + 1A red cards
  Features: quality=0.23, primary=2, status=both | redCards=1H+1A
  Score (windowed): pGoal=0.8, pDry=0.2 | 80-90+ → OVER_0_5
  ⏸ сигнал не пройшов (вікно 80-90+, впевненість: low, bet: OVER_0_5)

Done: 1 analyzed, 1 actionable, 0 TG sent
📌 Tracking 1 active prediction(s)

🔥 RUN #841: analyzed=1, signals=0
⏳ Next scan in 3m...
[18:52:17] Live scan
  Запуск live-скрапера (після ранкових Telegram, якщо були).
Opening: https://m.flashscore.ua/?s=2 (minute >= 60, 0:0 only)
Provider health [https://m.flashscore.ua/?s=2]: rows=86, 0:0 total=26, candidates=1
  ⏸ 0:0 ще рано (< 60'):
    45' Нумансія - Реал Авіла [ІСПАНІЯ: Сегунда КІФФ - Група 1 Таблиця]
    23' Конкенсе - Сокуельямос [ІСПАНІЯ: Сегунда КІФФ - Група 5 Таблиця]
    23' Барбадас-Бентракес - Сельтіга [ІСПАНІЯ: Терсера КІФФ - Група 1 Таблиця]
    45' Льянера - Спортінг Х. B [ІСПАНІЯ: Терсера КІФФ - Група 2 Таблиця]
    45' Ла-Нусія - Еркулес B [ІСПАНІЯ: Терсера КІФФ - Група 6 Таблиця]
    38' Сеута B - Кордоба B [ІСПАНІЯ: Терсера КІФФ - Група 10 Таблиця]
    45' Віанес - Ягуе [ІСПАНІЯ: Терсера КІФФ - Група 16 Таблиця]
    23' Аутоль - Ангіано [ІСПАНІЯ: Терсера КІФФ - Група 16 Таблиця]
    23' Тамаріте - Суера [ІСПАНІЯ: Терсера КІФФ - Група 17 Таблиця]
    23' Чіттаделла - Тренто [ІТАЛІЯ: Серія С - Група А Таблиця]
    23' Вис Пезаро - АК Карпі [ІТАЛІЯ: Серія С - Група В Таблиця]
    23' Понтедера - Равенна [ІТАЛІЯ: Серія С - Група В Таблиця]
    45' Барау - Ремо Старз [НІГЕРІЯ: Прем'єр-ліга Таблиця]
    58' Celoricense - Машіку [ПОРТУГАЛІЯ: Чемпіонат Португалії - Група A Таблиця]
    45' АД Ліміануш - Тірсенсе [ПОРТУГАЛІЯ: Чемпіонат Португалії - Група A Таблиця]
    45' Каштелу-Бранку - Samora Correia [ПОРТУГАЛІЯ: Чемпіонат Португалії - Група C Таблиця]
    45' Уніао Да Серра - Пеніше [ПОРТУГАЛІЯ: Чемпіонат Португалії - Група C Таблиця]
    45' Індустрія - О Елваш [ПОРТУГАЛІЯ: Чемпіонат Португалії - Група D Таблиця]
    45' Монкарапашенсе - Юв. Евора [ПОРТУГАЛІЯ: Чемпіонат Португалії - Група D Таблиця]
    45' Портімоненсе B - Лагоа [ПОРТУГАЛІЯ: Чемпіонат Португалії - Група D Таблиця]
    23' Стапа де Рояль - Сяякс'ярвен Лойске [ФІНЛЯНДІЯ: Кубок Фінляндії]
  ✔ 86' Сан-Жуан-де-Вер - АД Марку 09 [ПОРТУГАЛІЯ: Ліга 3 - Група вибування Таблиця] id=nDs7lh6t
  Found: 1 candidates, 1 new, 23 permanently skipped

→ Сан-Жуан-де-Вер - АД Марку 09 (86') [ПОРТУГАЛІЯ: Ліга 3 - Група вибування Таблиця]
  Кф 1X2: 2.19 / 3.4 / 3.14
  Desktop: https://www.flashscore.ua/match/soccer/ad-marco-09-StiY6qwD/sao-joao-de-ver-UDP0oQHO/?mid=nDs7lh6t
  [stats] nDs7lh6t → both, 6 metrics
  [incidents] nDs7lh6t: 1H + 1A red cards
  Features: quality=0.23, primary=2, status=both | redCards=1H+1A
  Score (windowed): pGoal=0.87, pDry=0.13 | 80-90+ → OVER_0_5
  ⏸ сигнал не пройшов (вікно 80-90+, впевненість: low, bet: OVER_0_5)

Done: 1 analyzed, 1 actionable, 0 TG sent
📌 Tracking 1 active prediction(s)

🔥 RUN #842: analyzed=1, signals=0
⏳ Next scan in 3m...
[18:55:30] Live scan
  Запуск live-скрапера (після ранкових Telegram, якщо були).
Opening: https://m.flashscore.ua/?s=2 (minute >= 60, 0:0 only)
Provider health [https://m.flashscore.ua/?s=2]: rows=77, 0:0 total=23, candidates=1
  ⏸ 0:0 ще рано (< 60'):
    45' Нумансія - Реал Авіла [ІСПАНІЯ: Сегунда КІФФ - Група 1 Таблиця]
    25' Конкенсе - Сокуельямос [ІСПАНІЯ: Сегунда КІФФ - Група 5 Таблиця]
    45' Льянера - Спортінг Х. B [ІСПАНІЯ: Терсера КІФФ - Група 2 Таблиця]
    45' Ла-Нусія - Еркулес B [ІСПАНІЯ: Терсера КІФФ - Група 6 Таблиця]
    40' Сеута B - Кордоба B [ІСПАНІЯ: Терсера КІФФ - Група 10 Таблиця]
    46' Віанес - Ягуе [ІСПАНІЯ: Терсера КІФФ - Група 16 Таблиця]
    25' Аутоль - Ангіано [ІСПАНІЯ: Терсера КІФФ - Група 16 Таблиця]
    25' Тамаріте - Суера [ІСПАНІЯ: Терсера КІФФ - Група 17 Таблиця]
    25' Вис Пезаро - АК Карпі [ІТАЛІЯ: Серія С - Група В Таблиця]
    25' Понтедера - Равенна [ІТАЛІЯ: Серія С - Група В Таблиця]
    45' Барау - Ремо Старз [НІГЕРІЯ: Прем'єр-ліга Таблиця]
    45' Шутінг - Квара [НІГЕРІЯ: Прем'єр-ліга Таблиця]
    45' АД Ліміануш - Тірсенсе [ПОРТУГАЛІЯ: Чемпіонат Португалії - Група A Таблиця]
    45' Шавіш B - Браганса [ПОРТУГАЛІЯ: Чемпіонат Португалії - Група A Таблиця]
    45' Каштелу-Бранку - Samora Correia [ПОРТУГАЛІЯ: Чемпіонат Португалії - Група C Таблиця]
    45' Ос Маріалвас - Naval 1893 [ПОРТУГАЛІЯ: Чемпіонат Португалії - Група C Таблиця]
    45' Уніао Да Серра - Пеніше [ПОРТУГАЛІЯ: Чемпіонат Португалії - Група C Таблиця]
    45' Індустрія - О Елваш [ПОРТУГАЛІЯ: Чемпіонат Португалії - Група D Таблиця]
    45' Монкарапашенсе - Юв. Евора [ПОРТУГАЛІЯ: Чемпіонат Португалії - Група D Таблиця]
    45' Портімоненсе B - Лагоа [ПОРТУГАЛІЯ: Чемпіонат Португалії - Група D Таблиця]
    25' Стапа де Рояль - Сяякс'ярвен Лойске [ФІНЛЯНДІЯ: Кубок Фінляндії]
  ✔ 88' Сан-Жуан-де-Вер - АД Марку 09 [ПОРТУГАЛІЯ: Ліга 3 - Група вибування Таблиця] id=nDs7lh6t
  Found: 1 candidates, 1 new, 23 permanently skipped

→ Сан-Жуан-де-Вер - АД Марку 09 (88') [ПОРТУГАЛІЯ: Ліга 3 - Група вибування Таблиця]
  Кф 1X2: 2.19 / 3.4 / 3.14
  Desktop: https://www.flashscore.ua/match/soccer/ad-marco-09-StiY6qwD/sao-joao-de-ver-UDP0oQHO/?mid=nDs7lh6t
  [stats] nDs7lh6t → both, 6 metrics
  [incidents] nDs7lh6t: 1H + 1A red cards
  Features: quality=0.23, primary=2, status=both | redCards=1H+1A
  Score (windowed): pGoal=0.87, pDry=0.13 | 80-90+ → OVER_0_5
  ⏸ сигнал не пройшов (вікно 80-90+, впевненість: low, bet: OVER_0_5)

Done: 1 analyzed, 1 actionable, 0 TG sent
📌 Tracking 1 active prediction(s)

🔥 RUN #843: analyzed=1, signals=0
⏳ Next scan in 3m...
[18:58:44] Live scan
  Запуск live-скрапера (після ранкових Telegram, якщо були).
Opening: https://m.flashscore.ua/?s=2 (minute >= 60, 0:0 only)
Provider health [https://m.flashscore.ua/?s=2]: rows=71, 0:0 total=23, candidates=0
  ⏸ 0:0 ще рано (< 60'):
    45' Нумансія - Реал Авіла [ІСПАНІЯ: Сегунда КІФФ - Група 1 Таблиця]
    29' Конкенсе - Сокуельямос [ІСПАНІЯ: Сегунда КІФФ - Група 5 Таблиця]
    45' Льянера - Спортінг Х. B [ІСПАНІЯ: Терсера КІФФ - Група 2 Таблиця]
    45' Ла-Нусія - Еркулес B [ІСПАНІЯ: Терсера КІФФ - Група 6 Таблиця]
    44' Сеута B - Кордоба B [ІСПАНІЯ: Терсера КІФФ - Група 10 Таблиця]
    50' Віанес - Ягуе [ІСПАНІЯ: Терсера КІФФ - Група 16 Таблиця]
    29' Аутоль - Ангіано [ІСПАНІЯ: Терсера КІФФ - Група 16 Таблиця]
    29' Тамаріте - Суера [ІСПАНІЯ: Терсера КІФФ - Група 17 Таблиця]
    29' Вис Пезаро - АК Карпі [ІТАЛІЯ: Серія С - Група В Таблиця]
    29' Понтедера - Равенна [ІТАЛІЯ: Серія С - Група В Таблиця]
    45' Барау - Ремо Старз [НІГЕРІЯ: Прем'єр-ліга Таблиця]
    45' Найджер Торнадос - Рейнджерс Інт. [НІГЕРІЯ: Прем'єр-ліга Таблиця]
    45' Шутінг - Квара [НІГЕРІЯ: Прем'єр-ліга Таблиця]
    45' АД Ліміануш - Тірсенсе [ПОРТУГАЛІЯ: Чемпіонат Португалії - Група A Таблиця]
    45' Шавіш B - Браганса [ПОРТУГАЛІЯ: Чемпіонат Португалії - Група A Таблиця]
    45' Каштелу-Бранку - Samora Correia [ПОРТУГАЛІЯ: Чемпіонат Португалії - Група C Таблиця]
    45' Ос Маріалвас - Naval 1893 [ПОРТУГАЛІЯ: Чемпіонат Португалії - Група C Таблиця]
    45' Уніао Да Серра - Пеніше [ПОРТУГАЛІЯ: Чемпіонат Португалії - Група C Таблиця]
    45' Індустрія - О Елваш [ПОРТУГАЛІЯ: Чемпіонат Португалії - Група D Таблиця]
    45' Монкарапашенсе - Юв. Евора [ПОРТУГАЛІЯ: Чемпіонат Португалії - Група D Таблиця]
    45' Портімоненсе B - Лагоа [ПОРТУГАЛІЯ: Чемпіонат Португалії - Група D Таблиця]
    29' Стапа де Рояль - Сяякс'ярвен Лойске [ФІНЛЯНДІЯ: Кубок Фінляндії]
  Found: 0 candidates, 0 new, 23 permanently skipped

Done: 0 analyzed, 0 actionable, 0 TG sent

🔍 Checking 1 possibly finished match(es)...
  ⏳ Сан-Жуан-де-Вер - АД Марку 09: still live 0:0
📌 Tracking 1 active prediction(s)

🔥 RUN #844: analyzed=0, signals=0
⏳ Next scan in 3m...
[19:01:55] Live scan
  Запуск live-скрапера (після ранкових Telegram, якщо були).
Opening: https://m.flashscore.ua/?s=2 (minute >= 60, 0:0 only)
Provider health [https://m.flashscore.ua/?s=2]: rows=73, 0:0 total=24, candidates=0
  ⏸ 0:0 ще рано (< 60'):
    45' Нумансія - Реал Авіла [ІСПАНІЯ: Сегунда КІФФ - Група 1 Таблиця]
    32' Конкенсе - Сокуельямос [ІСПАНІЯ: Сегунда КІФФ - Група 5 Таблиця]
    45' Льянера - Спортінг Х. B [ІСПАНІЯ: Терсера КІФФ - Група 2 Таблиця]
    45' Ла-Нусія - Еркулес B [ІСПАНІЯ: Терсера КІФФ - Група 6 Таблиця]
    2' Вільярреал C - Кастельйоненсе [ІСПАНІЯ: Терсера КІФФ - Група 6 Таблиця]
    2' Больюльйос - Томарес УД [ІСПАНІЯ: Терсера КІФФ - Група 10 Таблиця]
    53' Віанес - Ягуе [ІСПАНІЯ: Терсера КІФФ - Група 16 Таблиця]
    32' Аутоль - Ангіано [ІСПАНІЯ: Терсера КІФФ - Група 16 Таблиця]
    32' Тамаріте - Суера [ІСПАНІЯ: Терсера КІФФ - Група 17 Таблиця]
    32' Вис Пезаро - АК Карпі [ІТАЛІЯ: Серія С - Група В Таблиця]
    32' Понтедера - Равенна [ІТАЛІЯ: Серія С - Група В Таблиця]
    45' Барау - Ремо Старз [НІГЕРІЯ: Прем'єр-ліга Таблиця]
    45' Найджер Торнадос - Рейнджерс Інт. [НІГЕРІЯ: Прем'єр-ліга Таблиця]
    45' Шутінг - Квара [НІГЕРІЯ: Прем'єр-ліга Таблиця]
    45' АД Ліміануш - Тірсенсе [ПОРТУГАЛІЯ: Чемпіонат Португалії - Група A Таблиця]
    45' Шавіш B - Браганса [ПОРТУГАЛІЯ: Чемпіонат Португалії - Група A Таблиця]
    45' Каштелу-Бранку - Samora Correia [ПОРТУГАЛІЯ: Чемпіонат Португалії - Група C Таблиця]
    45' Ос Маріалвас - Naval 1893 [ПОРТУГАЛІЯ: Чемпіонат Португалії - Група C Таблиця]
    45' Уніао Да Серра - Пеніше [ПОРТУГАЛІЯ: Чемпіонат Португалії - Група C Таблиця]
    45' Індустрія - О Елваш [ПОРТУГАЛІЯ: Чемпіонат Португалії - Група D Таблиця]
    45' Монкарапашенсе - Юв. Евора [ПОРТУГАЛІЯ: Чемпіонат Португалії - Група D Таблиця]
    45' Портімоненсе B - Лагоа [ПОРТУГАЛІЯ: Чемпіонат Португалії - Група D Таблиця]
  Found: 0 candidates, 0 new, 23 permanently skipped

Done: 0 analyzed, 0 actionable, 0 TG sent

🔍 Checking 1 possibly finished match(es)...
  ⏳ Сан-Жуан-де-Вер - АД Марку 09: still live 0:0
📌 Tracking 1 active prediction(s)

🔥 RUN #845: analyzed=0, signals=0
⏳ Next scan in 3m...
[19:05:01] Live scan
  Запуск live-скрапера (після ранкових Telegram, якщо були).
Opening: https://m.flashscore.ua/?s=2 (minute >= 60, 0:0 only)
Provider health [https://m.flashscore.ua/?s=2]: rows=95, 0:0 total=45, candidates=0
  ⏸ 0:0 ще рано (< 60'):
    5' Етуаль Філанте - Мажестік [БУРКІНА-ФАСО: Прем'єр-ліга Таблиця]
    5' Кадіого - АСФА Єннега [БУРКІНА-ФАСО: Прем'єр-ліга Таблиця]
    5' Рахімо - РДФ [БУРКІНА-ФАСО: Прем'єр-ліга Таблиця]
    5' Сонабель Уагадугу - CFFEB [БУРКІНА-ФАСО: Прем'єр-ліга Таблиця]
    5' Північна Ірландія U19 W - Португалія U19 W [ЄВРОПА: Євро U19 (Жінки) - Кваліфікація - Round 2 - League A Таблиця]
    45' Нумансія - Реал Авіла [ІСПАНІЯ: Сегунда КІФФ - Група 1 Таблиця]
    5' Леальтад - Вальядолід Промесас [ІСПАНІЯ: Сегунда КІФФ - Група 1 Таблиця]
    5' Хімнастіка Сеговіана - Саламанка [ІСПАНІЯ: Сегунда КІФФ - Група 1 Таблиця]
    5' Туделано - Альфаро [ІСПАНІЯ: Сегунда КІФФ - Група 2 Таблиця]
    5' Утебо - Ейбар B [ІСПАНІЯ: Сегунда КІФФ - Група 2 Таблиця]
    5' Валенсія B - Сант-Андреу [ІСПАНІЯ: Сегунда КІФФ - Група 3 Таблиця]
    5' Лорка Депортіва - КД Херес [ІСПАНІЯ: Сегунда КІФФ - Група 4 Таблиця]
    5' УКАМ Мурсія - Малага B [ІСПАНІЯ: Сегунда КІФФ - Група 4 Таблиця]
    5' Хаен - Ла Уньйон [ІСПАНІЯ: Сегунда КІФФ - Група 4 Таблиця]
    35' Конкенсе - Сокуельямос [ІСПАНІЯ: Сегунда КІФФ - Група 5 Таблиця]
    5' Райо Махадаонда - Кінтанар [ІСПАНІЯ: Сегунда КІФФ - Група 5 Таблиця]
    48' Льянера - Спортінг Х. B [ІСПАНІЯ: Терсера КІФФ - Група 2 Таблиця]
    5' Хіхон Індустріаль - Клуб Сьєро [ІСПАНІЯ: Терсера КІФФ - Група 2 Таблиця]
    45' Ла-Нусія - Еркулес B [ІСПАНІЯ: Терсера КІФФ - Група 6 Таблиця]
    5' Вільярреал C - Кастельйоненсе [ІСПАНІЯ: Терсера КІФФ - Група 6 Таблиця]
    5' Кревільєнте - Аценета [ІСПАНІЯ: Терсера КІФФ - Група 6 Таблиця]
    45' Сеута B - Кордоба B [ІСПАНІЯ: Терсера КІФФ - Група 10 Таблиця]
    5' Больюльйос - Томарес УД [ІСПАНІЯ: Терсера КІФФ - Група 10 Таблиця]
    5' Ліненсе - Кадіс B [ІСПАНІЯ: Терсера КІФФ - Група 10 Таблиця]
    5' Масаррон - Е.Г. Ель Пальмар [ІСПАНІЯ: Терсера КІФФ - Група 13 Таблиця]
    5' Олімпіко де Тотана - Мулено [ІСПАНІЯ: Терсера КІФФ - Група 13 Таблиця]
    5' Пуеблонуево - Хараїс [ІСПАНІЯ: Терсера КІФФ - Група 14 Таблиця]
    5' Субіса - Кортес [ІСПАНІЯ: Терсера КІФФ - Група 15 Таблиця]
    56' Віанес - Ягуе [ІСПАНІЯ: Терсера КІФФ - Група 16 Таблиця]
    35' Аутоль - Ангіано [ІСПАНІЯ: Терсера КІФФ - Група 16 Таблиця]
    35' Тамаріте - Суера [ІСПАНІЯ: Терсера КІФФ - Група 17 Таблиця]
    5' Пуертольяно - Гвадалахара B [ІСПАНІЯ: Терсера КІФФ - Група 18 Таблиця]
    35' Понтедера - Равенна [ІТАЛІЯ: Серія С - Група В Таблиця]
    45' Барау - Ремо Старз [НІГЕРІЯ: Прем'єр-ліга Таблиця]
    45' Найджер Торнадос - Рейнджерс Інт. [НІГЕРІЯ: Прем'єр-ліга Таблиця]
    45' Шутінг - Квара [НІГЕРІЯ: Прем'єр-ліга Таблиця]
    45' АД Ліміануш - Тірсенсе [ПОРТУГАЛІЯ: Чемпіонат Португалії - Група A Таблиця]
    45' Шавіш B - Браганса [ПОРТУГАЛІЯ: Чемпіонат Португалії - Група A Таблиця]
    5' Рібейра Брава - Бріту [ПОРТУГАЛІЯ: Чемпіонат Португалії - Група A Таблиця]
    47' Каштелу-Бранку - Samora Correia [ПОРТУГАЛІЯ: Чемпіонат Португалії - Група C Таблиця]
    45' Ос Маріалвас - Naval 1893 [ПОРТУГАЛІЯ: Чемпіонат Португалії - Група C Таблиця]
    45' Уніао Да Серра - Пеніше [ПОРТУГАЛІЯ: Чемпіонат Португалії - Група C Таблиця]
    45' Індустрія - О Елваш [ПОРТУГАЛІЯ: Чемпіонат Португалії - Група D Таблиця]
    45' Монкарапашенсе - Юв. Евора [ПОРТУГАЛІЯ: Чемпіонат Португалії - Група D Таблиця]
    45' Портімоненсе B - Лагоа [ПОРТУГАЛІЯ: Чемпіонат Португалії - Група D Таблиця]
  Found: 0 candidates, 0 new, 23 permanently skipped

Done: 0 analyzed, 0 actionable, 0 TG sent

🔍 Checking 1 possibly finished match(es)...
  ⚽ Сан-Жуан-де-Вер - АД Марку 09: 0:0 [FT] → ТБ:❌ ТБ:❌

🔥 RUN #846: analyzed=0, signals=0
⏳ Next scan in 3m...
[19:08:07] Live scan
  Запуск live-скрапера (після ранкових Telegram, якщо були).
Opening: https://m.flashscore.ua/?s=2 (minute >= 60, 0:0 only)
Provider health [https://m.flashscore.ua/?s=2]: rows=96, 0:0 total=43, candidates=0
  ⏸ 0:0 ще рано (< 60'):
    8' Етуаль Філанте - Мажестік [БУРКІНА-ФАСО: Прем'єр-ліга Таблиця]
    8' Кадіого - АСФА Єннега [БУРКІНА-ФАСО: Прем'єр-ліга Таблиця]
    8' Рахімо - РДФ [БУРКІНА-ФАСО: Прем'єр-ліга Таблиця]
    8' Сонабель Уагадугу - CFFEB [БУРКІНА-ФАСО: Прем'єр-ліга Таблиця]
    8' Північна Ірландія U19 W - Португалія U19 W [ЄВРОПА: Євро U19 (Жінки) - Кваліфікація - Round 2 - League A Таблиця]
    8' Леальтад - Вальядолід Промесас [ІСПАНІЯ: Сегунда КІФФ - Група 1 Таблиця]
    8' Хімнастіка Сеговіана - Саламанка [ІСПАНІЯ: Сегунда КІФФ - Група 1 Таблиця]
    8' Туделано - Альфаро [ІСПАНІЯ: Сегунда КІФФ - Група 2 Таблиця]
    8' Утебо - Ейбар B [ІСПАНІЯ: Сегунда КІФФ - Група 2 Таблиця]
    8' Валенсія B - Сант-Андреу [ІСПАНІЯ: Сегунда КІФФ - Група 3 Таблиця]
    8' Лорка Депортіва - КД Херес [ІСПАНІЯ: Сегунда КІФФ - Група 4 Таблиця]
    8' УКАМ Мурсія - Малага B [ІСПАНІЯ: Сегунда КІФФ - Група 4 Таблиця]
    8' Хаен - Ла Уньйон [ІСПАНІЯ: Сегунда КІФФ - Група 4 Таблиця]
    38' Конкенсе - Сокуельямос [ІСПАНІЯ: Сегунда КІФФ - Група 5 Таблиця]
    8' Райо Махадаонда - Кінтанар [ІСПАНІЯ: Сегунда КІФФ - Група 5 Таблиця]
    52' Льянера - Спортінг Х. B [ІСПАНІЯ: Терсера КІФФ - Група 2 Таблиця]
    8' Хіхон Індустріаль - Клуб Сьєро [ІСПАНІЯ: Терсера КІФФ - Група 2 Таблиця]
    45' Ла-Нусія - Еркулес B [ІСПАНІЯ: Терсера КІФФ - Група 6 Таблиця]
    8' Онтіньєнт 1931 - Сагунтіно [ІСПАНІЯ: Терсера КІФФ - Група 6 Таблиця]
    45' Сеута B - Кордоба B [ІСПАНІЯ: Терсера КІФФ - Група 10 Таблиця]
    8' Больюльйос - Томарес УД [ІСПАНІЯ: Терсера КІФФ - Група 10 Таблиця]
    8' Ліненсе - Кадіс B [ІСПАНІЯ: Терсера КІФФ - Група 10 Таблиця]
    8' Масаррон - Е.Г. Ель Пальмар [ІСПАНІЯ: Терсера КІФФ - Група 13 Таблиця]
    8' Олімпіко де Тотана - Мулено [ІСПАНІЯ: Терсера КІФФ - Група 13 Таблиця]
    8' Пуеблонуево - Хараїс [ІСПАНІЯ: Терсера КІФФ - Група 14 Таблиця]
    8' Субіса - Кортес [ІСПАНІЯ: Терсера КІФФ - Група 15 Таблиця]
    59' Віанес - Ягуе [ІСПАНІЯ: Терсера КІФФ - Група 16 Таблиця]
    38' Аутоль - Ангіано [ІСПАНІЯ: Терсера КІФФ - Група 16 Таблиця]
    38' Тамаріте - Суера [ІСПАНІЯ: Терсера КІФФ - Група 17 Таблиця]
    8' Пуертольяно - Гвадалахара B [ІСПАНІЯ: Терсера КІФФ - Група 18 Таблиця]
    38' Понтедера - Равенна [ІТАЛІЯ: Серія С - Група В Таблиця]
    46' Барау - Ремо Старз [НІГЕРІЯ: Прем'єр-ліга Таблиця]
    45' Найджер Торнадос - Рейнджерс Інт. [НІГЕРІЯ: Прем'єр-ліга Таблиця]
    45' Шутінг - Квара [НІГЕРІЯ: Прем'єр-ліга Таблиця]
    47' АД Ліміануш - Тірсенсе [ПОРТУГАЛІЯ: Чемпіонат Португалії - Група A Таблиця]
    45' Шавіш B - Браганса [ПОРТУГАЛІЯ: Чемпіонат Португалії - Група A Таблиця]
    8' Рібейра Брава - Бріту [ПОРТУГАЛІЯ: Чемпіонат Португалії - Група A Таблиця]
    51' Каштелу-Бранку - Samora Correia [ПОРТУГАЛІЯ: Чемпіонат Португалії - Група C Таблиця]
    45' Ос Маріалвас - Naval 1893 [ПОРТУГАЛІЯ: Чемпіонат Португалії - Група C Таблиця]
    49' Уніао Да Серра - Пеніше [ПОРТУГАЛІЯ: Чемпіонат Португалії - Група C Таблиця]
    46' Індустрія - О Елваш [ПОРТУГАЛІЯ: Чемпіонат Португалії - Група D Таблиця]
    46' Монкарапашенсе - Юв. Евора [ПОРТУГАЛІЯ: Чемпіонат Португалії - Група D Таблиця]
    46' Портімоненсе B - Лагоа [ПОРТУГАЛІЯ: Чемпіонат Португалії - Група D Таблиця]
  Found: 0 candidates, 0 new, 23 permanently skipped

Done: 0 analyzed, 0 actionable, 0 TG sent

🔥 RUN #847: analyzed=0, signals=0
⏳ Next scan in 3m...
[19:11:11] Live scan
  Запуск live-скрапера (після ранкових Telegram, якщо були).
Opening: https://m.flashscore.ua/?s=2 (minute >= 60, 0:0 only)
Provider health [https://m.flashscore.ua/?s=2]: rows=99, 0:0 total=46, candidates=1
  ⏸ 0:0 ще рано (< 60'):
    11' Етуаль Філанте - Мажестік [БУРКІНА-ФАСО: Прем'єр-ліга Таблиця]
    11' Кадіого - АСФА Єннега [БУРКІНА-ФАСО: Прем'єр-ліга Таблиця]
    11' Рахімо - РДФ [БУРКІНА-ФАСО: Прем'єр-ліга Таблиця]
    11' Сонабель Уагадугу - CFFEB [БУРКІНА-ФАСО: Прем'єр-ліга Таблиця]
    11' Північна Ірландія U19 W - Португалія U19 W [ЄВРОПА: Євро U19 (Жінки) - Кваліфікація - Round 2 - League A Таблиця]
    11' Леальтад - Вальядолід Промесас [ІСПАНІЯ: Сегунда КІФФ - Група 1 Таблиця]
    11' Хімнастіка Сеговіана - Саламанка [ІСПАНІЯ: Сегунда КІФФ - Група 1 Таблиця]
    11' Туделано - Альфаро [ІСПАНІЯ: Сегунда КІФФ - Група 2 Таблиця]
    11' Утебо - Ейбар B [ІСПАНІЯ: Сегунда КІФФ - Група 2 Таблиця]
    11' Валенсія B - Сант-Андреу [ІСПАНІЯ: Сегунда КІФФ - Група 3 Таблиця]
    11' Лорка Депортіва - КД Херес [ІСПАНІЯ: Сегунда КІФФ - Група 4 Таблиця]
    11' УКАМ Мурсія - Малага B [ІСПАНІЯ: Сегунда КІФФ - Група 4 Таблиця]
    11' Хаен - Ла Уньйон [ІСПАНІЯ: Сегунда КІФФ - Група 4 Таблиця]
    41' Конкенсе - Сокуельямос [ІСПАНІЯ: Сегунда КІФФ - Група 5 Таблиця]
    11' Райо Махадаонда - Кінтанар [ІСПАНІЯ: Сегунда КІФФ - Група 5 Таблиця]
    11' Ноя - Бойро [ІСПАНІЯ: Терсера КІФФ - Група 1 Таблиця]
    11' Сомосас - Вівейро [ІСПАНІЯ: Терсера КІФФ - Група 1 Таблиця]
    55' Льянера - Спортінг Х. B [ІСПАНІЯ: Терсера КІФФ - Група 2 Таблиця]
    11' Хіхон Індустріаль - Клуб Сьєро [ІСПАНІЯ: Терсера КІФФ - Група 2 Таблиця]
    46' Ла-Нусія - Еркулес B [ІСПАНІЯ: Терсера КІФФ - Група 6 Таблиця]
    11' Онтіньєнт 1931 - Сагунтіно [ІСПАНІЯ: Терсера КІФФ - Група 6 Таблиця]
    11' Торредонхімено - КД Торреперохіль [ІСПАНІЯ: Терсера КІФФ - Група 9 Таблиця]
    45' Сеута B - Кордоба B [ІСПАНІЯ: Терсера КІФФ - Група 10 Таблиця]
    11' Больюльйос - Томарес УД [ІСПАНІЯ: Терсера КІФФ - Група 10 Таблиця]
    11' Ліненсе - Кадіс B [ІСПАНІЯ: Терсера КІФФ - Група 10 Таблиця]
    11' Масаррон - Е.Г. Ель Пальмар [ІСПАНІЯ: Терсера КІФФ - Група 13 Таблиця]
    11' Олімпіко де Тотана - Мулено [ІСПАНІЯ: Терсера КІФФ - Група 13 Таблиця]
    11' Пуеблонуево - Хараїс [ІСПАНІЯ: Терсера КІФФ - Група 14 Таблиця]
    11' Субіса - Кортес [ІСПАНІЯ: Терсера КІФФ - Група 15 Таблиця]
    41' Аутоль - Ангіано [ІСПАНІЯ: Терсера КІФФ - Група 16 Таблиця]
    41' Тамаріте - Суера [ІСПАНІЯ: Терсера КІФФ - Група 17 Таблиця]
    11' Пуертольяно - Гвадалахара B [ІСПАНІЯ: Терсера КІФФ - Група 18 Таблиця]
    41' Понтедера - Равенна [ІТАЛІЯ: Серія С - Група В Таблиця]
    48' Барау - Ремо Старз [НІГЕРІЯ: Прем'єр-ліга Таблиця]
    45' Найджер Торнадос - Рейнджерс Інт. [НІГЕРІЯ: Прем'єр-ліга Таблиця]
    45' Шутінг - Квара [НІГЕРІЯ: Прем'єр-ліга Таблиця]
    50' АД Ліміануш - Тірсенсе [ПОРТУГАЛІЯ: Чемпіонат Португалії - Група A Таблиця]
    46' Шавіш B - Браганса [ПОРТУГАЛІЯ: Чемпіонат Португалії - Група A Таблиця]
    11' Рібейра Брава - Бріту [ПОРТУГАЛІЯ: Чемпіонат Португалії - Група A Таблиця]
    53' Каштелу-Бранку - Samora Correia [ПОРТУГАЛІЯ: Чемпіонат Португалії - Група C Таблиця]
    45' Ос Маріалвас - Naval 1893 [ПОРТУГАЛІЯ: Чемпіонат Португалії - Група C Таблиця]
    52' Уніао Да Серра - Пеніше [ПОРТУГАЛІЯ: Чемпіонат Португалії - Група C Таблиця]
    49' Індустрія - О Елваш [ПОРТУГАЛІЯ: Чемпіонат Португалії - Група D Таблиця]
    49' Монкарапашенсе - Юв. Евора [ПОРТУГАЛІЯ: Чемпіонат Португалії - Група D Таблиця]
    49' Портімоненсе B - Лагоа [ПОРТУГАЛІЯ: Чемпіонат Португалії - Група D Таблиця]
  ✔ 62' Віанес - Ягуе [ІСПАНІЯ: Терсера КІФФ - Група 16 Таблиця] id=bcH5vzmD
  Found: 1 candidates, 1 new, 23 permanently skipped

→ Віанес - Ягуе (62') [ІСПАНІЯ: Терсера КІФФ - Група 16 Таблиця]
  Кф 1X2: 2.13 / 3.13 / 3.21
  Desktop: https://www.flashscore.ua/match/soccer/vianes-zVJhL7Hf/yague-hv6DRZbB/?mid=bcH5vzmD
  [stats] bcH5vzmD overall: no data-testid (old=0, any=0, body=148171)
  [stats] bcH5vzmD secondHalf: no data-testid (old=0, any=0, body=148171)
  [stats] bcH5vzmD → unavailable, 0 metrics
  Features: quality=0, primary=0, status=unavailable
  ✗ No stats at all → permanent skip

Done: 0 analyzed, 0 actionable, 0 TG sent

🔥 RUN #848: analyzed=0, signals=0
⏳ Next scan in 3m...
[19:14:52] Live scan
  Запуск live-скрапера (після ранкових Telegram, якщо були).
Opening: https://m.flashscore.ua/?s=2 (minute >= 60, 0:0 only)
Provider health [https://m.flashscore.ua/?s=2]: rows=99, 0:0 total=42, candidates=1
  ⏸ 0:0 ще рано (< 60'):
    15' Етуаль Філанте - Мажестік [БУРКІНА-ФАСО: Прем'єр-ліга Таблиця]
    15' Кадіого - АСФА Єннега [БУРКІНА-ФАСО: Прем'єр-ліга Таблиця]
    15' Рахімо - РДФ [БУРКІНА-ФАСО: Прем'єр-ліга Таблиця]
    15' Сонабель Уагадугу - CFFEB [БУРКІНА-ФАСО: Прем'єр-ліга Таблиця]
    15' Північна Ірландія U19 W - Португалія U19 W [ЄВРОПА: Євро U19 (Жінки) - Кваліфікація - Round 2 - League A Таблиця]
    1' Бергантіньйос - Сарріана [ІСПАНІЯ: Сегунда КІФФ - Група 1 Таблиця]
    15' Утебо - Ейбар B [ІСПАНІЯ: Сегунда КІФФ - Група 2 Таблиця]
    15' Валенсія B - Сант-Андреу [ІСПАНІЯ: Сегунда КІФФ - Група 3 Таблиця]
    15' Лорка Депортіва - КД Херес [ІСПАНІЯ: Сегунда КІФФ - Група 4 Таблиця]
    15' УКАМ Мурсія - Малага B [ІСПАНІЯ: Сегунда КІФФ - Група 4 Таблиця]
    15' Хаен - Ла Уньйон [ІСПАНІЯ: Сегунда КІФФ - Група 4 Таблиця]
    45' Конкенсе - Сокуельямос [ІСПАНІЯ: Сегунда КІФФ - Група 5 Таблиця]
    15' Райо Махадаонда - Кінтанар [ІСПАНІЯ: Сегунда КІФФ - Група 5 Таблиця]
    15' Ноя - Бойро [ІСПАНІЯ: Терсера КІФФ - Група 1 Таблиця]
    15' Сомосас - Вівейро [ІСПАНІЯ: Терсера КІФФ - Група 1 Таблиця]
    59' Льянера - Спортінг Х. B [ІСПАНІЯ: Терсера КІФФ - Група 2 Таблиця]
    15' Хіхон Індустріаль - Клуб Сьєро [ІСПАНІЯ: Терсера КІФФ - Група 2 Таблиця]
    50' Ла-Нусія - Еркулес B [ІСПАНІЯ: Терсера КІФФ - Група 6 Таблиця]
    15' Онтіньєнт 1931 - Сагунтіно [ІСПАНІЯ: Терсера КІФФ - Група 6 Таблиця]
    15' Торредонхімено - КД Торреперохіль [ІСПАНІЯ: Терсера КІФФ - Група 9 Таблиця]
    45' Сеута B - Кордоба B [ІСПАНІЯ: Терсера КІФФ - Група 10 Таблиця]
    15' Больюльйос - Томарес УД [ІСПАНІЯ: Терсера КІФФ - Група 10 Таблиця]
    15' Ліненсе - Кадіс B [ІСПАНІЯ: Терсера КІФФ - Група 10 Таблиця]
    15' Масаррон - Е.Г. Ель Пальмар [ІСПАНІЯ: Терсера КІФФ - Група 13 Таблиця]
    15' Олімпіко де Тотана - Мулено [ІСПАНІЯ: Терсера КІФФ - Група 13 Таблиця]
    15' Пуеблонуево - Хараїс [ІСПАНІЯ: Терсера КІФФ - Група 14 Таблиця]
    15' Субіса - Кортес [ІСПАНІЯ: Терсера КІФФ - Група 15 Таблиця]
    45' Аутоль - Ангіано [ІСПАНІЯ: Терсера КІФФ - Група 16 Таблиця]
    45' Тамаріте - Суера [ІСПАНІЯ: Терсера КІФФ - Група 17 Таблиця]
    15' Пуертольяно - Гвадалахара B [ІСПАНІЯ: Терсера КІФФ - Група 18 Таблиця]
    45' Понтедера - Равенна [ІТАЛІЯ: Серія С - Група В Таблиця]
    53' Барау - Ремо Старз [НІГЕРІЯ: Прем'єр-ліга Таблиця]
    48' Найджер Торнадос - Рейнджерс Інт. [НІГЕРІЯ: Прем'єр-ліга Таблиця]
    49' Шутінг - Квара [НІГЕРІЯ: Прем'єр-ліга Таблиця]
    54' АД Ліміануш - Тірсенсе [ПОРТУГАЛІЯ: Чемпіонат Португалії - Група A Таблиця]
    15' Рібейра Брава - Бріту [ПОРТУГАЛІЯ: Чемпіонат Португалії - Група A Таблиця]
    50' Ос Маріалвас - Naval 1893 [ПОРТУГАЛІЯ: Чемпіонат Португалії - Група C Таблиця]
    56' Уніао Да Серра - Пеніше [ПОРТУГАЛІЯ: Чемпіонат Португалії - Група C Таблиця]
    53' Індустрія - О Елваш [ПОРТУГАЛІЯ: Чемпіонат Португалії - Група D Таблиця]
    54' Монкарапашенсе - Юв. Евора [ПОРТУГАЛІЯ: Чемпіонат Португалії - Група D Таблиця]
    53' Портімоненсе B - Лагоа [ПОРТУГАЛІЯ: Чемпіонат Португалії - Група D Таблиця]
  ✔ 66' Віанес - Ягуе [ІСПАНІЯ: Терсера КІФФ - Група 16 Таблиця] id=bcH5vzmD
  Found: 1 candidates, 0 new, 24 permanently skipped

Done: 0 analyzed, 0 actionable, 0 TG sent

🔥 RUN #849: analyzed=0, signals=0
⏳ Next scan in 3m...
[19:17:56] Live scan
  Запуск live-скрапера (після ранкових Telegram, якщо були).
Opening: https://m.flashscore.ua/?s=2 (minute >= 60, 0:0 only)
Provider health [https://m.flashscore.ua/?s=2]: rows=100, 0:0 total=41, candidates=2
  ⏸ 0:0 ще рано (< 60'):
    18' Етуаль Філанте - Мажестік [БУРКІНА-ФАСО: Прем'єр-ліга Таблиця]
    18' Кадіого - АСФА Єннега [БУРКІНА-ФАСО: Прем'єр-ліга Таблиця]
    18' Рахімо - РДФ [БУРКІНА-ФАСО: Прем'єр-ліга Таблиця]
    18' Північна Ірландія U19 W - Португалія U19 W [ЄВРОПА: Євро U19 (Жінки) - Кваліфікація - Round 2 - League A Таблиця]
    3' Бергантіньйос - Сарріана [ІСПАНІЯ: Сегунда КІФФ - Група 1 Таблиця]
    18' Валенсія B - Сант-Андреу [ІСПАНІЯ: Сегунда КІФФ - Група 3 Таблиця]
    18' Лорка Депортіва - КД Херес [ІСПАНІЯ: Сегунда КІФФ - Група 4 Таблиця]
    18' УКАМ Мурсія - Малага B [ІСПАНІЯ: Сегунда КІФФ - Група 4 Таблиця]
    18' Хаен - Ла Уньйон [ІСПАНІЯ: Сегунда КІФФ - Група 4 Таблиця]
    18' Райо Махадаонда - Кінтанар [ІСПАНІЯ: Сегунда КІФФ - Група 5 Таблиця]
    18' Ноя - Бойро [ІСПАНІЯ: Терсера КІФФ - Група 1 Таблиця]
    18' Сомосас - Вівейро [ІСПАНІЯ: Терсера КІФФ - Група 1 Таблиця]
    18' Хіхон Індустріаль - Клуб Сьєро [ІСПАНІЯ: Терсера КІФФ - Група 2 Таблиця]
    52' Ла-Нусія - Еркулес B [ІСПАНІЯ: Терсера КІФФ - Група 6 Таблиця]
    18' Онтіньєнт 1931 - Сагунтіно [ІСПАНІЯ: Терсера КІФФ - Група 6 Таблиця]
    18' Торредонхімено - КД Торреперохіль [ІСПАНІЯ: Терсера КІФФ - Група 9 Таблиця]
    3' Гранада B - Churriana de la Vega [ІСПАНІЯ: Терсера КІФФ - Група 9 Таблиця]
    45' Сеута B - Кордоба B [ІСПАНІЯ: Терсера КІФФ - Група 10 Таблиця]
    18' Больюльйос - Томарес УД [ІСПАНІЯ: Терсера КІФФ - Група 10 Таблиця]
    18' Ліненсе - Кадіс B [ІСПАНІЯ: Терсера КІФФ - Група 10 Таблиця]
    18' Масаррон - Е.Г. Ель Пальмар [ІСПАНІЯ: Терсера КІФФ - Група 13 Таблиця]
    18' Олімпіко де Тотана - Мулено [ІСПАНІЯ: Терсера КІФФ - Група 13 Таблиця]
    18' Пуеблонуево - Хараїс [ІСПАНІЯ: Терсера КІФФ - Група 14 Таблиця]
    18' Субіса - Кортес [ІСПАНІЯ: Терсера КІФФ - Група 15 Таблиця]
    45' Аутоль - Ангіано [ІСПАНІЯ: Терсера КІФФ - Група 16 Таблиця]
    45' Тамаріте - Суера [ІСПАНІЯ: Терсера КІФФ - Група 17 Таблиця]
    18' Пуертольяно - Гвадалахара B [ІСПАНІЯ: Терсера КІФФ - Група 18 Таблиця]
    55' Барау - Ремо Старз [НІГЕРІЯ: Прем'єр-ліга Таблиця]
    50' Найджер Торнадос - Рейнджерс Інт. [НІГЕРІЯ: Прем'єр-ліга Таблиця]
    52' Шутінг - Квара [НІГЕРІЯ: Прем'єр-ліга Таблиця]
    57' АД Ліміануш - Тірсенсе [ПОРТУГАЛІЯ: Чемпіонат Португалії - Група A Таблиця]
    18' Рібейра Брава - Бріту [ПОРТУГАЛІЯ: Чемпіонат Португалії - Група A Таблиця]
    52' Ос Маріалвас - Naval 1893 [ПОРТУГАЛІЯ: Чемпіонат Португалії - Група C Таблиця]
    59' Уніао Да Серра - Пеніше [ПОРТУГАЛІЯ: Чемпіонат Португалії - Група C Таблиця]
    56' Індустрія - О Елваш [ПОРТУГАЛІЯ: Чемпіонат Португалії - Група D Таблиця]
    56' Монкарапашенсе - Юв. Евора [ПОРТУГАЛІЯ: Чемпіонат Португалії - Група D Таблиця]
    55' Портімоненсе B - Лагоа [ПОРТУГАЛІЯ: Чемпіонат Португалії - Група D Таблиця]
  ✔ 61' Льянера - Спортінг Х. B [ІСПАНІЯ: Терсера КІФФ - Група 2 Таблиця] id=OQykKLaf
  ✔ 69' Віанес - Ягуе [ІСПАНІЯ: Терсера КІФФ - Група 16 Таблиця] id=bcH5vzmD
  Found: 2 candidates, 1 new, 24 permanently skipped

→ Льянера - Спортінг Х. B (61') [ІСПАНІЯ: Терсера КІФФ - Група 2 Таблиця]
  Кф 1X2: 2.47 / 2.82 / 2.83
  Desktop: https://www.flashscore.ua/match/soccer/gijon-GAsUZeQS/llanera-YXwLruOR/?mid=OQykKLaf
  [stats] OQykKLaf overall: no data-testid (old=0, any=0, body=148227)
  [stats] OQykKLaf secondHalf: no data-testid (old=0, any=0, body=148227)
  [stats] OQykKLaf → unavailable, 0 metrics
  Features: quality=0, primary=0, status=unavailable
  ✗ No stats at all → permanent skip

Done: 0 analyzed, 0 actionable, 0 TG sent

🔥 RUN #850: analyzed=0, signals=0
⏳ Next scan in 3m...
[19:21:36] Live scan
  Запуск live-скрапера (після ранкових Telegram, якщо були).
Opening: https://m.flashscore.ua/?s=2 (minute >= 60, 0:0 only)
Provider health [https://m.flashscore.ua/?s=2]: rows=98, 0:0 total=39, candidates=5
  ⏸ 0:0 ще рано (< 60'):
    22' Етуаль Філанте - Мажестік [БУРКІНА-ФАСО: Прем'єр-ліга Таблиця]
    22' Кадіого - АСФА Єннега [БУРКІНА-ФАСО: Прем'єр-ліга Таблиця]
    22' Північна Ірландія U19 W - Португалія U19 W [ЄВРОПА: Євро U19 (Жінки) - Кваліфікація - Round 2 - League A Таблиця]
    7' Бергантіньйос - Сарріана [ІСПАНІЯ: Сегунда КІФФ - Група 1 Таблиця]
    22' Валенсія B - Сант-Андреу [ІСПАНІЯ: Сегунда КІФФ - Група 3 Таблиця]
    22' Лорка Депортіва - КД Херес [ІСПАНІЯ: Сегунда КІФФ - Група 4 Таблиця]
    22' УКАМ Мурсія - Малага B [ІСПАНІЯ: Сегунда КІФФ - Група 4 Таблиця]
    22' Хаен - Ла Уньйон [ІСПАНІЯ: Сегунда КІФФ - Група 4 Таблиця]
    45' Конкенсе - Сокуельямос [ІСПАНІЯ: Сегунда КІФФ - Група 5 Таблиця]
    22' Райо Махадаонда - Кінтанар [ІСПАНІЯ: Сегунда КІФФ - Група 5 Таблиця]
    22' Ноя - Бойро [ІСПАНІЯ: Терсера КІФФ - Група 1 Таблиця]
    22' Сомосас - Вівейро [ІСПАНІЯ: Терсера КІФФ - Група 1 Таблиця]
    22' Хіхон Індустріаль - Клуб Сьєро [ІСПАНІЯ: Терсера КІФФ - Група 2 Таблиця]
    22' Онтіньєнт 1931 - Сагунтіно [ІСПАНІЯ: Терсера КІФФ - Група 6 Таблиця]
    22' Торредонхімено - КД Торреперохіль [ІСПАНІЯ: Терсера КІФФ - Група 9 Таблиця]
    7' Гранада B - Churriana de la Vega [ІСПАНІЯ: Терсера КІФФ - Група 9 Таблиця]
    45' Сеута B - Кордоба B [ІСПАНІЯ: Терсера КІФФ - Група 10 Таблиця]
    22' Больюльйос - Томарес УД [ІСПАНІЯ: Терсера КІФФ - Група 10 Таблиця]
    22' Ліненсе - Кадіс B [ІСПАНІЯ: Терсера КІФФ - Група 10 Таблиця]
    22' Масаррон - Е.Г. Ель Пальмар [ІСПАНІЯ: Терсера КІФФ - Група 13 Таблиця]
    22' Олімпіко де Тотана - Мулено [ІСПАНІЯ: Терсера КІФФ - Група 13 Таблиця]
    22' Пуеблонуево - Хараїс [ІСПАНІЯ: Терсера КІФФ - Група 14 Таблиця]
    22' Субіса - Кортес [ІСПАНІЯ: Терсера КІФФ - Група 15 Таблиця]
    45' Аутоль - Ангіано [ІСПАНІЯ: Терсера КІФФ - Група 16 Таблиця]
    45' Тамаріте - Суера [ІСПАНІЯ: Терсера КІФФ - Група 17 Таблиця]
    22' Пуертольяно - Гвадалахара B [ІСПАНІЯ: Терсера КІФФ - Група 18 Таблиця]
    45' Понтедера - Равенна [ІТАЛІЯ: Серія С - Група В Таблиця]
    59' Барау - Ремо Старз [НІГЕРІЯ: Прем'єр-ліга Таблиця]
    54' Найджер Торнадос - Рейнджерс Інт. [НІГЕРІЯ: Прем'єр-ліга Таблиця]
    55' Шутінг - Квара [НІГЕРІЯ: Прем'єр-ліга Таблиця]
    22' Рібейра Брава - Бріту [ПОРТУГАЛІЯ: Чемпіонат Португалії - Група A Таблиця]
    56' Ос Маріалвас - Naval 1893 [ПОРТУГАЛІЯ: Чемпіонат Португалії - Група C Таблиця]
    59' Індустрія - О Елваш [ПОРТУГАЛІЯ: Чемпіонат Португалії - Група D Таблиця]
    59' Портімоненсе B - Лагоа [ПОРТУГАЛІЯ: Чемпіонат Португалії - Група D Таблиця]
  ✔ 65' Льянера - Спортінг Х. B [ІСПАНІЯ: Терсера КІФФ - Група 2 Таблиця] id=OQykKLaf
  ✔ 72' Віанес - Ягуе [ІСПАНІЯ: Терсера КІФФ - Група 16 Таблиця] id=bcH5vzmD
  ✔ 61' АД Ліміануш - Тірсенсе [ПОРТУГАЛІЯ: Чемпіонат Португалії - Група A Таблиця] id=4xyYIk5l
  ✔ 62' Уніао Да Серра - Пеніше [ПОРТУГАЛІЯ: Чемпіонат Португалії - Група C Таблиця] id=4fC5Y31b
  ✔ 60' Монкарапашенсе - Юв. Евора [ПОРТУГАЛІЯ: Чемпіонат Португалії - Група D Таблиця] id=CQQyL3qC
  Found: 5 candidates, 3 new, 25 permanently skipped

→ АД Ліміануш - Тірсенсе (61') [ПОРТУГАЛІЯ: Чемпіонат Португалії - Група A Таблиця]

→ Уніао Да Серра - Пеніше (62') [ПОРТУГАЛІЯ: Чемпіонат Португалії - Група C Таблиця]
  Кф 1X2: 1.78 / 3.61 / 4.12
  Кф 1X2: 2.32 / 3.3 / 2.89
  Desktop: https://www.flashscore.ua/match/soccer/gd-peniche-0Gfw59sO/uniao-da-serra-Q5EcB6ph/?mid=4fC5Y31b
  Desktop: https://www.flashscore.ua/match/soccer/ad-limianos-ILjO7rGM/tirsense-IHzz5VNI/?mid=4xyYIk5l
  [stats] 4fC5Y31b → both, 5 metrics
  [stats] 4xyYIk5l → both, 5 metrics
  Features: quality=0.23, primary=2, status=both
  Score (windowed): pGoal=0.418, pDry=0.582 | 60-70 → UNDER_0_5
  ⏸ сигнал не пройшов (вікно 60-70, впевненість: low, bet: UNDER_0_5)

→ Монкарапашенсе - Юв. Евора (60') [ПОРТУГАЛІЯ: Чемпіонат Португалії - Група D Таблиця]
  Features: quality=0.23, primary=2, status=both
  Score (windowed): pGoal=0.54, pDry=0.46 | 60-70 → SKIP
  Кф 1X2: 2.23 / 3 / 3.36
  Desktop: https://www.flashscore.ua/match/soccer/juv-evora-UVLbZtfO/moncarapachense-0Iri444B/?mid=CQQyL3qC
  [stats] CQQyL3qC → both, 5 metrics
  Features: quality=0.23, primary=2, status=both
  Score (windowed): pGoal=0.288, pDry=0.712 | 60-70 → UNDER_0_5
  ⏸ сигнал не пройшов (вікно 60-70, впевненість: low, bet: UNDER_0_5)

Done: 3 analyzed, 2 actionable, 0 TG sent
📌 Tracking 2 active prediction(s)

🔥 RUN #851: analyzed=3, signals=0
Message sent to Telegram
⏳ Next scan in 3m...
[19:24:59] Live scan
  Запуск live-скрапера (після ранкових Telegram, якщо були).
Opening: https://m.flashscore.ua/?s=2 (minute >= 60, 0:0 only)
Provider health [https://m.flashscore.ua/?s=2]: rows=96, 0:0 total=32, candidates=8
  ⏸ 0:0 ще рано (< 60'):
    26' Етуаль Філанте - Мажестік [БУРКІНА-ФАСО: Прем'єр-ліга Таблиця]
    26' Кадіого - АСФА Єннега [БУРКІНА-ФАСО: Прем'єр-ліга Таблиця]
    26' Північна Ірландія U19 W - Португалія U19 W [ЄВРОПА: Євро U19 (Жінки) - Кваліфікація - Round 2 - League A Таблиця]
    26' Лорка Депортіва - КД Херес [ІСПАНІЯ: Сегунда КІФФ - Група 4 Таблиця]
    26' Хаен - Ла Уньйон [ІСПАНІЯ: Сегунда КІФФ - Група 4 Таблиця]
    26' Райо Махадаонда - Кінтанар [ІСПАНІЯ: Сегунда КІФФ - Група 5 Таблиця]
    26' Ноя - Бойро [ІСПАНІЯ: Терсера КІФФ - Група 1 Таблиця]
    26' Сомосас - Вівейро [ІСПАНІЯ: Терсера КІФФ - Група 1 Таблиця]
    26' Хіхон Індустріаль - Клуб Сьєро [ІСПАНІЯ: Терсера КІФФ - Група 2 Таблиця]
    26' Онтіньєнт 1931 - Сагунтіно [ІСПАНІЯ: Терсера КІФФ - Група 6 Таблиця]
    26' Торредонхімено - КД Торреперохіль [ІСПАНІЯ: Терсера КІФФ - Група 9 Таблиця]
    11' Гранада B - Churriana de la Vega [ІСПАНІЯ: Терсера КІФФ - Група 9 Таблиця]
    49' Сеута B - Кордоба B [ІСПАНІЯ: Терсера КІФФ - Група 10 Таблиця]
    26' Больюльйос - Томарес УД [ІСПАНІЯ: Терсера КІФФ - Група 10 Таблиця]
    26' Ліненсе - Кадіс B [ІСПАНІЯ: Терсера КІФФ - Група 10 Таблиця]
    26' Масаррон - Е.Г. Ель Пальмар [ІСПАНІЯ: Терсера КІФФ - Група 13 Таблиця]
    26' Олімпіко де Тотана - Мулено [ІСПАНІЯ: Терсера КІФФ - Група 13 Таблиця]
    26' Пуеблонуево - Хараїс [ІСПАНІЯ: Терсера КІФФ - Група 14 Таблиця]
    45' Аутоль - Ангіано [ІСПАНІЯ: Терсера КІФФ - Група 16 Таблиця]
    45' Тамаріте - Суера [ІСПАНІЯ: Терсера КІФФ - Група 17 Таблиця]
    45' Понтедера - Равенна [ІТАЛІЯ: Серія С - Група В Таблиця]
    58' Найджер Торнадос - Рейнджерс Інт. [НІГЕРІЯ: Прем'єр-ліга Таблиця]
    59' Шутінг - Квара [НІГЕРІЯ: Прем'єр-ліга Таблиця]
    26' Рібейра Брава - Бріту [ПОРТУГАЛІЯ: Чемпіонат Португалії - Група A Таблиця]
  ✔ 69' Льянера - Спортінг Х. B [ІСПАНІЯ: Терсера КІФФ - Група 2 Таблиця] id=OQykKLaf
  ✔ 76' Віанес - Ягуе [ІСПАНІЯ: Терсера КІФФ - Група 16 Таблиця] id=bcH5vzmD
  ✔ 64' АД Ліміануш - Тірсенсе [ПОРТУГАЛІЯ: Чемпіонат Португалії - Група A Таблиця] id=4xyYIk5l
  ✔ 60' Ос Маріалвас - Naval 1893 [ПОРТУГАЛІЯ: Чемпіонат Португалії - Група C Таблиця] id=dU8czQWo
  ✔ 66' Уніао Да Серра - Пеніше [ПОРТУГАЛІЯ: Чемпіонат Португалії - Група C Таблиця] id=4fC5Y31b
  ✔ 63' Індустрія - О Елваш [ПОРТУГАЛІЯ: Чемпіонат Португалії - Група D Таблиця] id=GbXSMPEa
  ✔ 64' Монкарапашенсе - Юв. Евора [ПОРТУГАЛІЯ: Чемпіонат Португалії - Група D Таблиця] id=CQQyL3qC
  ✔ 63' Портімоненсе B - Лагоа [ПОРТУГАЛІЯ: Чемпіонат Португалії - Група D Таблиця] id=8YTKOopm
  Found: 8 candidates, 6 new, 25 permanently skipped

→ АД Ліміануш - Тірсенсе (64') [ПОРТУГАЛІЯ: Чемпіонат Португалії - Група A Таблиця]

→ Ос Маріалвас - Naval 1893 (60') [ПОРТУГАЛІЯ: Чемпіонат Португалії - Група C Таблиця]
  Кф 1X2: 2.49 / 3.21 / 2.72
  Кф 1X2: 2.32 / 3.3 / 2.89
  Desktop: https://www.flashscore.ua/match/soccer/ad-limianos-ILjO7rGM/tirsense-IHzz5VNI/?mid=4xyYIk5l
  Desktop: https://www.flashscore.ua/match/soccer/naval-1893-dlTRw4L5/os-marialvas-2LI0jhhA/?mid=dU8czQWo
  [stats] 4xyYIk5l → both, 5 metrics
  [stats] dU8czQWo → both, 5 metrics
  Features: quality=0.23, primary=2, status=both
  Score (windowed): pGoal=0.54, pDry=0.46 | 60-70 → SKIP

→ Уніао Да Серра - Пеніше (66') [ПОРТУГАЛІЯ: Чемпіонат Португалії - Група C Таблиця]
  Features: quality=0.23, primary=2, status=both
  Score (windowed): pGoal=0.293, pDry=0.707 | 60-70 → UNDER_0_5
  ⏸ сигнал не пройшов (вікно 60-70, впевненість: low, bet: UNDER_0_5)

→ Індустрія - О Елваш (63') [ПОРТУГАЛІЯ: Чемпіонат Португалії - Група D Таблиця]
  Кф 1X2: 1.78 / 3.61 / 4.12
  Кф 1X2: 4.89 / 3.71 / 1.65
  Desktop: https://www.flashscore.ua/match/soccer/gd-peniche-0Gfw59sO/uniao-da-serra-Q5EcB6ph/?mid=4fC5Y31b
  Desktop: https://www.flashscore.ua/match/soccer/industria-ruddRwgs/o-elvas-cad-G2XZhjaL/?mid=GbXSMPEa
  [stats] 4fC5Y31b → both, 5 metrics
  [stats] GbXSMPEa → both, 5 metrics
  Features: quality=0.23, primary=2, status=both
  Score (windowed): pGoal=0.421, pDry=0.579 | 60-70 → UNDER_0_5
  ⏸ сигнал не пройшов (вікно 60-70, впевненість: low, bet: UNDER_0_5)

→ Монкарапашенсе - Юв. Евора (64') [ПОРТУГАЛІЯ: Чемпіонат Португалії - Група D Таблиця]
  Features: quality=0.23, primary=2, status=both
  Score (windowed): pGoal=0.28, pDry=0.72 | 60-70 → UNDER_0_5
  ⏸ сигнал не пройшов (вікно 60-70, впевненість: low, bet: UNDER_0_5)

→ Портімоненсе B - Лагоа (63') [ПОРТУГАЛІЯ: Чемпіонат Португалії - Група D Таблиця]
  Кф 1X2: 2.23 / 3 / 3.36
  Кф 1X2: 4.65 / 3.82 / 1.66
  Desktop: https://www.flashscore.ua/match/soccer/juv-evora-UVLbZtfO/moncarapachense-0Iri444B/?mid=CQQyL3qC
  Desktop: https://www.flashscore.ua/match/soccer/lagoa-zVVZo19U/portimonense-OIuXK4XG/?mid=8YTKOopm
  [stats] CQQyL3qC → both, 5 metrics
  Features: quality=0.23, primary=2, status=both
  Score (windowed): pGoal=0.29, pDry=0.71 | 60-70 → UNDER_0_5
  ⏸ сигнал не пройшов (вікно 60-70, впевненість: low, bet: UNDER_0_5)
  [stats] 8YTKOopm → both, 5 metrics
  Features: quality=0.23, primary=2, status=both
  Score (windowed): pGoal=0.288, pDry=0.712 | 60-70 → UNDER_0_5
  ⏸ сигнал не пройшов (вікно 60-70, впевненість: low, bet: UNDER_0_5)

Done: 6 analyzed, 5 actionable, 0 TG sent
📌 Tracking 5 active prediction(s)

🔥 RUN #852: analyzed=6, signals=0
⏳ Next scan in 3m...
[19:28:31] Live scan
  Запуск live-скрапера (після ранкових Telegram, якщо були).
Opening: https://m.flashscore.ua/?s=2 (minute >= 60, 0:0 only)
Provider health [https://m.flashscore.ua/?s=2]: rows=95, 0:0 total=32, candidates=10
  ⏸ 0:0 ще рано (< 60'):
    29' Етуаль Філанте - Мажестік [БУРКІНА-ФАСО: Прем'єр-ліга Таблиця]
    29' Кадіого - АСФА Єннега [БУРКІНА-ФАСО: Прем'єр-ліга Таблиця]
    29' Північна Ірландія U19 W - Португалія U19 W [ЄВРОПА: Євро U19 (Жінки) - Кваліфікація - Round 2 - League A Таблиця]
    29' Лорка Депортіва - КД Херес [ІСПАНІЯ: Сегунда КІФФ - Група 4 Таблиця]
    29' Хаен - Ла Уньйон [ІСПАНІЯ: Сегунда КІФФ - Група 4 Таблиця]
    29' Райо Махадаонда - Кінтанар [ІСПАНІЯ: Сегунда КІФФ - Група 5 Таблиця]
    29' Ноя - Бойро [ІСПАНІЯ: Терсера КІФФ - Група 1 Таблиця]
    29' Сомосас - Вівейро [ІСПАНІЯ: Терсера КІФФ - Група 1 Таблиця]
    29' Хіхон Індустріаль - Клуб Сьєро [ІСПАНІЯ: Терсера КІФФ - Група 2 Таблиця]
    29' Онтіньєнт 1931 - Сагунтіно [ІСПАНІЯ: Терсера КІФФ - Група 6 Таблиця]
    29' Торредонхімено - КД Торреперохіль [ІСПАНІЯ: Терсера КІФФ - Група 9 Таблиця]
    14' Гранада B - Churriana de la Vega [ІСПАНІЯ: Терсера КІФФ - Група 9 Таблиця]
    52' Сеута B - Кордоба B [ІСПАНІЯ: Терсера КІФФ - Група 10 Таблиця]
    29' Больюльйос - Томарес УД [ІСПАНІЯ: Терсера КІФФ - Група 10 Таблиця]
    29' Ліненсе - Кадіс B [ІСПАНІЯ: Терсера КІФФ - Група 10 Таблиця]
    29' Масаррон - Е.Г. Ель Пальмар [ІСПАНІЯ: Терсера КІФФ - Група 13 Таблиця]
    29' Олімпіко де Тотана - Мулено [ІСПАНІЯ: Терсера КІФФ - Група 13 Таблиця]
    29' Пуеблонуево - Хараїс [ІСПАНІЯ: Терсера КІФФ - Група 14 Таблиця]
    45' Аутоль - Ангіано [ІСПАНІЯ: Терсера КІФФ - Група 16 Таблиця]
    45' Тамаріте - Суера [ІСПАНІЯ: Терсера КІФФ - Група 17 Таблиця]
    45' Понтедера - Равенна [ІТАЛІЯ: Серія С - Група В Таблиця]
    29' Рібейра Брава - Бріту [ПОРТУГАЛІЯ: Чемпіонат Португалії - Група A Таблиця]
  ✔ 72' Льянера - Спортінг Х. B [ІСПАНІЯ: Терсера КІФФ - Група 2 Таблиця] id=OQykKLaf
  ✔ 79' Віанес - Ягуе [ІСПАНІЯ: Терсера КІФФ - Група 16 Таблиця] id=bcH5vzmD
  ✔ 61' Найджер Торнадос - Рейнджерс Інт. [НІГЕРІЯ: Прем'єр-ліга Таблиця] id=vsQMkvtQ
  ✔ 62' Шутінг - Квара [НІГЕРІЯ: Прем'єр-ліга Таблиця] id=hlpSTdJ6
  ✔ 68' АД Ліміануш - Тірсенсе [ПОРТУГАЛІЯ: Чемпіонат Португалії - Група A Таблиця] id=4xyYIk5l
  ✔ 63' Ос Маріалвас - Naval 1893 [ПОРТУГАЛІЯ: Чемпіонат Португалії - Група C Таблиця] id=dU8czQWo
  ✔ 69' Уніао Да Серра - Пеніше [ПОРТУГАЛІЯ: Чемпіонат Португалії - Група C Таблиця] id=4fC5Y31b
  ✔ 66' Індустрія - О Елваш [ПОРТУГАЛІЯ: Чемпіонат Португалії - Група D Таблиця] id=GbXSMPEa
  ✔ 67' Монкарапашенсе - Юв. Евора [ПОРТУГАЛІЯ: Чемпіонат Португалії - Група D Таблиця] id=CQQyL3qC
  ✔ 66' Портімоненсе B - Лагоа [ПОРТУГАЛІЯ: Чемпіонат Португалії - Група D Таблиця] id=8YTKOopm
  Found: 10 candidates, 8 new, 25 permanently skipped

→ Найджер Торнадос - Рейнджерс Інт. (61') [НІГЕРІЯ: Прем'єр-ліга Таблиця]

→ Шутінг - Квара (62') [НІГЕРІЯ: Прем'єр-ліга Таблиця]
  Кф 1X2: 1.42 / 3.92 / 8.26
  Кф 1X2: 1.81 / 2.99 / 5.16
  Desktop: https://www.flashscore.ua/match/soccer/kwara-2VT1zt5c/shooting-thJIFAIJ/?mid=hlpSTdJ6
  Desktop: https://www.flashscore.ua/match/soccer/niger-tornadoes-l2xyIbkT/rangers-international-KxX6KECj/?mid=vsQMkvtQ
  [stats] hlpSTdJ6 overall: no data-testid (old=0, any=0, body=148304)
  [stats] vsQMkvtQ overall: no data-testid (old=0, any=0, body=148475)
  [stats] hlpSTdJ6 secondHalf: no data-testid (old=0, any=0, body=148304)
  [stats] vsQMkvtQ secondHalf: no data-testid (old=0, any=0, body=148475)
  [stats] hlpSTdJ6 → unavailable, 0 metrics
  [stats] vsQMkvtQ → unavailable, 0 metrics
  Features: quality=0, primary=0, status=unavailable
  ✗ No stats at all → permanent skip

→ АД Ліміануш - Тірсенсе (68') [ПОРТУГАЛІЯ: Чемпіонат Португалії - Група A Таблиця]
  Features: quality=0, primary=0, status=unavailable
  ✗ No stats at all → permanent skip

→ Ос Маріалвас - Naval 1893 (63') [ПОРТУГАЛІЯ: Чемпіонат Португалії - Група C Таблиця]
  Кф 1X2: 2.32 / 3.3 / 2.89
  Кф 1X2: 2.49 / 3.21 / 2.72
  Desktop: https://www.flashscore.ua/match/soccer/ad-limianos-ILjO7rGM/tirsense-IHzz5VNI/?mid=4xyYIk5l
  Desktop: https://www.flashscore.ua/match/soccer/naval-1893-dlTRw4L5/os-marialvas-2LI0jhhA/?mid=dU8czQWo
  [stats] 4xyYIk5l → both, 5 metrics
  [stats] dU8czQWo → both, 5 metrics
  Features: quality=0.23, primary=2, status=both
  Score (windowed): pGoal=0.478, pDry=0.522 | 60-70 → UNDER_0_5
  ⏸ сигнал не пройшов (вікно 60-70, впевненість: low, bet: UNDER_0_5)

→ Уніао Да Серра - Пеніше (69') [ПОРТУГАЛІЯ: Чемпіонат Португалії - Група C Таблиця]
  Features: quality=0.23, primary=2, status=both
  Score (windowed): pGoal=0.295, pDry=0.705 | 60-70 → UNDER_0_5
  ⏸ сигнал не пройшов (вікно 60-70, впевненість: low, bet: UNDER_0_5)

→ Індустрія - О Елваш (66') [ПОРТУГАЛІЯ: Чемпіонат Португалії - Група D Таблиця]
  Кф 1X2: 1.78 / 3.61 / 4.12
  Кф 1X2: 4.89 / 3.71 / 1.65
  Desktop: https://www.flashscore.ua/match/soccer/gd-peniche-0Gfw59sO/uniao-da-serra-Q5EcB6ph/?mid=4fC5Y31b
  Desktop: https://www.flashscore.ua/match/soccer/industria-ruddRwgs/o-elvas-cad-G2XZhjaL/?mid=GbXSMPEa
  [stats] 4fC5Y31b → both, 5 metrics
  [stats] GbXSMPEa → both, 5 metrics
  Features: quality=0.23, primary=2, status=both
  Score (windowed): pGoal=0.638, pDry=0.362 | 60-70 → SKIP

→ Монкарапашенсе - Юв. Евора (67') [ПОРТУГАЛІЯ: Чемпіонат Португалії - Група D Таблиця]
  Features: quality=0.23, primary=2, status=both
  Score (windowed): pGoal=0.28, pDry=0.72 | 60-70 → UNDER_0_5
  ⏸ сигнал не пройшов (вікно 60-70, впевненість: low, bet: UNDER_0_5)

→ Портімоненсе B - Лагоа (66') [ПОРТУГАЛІЯ: Чемпіонат Португалії - Група D Таблиця]
  Кф 1X2: 2.23 / 3 / 3.36
  Кф 1X2: 4.65 / 3.82 / 1.66
  Desktop: https://www.flashscore.ua/match/soccer/juv-evora-UVLbZtfO/moncarapachense-0Iri444B/?mid=CQQyL3qC
  Desktop: https://www.flashscore.ua/match/soccer/lagoa-zVVZo19U/portimonense-OIuXK4XG/?mid=8YTKOopm
  [stats] CQQyL3qC → both, 5 metrics
  [stats] 8YTKOopm → both, 5 metrics
  Features: quality=0.23, primary=2, status=both
  Score (windowed): pGoal=0.418, pDry=0.582 | 60-70 → UNDER_0_5
  ⏸ сигнал не пройшов (вікно 60-70, впевненість: low, bet: UNDER_0_5)
  Features: quality=0.23, primary=2, status=both
  Score (windowed): pGoal=0.288, pDry=0.712 | 60-70 → UNDER_0_5
  ⏸ сигнал не пройшов (вікно 60-70, впевненість: low, bet: UNDER_0_5)

Done: 6 analyzed, 5 actionable, 0 TG sent
📌 Tracking 6 active prediction(s)

🔥 RUN #853: analyzed=6, signals=0
⏳ Next scan in 3m...
[19:32:38] Live scan
  Запуск live-скрапера (після ранкових Telegram, якщо були).
Opening: https://m.flashscore.ua/?s=2 (minute >= 60, 0:0 only)
Provider health [https://m.flashscore.ua/?s=2]: rows=96, 0:0 total=25, candidates=7
  ⏸ 0:0 ще рано (< 60'):
    33' Етуаль Філанте - Мажестік [БУРКІНА-ФАСО: Прем'єр-ліга Таблиця]
    33' Кадіого - АСФА Єннега [БУРКІНА-ФАСО: Прем'єр-ліга Таблиця]
    33' Північна Ірландія U19 W - Португалія U19 W [ЄВРОПА: Євро U19 (Жінки) - Кваліфікація - Round 2 - League A Таблиця]
    3' Мірандес - Кастельйон [ІСПАНІЯ: Ла Ліга 2 Таблиця]
    33' Лорка Депортіва - КД Херес [ІСПАНІЯ: Сегунда КІФФ - Група 4 Таблиця]
    33' Хаен - Ла Уньйон [ІСПАНІЯ: Сегунда КІФФ - Група 4 Таблиця]
    3' КД Корія - Навалькарнеро [ІСПАНІЯ: Сегунда КІФФ - Група 5 Таблиця]
    3' УЕ Вік - Can Vidalet [ІСПАНІЯ: Терсера КІФФ - Група 5 Таблиця]
    33' Онтіньєнт 1931 - Сагунтіно [ІСПАНІЯ: Терсера КІФФ - Група 6 Таблиця]
    57' Сеута B - Кордоба B [ІСПАНІЯ: Терсера КІФФ - Група 10 Таблиця]
    33' Ліненсе - Кадіс B [ІСПАНІЯ: Терсера КІФФ - Група 10 Таблиця]
    33' Масаррон - Е.Г. Ель Пальмар [ІСПАНІЯ: Терсера КІФФ - Група 13 Таблиця]
    33' Пуеблонуево - Хараїс [ІСПАНІЯ: Терсера КІФФ - Група 14 Таблиця]
    45' Аутоль - Ангіано [ІСПАНІЯ: Терсера КІФФ - Група 16 Таблиця]
    45' Понтедера - Равенна [ІТАЛІЯ: Серія С - Група В Таблиця]
    33' Рібейра Брава - Бріту [ПОРТУГАЛІЯ: Чемпіонат Португалії - Група A Таблиця]
    3' Пікін - ЮС Горе [СЕНЕГАЛ: Ліга 1 Таблиця]
    3' Теунгет - Каса [СЕНЕГАЛ: Ліга 1 Таблиця]
  ✔ 77' Льянера - Спортінг Х. B [ІСПАНІЯ: Терсера КІФФ - Група 2 Таблиця] id=OQykKLaf
  ✔ 84' Віанес - Ягуе [ІСПАНІЯ: Терсера КІФФ - Група 16 Таблиця] id=bcH5vzmD
  ✔ 66' Найджер Торнадос - Рейнджерс Інт. [НІГЕРІЯ: Прем'єр-ліга Таблиця] id=vsQMkvtQ
  ✔ 67' Шутінг - Квара [НІГЕРІЯ: Прем'єр-ліга Таблиця] id=hlpSTdJ6
  ✔ 67' Ос Маріалвас - Naval 1893 [ПОРТУГАЛІЯ: Чемпіонат Португалії - Група C Таблиця] id=dU8czQWo
  ✔ 71' Індустрія - О Елваш [ПОРТУГАЛІЯ: Чемпіонат Португалії - Група D Таблиця] id=GbXSMPEa
  ✔ 71' Портімоненсе B - Лагоа [ПОРТУГАЛІЯ: Чемпіонат Португалії - Група D Таблиця] id=8YTKOopm
  Found: 7 candidates, 3 new, 27 permanently skipped

→ Ос Маріалвас - Naval 1893 (67') [ПОРТУГАЛІЯ: Чемпіонат Португалії - Група C Таблиця]

→ Індустрія - О Елваш (71') [ПОРТУГАЛІЯ: Чемпіонат Португалії - Група D Таблиця]
  Кф 1X2: 4.89 / 3.71 / 1.65
  Кф 1X2: 2.49 / 3.21 / 2.72
  Desktop: https://www.flashscore.ua/match/soccer/industria-ruddRwgs/o-elvas-cad-G2XZhjaL/?mid=GbXSMPEa
  Desktop: https://www.flashscore.ua/match/soccer/naval-1893-dlTRw4L5/os-marialvas-2LI0jhhA/?mid=dU8czQWo
  [stats] dU8czQWo → both, 5 metrics
  [stats] GbXSMPEa → both, 5 metrics
  Features: quality=0.23, primary=2, status=both
  Score (windowed): pGoal=0.295, pDry=0.705 | 60-70 → UNDER_0_5
  ⏸ сигнал не пройшов (вікно 60-70, впевненість: low, bet: UNDER_0_5)

→ Портімоненсе B - Лагоа (71') [ПОРТУГАЛІЯ: Чемпіонат Португалії - Група D Таблиця]
  Features: quality=0.23, primary=2, status=both
  Score (windowed): pGoal=0.31, pDry=0.69 | 70-80 → UNDER_0_5
  ⏸ сигнал не пройшов (вікно 70-80, впевненість: low, bet: UNDER_0_5)
  Кф 1X2: 4.65 / 3.82 / 1.66
  Desktop: https://www.flashscore.ua/match/soccer/lagoa-zVVZo19U/portimonense-OIuXK4XG/?mid=8YTKOopm
  [stats] 8YTKOopm → both, 5 metrics
  Features: quality=0.23, primary=2, status=both
  Score (windowed): pGoal=0.318, pDry=0.682 | 70-80 → UNDER_0_5
  ⏸ сигнал не пройшов (вікно 70-80, впевненість: low, bet: UNDER_0_5)

Done: 3 analyzed, 3 actionable, 0 TG sent

🔍 Checking 3 possibly finished match(es)...
  ⚽ Уніао Да Серра - Пеніше: 1:1 [GOAL→resolved] → ТМ:❌
  ⚽ Монкарапашенсе - Юв. Евора: 0:1 [GOAL→resolved] → ТМ:❌
  ⏳ АД Ліміануш - Тірсенсе: still live 0:0
📌 Tracking 4 active prediction(s)

🔥 RUN #854: analyzed=3, signals=0
⏳ Next scan in 3m...
[19:36:06] Live scan
  Запуск live-скрапера (після ранкових Telegram, якщо були).
Opening: https://m.flashscore.ua/?s=2 (minute >= 60, 0:0 only)
Provider health [https://m.flashscore.ua/?s=2]: rows=100, 0:0 total=29, candidates=8
  ⏸ 0:0 ще рано (< 60'):
    36' Етуаль Філанте - Мажестік [БУРКІНА-ФАСО: Прем'єр-ліга Таблиця]
    36' Кадіого - АСФА Єннега [БУРКІНА-ФАСО: Прем'єр-ліга Таблиця]
    6' Медіна Юнайтед - Брікама Юнайтед [ГАМБІЯ: Ліга ГФА Таблиця]
    6' Тім Райно - Самджер [ГАМБІЯ: Ліга ГФА Таблиця]
    36' Північна Ірландія U19 W - Португалія U19 W [ЄВРОПА: Євро U19 (Жінки) - Кваліфікація - Round 2 - League A Таблиця]
    6' Захо - Аль-Талаба [ІРАК: Ліга зірок Таблиця]
    6' Мірандес - Кастельйон [ІСПАНІЯ: Ла Ліга 2 Таблиця]
    36' Лорка Депортіва - КД Херес [ІСПАНІЯ: Сегунда КІФФ - Група 4 Таблиця]
    36' Хаен - Ла Уньйон [ІСПАНІЯ: Сегунда КІФФ - Група 4 Таблиця]
    6' КД Корія - Навалькарнеро [ІСПАНІЯ: Сегунда КІФФ - Група 5 Таблиця]
    6' УЕ Вік - Can Vidalet [ІСПАНІЯ: Терсера КІФФ - Група 5 Таблиця]
    36' Онтіньєнт 1931 - Сагунтіно [ІСПАНІЯ: Терсера КІФФ - Група 6 Таблиця]
    36' Ліненсе - Кадіс B [ІСПАНІЯ: Терсера КІФФ - Група 10 Таблиця]
    36' Масаррон - Е.Г. Ель Пальмар [ІСПАНІЯ: Терсера КІФФ - Група 13 Таблиця]
    36' Пуеблонуево - Хараїс [ІСПАНІЯ: Терсера КІФФ - Група 14 Таблиця]
    45' Аутоль - Ангіано [ІСПАНІЯ: Терсера КІФФ - Група 16 Таблиця]
    6' Альмудевар - Бінефар [ІСПАНІЯ: Терсера КІФФ - Група 17 Таблиця]
    48' Понтедера - Равенна [ІТАЛІЯ: Серія С - Група В Таблиця]
    36' Рібейра Брава - Бріту [ПОРТУГАЛІЯ: Чемпіонат Португалії - Група A Таблиця]
    6' Пікін - ЮС Горе [СЕНЕГАЛ: Ліга 1 Таблиця]
    6' Теунгет - Каса [СЕНЕГАЛ: Ліга 1 Таблиця]
  ✔ 80' Льянера - Спортінг Х. B [ІСПАНІЯ: Терсера КІФФ - Група 2 Таблиця] id=OQykKLaf
  ✔ 60' Сеута B - Кордоба B [ІСПАНІЯ: Терсера КІФФ - Група 10 Таблиця] id=SUWrJJaB
  ✔ 87' Віанес - Ягуе [ІСПАНІЯ: Терсера КІФФ - Група 16 Таблиця] id=bcH5vzmD
  ✔ 69' Найджер Торнадос - Рейнджерс Інт. [НІГЕРІЯ: Прем'єр-ліга Таблиця] id=vsQMkvtQ
  ✔ 70' Шутінг - Квара [НІГЕРІЯ: Прем'єр-ліга Таблиця] id=hlpSTdJ6
  ✔ 71' Ос Маріалвас - Naval 1893 [ПОРТУГАЛІЯ: Чемпіонат Португалії - Група C Таблиця] id=dU8czQWo
  ✔ 74' Індустрія - О Елваш [ПОРТУГАЛІЯ: Чемпіонат Португалії - Група D Таблиця] id=GbXSMPEa
  ✔ 74' Портімоненсе B - Лагоа [ПОРТУГАЛІЯ: Чемпіонат Португалії - Група D Таблиця] id=8YTKOopm
  Found: 8 candidates, 4 new, 27 permanently skipped

→ Сеута B - Кордоба B (60') [ІСПАНІЯ: Терсера КІФФ - Група 10 Таблиця]

→ Ос Маріалвас - Naval 1893 (71') [ПОРТУГАЛІЯ: Чемпіонат Португалії - Група C Таблиця]
  Кф 1X2: 2.49 / 3.21 / 2.72
  Кф 1X2: 2.05 / 2.98 / 3.6
  Desktop: https://www.flashscore.ua/match/soccer/naval-1893-dlTRw4L5/os-marialvas-2LI0jhhA/?mid=dU8czQWo
  Desktop: https://www.flashscore.ua/match/soccer/ceuta-KpaVGHrG/cordoba-GvS0Jon7/?mid=SUWrJJaB
  [stats] dU8czQWo → both, 5 metrics
  Features: quality=0.23, primary=2, status=both
  Score (windowed): pGoal=0.325, pDry=0.675 | 70-80 → UNDER_0_5
  ⏸ сигнал не пройшов (вікно 70-80, впевненість: low, bet: UNDER_0_5)

→ Індустрія - О Елваш (74') [ПОРТУГАЛІЯ: Чемпіонат Португалії - Група D Таблиця]
  Кф 1X2: 4.89 / 3.71 / 1.65
  Desktop: https://www.flashscore.ua/match/soccer/industria-ruddRwgs/o-elvas-cad-G2XZhjaL/?mid=GbXSMPEa
  [stats] SUWrJJaB overall: no data-testid (old=0, any=0, body=148165)
  [stats] GbXSMPEa → both, 5 metrics
  Features: quality=0.23, primary=2, status=both
  Score (windowed): pGoal=0.313, pDry=0.687 | 70-80 → UNDER_0_5
  ⏸ сигнал не пройшов (вікно 70-80, впевненість: low, bet: UNDER_0_5)

→ Портімоненсе B - Лагоа (74') [ПОРТУГАЛІЯ: Чемпіонат Португалії - Група D Таблиця]
  Кф 1X2: 4.65 / 3.82 / 1.66
  Desktop: https://www.flashscore.ua/match/soccer/lagoa-zVVZo19U/portimonense-OIuXK4XG/?mid=8YTKOopm
  [stats] SUWrJJaB secondHalf: no data-testid (old=0, any=0, body=148165)
  [stats] 8YTKOopm → both, 5 metrics
  Features: quality=0.23, primary=2, status=both
  Score (windowed): pGoal=0.318, pDry=0.682 | 70-80 → UNDER_0_5
  ⏸ сигнал не пройшов (вікно 70-80, впевненість: low, bet: UNDER_0_5)
  [stats] SUWrJJaB → unavailable, 0 metrics
  Features: quality=0, primary=0, status=unavailable
  ✗ No stats at all → permanent skip

Done: 3 analyzed, 3 actionable, 0 TG sent

🔍 Checking 1 possibly finished match(es)...
  ⏳ АД Ліміануш - Тірсенсе: still live 0:0
📌 Tracking 4 active prediction(s)

🔥 RUN #855: analyzed=3, signals=0
⏳ Next scan in 3m...
[19:39:49] Live scan
  Запуск live-скрапера (після ранкових Telegram, якщо були).
Opening: https://m.flashscore.ua/?s=2 (minute >= 60, 0:0 only)
Provider health [https://m.flashscore.ua/?s=2]: rows=101, 0:0 total=28, candidates=7
  ⏸ 0:0 ще рано (< 60'):
    40' Етуаль Філанте - Мажестік [БУРКІНА-ФАСО: Прем'єр-ліга Таблиця]
    40' Кадіого - АСФА Єннега [БУРКІНА-ФАСО: Прем'єр-ліга Таблиця]
    10' Медіна Юнайтед - Брікама Юнайтед [ГАМБІЯ: Ліга ГФА Таблиця]
    10' Стів Біко - Бомбада [ГАМБІЯ: Ліга ГФА Таблиця]
    10' Тім Райно - Самджер [ГАМБІЯ: Ліга ГФА Таблиця]
    10' Захо - Аль-Талаба [ІРАК: Ліга зірок Таблиця]
    10' Мірандес - Кастельйон [ІСПАНІЯ: Ла Ліга 2 Таблиця]
    40' Лорка Депортіва - КД Херес [ІСПАНІЯ: Сегунда КІФФ - Група 4 Таблиця]
    40' Хаен - Ла Уньйон [ІСПАНІЯ: Сегунда КІФФ - Група 4 Таблиця]
    10' КД Корія - Навалькарнеро [ІСПАНІЯ: Сегунда КІФФ - Група 5 Таблиця]
    10' УЕ Вік - Can Vidalet [ІСПАНІЯ: Терсера КІФФ - Група 5 Таблиця]
    40' Онтіньєнт 1931 - Сагунтіно [ІСПАНІЯ: Терсера КІФФ - Група 6 Таблиця]
    40' Ліненсе - Кадіс B [ІСПАНІЯ: Терсера КІФФ - Група 10 Таблиця]
    40' Масаррон - Е.Г. Ель Пальмар [ІСПАНІЯ: Терсера КІФФ - Група 13 Таблиця]
    40' Пуеблонуево - Хараїс [ІСПАНІЯ: Терсера КІФФ - Група 14 Таблиця]
    50' Аутоль - Ангіано [ІСПАНІЯ: Терсера КІФФ - Група 16 Таблиця]
    10' Альмудевар - Бінефар [ІСПАНІЯ: Терсера КІФФ - Група 17 Таблиця]
    52' Понтедера - Равенна [ІТАЛІЯ: Серія С - Група В Таблиця]
    40' Рібейра Брава - Бріту [ПОРТУГАЛІЯ: Чемпіонат Португалії - Група A Таблиця]
    10' Пікін - ЮС Горе [СЕНЕГАЛ: Ліга 1 Таблиця]
    10' Теунгет - Каса [СЕНЕГАЛ: Ліга 1 Таблиця]
  ✔ 84' Льянера - Спортінг Х. B [ІСПАНІЯ: Терсера КІФФ - Група 2 Таблиця] id=OQykKLaf
  ✔ 64' Сеута B - Кордоба B [ІСПАНІЯ: Терсера КІФФ - Група 10 Таблиця] id=SUWrJJaB
  ✔ 73' Найджер Торнадос - Рейнджерс Інт. [НІГЕРІЯ: Прем'єр-ліга Таблиця] id=vsQMkvtQ
  ✔ 74' Шутінг - Квара [НІГЕРІЯ: Прем'єр-ліга Таблиця] id=hlpSTdJ6
  ✔ 75' Ос Маріалвас - Naval 1893 [ПОРТУГАЛІЯ: Чемпіонат Португалії - Група C Таблиця] id=dU8czQWo
  ✔ 78' Індустрія - О Елваш [ПОРТУГАЛІЯ: Чемпіонат Португалії - Група D Таблиця] id=GbXSMPEa
  ✔ 78' Портімоненсе B - Лагоа [ПОРТУГАЛІЯ: Чемпіонат Португалії - Група D Таблиця] id=8YTKOopm
  Found: 7 candidates, 3 new, 28 permanently skipped

→ Ос Маріалвас - Naval 1893 (75') [ПОРТУГАЛІЯ: Чемпіонат Португалії - Група C Таблиця]

→ Індустрія - О Елваш (78') [ПОРТУГАЛІЯ: Чемпіонат Португалії - Група D Таблиця]
  Кф 1X2: 2.49 / 3.21 / 2.72
  Кф 1X2: 4.89 / 3.71 / 1.65
  Desktop: https://www.flashscore.ua/match/soccer/industria-ruddRwgs/o-elvas-cad-G2XZhjaL/?mid=GbXSMPEa
  Desktop: https://www.flashscore.ua/match/soccer/naval-1893-dlTRw4L5/os-marialvas-2LI0jhhA/?mid=dU8czQWo
  [stats] GbXSMPEa → both, 5 metrics
  [stats] dU8czQWo → both, 5 metrics
  Features: quality=0.23, primary=2, status=both
  Score (windowed): pGoal=0.473, pDry=0.527 | 70-80 → SKIP

→ Портімоненсе B - Лагоа (78') [ПОРТУГАЛІЯ: Чемпіонат Португалії - Група D Таблиця]
  Features: quality=0.23, primary=2, status=both
  Score (windowed): pGoal=0.328, pDry=0.672 | 70-80 → UNDER_0_5
  ⏸ сигнал не пройшов (вікно 70-80, впевненість: low, bet: UNDER_0_5)
  Кф 1X2: 4.65 / 3.82 / 1.66
  Desktop: https://www.flashscore.ua/match/soccer/lagoa-zVVZo19U/portimonense-OIuXK4XG/?mid=8YTKOopm
  [stats] 8YTKOopm → both, 5 metrics
  Features: quality=0.23, primary=2, status=both
  Score (windowed): pGoal=0.476, pDry=0.524 | 70-80 → SKIP

Done: 3 analyzed, 1 actionable, 0 TG sent

🔍 Checking 1 possibly finished match(es)...
  ⏳ АД Ліміануш - Тірсенсе: still live 0:0
📌 Tracking 4 active prediction(s)

🔥 RUN #856: analyzed=3, signals=0
⏳ Next scan in 3m...
[19:43:14] Live scan
  Запуск live-скрапера (після ранкових Telegram, якщо були).
Opening: https://m.flashscore.ua/?s=2 (minute >= 60, 0:0 only)
Provider health [https://m.flashscore.ua/?s=2]: rows=101, 0:0 total=23, candidates=6
  ⏸ 0:0 ще рано (< 60'):
    44' Етуаль Філанте - Мажестік [БУРКІНА-ФАСО: Прем'єр-ліга Таблиця]
    14' Медіна Юнайтед - Брікама Юнайтед [ГАМБІЯ: Ліга ГФА Таблиця]
    14' Стів Біко - Бомбада [ГАМБІЯ: Ліга ГФА Таблиця]
    14' Тім Райно - Самджер [ГАМБІЯ: Ліга ГФА Таблиця]
    14' Захо - Аль-Талаба [ІРАК: Ліга зірок Таблиця]
    14' Мірандес - Кастельйон [ІСПАНІЯ: Ла Ліга 2 Таблиця]
    44' Лорка Депортіва - КД Херес [ІСПАНІЯ: Сегунда КІФФ - Група 4 Таблиця]
    44' Хаен - Ла Уньйон [ІСПАНІЯ: Сегунда КІФФ - Група 4 Таблиця]
    14' КД Корія - Навалькарнеро [ІСПАНІЯ: Сегунда КІФФ - Група 5 Таблиця]
    44' Онтіньєнт 1931 - Сагунтіно [ІСПАНІЯ: Терсера КІФФ - Група 6 Таблиця]
    44' Ліненсе - Кадіс B [ІСПАНІЯ: Терсера КІФФ - Група 10 Таблиця]
    44' Масаррон - Е.Г. Ель Пальмар [ІСПАНІЯ: Терсера КІФФ - Група 13 Таблиця]
    44' Пуеблонуево - Хараїс [ІСПАНІЯ: Терсера КІФФ - Група 14 Таблиця]
    53' Аутоль - Ангіано [ІСПАНІЯ: Терсера КІФФ - Група 16 Таблиця]
    14' Альмудевар - Бінефар [ІСПАНІЯ: Терсера КІФФ - Група 17 Таблиця]
    55' Понтедера - Равенна [ІТАЛІЯ: Серія С - Група В Таблиця]
    14' Теунгет - Каса [СЕНЕГАЛ: Ліга 1 Таблиця]
  ✔ 87' Льянера - Спортінг Х. B [ІСПАНІЯ: Терсера КІФФ - Група 2 Таблиця] id=OQykKLaf
  ✔ 67' Сеута B - Кордоба B [ІСПАНІЯ: Терсера КІФФ - Група 10 Таблиця] id=SUWrJJaB
  ✔ 76' Найджер Торнадос - Рейнджерс Інт. [НІГЕРІЯ: Прем'єр-ліга Таблиця] id=vsQMkvtQ
  ✔ 77' Шутінг - Квара [НІГЕРІЯ: Прем'єр-ліга Таблиця] id=hlpSTdJ6
  ✔ 78' Ос Маріалвас - Naval 1893 [ПОРТУГАЛІЯ: Чемпіонат Португалії - Група C Таблиця] id=dU8czQWo
  ✔ 81' Індустрія - О Елваш [ПОРТУГАЛІЯ: Чемпіонат Португалії - Група D Таблиця] id=GbXSMPEa
  Found: 6 candidates, 2 new, 28 permanently skipped

→ Ос Маріалвас - Naval 1893 (78') [ПОРТУГАЛІЯ: Чемпіонат Португалії - Група C Таблиця]

→ Індустрія - О Елваш (81') [ПОРТУГАЛІЯ: Чемпіонат Португалії - Група D Таблиця]
  Кф 1X2: 2.49 / 3.21 / 2.72
  Кф 1X2: 4.89 / 3.71 / 1.65
  Desktop: https://www.flashscore.ua/match/soccer/naval-1893-dlTRw4L5/os-marialvas-2LI0jhhA/?mid=dU8czQWo
  Desktop: https://www.flashscore.ua/match/soccer/industria-ruddRwgs/o-elvas-cad-G2XZhjaL/?mid=GbXSMPEa
  [stats] GbXSMPEa → both, 5 metrics
  [stats] dU8czQWo → both, 5 metrics
  Features: quality=0.23, primary=2, status=both
  Score (windowed): pGoal=0.358, pDry=0.642 | 70-80 → UNDER_0_5
  ⏸ сигнал не пройшов (вікно 70-80, впевненість: low, bet: UNDER_0_5)
  Features: quality=0.23, primary=2, status=both
  Score (windowed): pGoal=0.622, pDry=0.378 | 80-90+ → OVER_0_5
  ⏸ сигнал не пройшов (вікно 80-90+, впевненість: low, bet: OVER_0_5)

Done: 2 analyzed, 2 actionable, 0 TG sent

🔍 Checking 2 possibly finished match(es)...
  ⚽ Портімоненсе B - Лагоа: 1:0 [GOAL→resolved] → ТМ:❌ ТМ:❌
  ⏳ АД Ліміануш - Тірсенсе: still live 0:0
📌 Tracking 3 active prediction(s)

🔥 RUN #857: analyzed=2, signals=0
⏳ Next scan in 3m...
[19:46:32] Live scan
  Запуск live-скрапера (після ранкових Telegram, якщо були).
Opening: https://m.flashscore.ua/?s=2 (minute >= 60, 0:0 only)
Provider health [https://m.flashscore.ua/?s=2]: rows=101, 0:0 total=23, candidates=6
  ⏸ 0:0 ще рано (< 60'):
    17' Медіна Юнайтед - Брікама Юнайтед [ГАМБІЯ: Ліга ГФА Таблиця]
    17' Стів Біко - Бомбада [ГАМБІЯ: Ліга ГФА Таблиця]
    17' Тім Райно - Самджер [ГАМБІЯ: Ліга ГФА Таблиця]
    17' Захо - Аль-Талаба [ІРАК: Ліга зірок Таблиця]
    17' Мірандес - Кастельйон [ІСПАНІЯ: Ла Ліга 2 Таблиця]
    17' КД Корія - Навалькарнеро [ІСПАНІЯ: Сегунда КІФФ - Група 5 Таблиця]
    45' Онтіньєнт 1931 - Сагунтіно [ІСПАНІЯ: Терсера КІФФ - Група 6 Таблиця]
    45' Ліненсе - Кадіс B [ІСПАНІЯ: Терсера КІФФ - Група 10 Таблиця]
    45' Масаррон - Е.Г. Ель Пальмар [ІСПАНІЯ: Терсера КІФФ - Група 13 Таблиця]
    45' Пуеблонуево - Хараїс [ІСПАНІЯ: Терсера КІФФ - Група 14 Таблиця]
    56' Аутоль - Ангіано [ІСПАНІЯ: Терсера КІФФ - Група 16 Таблиця]
    17' Альмудевар - Бінефар [ІСПАНІЯ: Терсера КІФФ - Група 17 Таблиця]
    58' Понтедера - Равенна [ІТАЛІЯ: Серія С - Група В Таблиця]
    17' Теунгет - Каса [СЕНЕГАЛ: Ліга 1 Таблиця]
  ✔ 90' Льянера - Спортінг Х. B [ІСПАНІЯ: Терсера КІФФ - Група 2 Таблиця] id=OQykKLaf
  ✔ 70' Сеута B - Кордоба B [ІСПАНІЯ: Терсера КІФФ - Група 10 Таблиця] id=SUWrJJaB
  ✔ 79' Найджер Торнадос - Рейнджерс Інт. [НІГЕРІЯ: Прем'єр-ліга Таблиця] id=vsQMkvtQ
  ✔ 80' Шутінг - Квара [НІГЕРІЯ: Прем'єр-ліга Таблиця] id=hlpSTdJ6
  ✔ 81' Ос Маріалвас - Naval 1893 [ПОРТУГАЛІЯ: Чемпіонат Португалії - Група C Таблиця] id=dU8czQWo
  ✔ 84' Індустрія - О Елваш [ПОРТУГАЛІЯ: Чемпіонат Португалії - Група D Таблиця] id=GbXSMPEa
  Found: 6 candidates, 2 new, 28 permanently skipped

→ Ос Маріалвас - Naval 1893 (81') [ПОРТУГАЛІЯ: Чемпіонат Португалії - Група C Таблиця]

→ Індустрія - О Елваш (84') [ПОРТУГАЛІЯ: Чемпіонат Португалії - Група D Таблиця]
  Кф 1X2: 4.89 / 3.71 / 1.65
  Кф 1X2: 2.49 / 3.21 / 2.72
  Desktop: https://www.flashscore.ua/match/soccer/industria-ruddRwgs/o-elvas-cad-G2XZhjaL/?mid=GbXSMPEa
  Desktop: https://www.flashscore.ua/match/soccer/naval-1893-dlTRw4L5/os-marialvas-2LI0jhhA/?mid=dU8czQWo
  [stats] GbXSMPEa → both, 5 metrics
  [stats] dU8czQWo → both, 5 metrics
  Features: quality=0.23, primary=2, status=both
  Score (windowed): pGoal=0.622, pDry=0.378 | 80-90+ → OVER_0_5
  ⏸ сигнал не пройшов (вікно 80-90+, впевненість: low, bet: OVER_0_5)
  Features: quality=0.23, primary=2, status=both
  Score (windowed): pGoal=0.378, pDry=0.622 | 80-90+ → SKIP

Done: 2 analyzed, 1 actionable, 0 TG sent

🔍 Checking 1 possibly finished match(es)...
  ⏳ АД Ліміануш - Тірсенсе: still live 0:0
📌 Tracking 3 active prediction(s)

🔥 RUN #858: analyzed=2, signals=0
⏳ Next scan in 3m...
[19:49:48] Live scan
  Запуск live-скрапера (після ранкових Telegram, якщо були).
Opening: https://m.flashscore.ua/?s=2 (minute >= 60, 0:0 only)
Provider health [https://m.flashscore.ua/?s=2]: rows=99, 0:0 total=22, candidates=7
  ⏸ 0:0 ще рано (< 60'):
    45' Етуаль Філанте - Мажестік [БУРКІНА-ФАСО: Прем'єр-ліга Таблиця]
    20' Медіна Юнайтед - Брікама Юнайтед [ГАМБІЯ: Ліга ГФА Таблиця]
    20' Стів Біко - Бомбада [ГАМБІЯ: Ліга ГФА Таблиця]
    20' Тім Райно - Самджер [ГАМБІЯ: Ліга ГФА Таблиця]
    20' Захо - Аль-Талаба [ІРАК: Ліга зірок Таблиця]
    20' Мірандес - Кастельйон [ІСПАНІЯ: Ла Ліга 2 Таблиця]
    45' Лорка Депортіва - КД Херес [ІСПАНІЯ: Сегунда КІФФ - Група 4 Таблиця]
    45' Хаен - Ла Уньйон [ІСПАНІЯ: Сегунда КІФФ - Група 4 Таблиця]
    45' Онтіньєнт 1931 - Сагунтіно [ІСПАНІЯ: Терсера КІФФ - Група 6 Таблиця]
    45' Ліненсе - Кадіс B [ІСПАНІЯ: Терсера КІФФ - Група 10 Таблиця]
    45' Масаррон - Е.Г. Ель Пальмар [ІСПАНІЯ: Терсера КІФФ - Група 13 Таблиця]
    45' Пуеблонуево - Хараїс [ІСПАНІЯ: Терсера КІФФ - Група 14 Таблиця]
    20' Альмудевар - Бінефар [ІСПАНІЯ: Терсера КІФФ - Група 17 Таблиця]
    20' Теунгет - Каса [СЕНЕГАЛ: Ліга 1 Таблиця]
  ✔ 74' Сеута B - Кордоба B [ІСПАНІЯ: Терсера КІФФ - Група 10 Таблиця] id=SUWrJJaB
  ✔ 60' Аутоль - Ангіано [ІСПАНІЯ: Терсера КІФФ - Група 16 Таблиця] id=YRHHqA7e
  ✔ 62' Понтедера - Равенна [ІТАЛІЯ: Серія С - Група В Таблиця] id=niZkos45
  ✔ 83' Найджер Торнадос - Рейнджерс Інт. [НІГЕРІЯ: Прем'єр-ліга Таблиця] id=vsQMkvtQ
  ✔ 84' Шутінг - Квара [НІГЕРІЯ: Прем'єр-ліга Таблиця] id=hlpSTdJ6
  ✔ 85' Ос Маріалвас - Naval 1893 [ПОРТУГАЛІЯ: Чемпіонат Португалії - Група C Таблиця] id=dU8czQWo
  ✔ 88' Індустрія - О Елваш [ПОРТУГАЛІЯ: Чемпіонат Португалії - Група D Таблиця] id=GbXSMPEa
  Found: 7 candidates, 4 new, 28 permanently skipped

→ Аутоль - Ангіано (60') [ІСПАНІЯ: Терсера КІФФ - Група 16 Таблиця]

→ Понтедера - Равенна (62') [ІТАЛІЯ: Серія С - Група В Таблиця]
  Кф 1X2: 12.3 / 5.65 / 1.19
  Кф 1X2: 3.9 / 3.16 / 2.01
  Desktop: https://www.flashscore.ua/match/soccer/anguiano-WzbcpECU/autol-YmfopX9B/?mid=YRHHqA7e
  Desktop: https://www.flashscore.ua/match/soccer/ravenna-rZdj2Pvn/us-pontedera-na5EoFL1/?mid=niZkos45
  [stats] niZkos45 → both, 5 metrics
  Features: quality=0.23, primary=2, status=both
  Score (windowed): pGoal=0.283, pDry=0.717 | 60-70 → UNDER_0_5
  ⏸ сигнал не пройшов (вікно 60-70, впевненість: low, bet: UNDER_0_5)

→ Ос Маріалвас - Naval 1893 (85') [ПОРТУГАЛІЯ: Чемпіонат Португалії - Група C Таблиця]
  Кф 1X2: 2.49 / 3.21 / 2.72
  Desktop: https://www.flashscore.ua/match/soccer/naval-1893-dlTRw4L5/os-marialvas-2LI0jhhA/?mid=dU8czQWo
  [stats] YRHHqA7e overall: no data-testid (old=0, any=0, body=148152)
  [stats] dU8czQWo → both, 5 metrics
  Features: quality=0.23, primary=2, status=both
  Score (windowed): pGoal=0.448, pDry=0.552 | 80-90+ → SKIP

→ Індустрія - О Елваш (88') [ПОРТУГАЛІЯ: Чемпіонат Португалії - Група D Таблиця]
  Кф 1X2: 4.89 / 3.71 / 1.65
  Desktop: https://www.flashscore.ua/match/soccer/industria-ruddRwgs/o-elvas-cad-G2XZhjaL/?mid=GbXSMPEa
  [stats] YRHHqA7e secondHalf: no data-testid (old=0, any=0, body=148152)
  [stats] GbXSMPEa → both, 5 metrics
  Features: quality=0.23, primary=2, status=both
  Score (windowed): pGoal=0.692, pDry=0.308 | 80-90+ → OVER_0_5
  ⏸ сигнал не пройшов (вікно 80-90+, впевненість: low, bet: OVER_0_5)
  [stats] YRHHqA7e → unavailable, 0 metrics
  Features: quality=0, primary=0, status=unavailable
  ✗ No stats at all → permanent skip

Done: 3 analyzed, 2 actionable, 0 TG sent

🔍 Checking 1 possibly finished match(es)...
  ⏳ АД Ліміануш - Тірсенсе: still live 0:0
📌 Tracking 4 active prediction(s)

🔥 RUN #859: analyzed=3, signals=0
⏳ Next scan in 3m...
[19:53:30] Live scan
  Запуск live-скрапера (після ранкових Telegram, якщо були).
Opening: https://m.flashscore.ua/?s=2 (minute >= 60, 0:0 only)
Provider health [https://m.flashscore.ua/?s=2]: rows=98, 0:0 total=22, candidates=6
  ⏸ 0:0 ще рано (< 60'):
    45' Етуаль Філанте - Мажестік [БУРКІНА-ФАСО: Прем'єр-ліга Таблиця]
    24' Медіна Юнайтед - Брікама Юнайтед [ГАМБІЯ: Ліга ГФА Таблиця]
    24' Стів Біко - Бомбада [ГАМБІЯ: Ліга ГФА Таблиця]
    24' Тім Райно - Самджер [ГАМБІЯ: Ліга ГФА Таблиця]
    24' Захо - Аль-Талаба [ІРАК: Ліга зірок Таблиця]
    24' Мірандес - Кастельйон [ІСПАНІЯ: Ла Ліга 2 Таблиця]
    45' Лорка Депортіва - КД Херес [ІСПАНІЯ: Сегунда КІФФ - Група 4 Таблиця]
    45' Хаен - Ла Уньйон [ІСПАНІЯ: Сегунда КІФФ - Група 4 Таблиця]
    45' Онтіньєнт 1931 - Сагунтіно [ІСПАНІЯ: Терсера КІФФ - Група 6 Таблиця]
    45' Ліненсе - Кадіс B [ІСПАНІЯ: Терсера КІФФ - Група 10 Таблиця]
    45' Масаррон - Е.Г. Ель Пальмар [ІСПАНІЯ: Терсера КІФФ - Група 13 Таблиця]
    45' Пуеблонуево - Хараїс [ІСПАНІЯ: Терсера КІФФ - Група 14 Таблиця]
    24' Альмудевар - Бінефар [ІСПАНІЯ: Терсера КІФФ - Група 17 Таблиця]
    24' Теунгет - Каса [СЕНЕГАЛ: Ліга 1 Таблиця]
  ✔ 77' Сеута B - Кордоба B [ІСПАНІЯ: Терсера КІФФ - Група 10 Таблиця] id=SUWrJJaB
  ✔ 63' Аутоль - Ангіано [ІСПАНІЯ: Терсера КІФФ - Група 16 Таблиця] id=YRHHqA7e
  ✔ 65' Понтедера - Равенна [ІТАЛІЯ: Серія С - Група В Таблиця] id=niZkos45
  ✔ 86' Найджер Торнадос - Рейнджерс Інт. [НІГЕРІЯ: Прем'єр-ліга Таблиця] id=vsQMkvtQ
  ✔ 88' Шутінг - Квара [НІГЕРІЯ: Прем'єр-ліга Таблиця] id=hlpSTdJ6
  ✔ 88' Ос Маріалвас - Naval 1893 [ПОРТУГАЛІЯ: Чемпіонат Португалії - Група C Таблиця] id=dU8czQWo
  Found: 6 candidates, 2 new, 29 permanently skipped

→ Понтедера - Равенна (65') [ІТАЛІЯ: Серія С - Група В Таблиця]

→ Ос Маріалвас - Naval 1893 (88') [ПОРТУГАЛІЯ: Чемпіонат Португалії - Група C Таблиця]
  Кф 1X2: 2.49 / 3.21 / 2.72
  Кф 1X2: 3.9 / 3.16 / 2.01
  Desktop: https://www.flashscore.ua/match/soccer/ravenna-rZdj2Pvn/us-pontedera-na5EoFL1/?mid=niZkos45
  Desktop: https://www.flashscore.ua/match/soccer/naval-1893-dlTRw4L5/os-marialvas-2LI0jhhA/?mid=dU8czQWo
  [stats] niZkos45 → both, 5 metrics
  [stats] dU8czQWo → both, 5 metrics
  Features: quality=0.23, primary=2, status=both
  Score (windowed): pGoal=0.411, pDry=0.589 | 60-70 → UNDER_0_5
  ⏸ сигнал не пройшов (вікно 60-70, впевненість: low, bet: UNDER_0_5)
  Features: quality=0.23, primary=2, status=both
  Score (windowed): pGoal=0.448, pDry=0.552 | 80-90+ → SKIP

Done: 2 analyzed, 1 actionable, 0 TG sent

🔍 Checking 2 possibly finished match(es)...
  ⏳ Індустрія - О Елваш: still live 0:0
  ⏳ АД Ліміануш - Тірсенсе: still live 0:0
📌 Tracking 4 active prediction(s)

🔥 RUN #860: analyzed=2, signals=0
⏳ Next scan in 3m...
[19:56:48] Live scan
  Запуск live-скрапера (після ранкових Telegram, якщо були).
Opening: https://m.flashscore.ua/?s=2 (minute >= 60, 0:0 only)
Provider health [https://m.flashscore.ua/?s=2]: rows=73, 0:0 total=18, candidates=2
  ⏸ 0:0 ще рано (< 60'):
    45' Етуаль Філанте - Мажестік [БУРКІНА-ФАСО: Прем'єр-ліга Таблиця]
    27' Медіна Юнайтед - Брікама Юнайтед [ГАМБІЯ: Ліга ГФА Таблиця]
    27' Стів Біко - Бомбада [ГАМБІЯ: Ліга ГФА Таблиця]
    27' Тім Райно - Самджер [ГАМБІЯ: Ліга ГФА Таблиця]
    27' Захо - Аль-Талаба [ІРАК: Ліга зірок Таблиця]
    27' Мірандес - Кастельйон [ІСПАНІЯ: Ла Ліга 2 Таблиця]
    45' Лорка Депортіва - КД Херес [ІСПАНІЯ: Сегунда КІФФ - Група 4 Таблиця]
    45' Хаен - Ла Уньйон [ІСПАНІЯ: Сегунда КІФФ - Група 4 Таблиця]
    45' Онтіньєнт 1931 - Сагунтіно [ІСПАНІЯ: Терсера КІФФ - Група 6 Таблиця]
    45' Ліненсе - Кадіс B [ІСПАНІЯ: Терсера КІФФ - Група 10 Таблиця]
    45' Масаррон - Е.Г. Ель Пальмар [ІСПАНІЯ: Терсера КІФФ - Група 13 Таблиця]
    45' Пуеблонуево - Хараїс [ІСПАНІЯ: Терсера КІФФ - Група 14 Таблиця]
    27' Альмудевар - Бінефар [ІСПАНІЯ: Терсера КІФФ - Група 17 Таблиця]
    27' Теунгет - Каса [СЕНЕГАЛ: Ліга 1 Таблиця]
  ✔ 67' Аутоль - Ангіано [ІСПАНІЯ: Терсера КІФФ - Група 16 Таблиця] id=YRHHqA7e
  ✔ 90' Найджер Торнадос - Рейнджерс Інт. [НІГЕРІЯ: Прем'єр-ліга Таблиця] id=vsQMkvtQ
  Found: 2 candidates, 0 new, 29 permanently skipped

Done: 0 analyzed, 0 actionable, 0 TG sent

🔍 Checking 4 possibly finished match(es)...
  ⏳ Ос Маріалвас - Naval 1893: still live 0:0
  ⏳ Індустрія - О Елваш: still live 0:0
  ⏳ АД Ліміануш - Тірсенсе: still live 0:0
  ⚽ Понтедера - Равенна: 0:1 [GOAL→resolved] → ТМ:❌
📌 Tracking 3 active prediction(s)

🔥 RUN #861: analyzed=0, signals=0
⏳ Next scan in 3m...
[19:59:59] Live scan
  Запуск live-скрапера (після ранкових Telegram, якщо були).
Opening: https://m.flashscore.ua/?s=2 (minute >= 60, 0:0 only)
Provider health [https://m.flashscore.ua/?s=2]: rows=73, 0:0 total=18, candidates=1
  ⏸ 0:0 ще рано (< 60'):
    45' Етуаль Філанте - Мажестік [БУРКІНА-ФАСО: Прем'єр-ліга Таблиця]
    30' Медіна Юнайтед - Брікама Юнайтед [ГАМБІЯ: Ліга ГФА Таблиця]
    30' Стів Біко - Бомбада [ГАМБІЯ: Ліга ГФА Таблиця]
    30' Тім Райно - Самджер [ГАМБІЯ: Ліга ГФА Таблиця]
    30' Захо - Аль-Талаба [ІРАК: Ліга зірок Таблиця]
    30' Мірандес - Кастельйон [ІСПАНІЯ: Ла Ліга 2 Таблиця]
    45' Лорка Депортіва - КД Херес [ІСПАНІЯ: Сегунда КІФФ - Група 4 Таблиця]
    45' Хаен - Ла Уньйон [ІСПАНІЯ: Сегунда КІФФ - Група 4 Таблиця]
    45' Онтіньєнт 1931 - Сагунтіно [ІСПАНІЯ: Терсера КІФФ - Група 6 Таблиця]
    45' Ліненсе - Кадіс B [ІСПАНІЯ: Терсера КІФФ - Група 10 Таблиця]
    45' Масаррон - Е.Г. Ель Пальмар [ІСПАНІЯ: Терсера КІФФ - Група 13 Таблиця]
    45' Пуеблонуево - Хараїс [ІСПАНІЯ: Терсера КІФФ - Група 14 Таблиця]
    30' Альмудевар - Бінефар [ІСПАНІЯ: Терсера КІФФ - Група 17 Таблиця]
    30' Теунгет - Каса [СЕНЕГАЛ: Ліга 1 Таблиця]
  ✔ 69' Аутоль - Ангіано [ІСПАНІЯ: Терсера КІФФ - Група 16 Таблиця] id=YRHHqA7e
  Found: 1 candidates, 0 new, 29 permanently skipped

Done: 0 analyzed, 0 actionable, 0 TG sent

🔍 Checking 3 possibly finished match(es)...
  ⏳ Ос Маріалвас - Naval 1893: still live 0:0
  ⏳ Індустрія - О Елваш: still live 0:0
  ⚽ АД Ліміануш - Тірсенсе: 0:0 [FT] → ТМ:✅
📌 Tracking 2 active prediction(s)

🔥 RUN #862: analyzed=0, signals=0
⏳ Next scan in 3m...
[20:03:10] Live scan
  Запуск live-скрапера (після ранкових Telegram, якщо були).
Opening: https://m.flashscore.ua/?s=2 (minute >= 60, 0:0 only)
Provider health [https://m.flashscore.ua/?s=2]: rows=56, 0:0 total=16, candidates=0
  ⏸ 0:0 ще рано (< 60'):
    45' Етуаль Філанте - Мажестік [БУРКІНА-ФАСО: Прем'єр-ліга Таблиця]
    34' Стів Біко - Бомбада [ГАМБІЯ: Ліга ГФА Таблиця]
    34' Тім Райно - Самджер [ГАМБІЯ: Ліга ГФА Таблиця]
    4' Juventud Italiana - Атлетіко ФК [ЕКВАДОР: Кубок Еквадору]
    34' Захо - Аль-Талаба [ІРАК: Ліга зірок Таблиця]
    4' КА Акурейрі - Стьярнан [ІСЛАНДІЯ: Беста-дейлд карла Таблиця]
    4' КР Рейк'явік - Кеплавік [ІСЛАНДІЯ: Беста-дейлд карла Таблиця]
    45' Лорка Депортіва - КД Херес [ІСПАНІЯ: Сегунда КІФФ - Група 4 Таблиця]
    45' Хаен - Ла Уньйон [ІСПАНІЯ: Сегунда КІФФ - Група 4 Таблиця]
    4' Віланова - Мольєрусса [ІСПАНІЯ: Терсера КІФФ - Група 5 Таблиця]
    45' Онтіньєнт 1931 - Сагунтіно [ІСПАНІЯ: Терсера КІФФ - Група 6 Таблиця]
    45' Ліненсе - Кадіс B [ІСПАНІЯ: Терсера КІФФ - Група 10 Таблиця]
    45' Пуеблонуево - Хараїс [ІСПАНІЯ: Терсера КІФФ - Група 14 Таблиця]
    34' Альмудевар - Бінефар [ІСПАНІЯ: Терсера КІФФ - Група 17 Таблиця]
    4' Брага - Ароука [ПОРТУГАЛІЯ: Ліга Португалії Таблиця]
    34' Теунгет - Каса [СЕНЕГАЛ: Ліга 1 Таблиця]
  Found: 0 candidates, 0 new, 29 permanently skipped

Done: 0 analyzed, 0 actionable, 0 TG sent

🔍 Checking 2 possibly finished match(es)...
  ⚽ Ос Маріалвас - Naval 1893: 0:0 [FT] → ТМ:✅ ТМ:✅
  ⏳ Індустрія - О Елваш: still live 0:0
📌 Tracking 1 active prediction(s)

🔥 RUN #863: analyzed=0, signals=0
⏳ Next scan in 3m...
[20:06:18] Live scan
  Запуск live-скрапера (після ранкових Telegram, якщо були).
Opening: https://m.flashscore.ua/?s=2 (minute >= 60, 0:0 only)
Provider health [https://m.flashscore.ua/?s=2]: rows=53, 0:0 total=14, candidates=0
  ⏸ 0:0 ще рано (< 60'):
    45' Етуаль Філанте - Мажестік [БУРКІНА-ФАСО: Прем'єр-ліга Таблиця]
    37' Стів Біко - Бомбада [ГАМБІЯ: Ліга ГФА Таблиця]
    37' Тім Райно - Самджер [ГАМБІЯ: Ліга ГФА Таблиця]
    7' Juventud Italiana - Атлетіко ФК [ЕКВАДОР: Кубок Еквадору]
    37' Захо - Аль-Талаба [ІРАК: Ліга зірок Таблиця]
    7' КР Рейк'явік - Кеплавік [ІСЛАНДІЯ: Беста-дейлд карла Таблиця]
    46' Лорка Депортіва - КД Херес [ІСПАНІЯ: Сегунда КІФФ - Група 4 Таблиця]
    7' Віланова - Мольєрусса [ІСПАНІЯ: Терсера КІФФ - Група 5 Таблиця]
    45' Онтіньєнт 1931 - Сагунтіно [ІСПАНІЯ: Терсера КІФФ - Група 6 Таблиця]
    48' Ліненсе - Кадіс B [ІСПАНІЯ: Терсера КІФФ - Група 10 Таблиця]
    47' Пуеблонуево - Хараїс [ІСПАНІЯ: Терсера КІФФ - Група 14 Таблиця]
    37' Альмудевар - Бінефар [ІСПАНІЯ: Терсера КІФФ - Група 17 Таблиця]
    7' Брага - Ароука [ПОРТУГАЛІЯ: Ліга Португалії Таблиця]
    37' Теунгет - Каса [СЕНЕГАЛ: Ліга 1 Таблиця]
  Found: 0 candidates, 0 new, 29 permanently skipped

Done: 0 analyzed, 0 actionable, 0 TG sent

🔍 Checking 1 possibly finished match(es)...
  ⏳ Індустрія - О Елваш: still live 0:0
📌 Tracking 1 active prediction(s)

🔥 RUN #864: analyzed=0, signals=0
⏳ Next scan in 3m...
[20:09:24] Live scan
  Запуск live-скрапера (після ранкових Telegram, якщо були).
Opening: https://m.flashscore.ua/?s=2 (minute >= 60, 0:0 only)
Provider health [https://m.flashscore.ua/?s=2]: rows=52, 0:0 total=13, candidates=0
  ⏸ 0:0 ще рано (< 60'):
    49' Етуаль Філанте - Мажестік [БУРКІНА-ФАСО: Прем'єр-ліга Таблиця]
    40' Стів Біко - Бомбада [ГАМБІЯ: Ліга ГФА Таблиця]
    40' Тім Райно - Самджер [ГАМБІЯ: Ліга ГФА Таблиця]
    10' Juventud Italiana - Атлетіко ФК [ЕКВАДОР: Кубок Еквадору]
    40' Захо - Аль-Талаба [ІРАК: Ліга зірок Таблиця]
    49' Лорка Депортіва - КД Херес [ІСПАНІЯ: Сегунда КІФФ - Група 4 Таблиця]
    10' Віланова - Мольєрусса [ІСПАНІЯ: Терсера КІФФ - Група 5 Таблиця]
    47' Онтіньєнт 1931 - Сагунтіно [ІСПАНІЯ: Терсера КІФФ - Група 6 Таблиця]
    51' Ліненсе - Кадіс B [ІСПАНІЯ: Терсера КІФФ - Група 10 Таблиця]
    51' Пуеблонуево - Хараїс [ІСПАНІЯ: Терсера КІФФ - Група 14 Таблиця]
    40' Альмудевар - Бінефар [ІСПАНІЯ: Терсера КІФФ - Група 17 Таблиця]
    10' Брага - Ароука [ПОРТУГАЛІЯ: Ліга Португалії Таблиця]
    40' Теунгет - Каса [СЕНЕГАЛ: Ліга 1 Таблиця]
  Found: 0 candidates, 0 new, 29 permanently skipped

Done: 0 analyzed, 0 actionable, 0 TG sent

🔍 Checking 1 possibly finished match(es)...
  ⚽ Індустрія - О Елваш: 0:0 [FT] → ТМ:✅ ТМ:✅ ТБ:❌

🔥 RUN #865: analyzed=0, signals=0
⏳ Next scan in 3m...
[20:12:30] Live scan
  Запуск live-скрапера (після ранкових Telegram, якщо були).
Opening: https://m.flashscore.ua/?s=2 (minute >= 60, 0:0 only)
Provider health [https://m.flashscore.ua/?s=2]: rows=50, 0:0 total=13, candidates=0
  ⏸ 0:0 ще рано (< 60'):
    52' Етуаль Філанте - Мажестік [БУРКІНА-ФАСО: Прем'єр-ліга Таблиця]
    43' Стів Біко - Бомбада [ГАМБІЯ: Ліга ГФА Таблиця]
    43' Тім Райно - Самджер [ГАМБІЯ: Ліга ГФА Таблиця]
    13' Juventud Italiana - Атлетіко ФК [ЕКВАДОР: Кубок Еквадору]
    43' Захо - Аль-Талаба [ІРАК: Ліга зірок Таблиця]
    52' Лорка Депортіва - КД Херес [ІСПАНІЯ: Сегунда КІФФ - Група 4 Таблиця]
    13' Віланова - Мольєрусса [ІСПАНІЯ: Терсера КІФФ - Група 5 Таблиця]
    51' Онтіньєнт 1931 - Сагунтіно [ІСПАНІЯ: Терсера КІФФ - Група 6 Таблиця]
    54' Ліненсе - Кадіс B [ІСПАНІЯ: Терсера КІФФ - Група 10 Таблиця]
    54' Пуеблонуево - Хараїс [ІСПАНІЯ: Терсера КІФФ - Група 14 Таблиця]
    43' Альмудевар - Бінефар [ІСПАНІЯ: Терсера КІФФ - Група 17 Таблиця]
    13' Брага - Ароука [ПОРТУГАЛІЯ: Ліга Португалії Таблиця]
    43' Теунгет - Каса [СЕНЕГАЛ: Ліга 1 Таблиця]
  Found: 0 candidates, 0 new, 29 permanently skipped

Done: 0 analyzed, 0 actionable, 0 TG sent

🔥 RUN #866: analyzed=0, signals=0
⏳ Next scan in 3m...
[20:15:35] Live scan
  Запуск live-скрапера (після ранкових Telegram, якщо були).
Opening: https://m.flashscore.ua/?s=2 (minute >= 60, 0:0 only)
Provider health [https://m.flashscore.ua/?s=2]: rows=50, 0:0 total=13, candidates=0
  ⏸ 0:0 ще рано (< 60'):
    54' Етуаль Філанте - Мажестік [БУРКІНА-ФАСО: Прем'єр-ліга Таблиця]
    45' Стів Біко - Бомбада [ГАМБІЯ: Ліга ГФА Таблиця]
    45' Тім Райно - Самджер [ГАМБІЯ: Ліга ГФА Таблиця]
    15' Juventud Italiana - Атлетіко ФК [ЕКВАДОР: Кубок Еквадору]
    45' Захо - Аль-Талаба [ІРАК: Ліга зірок Таблиця]
    55' Лорка Депортіва - КД Херес [ІСПАНІЯ: Сегунда КІФФ - Група 4 Таблиця]
    15' Віланова - Мольєрусса [ІСПАНІЯ: Терсера КІФФ - Група 5 Таблиця]
    53' Онтіньєнт 1931 - Сагунтіно [ІСПАНІЯ: Терсера КІФФ - Група 6 Таблиця]
    57' Ліненсе - Кадіс B [ІСПАНІЯ: Терсера КІФФ - Група 10 Таблиця]
    56' Пуеблонуево - Хараїс [ІСПАНІЯ: Терсера КІФФ - Група 14 Таблиця]
    45' Альмудевар - Бінефар [ІСПАНІЯ: Терсера КІФФ - Група 17 Таблиця]
    15' Брага - Ароука [ПОРТУГАЛІЯ: Ліга Португалії Таблиця]
    45' Теунгет - Каса [СЕНЕГАЛ: Ліга 1 Таблиця]
  Found: 0 candidates, 0 new, 29 permanently skipped

Done: 0 analyzed, 0 actionable, 0 TG sent

🔥 RUN #867: analyzed=0, signals=0
⏳ Next scan in 3m...
[20:18:38] Live scan
  Запуск live-скрапера (після ранкових Telegram, якщо були).
Opening: https://m.flashscore.ua/?s=2 (minute >= 60, 0:0 only)
Provider health [https://m.flashscore.ua/?s=2]: rows=49, 0:0 total=9, candidates=1
  ⏸ 0:0 ще рано (< 60'):
    18' Juventud Italiana - Атлетіко ФК [ЕКВАДОР: Кубок Еквадору]
    45' Захо - Аль-Талаба [ІРАК: Ліга зірок Таблиця]
    59' Пуеблонуево - Хараїс [ІСПАНІЯ: Терсера КІФФ - Група 14 Таблиця]
    45' Альмудевар - Бінефар [ІСПАНІЯ: Терсера КІФФ - Група 17 Таблиця]
    18' Брага - Ароука [ПОРТУГАЛІЯ: Ліга Португалії Таблиця]
  ✔ 60' Ліненсе - Кадіс B [ІСПАНІЯ: Терсера КІФФ - Група 10 Таблиця] id=fcScDlTk
  Found: 1 candidates, 1 new, 29 permanently skipped

→ Ліненсе - Кадіс B (60') [ІСПАНІЯ: Терсера КІФФ - Група 10 Таблиця]
  Кф 1X2: 2.22 / 3.34 / 2.85
  Desktop: https://www.flashscore.ua/match/soccer/cadiz-xYWUqYqB/linense-xbXS627a/?mid=fcScDlTk
  [stats] fcScDlTk overall: no data-testid (old=0, any=0, body=148137)
  [stats] fcScDlTk secondHalf: no data-testid (old=0, any=0, body=148137)
  [stats] fcScDlTk → unavailable, 0 metrics
  Features: quality=0, primary=0, status=unavailable
  ✗ No stats at all → permanent skip

Done: 0 analyzed, 0 actionable, 0 TG sent

🔥 RUN #868: analyzed=0, signals=0
⏳ Next scan in 3m...
[20:22:18] Live scan
  Запуск live-скрапера (після ранкових Telegram, якщо були).
Opening: https://m.flashscore.ua/?s=2 (minute >= 60, 0:0 only)
Provider health [https://m.flashscore.ua/?s=2]: rows=46, 0:0 total=9, candidates=2
  ⏸ 0:0 ще рано (< 60'):
    23' Juventud Italiana - Атлетіко ФК [ЕКВАДОР: Кубок Еквадору]
    45' Захо - Аль-Талаба [ІРАК: Ліга зірок Таблиця]
    45' Альмудевар - Бінефар [ІСПАНІЯ: Терсера КІФФ - Група 17 Таблиця]
    23' Брага - Ароука [ПОРТУГАЛІЯ: Ліга Португалії Таблиця]
    45' Теунгет - Каса [СЕНЕГАЛ: Ліга 1 Таблиця]
  ✔ 64' Ліненсе - Кадіс B [ІСПАНІЯ: Терсера КІФФ - Група 10 Таблиця] id=fcScDlTk
  ✔ 63' Пуеблонуево - Хараїс [ІСПАНІЯ: Терсера КІФФ - Група 14 Таблиця] id=2ohTtJzf
  Found: 2 candidates, 1 new, 30 permanently skipped

→ Пуеблонуево - Хараїс (63') [ІСПАНІЯ: Терсера КІФФ - Група 14 Таблиця]
  Кф 1X2: 3.79 / 3.72 / 1.76
  Desktop: https://www.flashscore.ua/match/soccer/jaraiz-Yeg7vHn0/pueblonuevo-EDSg00kH/?mid=2ohTtJzf
  [stats] 2ohTtJzf overall: no data-testid (old=0, any=0, body=148195)
  [stats] 2ohTtJzf secondHalf: no data-testid (old=0, any=0, body=148195)
  [stats] 2ohTtJzf → unavailable, 0 metrics
  Features: quality=0, primary=0, status=unavailable
  ✗ No stats at all → permanent skip

Done: 0 analyzed, 0 actionable, 0 TG sent

🔥 RUN #869: analyzed=0, signals=0
Message sent to Telegram
⏳ Next scan in 3m...
[20:25:59] Live scan
  Запуск live-скрапера (після ранкових Telegram, якщо були).
Opening: https://m.flashscore.ua/?s=2 (minute >= 60, 0:0 only)
Provider health [https://m.flashscore.ua/?s=2]: rows=41, 0:0 total=9, candidates=2
  ⏸ 0:0 ще рано (< 60'):
    45' Стів Біко - Бомбада [ГАМБІЯ: Ліга ГФА Таблиця]
    45' Тім Райно - Самджер [ГАМБІЯ: Ліга ГФА Таблиця]
    26' Juventud Italiana - Атлетіко ФК [ЕКВАДОР: Кубок Еквадору]
    45' Захо - Аль-Талаба [ІРАК: Ліга зірок Таблиця]
    45' Альмудевар - Бінефар [ІСПАНІЯ: Терсера КІФФ - Група 17 Таблиця]
    26' Брага - Ароука [ПОРТУГАЛІЯ: Ліга Португалії Таблиця]
    45' Теунгет - Каса [СЕНЕГАЛ: Ліга 1 Таблиця]
  ✔ 67' Ліненсе - Кадіс B [ІСПАНІЯ: Терсера КІФФ - Група 10 Таблиця] id=fcScDlTk
  ✔ 66' Пуеблонуево - Хараїс [ІСПАНІЯ: Терсера КІФФ - Група 14 Таблиця] id=2ohTtJzf
  Found: 2 candidates, 0 new, 31 permanently skipped

Done: 0 analyzed, 0 actionable, 0 TG sent

🔥 RUN #870: analyzed=0, signals=0
⏳ Next scan in 3m...
[20:29:03] Live scan
  Запуск live-скрапера (після ранкових Telegram, якщо були).
Opening: https://m.flashscore.ua/?s=2 (minute >= 60, 0:0 only)
Provider health [https://m.flashscore.ua/?s=2]: rows=38, 0:0 total=9, candidates=2
  ⏸ 0:0 ще рано (< 60'):
    45' Стів Біко - Бомбада [ГАМБІЯ: Ліга ГФА Таблиця]
    45' Тім Райно - Самджер [ГАМБІЯ: Ліга ГФА Таблиця]
    29' Juventud Italiana - Атлетіко ФК [ЕКВАДОР: Кубок Еквадору]
    45' Захо - Аль-Талаба [ІРАК: Ліга зірок Таблиця]
    45' Альмудевар - Бінефар [ІСПАНІЯ: Терсера КІФФ - Група 17 Таблиця]
    29' Брага - Ароука [ПОРТУГАЛІЯ: Ліга Португалії Таблиця]
    45' Теунгет - Каса [СЕНЕГАЛ: Ліга 1 Таблиця]
  ✔ 71' Ліненсе - Кадіс B [ІСПАНІЯ: Терсера КІФФ - Група 10 Таблиця] id=fcScDlTk
  ✔ 70' Пуеблонуево - Хараїс [ІСПАНІЯ: Терсера КІФФ - Група 14 Таблиця] id=2ohTtJzf
  Found: 2 candidates, 0 new, 31 permanently skipped

Done: 0 analyzed, 0 actionable, 0 TG sent

🔥 RUN #871: analyzed=0, signals=0
⏳ Next scan in 3m...
[20:32:07] Live scan
  Запуск live-скрапера (після ранкових Telegram, якщо були).
Opening: https://m.flashscore.ua/?s=2 (minute >= 60, 0:0 only)
Provider health [https://m.flashscore.ua/?s=2]: rows=41, 0:0 total=11, candidates=2
  ⏸ 0:0 ще рано (< 60'):
    45' Стів Біко - Бомбада [ГАМБІЯ: Ліга ГФА Таблиця]
    45' Тім Райно - Самджер [ГАМБІЯ: Ліга ГФА Таблиця]
    33' Juventud Italiana - Атлетіко ФК [ЕКВАДОР: Кубок Еквадору]
    3' Маккабі Тель-Авів - Хапоель Беер-Шева [ІЗРАЇЛЬ: Прем'єр-ліга Таблиця]
    45' Захо - Аль-Талаба [ІРАК: Ліга зірок Таблиця]
    45' Альмудевар - Бінефар [ІСПАНІЯ: Терсера КІФФ - Група 17 Таблиця]
    33' Брага - Ароука [ПОРТУГАЛІЯ: Ліга Португалії Таблиця]
    45' Теунгет - Каса [СЕНЕГАЛ: Ліга 1 Таблиця]
  ✔ 74' Ліненсе - Кадіс B [ІСПАНІЯ: Терсера КІФФ - Група 10 Таблиця] id=fcScDlTk
  ✔ 73' Пуеблонуево - Хараїс [ІСПАНІЯ: Терсера КІФФ - Група 14 Таблиця] id=2ohTtJzf
  Found: 2 candidates, 0 new, 31 permanently skipped

Done: 0 analyzed, 0 actionable, 0 TG sent

🔥 RUN #872: analyzed=0, signals=0
⏳ Next scan in 3m...
[20:35:11] Live scan
  Запуск live-скрапера (після ранкових Telegram, якщо були).
Opening: https://m.flashscore.ua/?s=2 (minute >= 60, 0:0 only)
Provider health [https://m.flashscore.ua/?s=2]: rows=39, 0:0 total=8, candidates=2
  ⏸ 0:0 ще рано (< 60'):
    45' Стів Біко - Бомбада [ГАМБІЯ: Ліга ГФА Таблиця]
    45' Тім Райно - Самджер [ГАМБІЯ: Ліга ГФА Таблиця]
    6' Маккабі Тель-Авів - Хапоель Беер-Шева [ІЗРАЇЛЬ: Прем'єр-ліга Таблиця]
    47' Захо - Аль-Талаба [ІРАК: Ліга зірок Таблиця]
    45' Альмудевар - Бінефар [ІСПАНІЯ: Терсера КІФФ - Група 17 Таблиця]
    45' Теунгет - Каса [СЕНЕГАЛ: Ліга 1 Таблиця]
  ✔ 77' Ліненсе - Кадіс B [ІСПАНІЯ: Терсера КІФФ - Група 10 Таблиця] id=fcScDlTk
  ✔ 76' Пуеблонуево - Хараїс [ІСПАНІЯ: Терсера КІФФ - Група 14 Таблиця] id=2ohTtJzf
  Found: 2 candidates, 0 new, 31 permanently skipped

Done: 0 analyzed, 0 actionable, 0 TG sent

🔥 RUN #873: analyzed=0, signals=0
⏳ Next scan in 3m...
[20:38:15] Live scan
  Запуск live-скрапера (після ранкових Telegram, якщо були).
Opening: https://m.flashscore.ua/?s=2 (minute >= 60, 0:0 only)
Provider health [https://m.flashscore.ua/?s=2]: rows=37, 0:0 total=9, candidates=2
  ⏸ 0:0 ще рано (< 60'):
    45' Стів Біко - Бомбада [ГАМБІЯ: Ліга ГФА Таблиця]
    45' Тім Райно - Самджер [ГАМБІЯ: Ліга ГФА Таблиця]
    9' Маккабі Тель-Авів - Хапоель Беер-Шева [ІЗРАЇЛЬ: Прем'єр-ліга Таблиця]
    50' Захо - Аль-Талаба [ІРАК: Ліга зірок Таблиця]
    49' Альмудевар - Бінефар [ІСПАНІЯ: Терсера КІФФ - Група 17 Таблиця]
    39' Брага - Ароука [ПОРТУГАЛІЯ: Ліга Португалії Таблиця]
    48' Теунгет - Каса [СЕНЕГАЛ: Ліга 1 Таблиця]
  ✔ 80' Ліненсе - Кадіс B [ІСПАНІЯ: Терсера КІФФ - Група 10 Таблиця] id=fcScDlTk
  ✔ 79' Пуеблонуево - Хараїс [ІСПАНІЯ: Терсера КІФФ - Група 14 Таблиця] id=2ohTtJzf
  Found: 2 candidates, 0 new, 31 permanently skipped

Done: 0 analyzed, 0 actionable, 0 TG sent

🔥 RUN #874: analyzed=0, signals=0
⏳ Next scan in 3m...
[20:41:19] Live scan
  Запуск live-скрапера (після ранкових Telegram, якщо були).
Opening: https://m.flashscore.ua/?s=2 (minute >= 60, 0:0 only)
Provider health [https://m.flashscore.ua/?s=2]: rows=35, 0:0 total=8, candidates=2
  ⏸ 0:0 ще рано (< 60'):
    48' Стів Біко - Бомбада [ГАМБІЯ: Ліга ГФА Таблиця]
    47' Тім Райно - Самджер [ГАМБІЯ: Ліга ГФА Таблиця]
    12' Маккабі Тель-Авів - Хапоель Беер-Шева [ІЗРАЇЛЬ: Прем'єр-ліга Таблиця]
    53' Захо - Аль-Талаба [ІРАК: Ліга зірок Таблиця]
    42' Брага - Ароука [ПОРТУГАЛІЯ: Ліга Португалії Таблиця]
    51' Теунгет - Каса [СЕНЕГАЛ: Ліга 1 Таблиця]
  ✔ 83' Ліненсе - Кадіс B [ІСПАНІЯ: Терсера КІФФ - Група 10 Таблиця] id=fcScDlTk
  ✔ 83' Пуеблонуево - Хараїс [ІСПАНІЯ: Терсера КІФФ - Група 14 Таблиця] id=2ohTtJzf
  Found: 2 candidates, 0 new, 31 permanently skipped

Done: 0 analyzed, 0 actionable, 0 TG sent

🔥 RUN #875: analyzed=0, signals=0
⏳ Next scan in 3m...
[20:44:23] Live scan
  Запуск live-скрапера (після ранкових Telegram, якщо були).
Opening: https://m.flashscore.ua/?s=2 (minute >= 60, 0:0 only)
Provider health [https://m.flashscore.ua/?s=2]: rows=35, 0:0 total=8, candidates=2
  ⏸ 0:0 ще рано (< 60'):
    51' Стів Біко - Бомбада [ГАМБІЯ: Ліга ГФА Таблиця]
    50' Тім Райно - Самджер [ГАМБІЯ: Ліга ГФА Таблиця]
    15' Маккабі Тель-Авів - Хапоель Беер-Шева [ІЗРАЇЛЬ: Прем'єр-ліга Таблиця]
    56' Захо - Аль-Талаба [ІРАК: Ліга зірок Таблиця]
    45' Брага - Ароука [ПОРТУГАЛІЯ: Ліга Португалії Таблиця]
    54' Теунгет - Каса [СЕНЕГАЛ: Ліга 1 Таблиця]
  ✔ 86' Ліненсе - Кадіс B [ІСПАНІЯ: Терсера КІФФ - Група 10 Таблиця] id=fcScDlTk
  ✔ 86' Пуеблонуево - Хараїс [ІСПАНІЯ: Терсера КІФФ - Група 14 Таблиця] id=2ohTtJzf
  Found: 2 candidates, 0 new, 31 permanently skipped

Done: 0 analyzed, 0 actionable, 0 TG sent

🔥 RUN #876: analyzed=0, signals=0
⏳ Next scan in 3m...
[20:47:27] Live scan
  Запуск live-скрапера (після ранкових Telegram, якщо були).
Opening: https://m.flashscore.ua/?s=2 (minute >= 60, 0:0 only)
Provider health [https://m.flashscore.ua/?s=2]: rows=35, 0:0 total=8, candidates=2
  ⏸ 0:0 ще рано (< 60'):
    53' Стів Біко - Бомбада [ГАМБІЯ: Ліга ГФА Таблиця]
    52' Тім Райно - Самджер [ГАМБІЯ: Ліга ГФА Таблиця]
    18' Маккабі Тель-Авів - Хапоель Беер-Шева [ІЗРАЇЛЬ: Прем'єр-ліга Таблиця]
    59' Захо - Аль-Талаба [ІРАК: Ліга зірок Таблиця]
    57' Теунгет - Каса [СЕНЕГАЛ: Ліга 1 Таблиця]
  ✔ 89' Ліненсе - Кадіс B [ІСПАНІЯ: Терсера КІФФ - Група 10 Таблиця] id=fcScDlTk
  ✔ 88' Пуеблонуево - Хараїс [ІСПАНІЯ: Терсера КІФФ - Група 14 Таблиця] id=2ohTtJzf
  Found: 2 candidates, 0 new, 31 permanently skipped

Done: 0 analyzed, 0 actionable, 0 TG sent

🔥 RUN #877: analyzed=0, signals=0
⏳ Next scan in 3m...
[20:50:31] Live scan
  Запуск live-скрапера (після ранкових Telegram, якщо були).
Opening: https://m.flashscore.ua/?s=2 (minute >= 60, 0:0 only)
Provider health [https://m.flashscore.ua/?s=2]: rows=35, 0:0 total=7, candidates=1
  ⏸ 0:0 ще рано (< 60'):
    57' Стів Біко - Бомбада [ГАМБІЯ: Ліга ГФА Таблиця]
    56' Тім Райно - Самджер [ГАМБІЯ: Ліга ГФА Таблиця]
    21' Маккабі Тель-Авів - Хапоель Беер-Шева [ІЗРАЇЛЬ: Прем'єр-ліга Таблиця]
    45' Брага - Ароука [ПОРТУГАЛІЯ: Ліга Португалії Таблиця]
  ✔ 60' Теунгет - Каса [СЕНЕГАЛ: Ліга 1 Таблиця] id=W2WeqO7t
  Found: 1 candidates, 1 new, 31 permanently skipped

→ Теунгет - Каса (60') [СЕНЕГАЛ: Ліга 1 Таблиця]
  Кф 1X2: 2.39 / 2.73 / 3.53
  Desktop: https://www.flashscore.ua/match/soccer/casa-x8Kog2Fg/teungueth-pCgylWda/?mid=W2WeqO7t
  [stats] W2WeqO7t overall: no data-testid (old=0, any=0, body=148140)
  [stats] W2WeqO7t secondHalf: no data-testid (old=0, any=0, body=148140)
  [stats] W2WeqO7t → unavailable, 0 metrics
  Features: quality=0, primary=0, status=unavailable
  ✗ No stats at all → permanent skip

Done: 0 analyzed, 0 actionable, 0 TG sent

🔥 RUN #878: analyzed=0, signals=0
⏳ Next scan in 3m...
[20:54:12] Live scan
  Запуск live-скрапера (після ранкових Telegram, якщо були).
Opening: https://m.flashscore.ua/?s=2 (minute >= 60, 0:0 only)
Provider health [https://m.flashscore.ua/?s=2]: rows=29, 0:0 total=7, candidates=2
  ⏸ 0:0 ще рано (< 60'):
    59' Тім Райно - Самджер [ГАМБІЯ: Ліга ГФА Таблиця]
    24' Маккабі Тель-Авів - Хапоель Беер-Шева [ІЗРАЇЛЬ: Прем'єр-ліга Таблиця]
    45' Брага - Ароука [ПОРТУГАЛІЯ: Ліга Португалії Таблиця]
  ✔ 60' Стів Біко - Бомбада [ГАМБІЯ: Ліга ГФА Таблиця] id=fwqrzcMc
  ✔ 64' Теунгет - Каса [СЕНЕГАЛ: Ліга 1 Таблиця] id=W2WeqO7t
  Found: 2 candidates, 1 new, 32 permanently skipped

→ Стів Біко - Бомбада (60') [ГАМБІЯ: Ліга ГФА Таблиця]
  Кф 1X2: 2.9 / 2.28 / 3.37
  Desktop: https://www.flashscore.ua/match/soccer/bombada-IHcr3T95/steve-biko-4bh0n8Xm/?mid=fwqrzcMc
  [stats] fwqrzcMc overall: no data-testid (old=0, any=0, body=148183)
  [stats] fwqrzcMc secondHalf: no data-testid (old=0, any=0, body=148181)
  [stats] fwqrzcMc → unavailable, 0 metrics
  [incidents] fwqrzcMc: 1H + 0A red cards
  Features: quality=0, primary=0, status=unavailable | redCards=1H+0A
  ✗ No stats at all → permanent skip

Done: 0 analyzed, 0 actionable, 0 TG sent

🔥 RUN #879: analyzed=0, signals=0
⏳ Next scan in 3m...
[20:57:53] Live scan
  Запуск live-скрапера (після ранкових Telegram, якщо були).
Opening: https://m.flashscore.ua/?s=2 (minute >= 60, 0:0 only)
Provider health [https://m.flashscore.ua/?s=2]: rows=21, 0:0 total=4, candidates=2
  ⏸ 0:0 ще рано (< 60'):
    28' Маккабі Тель-Авів - Хапоель Беер-Шева [ІЗРАЇЛЬ: Прем'єр-ліга Таблиця]
    45' Брага - Ароука [ПОРТУГАЛІЯ: Ліга Португалії Таблиця]
  ✔ 63' Тім Райно - Самджер [ГАМБІЯ: Ліга ГФА Таблиця] id=80kbWELM
  ✔ 67' Теунгет - Каса [СЕНЕГАЛ: Ліга 1 Таблиця] id=W2WeqO7t
  Found: 2 candidates, 1 new, 33 permanently skipped

→ Тім Райно - Самджер (63') [ГАМБІЯ: Ліга ГФА Таблиця]
  Кф 1X2: 2.14 / 2.86 / 3.78
  Desktop: https://www.flashscore.ua/match/soccer/samger-baQS4GmF/team-rhino-WdG1ZDao/?mid=80kbWELM
  [stats] 80kbWELM overall: no data-testid (old=0, any=0, body=148164)
  [stats] 80kbWELM secondHalf: no data-testid (old=0, any=0, body=148164)
  [stats] 80kbWELM → unavailable, 0 metrics
  Features: quality=0, primary=0, status=unavailable
  ✗ No stats at all → permanent skip

Done: 0 analyzed, 0 actionable, 0 TG sent

🔥 RUN #880: analyzed=0, signals=0
⏳ Next scan in 3m...
[21:01:33] Live scan
  Запуск live-скрапера (після ранкових Telegram, якщо були).
Opening: https://m.flashscore.ua/?s=2 (minute >= 60, 0:0 only)
Provider health [https://m.flashscore.ua/?s=2]: rows=22, 0:0 total=7, candidates=2
  ⏸ 0:0 ще рано (< 60'):
    45' Брага - Ароука [ПОРТУГАЛІЯ: Ліга Португалії Таблиця]
  ✔ 67' Тім Райно - Самджер [ГАМБІЯ: Ліга ГФА Таблиця] id=80kbWELM
  ✔ 71' Теунгет - Каса [СЕНЕГАЛ: Ліга 1 Таблиця] id=W2WeqO7t
  Found: 2 candidates, 0 new, 34 permanently skipped

Done: 0 analyzed, 0 actionable, 0 TG sent

🔥 RUN #881: analyzed=0, signals=0
⏳ Next scan in 3m...
[21:04:37] Live scan
  Запуск live-скрапера (після ранкових Telegram, якщо були).
Opening: https://m.flashscore.ua/?s=2 (minute >= 60, 0:0 only)
Provider health [https://m.flashscore.ua/?s=2]: rows=29, 0:0 total=10, candidates=2
  ⏸ 0:0 ще рано (< 60'):
    5' Платенсе - Хімнасія Мендоса [АРГЕНТИНА: Прімера - Апертура Таблиця]
    5' Дефенсорес де Бельграно - Сьюдад Болівар [АРГЕНТИНА: Прімера Насьйональ Таблиця]
    5' Темперлей - Кільмес [АРГЕНТИНА: Прімера Насьйональ Таблиця]
    5' Чакаріта Хуніорс - Хімнасія і Тіро [АРГЕНТИНА: Прімера Насьйональ Таблиця]
    5' Депортіво Куенка - Індепендьєнте дель Вальє [ЕКВАДОР: Ліга Про Таблиця]
    45' Брага - Ароука [ПОРТУГАЛІЯ: Ліга Португалії Таблиця]
  ✔ 70' Тім Райно - Самджер [ГАМБІЯ: Ліга ГФА Таблиця] id=80kbWELM
  ✔ 75' Теунгет - Каса [СЕНЕГАЛ: Ліга 1 Таблиця] id=W2WeqO7t
  Found: 2 candidates, 0 new, 34 permanently skipped

Done: 0 analyzed, 0 actionable, 0 TG sent

🔥 RUN #882: analyzed=0, signals=0
⏳ Next scan in 3m...
[21:07:41] Live scan
  Запуск live-скрапера (після ранкових Telegram, якщо були).
Opening: https://m.flashscore.ua/?s=2 (minute >= 60, 0:0 only)
Provider health [https://m.flashscore.ua/?s=2]: rows=28, 0:0 total=10, candidates=2
  ⏸ 0:0 ще рано (< 60'):
    8' Платенсе - Хімнасія Мендоса [АРГЕНТИНА: Прімера - Апертура Таблиця]
    8' Дефенсорес де Бельграно - Сьюдад Болівар [АРГЕНТИНА: Прімера Насьйональ Таблиця]
    8' Темперлей - Кільмес [АРГЕНТИНА: Прімера Насьйональ Таблиця]
    8' Ферро - КА Естудіантес [АРГЕНТИНА: Прімера Насьйональ Таблиця]
    8' Чакаріта Хуніорс - Хімнасія і Тіро [АРГЕНТИНА: Прімера Насьйональ Таблиця]
    8' Депортіво Куенка - Індепендьєнте дель Вальє [ЕКВАДОР: Ліга Про Таблиця]
    45' Брага - Ароука [ПОРТУГАЛІЯ: Ліга Португалії Таблиця]
  ✔ 73' Тім Райно - Самджер [ГАМБІЯ: Ліга ГФА Таблиця] id=80kbWELM
  ✔ 78' Теунгет - Каса [СЕНЕГАЛ: Ліга 1 Таблиця] id=W2WeqO7t
  Found: 2 candidates, 0 new, 34 permanently skipped

Done: 0 analyzed, 0 actionable, 0 TG sent

🔥 RUN #883: analyzed=0, signals=0
⏳ Next scan in 3m...
[21:10:46] Live scan
  Запуск live-скрапера (після ранкових Telegram, якщо були).
Opening: https://m.flashscore.ua/?s=2 (minute >= 60, 0:0 only)
Provider health [https://m.flashscore.ua/?s=2]: rows=27, 0:0 total=10, candidates=2
  ⏸ 0:0 ще рано (< 60'):
    10' Платенсе - Хімнасія Мендоса [АРГЕНТИНА: Прімера - Апертура Таблиця]
    10' Дефенсорес де Бельграно - Сьюдад Болівар [АРГЕНТИНА: Прімера Насьйональ Таблиця]
    10' Темперлей - Кільмес [АРГЕНТИНА: Прімера Насьйональ Таблиця]
    10' Ферро - КА Естудіантес [АРГЕНТИНА: Прімера Насьйональ Таблиця]
    10' Чакаріта Хуніорс - Хімнасія і Тіро [АРГЕНТИНА: Прімера Насьйональ Таблиця]
    10' Депортіво Куенка - Індепендьєнте дель Вальє [ЕКВАДОР: Ліга Про Таблиця]
    47' Брага - Ароука [ПОРТУГАЛІЯ: Ліга Португалії Таблиця]
  ✔ 75' Тім Райно - Самджер [ГАМБІЯ: Ліга ГФА Таблиця] id=80kbWELM
  ✔ 80' Теунгет - Каса [СЕНЕГАЛ: Ліга 1 Таблиця] id=W2WeqO7t
  Found: 2 candidates, 0 new, 34 permanently skipped

Done: 0 analyzed, 0 actionable, 0 TG sent

🔥 RUN #884: analyzed=0, signals=0
⏳ Next scan in 3m...
[21:13:49] Live scan
  Запуск live-скрапера (після ранкових Telegram, якщо були).
Opening: https://m.flashscore.ua/?s=2 (minute >= 60, 0:0 only)
Provider health [https://m.flashscore.ua/?s=2]: rows=26, 0:0 total=9, candidates=2
  ⏸ 0:0 ще рано (< 60'):
    14' Платенсе - Хімнасія Мендоса [АРГЕНТИНА: Прімера - Апертура Таблиця]
    14' Дефенсорес де Бельграно - Сьюдад Болівар [АРГЕНТИНА: Прімера Насьйональ Таблиця]
    14' Темперлей - Кільмес [АРГЕНТИНА: Прімера Насьйональ Таблиця]
    14' Ферро - КА Естудіантес [АРГЕНТИНА: Прімера Насьйональ Таблиця]
    14' Чакаріта Хуніорс - Хімнасія і Тіро [АРГЕНТИНА: Прімера Насьйональ Таблиця]
    14' Депортіво Куенка - Індепендьєнте дель Вальє [ЕКВАДОР: Ліга Про Таблиця]
    50' Брага - Ароука [ПОРТУГАЛІЯ: Ліга Португалії Таблиця]
  ✔ 79' Тім Райно - Самджер [ГАМБІЯ: Ліга ГФА Таблиця] id=80kbWELM
  ✔ 83' Теунгет - Каса [СЕНЕГАЛ: Ліга 1 Таблиця] id=W2WeqO7t
  Found: 2 candidates, 0 new, 34 permanently skipped

Done: 0 analyzed, 0 actionable, 0 TG sent

🔥 RUN #885: analyzed=0, signals=0
⏳ Next scan in 3m...
[21:16:54] Live scan
  Запуск live-скрапера (після ранкових Telegram, якщо були).
Opening: https://m.flashscore.ua/?s=2 (minute >= 60, 0:0 only)
Provider health [https://m.flashscore.ua/?s=2]: rows=26, 0:0 total=8, candidates=2
  ⏸ 0:0 ще рано (< 60'):
    17' Дефенсорес де Бельграно - Сьюдад Болівар [АРГЕНТИНА: Прімера Насьйональ Таблиця]
    17' Темперлей - Кільмес [АРГЕНТИНА: Прімера Насьйональ Таблиця]
    17' Чакаріта Хуніорс - Хімнасія і Тіро [АРГЕНТИНА: Прімера Насьйональ Таблиця]
    2' СК Сентрал - Америка Натал [БРАЗИЛІЯ: Серія D Таблиця]
    17' Депортіво Куенка - Індепендьєнте дель Вальє [ЕКВАДОР: Ліга Про Таблиця]
    53' Брага - Ароука [ПОРТУГАЛІЯ: Ліга Португалії Таблиця]
  ✔ 82' Тім Райно - Самджер [ГАМБІЯ: Ліга ГФА Таблиця] id=80kbWELM
  ✔ 86' Теунгет - Каса [СЕНЕГАЛ: Ліга 1 Таблиця] id=W2WeqO7t
  Found: 2 candidates, 0 new, 34 permanently skipped

Done: 0 analyzed, 0 actionable, 0 TG sent

🔥 RUN #886: analyzed=0, signals=0
⏳ Next scan in 3m...
[21:19:58] Live scan
  Запуск live-скрапера (після ранкових Telegram, якщо були).
Opening: https://m.flashscore.ua/?s=2 (minute >= 60, 0:0 only)
Provider health [https://m.flashscore.ua/?s=2]: rows=26, 0:0 total=7, candidates=2
  ⏸ 0:0 ще рано (< 60'):
    21' Дефенсорес де Бельграно - Сьюдад Болівар [АРГЕНТИНА: Прімера Насьйональ Таблиця]
    21' Чакаріта Хуніорс - Хімнасія і Тіро [АРГЕНТИНА: Прімера Насьйональ Таблиця]
    6' СК Сентрал - Америка Натал [БРАЗИЛІЯ: Серія D Таблиця]
    21' Депортіво Куенка - Індепендьєнте дель Вальє [ЕКВАДОР: Ліга Про Таблиця]
    57' Брага - Ароука [ПОРТУГАЛІЯ: Ліга Португалії Таблиця]
  ✔ 85' Тім Райно - Самджер [ГАМБІЯ: Ліга ГФА Таблиця] id=80kbWELM
  ✔ 90' Теунгет - Каса [СЕНЕГАЛ: Ліга 1 Таблиця] id=W2WeqO7t
  Found: 2 candidates, 0 new, 34 permanently skipped

Done: 0 analyzed, 0 actionable, 0 TG sent

🔥 RUN #887: analyzed=0, signals=0
⏳ Next scan in 3m...
[21:23:02] Live scan
  Запуск live-скрапера (після ранкових Telegram, якщо були).
Opening: https://m.flashscore.ua/?s=2 (minute >= 60, 0:0 only)
Provider health [https://m.flashscore.ua/?s=2]: rows=25, 0:0 total=6, candidates=1
  ⏸ 0:0 ще рано (< 60'):
    24' Дефенсорес де Бельграно - Сьюдад Болівар [АРГЕНТИНА: Прімера Насьйональ Таблиця]
    24' Чакаріта Хуніорс - Хімнасія і Тіро [АРГЕНТИНА: Прімера Насьйональ Таблиця]
    9' СК Сентрал - Америка Натал [БРАЗИЛІЯ: Серія D Таблиця]
    24' Депортіво Куенка - Індепендьєнте дель Вальє [ЕКВАДОР: Ліга Про Таблиця]
  ✔ 60' Брага - Ароука [ПОРТУГАЛІЯ: Ліга Португалії Таблиця] id=OAN8KWYQ
  Found: 1 candidates, 1 new, 34 permanently skipped

→ Брага - Ароука (60') [ПОРТУГАЛІЯ: Ліга Португалії Таблиця]
  Кф 1X2: 1.5 / 4.36 / 7.27
  Desktop: https://www.flashscore.ua/match/soccer/arouca-fJqfm7CG/braga-dpUer7ht/?mid=OAN8KWYQ
  [stats] OAN8KWYQ → both, 32 metrics
  Features: quality=1, primary=6, status=both
  Score (windowed): pGoal=0.313, pDry=0.687 | 60-70 → UNDER_0_5 [TG]
Message sent to Telegram
  ✓ Telegram sent

Done: 1 analyzed, 1 actionable, 1 TG sent
📌 Tracking 1 active prediction(s)

🔥 RUN #888: analyzed=1, signals=1
Message sent to Telegram
⏳ Next scan in 3m...
[21:26:16] Live scan
  Запуск live-скрапера (після ранкових Telegram, якщо були).
Opening: https://m.flashscore.ua/?s=2 (minute >= 60, 0:0 only)
Provider health [https://m.flashscore.ua/?s=2]: rows=23, 0:0 total=4, candidates=1
  ⏸ 0:0 ще рано (< 60'):
    27' Дефенсорес де Бельграно - Сьюдад Болівар [АРГЕНТИНА: Прімера Насьйональ Таблиця]
    12' СК Сентрал - Америка Натал [БРАЗИЛІЯ: Серія D Таблиця]
  ✔ 63' Брага - Ароука [ПОРТУГАЛІЯ: Ліга Португалії Таблиця] id=OAN8KWYQ
  Found: 1 candidates, 1 new, 34 permanently skipped

→ Брага - Ароука (63') [ПОРТУГАЛІЯ: Ліга Португалії Таблиця]
  Кф 1X2: 1.5 / 4.36 / 7.27
  Desktop: https://www.flashscore.ua/match/soccer/arouca-fJqfm7CG/braga-dpUer7ht/?mid=OAN8KWYQ
  [stats] OAN8KWYQ → both, 32 metrics
  Features: quality=1, primary=6, status=both
  Score (windowed): pGoal=0.445, pDry=0.555 | 60-70 → UNDER_0_5 [TG]
  ↻ Re-analysis done (no change)

Done: 1 analyzed, 1 actionable, 0 TG sent
📌 Tracking 1 active prediction(s)

🔥 RUN #889: analyzed=1, signals=0
⏳ Next scan in 3m...
[21:29:30] Live scan
  Запуск live-скрапера (після ранкових Telegram, якщо були).
Opening: https://m.flashscore.ua/?s=2 (minute >= 60, 0:0 only)
Provider health [https://m.flashscore.ua/?s=2]: rows=22, 0:0 total=4, candidates=1
  ⏸ 0:0 ще рано (< 60'):
    30' Дефенсорес де Бельграно - Сьюдад Болівар [АРГЕНТИНА: Прімера Насьйональ Таблиця]
    15' СК Сентрал - Америка Натал [БРАЗИЛІЯ: Серія D Таблиця]
  ✔ 66' Брага - Ароука [ПОРТУГАЛІЯ: Ліга Португалії Таблиця] id=OAN8KWYQ
  Found: 1 candidates, 1 new, 34 permanently skipped

→ Брага - Ароука (66') [ПОРТУГАЛІЯ: Ліга Португалії Таблиця]
  Кф 1X2: 1.5 / 4.36 / 7.27
  Desktop: https://www.flashscore.ua/match/soccer/arouca-fJqfm7CG/braga-dpUer7ht/?mid=OAN8KWYQ
  [stats] OAN8KWYQ → both, 32 metrics
  Features: quality=1, primary=6, status=both
  Score (windowed): pGoal=0.468, pDry=0.532 | 60-70 → SKIP

Done: 1 analyzed, 0 actionable, 0 TG sent
📌 Tracking 1 active prediction(s)

🔥 RUN #890: analyzed=1, signals=0
⏳ Next scan in 3m...
[21:32:42] Live scan
  Запуск live-скрапера (після ранкових Telegram, якщо були).
Opening: https://m.flashscore.ua/?s=2 (minute >= 60, 0:0 only)
Provider health [https://m.flashscore.ua/?s=2]: rows=18, 0:0 total=3, candidates=0
  ⏸ 0:0 ще рано (< 60'):
    33' Дефенсорес де Бельграно - Сьюдад Болівар [АРГЕНТИНА: Прімера Насьйональ Таблиця]
    18' СК Сентрал - Америка Натал [БРАЗИЛІЯ: Серія D Таблиця]
    3' Блуменау - Бразіл ді Пелотас [БРАЗИЛІЯ: Серія D Таблиця]
  Found: 0 candidates, 0 new, 34 permanently skipped

Done: 0 analyzed, 0 actionable, 0 TG sent

🔍 Checking 1 possibly finished match(es)...
  ⚽ Брага - Ароука: 1:0 [GOAL→resolved] → ТМ:❌
Message sent to Telegram
  ✓ Telegram result sent (1:0 (ще триває, гол вирішив))

🔥 RUN #891: analyzed=0, signals=0
⏳ Next scan in 3m...
[21:35:49] Live scan
  Запуск live-скрапера (після ранкових Telegram, якщо були).
Opening: https://m.flashscore.ua/?s=2 (minute >= 60, 0:0 only)
Provider health [https://m.flashscore.ua/?s=2]: rows=18, 0:0 total=4, candidates=0
  ⏸ 0:0 ще рано (< 60'):
    36' Дефенсорес де Бельграно - Сьюдад Болівар [АРГЕНТИНА: Прімера Насьйональ Таблиця]
    6' Хувентуд УУ - Депортіво Рінкон [АРГЕНТИНА: Торнео Федераль Таблиця]
    21' СК Сентрал - Америка Натал [БРАЗИЛІЯ: Серія D Таблиця]
    6' Блуменау - Бразіл ді Пелотас [БРАЗИЛІЯ: Серія D Таблиця]
  Found: 0 candidates, 0 new, 34 permanently skipped

Done: 0 analyzed, 0 actionable, 0 TG sent

🔥 RUN #892: analyzed=0, signals=0
⏳ Next scan in 3m...
[21:38:53] Live scan
  Запуск live-скрапера (після ранкових Telegram, якщо були).
Opening: https://m.flashscore.ua/?s=2 (minute >= 60, 0:0 only)
Provider health [https://m.flashscore.ua/?s=2]: rows=20, 0:0 total=7, candidates=0
  ⏸ 0:0 ще рано (< 60'):
    39' Дефенсорес де Бельграно - Сьюдад Болівар [АРГЕНТИНА: Прімера Насьйональ Таблиця]
    9' Хувентуд УУ - Депортіво Рінкон [АРГЕНТИНА: Торнео Федераль Таблиця]
    9' Чіполетті - Коста Брава [АРГЕНТИНА: Торнео Федераль Таблиця]
    9' Клейпоул - Спортіво Барракас [АРГЕНТИНА: Прімера С Таблиця]
    9' Пуерто Нуево - Хувентуд Уніда С.-М. [АРГЕНТИНА: Прімера С Таблиця]
    24' СК Сентрал - Америка Натал [БРАЗИЛІЯ: Серія D Таблиця]
    9' Блуменау - Бразіл ді Пелотас [БРАЗИЛІЯ: Серія D Таблиця]
  Found: 0 candidates, 0 new, 34 permanently skipped

Done: 0 analyzed, 0 actionable, 0 TG sent

🔥 RUN #893: analyzed=0, signals=0
⏳ Next scan in 3m...
[21:41:57] Live scan
  Запуск live-скрапера (після ранкових Telegram, якщо були).
Opening: https://m.flashscore.ua/?s=2 (minute >= 60, 0:0 only)
Provider health [https://m.flashscore.ua/?s=2]: rows=18, 0:0 total=7, candidates=0
  ⏸ 0:0 ще рано (< 60'):
    42' Дефенсорес де Бельграно - Сьюдад Болівар [АРГЕНТИНА: Прімера Насьйональ Таблиця]
    12' Олімпо Баїя-Бланка - Соль де Майо [АРГЕНТИНА: Торнео Федераль Таблиця]
    12' Хувентуд УУ - Депортіво Рінкон [АРГЕНТИНА: Торнео Федераль Таблиця]
    12' Клейпоул - Спортіво Барракас [АРГЕНТИНА: Прімера С Таблиця]
    12' Пуерто Нуево - Хувентуд Уніда С.-М. [АРГЕНТИНА: Прімера С Таблиця]
    27' СК Сентрал - Америка Натал [БРАЗИЛІЯ: Серія D Таблиця]
    12' Блуменау - Бразіл ді Пелотас [БРАЗИЛІЯ: Серія D Таблиця]
  Found: 0 candidates, 0 new, 34 permanently skipped

Done: 0 analyzed, 0 actionable, 0 TG sent

🔥 RUN #894: analyzed=0, signals=0
⏳ Next scan in 3m...
[21:45:01] Live scan
  Запуск live-скрапера (після ранкових Telegram, якщо були).
Opening: https://m.flashscore.ua/?s=2 (minute >= 60, 0:0 only)
Provider health [https://m.flashscore.ua/?s=2]: rows=18, 0:0 total=7, candidates=0
  ⏸ 0:0 ще рано (< 60'):
    16' Олімпо Баїя-Бланка - Соль де Майо [АРГЕНТИНА: Торнео Федераль Таблиця]
    16' Хувентуд УУ - Депортіво Рінкон [АРГЕНТИНА: Торнео Федераль Таблиця]
    16' Клейпоул - Спортіво Барракас [АРГЕНТИНА: Прімера С Таблиця]
    16' Пуерто Нуево - Хувентуд Уніда С.-М. [АРГЕНТИНА: Прімера С Таблиця]
    31' СК Сентрал - Америка Натал [БРАЗИЛІЯ: Серія D Таблиця]
    16' Блуменау - Бразіл ді Пелотас [БРАЗИЛІЯ: Серія D Таблиця]
  Found: 0 candidates, 0 new, 34 permanently skipped

Done: 0 analyzed, 0 actionable, 0 TG sent

🔥 RUN #895: analyzed=0, signals=0
⏳ Next scan in 3m...
[21:48:05] Live scan
  Запуск live-скрапера (після ранкових Telegram, якщо були).
Opening: https://m.flashscore.ua/?s=2 (minute >= 60, 0:0 only)
Provider health [https://m.flashscore.ua/?s=2]: rows=18, 0:0 total=7, candidates=0
  ⏸ 0:0 ще рано (< 60'):
    19' Олімпо Баїя-Бланка - Соль де Майо [АРГЕНТИНА: Торнео Федераль Таблиця]
    19' Хувентуд УУ - Депортіво Рінкон [АРГЕНТИНА: Торнео Федераль Таблиця]
    19' Клейпоул - Спортіво Барракас [АРГЕНТИНА: Прімера С Таблиця]
    19' Пуерто Нуево - Хувентуд Уніда С.-М. [АРГЕНТИНА: Прімера С Таблиця]
    34' СК Сентрал - Америка Натал [БРАЗИЛІЯ: Серія D Таблиця]
    19' Блуменау - Бразіл ді Пелотас [БРАЗИЛІЯ: Серія D Таблиця]
  Found: 0 candidates, 0 new, 34 permanently skipped

Done: 0 analyzed, 0 actionable, 0 TG sent

🔥 RUN #896: analyzed=0, signals=0
⏳ Next scan in 3m...
[21:51:09] Live scan
  Запуск live-скрапера (після ранкових Telegram, якщо були).
Opening: https://m.flashscore.ua/?s=2 (minute >= 60, 0:0 only)
Provider health [https://m.flashscore.ua/?s=2]: rows=18, 0:0 total=7, candidates=0
  ⏸ 0:0 ще рано (< 60'):
    45' Дефенсорес де Бельграно - Сьюдад Болівар [АРГЕНТИНА: Прімера Насьйональ Таблиця]
    21' Олімпо Баїя-Бланка - Соль де Майо [АРГЕНТИНА: Торнео Федераль Таблиця]
    21' Хувентуд УУ - Депортіво Рінкон [АРГЕНТИНА: Торнео Федераль Таблиця]
    21' Клейпоул - Спортіво Барракас [АРГЕНТИНА: Прімера С Таблиця]
    21' Пуерто Нуево - Хувентуд Уніда С.-М. [АРГЕНТИНА: Прімера С Таблиця]
    36' СК Сентрал - Америка Натал [БРАЗИЛІЯ: Серія D Таблиця]
    21' Блуменау - Бразіл ді Пелотас [БРАЗИЛІЯ: Серія D Таблиця]
  Found: 0 candidates, 0 new, 34 permanently skipped

Done: 0 analyzed, 0 actionable, 0 TG sent

🔥 RUN #897: analyzed=0, signals=0
⏳ Next scan in 3m...
[21:54:13] Live scan
  Запуск live-скрапера (після ранкових Telegram, якщо були).
Opening: https://m.flashscore.ua/?s=2 (minute >= 60, 0:0 only)
Provider health [https://m.flashscore.ua/?s=2]: rows=16, 0:0 total=6, candidates=0
  ⏸ 0:0 ще рано (< 60'):
    45' Дефенсорес де Бельграно - Сьюдад Болівар [АРГЕНТИНА: Прімера Насьйональ Таблиця]
    24' Олімпо Баїя-Бланка - Соль де Майо [АРГЕНТИНА: Торнео Федераль Таблиця]
    24' Хувентуд УУ - Депортіво Рінкон [АРГЕНТИНА: Торнео Федераль Таблиця]
    24' Клейпоул - Спортіво Барракас [АРГЕНТИНА: Прімера С Таблиця]
    24' Пуерто Нуево - Хувентуд Уніда С.-М. [АРГЕНТИНА: Прімера С Таблиця]
    39' СК Сентрал - Америка Натал [БРАЗИЛІЯ: Серія D Таблиця]
  Found: 0 candidates, 0 new, 34 permanently skipped

Done: 0 analyzed, 0 actionable, 0 TG sent

🔥 RUN #898: analyzed=0, signals=0
⏳ Next scan in 3m...
[21:57:17] Live scan
  Запуск live-скрапера (після ранкових Telegram, якщо були).
Opening: https://m.flashscore.ua/?s=2 (minute >= 60, 0:0 only)
Provider health [https://m.flashscore.ua/?s=2]: rows=13, 0:0 total=6, candidates=0
  ⏸ 0:0 ще рано (< 60'):
    45' Дефенсорес де Бельграно - Сьюдад Болівар [АРГЕНТИНА: Прімера Насьйональ Таблиця]
    27' Олімпо Баїя-Бланка - Соль де Майо [АРГЕНТИНА: Торнео Федераль Таблиця]
    27' Хувентуд УУ - Депортіво Рінкон [АРГЕНТИНА: Торнео Федераль Таблиця]
    27' Клейпоул - Спортіво Барракас [АРГЕНТИНА: Прімера С Таблиця]
    27' Пуерто Нуево - Хувентуд Уніда С.-М. [АРГЕНТИНА: Прімера С Таблиця]
    42' СК Сентрал - Америка Натал [БРАЗИЛІЯ: Серія D Таблиця]
  Found: 0 candidates, 0 new, 34 permanently skipped

Done: 0 analyzed, 0 actionable, 0 TG sent

🔥 RUN #899: analyzed=0, signals=0
⏳ Next scan in 3m...
[22:00:22] Live scan
  Запуск live-скрапера (після ранкових Telegram, якщо були).
Opening: https://m.flashscore.ua/?s=2 (minute >= 60, 0:0 only)
Provider health [https://m.flashscore.ua/?s=2]: rows=13, 0:0 total=6, candidates=0
  ⏸ 0:0 ще рано (< 60'):
    45' Дефенсорес де Бельграно - Сьюдад Болівар [АРГЕНТИНА: Прімера Насьйональ Таблиця]
    31' Олімпо Баїя-Бланка - Соль де Майо [АРГЕНТИНА: Торнео Федераль Таблиця]
    31' Хувентуд УУ - Депортіво Рінкон [АРГЕНТИНА: Торнео Федераль Таблиця]
    31' Клейпоул - Спортіво Барракас [АРГЕНТИНА: Прімера С Таблиця]
    31' Пуерто Нуево - Хувентуд Уніда С.-М. [АРГЕНТИНА: Прімера С Таблиця]
  Found: 0 candidates, 0 new, 34 permanently skipped

Done: 0 analyzed, 0 actionable, 0 TG sent

🔥 RUN #900: analyzed=0, signals=0
⏳ Next scan in 3m...
[22:03:25] Live scan
  Запуск live-скрапера (після ранкових Telegram, якщо були).
Opening: https://m.flashscore.ua/?s=2 (minute >= 60, 0:0 only)
Provider health [https://m.flashscore.ua/?s=2]: rows=25, 0:0 total=17, candidates=0
  ⏸ 0:0 ще рано (< 60'):
    46' Дефенсорес де Бельграно - Сьюдад Болівар [АРГЕНТИНА: Прімера Насьйональ Таблиця]
    33' Хувентуд УУ - Депортіво Рінкон [АРГЕНТИНА: Торнео Федераль Таблиця]
    3' Дефенсорес Бельграно ВР - Спортіво Бельграно [АРГЕНТИНА: Торнео Федераль Таблиця]
    3' Чивількой - Спортіво Лас Парехас [АРГЕНТИНА: Торнео Федераль Таблиця]
    33' Клейпоул - Спортіво Барракас [АРГЕНТИНА: Прімера С Таблиця]
    33' Пуерто Нуево - Хувентуд Уніда С.-М. [АРГЕНТИНА: Прімера С Таблиця]
    45' СК Сентрал - Америка Натал [БРАЗИЛІЯ: Серія D Таблиця]
    3' АБС - Лагуна РН [БРАЗИЛІЯ: Серія D Таблиця]
    3' АЕ Алтуш - Флуміненсе-ПІ [БРАЗИЛІЯ: Серія D Таблиця]
    3' Арагуайна - Гуапоре [БРАЗИЛІЯ: Серія D Таблиця]
    3' Капітал - Операріу ВГ [БРАЗИЛІЯ: Серія D Таблиця]
    3' КСЕ - АСА [БРАЗИЛІЯ: Серія D Таблиця]
    3' Нова-Ігуасу - Маріка [БРАЗИЛІЯ: Серія D Таблиця]
    3' Соуза - Магуарі [БРАЗИЛІЯ: Серія D Таблиця]
    3' Трем - Туна Лусу [БРАЗИЛІЯ: Серія D Таблиця]
    3' АД Сарчі - Гресія [КОСТА-РИКА: Ліга де Асенсо - Клаусура Таблиця]
    3' Консультантс Десампарадос - Pitbulls [КОСТА-РИКА: Ліга де Асенсо - Клаусура Таблиця]
  Found: 0 candidates, 0 new, 34 permanently skipped

Done: 0 analyzed, 0 actionable, 0 TG sent

🔥 RUN #901: analyzed=0, signals=0
⏳ Next scan in 3m...
[22:06:30] Live scan
  Запуск live-скрапера (після ранкових Telegram, якщо були).
Opening: https://m.flashscore.ua/?s=2 (minute >= 60, 0:0 only)
Provider health [https://m.flashscore.ua/?s=2]: rows=30, 0:0 total=21, candidates=0
  ⏸ 0:0 ще рано (< 60'):
    50' Дефенсорес де Бельграно - Сьюдад Болівар [АРГЕНТИНА: Прімера Насьйональ Таблиця]
    7' Депортіво Мадрин - Альміранте Браун [АРГЕНТИНА: Прімера Насьйональ Таблиця]
    37' Хувентуд УУ - Депортіво Рінкон [АРГЕНТИНА: Торнео Федераль Таблиця]
    7' Архентіно ММ - Фундасьйон Амігос [АРГЕНТИНА: Торнео Федераль Таблиця]
    7' Дефенсорес Бельграно ВР - Спортіво Бельграно [АРГЕНТИНА: Торнео Федераль Таблиця]
    7' Чивількой - Спортіво Лас Парехас [АРГЕНТИНА: Торнео Федераль Таблиця]
    37' Клейпоул - Спортіво Барракас [АРГЕНТИНА: Прімера С Таблиця]
    37' Пуерто Нуево - Хувентуд Уніда С.-М. [АРГЕНТИНА: Прімера С Таблиця]
    45' СК Сентрал - Америка Натал [БРАЗИЛІЯ: Серія D Таблиця]
    7' АБС - Лагуна РН [БРАЗИЛІЯ: Серія D Таблиця]
    7' АЕ Алтуш - Флуміненсе-ПІ [БРАЗИЛІЯ: Серія D Таблиця]
    7' Арагуайна - Гуапоре [БРАЗИЛІЯ: Серія D Таблиця]
    7' Капітал - Операріу ВГ [БРАЗИЛІЯ: Серія D Таблиця]
    7' КСЕ - АСА [БРАЗИЛІЯ: Серія D Таблиця]
    7' Нова-Ігуасу - Маріка [БРАЗИЛІЯ: Серія D Таблиця]
    7' Соуза - Магуарі [БРАЗИЛІЯ: Серія D Таблиця]
    7' Трем - Туна Лусу [БРАЗИЛІЯ: Серія D Таблиця]
    7' АД Сарчі - Гресія [КОСТА-РИКА: Ліга де Асенсо - Клаусура Таблиця]
    7' Кепос Камбуте - Кофутпа [КОСТА-РИКА: Ліга де Асенсо - Клаусура Таблиця]
    7' Консультантс Десампарадос - Pitbulls [КОСТА-РИКА: Ліга де Асенсо - Клаусура Таблиця]
    7' Філадельфія Юніон II - Кароліна Кор [США: МЛС Next Pro Таблиця]
  Found: 0 candidates, 0 new, 34 permanently skipped

Done: 0 analyzed, 0 actionable, 0 TG sent

🔥 RUN #902: analyzed=0, signals=0
⏳ Next scan in 3m...
[22:09:34] Live scan
  Запуск live-скрапера (після ранкових Telegram, якщо були).
Opening: https://m.flashscore.ua/?s=2 (minute >= 60, 0:0 only)
Provider health [https://m.flashscore.ua/?s=2]: rows=29, 0:0 total=16, candidates=0
  ⏸ 0:0 ще рано (< 60'):
    53' Дефенсорес де Бельграно - Сьюдад Болівар [АРГЕНТИНА: Прімера Насьйональ Таблиця]
    10' Депортіво Мадрин - Альміранте Браун [АРГЕНТИНА: Прімера Насьйональ Таблиця]
    40' Хувентуд УУ - Депортіво Рінкон [АРГЕНТИНА: Торнео Федераль Таблиця]
    10' Архентіно ММ - Фундасьйон Амігос [АРГЕНТИНА: Торнео Федераль Таблиця]
    10' Дефенсорес Бельграно ВР - Спортіво Бельграно [АРГЕНТИНА: Торнео Федераль Таблиця]
    10' Чивількой - Спортіво Лас Парехас [АРГЕНТИНА: Торнео Федераль Таблиця]
    45' СК Сентрал - Америка Натал [БРАЗИЛІЯ: Серія D Таблиця]
    10' АБС - Лагуна РН [БРАЗИЛІЯ: Серія D Таблиця]
    10' АЕ Алтуш - Флуміненсе-ПІ [БРАЗИЛІЯ: Серія D Таблиця]
    10' Арагуайна - Гуапоре [БРАЗИЛІЯ: Серія D Таблиця]
    10' Капітал - Операріу ВГ [БРАЗИЛІЯ: Серія D Таблиця]
    10' Нова-Ігуасу - Маріка [БРАЗИЛІЯ: Серія D Таблиця]
    10' Соуза - Магуарі [БРАЗИЛІЯ: Серія D Таблиця]
    10' АД Сарчі - Гресія [КОСТА-РИКА: Ліга де Асенсо - Клаусура Таблиця]
    10' Кепос Камбуте - Кофутпа [КОСТА-РИКА: Ліга де Асенсо - Клаусура Таблиця]
    10' Консультантс Десампарадос - Pitbulls [КОСТА-РИКА: Ліга де Асенсо - Клаусура Таблиця]
  Found: 0 candidates, 0 new, 34 permanently skipped

Done: 0 analyzed, 0 actionable, 0 TG sent

🔥 RUN #903: analyzed=0, signals=0
⏳ Next scan in 3m...
[22:12:38] Live scan
  Запуск live-скрапера (після ранкових Telegram, якщо були).
Opening: https://m.flashscore.ua/?s=2 (minute >= 60, 0:0 only)
Provider health [https://m.flashscore.ua/?s=2]: rows=29, 0:0 total=16, candidates=0
  ⏸ 0:0 ще рано (< 60'):
    56' Дефенсорес де Бельграно - Сьюдад Болівар [АРГЕНТИНА: Прімера Насьйональ Таблиця]
    13' Депортіво Мадрин - Альміранте Браун [АРГЕНТИНА: Прімера Насьйональ Таблиця]
    43' Хувентуд УУ - Депортіво Рінкон [АРГЕНТИНА: Торнео Федераль Таблиця]
    13' Архентіно ММ - Фундасьйон Амігос [АРГЕНТИНА: Торнео Федераль Таблиця]
    13' Дефенсорес Бельграно ВР - Спортіво Бельграно [АРГЕНТИНА: Торнео Федераль Таблиця]
    13' Чивількой - Спортіво Лас Парехас [АРГЕНТИНА: Торнео Федераль Таблиця]
    45' СК Сентрал - Америка Натал [БРАЗИЛІЯ: Серія D Таблиця]
    13' АБС - Лагуна РН [БРАЗИЛІЯ: Серія D Таблиця]
    13' АЕ Алтуш - Флуміненсе-ПІ [БРАЗИЛІЯ: Серія D Таблиця]
    13' Арагуайна - Гуапоре [БРАЗИЛІЯ: Серія D Таблиця]
    13' Капітал - Операріу ВГ [БРАЗИЛІЯ: Серія D Таблиця]
    13' КСЕ - АСА [БРАЗИЛІЯ: Серія D Таблиця]
    13' Нова-Ігуасу - Маріка [БРАЗИЛІЯ: Серія D Таблиця]
    13' Соуза - Магуарі [БРАЗИЛІЯ: Серія D Таблиця]
    13' АД Сарчі - Гресія [КОСТА-РИКА: Ліга де Асенсо - Клаусура Таблиця]
    13' Консультантс Десампарадос - Pitbulls [КОСТА-РИКА: Ліга де Асенсо - Клаусура Таблиця]
  Found: 0 candidates, 0 new, 34 permanently skipped

Done: 0 analyzed, 0 actionable, 0 TG sent

🔥 RUN #904: analyzed=0, signals=0
⏳ Next scan in 3m...
[22:15:42] Live scan
  Запуск live-скрапера (після ранкових Telegram, якщо були).
Opening: https://m.flashscore.ua/?s=2 (minute >= 60, 0:0 only)
Provider health [https://m.flashscore.ua/?s=2]: rows=29, 0:0 total=16, candidates=0
  ⏸ 0:0 ще рано (< 60'):
    58' Дефенсорес де Бельграно - Сьюдад Болівар [АРГЕНТИНА: Прімера Насьйональ Таблиця]
    16' Депортіво Мадрин - Альміранте Браун [АРГЕНТИНА: Прімера Насьйональ Таблиця]
    16' Архентіно ММ - Фундасьйон Амігос [АРГЕНТИНА: Торнео Федераль Таблиця]
    16' Дефенсорес Бельграно ВР - Спортіво Бельграно [АРГЕНТИНА: Торнео Федераль Таблиця]
    16' Чивількой - Спортіво Лас Парехас [АРГЕНТИНА: Торнео Федераль Таблиця]
    45' СК Сентрал - Америка Натал [БРАЗИЛІЯ: Серія D Таблиця]
    16' АБС - Лагуна РН [БРАЗИЛІЯ: Серія D Таблиця]
    16' АЕ Алтуш - Флуміненсе-ПІ [БРАЗИЛІЯ: Серія D Таблиця]
    16' Арагуайна - Гуапоре [БРАЗИЛІЯ: Серія D Таблиця]
    16' Капітал - Операріу ВГ [БРАЗИЛІЯ: Серія D Таблиця]
    16' КСЕ - АСА [БРАЗИЛІЯ: Серія D Таблиця]
    16' Нова-Ігуасу - Маріка [БРАЗИЛІЯ: Серія D Таблиця]
    16' Соуза - Магуарі [БРАЗИЛІЯ: Серія D Таблиця]
    16' АД Сарчі - Гресія [КОСТА-РИКА: Ліга де Асенсо - Клаусура Таблиця]
    16' Консультантс Десампарадос - Pitbulls [КОСТА-РИКА: Ліга де Асенсо - Клаусура Таблиця]
  Found: 0 candidates, 0 new, 34 permanently skipped

Done: 0 analyzed, 0 actionable, 0 TG sent

🔥 RUN #905: analyzed=0, signals=0
⏳ Next scan in 3m...
[23:05:41] Live scan
  Outside working hours → skip

🔥 RUN #906: analyzed=0, signals=0
Message sent to Telegram
⏳ Next scan in 3m...
[23:08:41] Live scan
  Outside working hours → skip

🔥 RUN #907: analyzed=0, signals=0
⏳ Next scan in 3m...
[23:11:41] Live scan
  Outside working hours → skip

🔥 RUN #908: analyzed=0, signals=0
⏳ Next scan in 3m...
[23:46:38] Live scan
  Outside working hours → skip

🔥 RUN #909: analyzed=0, signals=0
⏳ Next scan in 3m...
📅 New day — reset (skipped=34, tgSent=3, active=0)
  [restore] Відновлено з лога: 2 оброблених, 0 надісланих TG, 0 активних ставок
[00:33:57] Live scan
  First run — checking yesterday results
  [result] No unchecked predictions for 2026-04-12
  Yesterday: 2/10 hits (10 з прогнозом)
  Daily report already sent for 2026-04-12 — skip Telegram
  Outside working hours → skip

🔥 RUN #910: analyzed=0, signals=0
Message sent to Telegram
⏳ Next scan in 3m...
[00:50:43] Live scan

🔥 RUN #911: analyzed=0, signals=0
⏳ Next scan in 3m...
  Outside working hours → skip
[01:40:09] Live scan
  Outside working hours → skip

🔥 RUN #912: analyzed=0, signals=0
Message sent to Telegram
⏳ Next scan in 3m...
[02:30:45] Live scan
  Outside working hours → skip

🔥 RUN #913: analyzed=0, signals=0
⏳ Next scan in 3m...
[03:35:11] Live scan
  Outside working hours → skip

🔥 RUN #914: analyzed=0, signals=0
Message sent to Telegram
⏳ Next scan in 3m...
[04:40:12] Live scan
  Outside working hours → skip

🔥 RUN #915: analyzed=0, signals=0
Message sent to Telegram
⏳ Next scan in 3m...
[05:30:16] Live scan
  Outside working hours → skip

🔥 RUN #916: analyzed=0, signals=0
⏳ Next scan in 3m...
[06:37:14] Live scan
  Outside working hours → skip

🔥 RUN #917: analyzed=0, signals=0
Message sent to Telegram
⏳ Next scan in 3m...
[06:40:15] Live scan

🔥 RUN #918: analyzed=0, signals=0
⏳ Next scan in 3m...
  Outside working hours → skip
[06:43:15] Live scan

🔥 RUN #919: analyzed=0, signals=0
⏳ Next scan in 3m...
  Outside working hours → skip
[06:46:15] Live scan
  Outside working hours → skip

🔥 RUN #920: analyzed=0, signals=0
⏳ Next scan in 3m...
[06:49:15] Live scan

🔥 RUN #921: analyzed=0, signals=0
⏳ Next scan in 3m...
  Outside working hours → skip
[06:52:16] Live scan

🔥 RUN #922: analyzed=0, signals=0
⏳ Next scan in 3m...
  Outside working hours → skip
[06:55:16] Live scan

🔥 RUN #923: analyzed=0, signals=0
⏳ Next scan in 3m...
  Outside working hours → skip
[06:58:16] Live scan

🔥 RUN #924: analyzed=0, signals=0
⏳ Next scan in 3m...
  Outside working hours → skip
[07:01:16] Live scan
  Outside working hours → skip

🔥 RUN #925: analyzed=0, signals=0
⏳ Next scan in 3m...
[07:04:16] Live scan

🔥 RUN #926: analyzed=0, signals=0
⏳ Next scan in 3m...
  Outside working hours → skip
[07:07:16] Live scan

🔥 RUN #927: analyzed=0, signals=0
⏳ Next scan in 3m...
  Outside working hours → skip
[07:10:17] Live scan
  Outside working hours → skip

🔥 RUN #928: analyzed=0, signals=0
⏳ Next scan in 3m...
[07:13:17] Live scan

🔥 RUN #929: analyzed=0, signals=0
⏳ Next scan in 3m...
  Outside working hours → skip
[07:16:17] Live scan
  Outside working hours → skip

🔥 RUN #930: analyzed=0, signals=0
⏳ Next scan in 3m...
[07:19:17] Live scan

🔥 RUN #931: analyzed=0, signals=0
⏳ Next scan in 3m...
  Outside working hours → skip
[07:22:17] Live scan
  Outside working hours → skip

🔥 RUN #932: analyzed=0, signals=0
⏳ Next scan in 3m...
[07:25:17] Live scan

🔥 RUN #933: analyzed=0, signals=0
⏳ Next scan in 3m...
  Outside working hours → skip
[07:28:17] Live scan

🔥 RUN #934: analyzed=0, signals=0
⏳ Next scan in 3m...
  Outside working hours → skip
[07:31:18] Live scan
  Outside working hours → skip

🔥 RUN #935: analyzed=0, signals=0
⏳ Next scan in 3m...
[07:34:18] Live scan

🔥 RUN #936: analyzed=0, signals=0
⏳ Next scan in 3m...
  Outside working hours → skip
[07:37:18] Live scan

🔥 RUN #937: analyzed=0, signals=0
  Outside working hours → skip
Message sent to Telegram
⏳ Next scan in 3m...
[08:29:32] Live scan
  Outside working hours → skip

🔥 RUN #938: analyzed=0, signals=0
⏳ Next scan in 3m...
[09:04:52] Live scan
  Outside working hours → skip

🔥 RUN #939: analyzed=0, signals=0
Message sent to Telegram
⏳ Next scan in 3m...
[09:38:33] Live scan

🔥 RUN #940: analyzed=0, signals=0
⏳ Next scan in 3m...
  Outside working hours → skip
[09:41:33] Live scan

🔥 RUN #941: analyzed=0, signals=0
⏳ Next scan in 3m...
  Outside working hours → skip
[09:44:33] Live scan

🔥 RUN #942: analyzed=0, signals=0
⏳ Next scan in 3m...
  Outside working hours → skip
[09:47:33] Live scan

🔥 RUN #943: analyzed=0, signals=0
⏳ Next scan in 3m...
  Outside working hours → skip
[09:50:34] Live scan

🔥 RUN #944: analyzed=0, signals=0
⏳ Next scan in 3m...
  Outside working hours → skip
[09:53:34] Live scan

🔥 RUN #945: analyzed=0, signals=0
⏳ Next scan in 3m...
  Outside working hours → skip
[09:56:34] Live scan

🔥 RUN #946: analyzed=0, signals=0
⏳ Next scan in 3m...
  Outside working hours → skip
[09:59:34] Live scan

🔥 RUN #947: analyzed=0, signals=0
⏳ Next scan in 3m...
  Outside working hours → skip
[10:02:34] Live scan
  10:00 — checking yesterday results
  [result] No unchecked predictions for 2026-04-12
  Yesterday: 2/10 hits (10 з прогнозом)
  Daily report already sent for 2026-04-12 — skip Telegram
  Outside working hours → skip

🔥 RUN #948: analyzed=0, signals=0
⏳ Next scan in 3m...
[10:05:36] Live scan
  Outside working hours → skip

🔥 RUN #949: analyzed=0, signals=0
Message sent to Telegram
⏳ Next scan in 3m...
[10:08:37] Live scan
  Outside working hours → skip

🔥 RUN #950: analyzed=0, signals=0
⏳ Next scan in 3m...
[10:11:37] Live scan
  Outside working hours → skip

🔥 RUN #951: analyzed=0, signals=0
⏳ Next scan in 3m...
[10:14:37] Live scan

🔥 RUN #952: analyzed=0, signals=0
⏳ Next scan in 3m...
  Outside working hours → skip
[10:17:37] Live scan

🔥 RUN #953: analyzed=0, signals=0
⏳ Next scan in 3m...
  Outside working hours → skip
[10:20:37] Live scan
  Outside working hours → skip

🔥 RUN #954: analyzed=0, signals=0
⏳ Next scan in 3m...
[10:23:38] Live scan

🔥 RUN #955: analyzed=0, signals=0
⏳ Next scan in 3m...
  Outside working hours → skip
[10:26:38] Live scan

🔥 RUN #956: analyzed=0, signals=0
⏳ Next scan in 3m...
  Outside working hours → skip
[10:29:38] Live scan
  Outside working hours → skip

🔥 RUN #957: analyzed=0, signals=0
⏳ Next scan in 3m...
[10:32:38] Live scan

🔥 RUN #958: analyzed=0, signals=0
⏳ Next scan in 3m...
  Outside working hours → skip
[10:35:38] Live scan

🔥 RUN #959: analyzed=0, signals=0
⏳ Next scan in 3m...
  Outside working hours → skip
[10:38:38] Live scan
  Outside working hours → skip

🔥 RUN #960: analyzed=0, signals=0
⏳ Next scan in 3m...
[10:41:39] Live scan
  Outside working hours → skip

🔥 RUN #961: analyzed=0, signals=0
⏳ Next scan in 3m...
[10:44:39] Live scan

🔥 RUN #962: analyzed=0, signals=0
⏳ Next scan in 3m...
  Outside working hours → skip
[10:47:39] Live scan

🔥 RUN #963: analyzed=0, signals=0
⏳ Next scan in 3m...
  Outside working hours → skip
[10:50:39] Live scan

🔥 RUN #964: analyzed=0, signals=0
⏳ Next scan in 3m...
  Outside working hours → skip
[10:53:39] Live scan
  Outside working hours → skip

🔥 RUN #965: analyzed=0, signals=0
⏳ Next scan in 3m...
[10:56:40] Live scan
  Outside working hours → skip

🔥 RUN #966: analyzed=0, signals=0
⏳ Next scan in 3m...
[10:59:40] Live scan

🔥 RUN #967: analyzed=0, signals=0
⏳ Next scan in 3m...
  Outside working hours → skip
[11:02:40] Live scan
  Outside working hours → skip

🔥 RUN #968: analyzed=0, signals=0
⏳ Next scan in 3m...
[11:05:40] Live scan
  Outside working hours → skip

🔥 RUN #969: analyzed=0, signals=0
Message sent to Telegram
⏳ Next scan in 3m...
[11:08:41] Live scan

🔥 RUN #970: analyzed=0, signals=0
⏳ Next scan in 3m...
  Outside working hours → skip
[11:11:41] Live scan
  Outside working hours → skip

🔥 RUN #971: analyzed=0, signals=0
⏳ Next scan in 3m...
[11:14:41] Live scan

🔥 RUN #972: analyzed=0, signals=0
⏳ Next scan in 3m...
  Outside working hours → skip
[11:17:41] Live scan

🔥 RUN #973: analyzed=0, signals=0
⏳ Next scan in 3m...
  Outside working hours → skip
[11:20:41] Live scan

🔥 RUN #974: analyzed=0, signals=0
⏳ Next scan in 3m...
  Outside working hours → skip
[11:23:42] Live scan

🔥 RUN #975: analyzed=0, signals=0
⏳ Next scan in 3m...
  Outside working hours → skip
[11:26:42] Live scan
  Outside working hours → skip

🔥 RUN #976: analyzed=0, signals=0
⏳ Next scan in 3m...
[11:29:42] Live scan

🔥 RUN #977: analyzed=0, signals=0
⏳ Next scan in 3m...
  Outside working hours → skip
[11:32:42] Live scan
  Outside working hours → skip

🔥 RUN #978: analyzed=0, signals=0
⏳ Next scan in 3m...
[11:35:42] Live scan

🔥 RUN #979: analyzed=0, signals=0
⏳ Next scan in 3m...
  Outside working hours → skip
[11:38:42] Live scan

🔥 RUN #980: analyzed=0, signals=0
⏳ Next scan in 3m...
  Outside working hours → skip
[11:41:43] Live scan
  Outside working hours → skip

🔥 RUN #981: analyzed=0, signals=0
⏳ Next scan in 3m...
[11:44:43] Live scan
  Outside working hours → skip

🔥 RUN #982: analyzed=0, signals=0
⏳ Next scan in 3m...
[11:47:43] Live scan

🔥 RUN #983: analyzed=0, signals=0
⏳ Next scan in 3m...
  Outside working hours → skip
[11:50:43] Live scan

🔥 RUN #984: analyzed=0, signals=0
⏳ Next scan in 3m...
  Outside working hours → skip
[11:53:43] Live scan

🔥 RUN #985: analyzed=0, signals=0
⏳ Next scan in 3m...
  Outside working hours → skip
[11:56:43] Live scan

🔥 RUN #986: analyzed=0, signals=0
⏳ Next scan in 3m...
  Outside working hours → skip
[11:59:44] Live scan

🔥 RUN #987: analyzed=0, signals=0
⏳ Next scan in 3m...
  Outside working hours → skip
[12:02:44] Live scan

🔥 RUN #988: analyzed=0, signals=0
⏳ Next scan in 3m...
  Outside working hours → skip
[12:05:44] Live scan
  Outside working hours → skip

🔥 RUN #989: analyzed=0, signals=0
Message sent to Telegram
⏳ Next scan in 3m...
[12:08:44] Live scan

🔥 RUN #990: analyzed=0, signals=0
⏳ Next scan in 3m...
  Outside working hours → skip
[12:11:44] Live scan

🔥 RUN #991: analyzed=0, signals=0
⏳ Next scan in 3m...
  Outside working hours → skip
[12:14:45] Live scan

🔥 RUN #992: analyzed=0, signals=0
⏳ Next scan in 3m...
  Outside working hours → skip
[12:17:45] Live scan
  Outside working hours → skip

🔥 RUN #993: analyzed=0, signals=0
⏳ Next scan in 3m...
[12:20:45] Live scan
  Outside working hours → skip

🔥 RUN #994: analyzed=0, signals=0
⏳ Next scan in 3m...
[12:23:45] Live scan

🔥 RUN #995: analyzed=0, signals=0
⏳ Next scan in 3m...
  Outside working hours → skip
[12:26:45] Live scan

🔥 RUN #996: analyzed=0, signals=0
⏳ Next scan in 3m...
  Outside working hours → skip
[12:29:45] Live scan
  Outside working hours → skip

🔥 RUN #997: analyzed=0, signals=0
⏳ Next scan in 3m...
[12:32:46] Live scan

🔥 RUN #998: analyzed=0, signals=0
⏳ Next scan in 3m...
  Outside working hours → skip
[12:35:46] Live scan

🔥 RUN #999: analyzed=0, signals=0
⏳ Next scan in 3m...
  Outside working hours → skip
[12:38:46] Live scan
  Outside working hours → skip

🔥 RUN #1000: analyzed=0, signals=0
⏳ Next scan in 3m...
[12:41:48] Live scan

🔥 RUN #1001: analyzed=0, signals=0
⏳ Next scan in 3m...
  Outside working hours → skip
[12:44:48] Live scan

🔥 RUN #1002: analyzed=0, signals=0
⏳ Next scan in 3m...
  Outside working hours → skip
[12:47:48] Live scan

🔥 RUN #1003: analyzed=0, signals=0
⏳ Next scan in 3m...
  Outside working hours → skip
[12:50:48] Live scan

🔥 RUN #1004: analyzed=0, signals=0
⏳ Next scan in 3m...
  Outside working hours → skip
[12:53:48] Live scan

🔥 RUN #1005: analyzed=0, signals=0
⏳ Next scan in 3m...
  Outside working hours → skip
[12:56:49] Live scan
  Outside working hours → skip

🔥 RUN #1006: analyzed=0, signals=0
⏳ Next scan in 3m...
[12:59:49] Live scan

🔥 RUN #1007: analyzed=0, signals=0
⏳ Next scan in 3m...
  Outside working hours → skip
[13:02:49] Live scan
  Outside working hours → skip

🔥 RUN #1008: analyzed=0, signals=0
⏳ Next scan in 3m...
[13:05:49] Live scan

🔥 RUN #1009: analyzed=0, signals=0
  Outside working hours → skip
Message sent to Telegram
⏳ Next scan in 3m...
[13:08:50] Live scan

🔥 RUN #1010: analyzed=0, signals=0
⏳ Next scan in 3m...
  Outside working hours → skip
[13:11:50] Live scan
  Outside working hours → skip

🔥 RUN #1011: analyzed=0, signals=0
⏳ Next scan in 3m...
[13:14:50] Live scan

🔥 RUN #1012: analyzed=0, signals=0
⏳ Next scan in 3m...
  Outside working hours → skip
[13:17:50] Live scan
  Outside working hours → skip

🔥 RUN #1013: analyzed=0, signals=0
⏳ Next scan in 3m...
[13:20:50] Live scan
  Outside working hours → skip

🔥 RUN #1014: analyzed=0, signals=0
⏳ Next scan in 3m...
[13:23:51] Live scan
  Outside working hours → skip

🔥 RUN #1015: analyzed=0, signals=0
⏳ Next scan in 3m...
[13:26:51] Live scan

🔥 RUN #1016: analyzed=0, signals=0
⏳ Next scan in 3m...
  Outside working hours → skip
[13:29:51] Live scan

🔥 RUN #1017: analyzed=0, signals=0
⏳ Next scan in 3m...
  Outside working hours → skip
[13:32:51] Live scan

🔥 RUN #1018: analyzed=0, signals=0
⏳ Next scan in 3m...
  Outside working hours → skip
[13:35:51] Live scan
  Outside working hours → skip

🔥 RUN #1019: analyzed=0, signals=0
⏳ Next scan in 3m...
[13:38:51] Live scan

🔥 RUN #1020: analyzed=0, signals=0
⏳ Next scan in 3m...
  Outside working hours → skip
[13:41:52] Live scan
  Outside working hours → skip

🔥 RUN #1021: analyzed=0, signals=0
⏳ Next scan in 3m...
[13:44:52] Live scan

🔥 RUN #1022: analyzed=0, signals=0
⏳ Next scan in 3m...
  Outside working hours → skip
[13:47:52] Live scan
  Outside working hours → skip

🔥 RUN #1023: analyzed=0, signals=0
⏳ Next scan in 3m...
[13:50:52] Live scan

🔥 RUN #1024: analyzed=0, signals=0
⏳ Next scan in 3m...
  Outside working hours → skip
[13:53:52] Live scan
  Outside working hours → skip

🔥 RUN #1025: analyzed=0, signals=0
⏳ Next scan in 3m...
[13:56:52] Live scan
  Outside working hours → skip

🔥 RUN #1026: analyzed=0, signals=0
⏳ Next scan in 3m...
[13:59:53] Live scan
  Outside working hours → skip

🔥 RUN #1027: analyzed=0, signals=0
⏳ Next scan in 3m...
[14:02:53] Live scan

🔥 RUN #1028: analyzed=0, signals=0
⏳ Next scan in 3m...
  Outside working hours → skip
[14:05:53] Live scan

🔥 RUN #1029: analyzed=0, signals=0
  Outside working hours → skip
Message sent to Telegram
⏳ Next scan in 3m...
[14:08:54] Live scan
  Outside working hours → skip

🔥 RUN #1030: analyzed=0, signals=0
⏳ Next scan in 3m...
[14:11:54] Live scan
  Outside working hours → skip

🔥 RUN #1031: analyzed=0, signals=0
⏳ Next scan in 3m...
[14:14:54] Live scan
  Outside working hours → skip

🔥 RUN #1032: analyzed=0, signals=0
⏳ Next scan in 3m...
[14:17:54] Live scan
  Outside working hours → skip

🔥 RUN #1033: analyzed=0, signals=0
⏳ Next scan in 3m...
[14:20:54] Live scan
  Outside working hours → skip

🔥 RUN #1034: analyzed=0, signals=0
⏳ Next scan in 3m...
[14:23:55] Live scan

🔥 RUN #1035: analyzed=0, signals=0
⏳ Next scan in 3m...
  Outside working hours → skip
[14:26:55] Live scan
  Outside working hours → skip

🔥 RUN #1036: analyzed=0, signals=0
⏳ Next scan in 3m...
[14:29:55] Live scan

🔥 RUN #1037: analyzed=0, signals=0
⏳ Next scan in 3m...
  Outside working hours → skip
[14:32:55] Live scan
  Outside working hours → skip

🔥 RUN #1038: analyzed=0, signals=0
⏳ Next scan in 3m...
[14:35:55] Live scan

🔥 RUN #1039: analyzed=0, signals=0
⏳ Next scan in 3m...
  Outside working hours → skip
[14:38:56] Live scan

🔥 RUN #1040: analyzed=0, signals=0
⏳ Next scan in 3m...
  Outside working hours → skip
[14:41:56] Live scan
  Outside working hours → skip

🔥 RUN #1041: analyzed=0, signals=0
⏳ Next scan in 3m...
[14:44:56] Live scan

🔥 RUN #1042: analyzed=0, signals=0
⏳ Next scan in 3m...
  Outside working hours → skip
[14:47:56] Live scan

🔥 RUN #1043: analyzed=0, signals=0
⏳ Next scan in 3m...
  Outside working hours → skip
[14:50:56] Live scan

🔥 RUN #1044: analyzed=0, signals=0
⏳ Next scan in 3m...
  Outside working hours → skip
[14:53:56] Live scan
  Outside working hours → skip

🔥 RUN #1045: analyzed=0, signals=0
⏳ Next scan in 3m...
[14:56:57] Live scan

🔥 RUN #1046: analyzed=0, signals=0
⏳ Next scan in 3m...
  Outside working hours → skip
[14:59:57] Live scan
  Outside working hours → skip

🔥 RUN #1047: analyzed=0, signals=0
⏳ Next scan in 3m...
[15:02:57] Live scan
  Outside working hours → skip

🔥 RUN #1048: analyzed=0, signals=0
⏳ Next scan in 3m...
[15:05:57] Live scan

🔥 RUN #1049: analyzed=0, signals=0
  Outside working hours → skip
Message sent to Telegram
⏳ Next scan in 3m...
[15:08:58] Live scan
  Outside working hours → skip

🔥 RUN #1050: analyzed=0, signals=0
⏳ Next scan in 3m...
[15:11:58] Live scan

🔥 RUN #1051: analyzed=0, signals=0
⏳ Next scan in 3m...
  Outside working hours → skip
[15:14:58] Live scan

🔥 RUN #1052: analyzed=0, signals=0
⏳ Next scan in 3m...
  Outside working hours → skip
[15:17:58] Live scan
  Outside working hours → skip

🔥 RUN #1053: analyzed=0, signals=0
⏳ Next scan in 3m...
[15:20:58] Live scan

🔥 RUN #1054: analyzed=0, signals=0
⏳ Next scan in 3m...
  Outside working hours → skip
[15:23:58] Live scan

🔥 RUN #1055: analyzed=0, signals=0
⏳ Next scan in 3m...
  Outside working hours → skip
[15:26:59] Live scan
  Outside working hours → skip

🔥 RUN #1056: analyzed=0, signals=0
⏳ Next scan in 3m...
[15:29:59] Live scan

🔥 RUN #1057: analyzed=0, signals=0
⏳ Next scan in 3m...
  Outside working hours → skip
[15:32:59] Live scan
  Outside working hours → skip

🔥 RUN #1058: analyzed=0, signals=0
⏳ Next scan in 3m...
[15:35:59] Live scan

🔥 RUN #1059: analyzed=0, signals=0
⏳ Next scan in 3m...
  Outside working hours → skip
[15:38:59] Live scan

🔥 RUN #1060: analyzed=0, signals=0
⏳ Next scan in 3m...
  Outside working hours → skip
[15:42:01] Live scan

🔥 RUN #1061: analyzed=0, signals=0
⏳ Next scan in 3m...
  Outside working hours → skip
[15:45:01] Live scan

🔥 RUN #1062: analyzed=0, signals=0
⏳ Next scan in 3m...
  Outside working hours → skip
[15:48:01] Live scan

🔥 RUN #1063: analyzed=0, signals=0
⏳ Next scan in 3m...
  Outside working hours → skip
[15:51:02] Live scan

🔥 RUN #1064: analyzed=0, signals=0
⏳ Next scan in 3m...
  Outside working hours → skip
[15:54:02] Live scan

🔥 RUN #1065: analyzed=0, signals=0
⏳ Next scan in 3m...
  Outside working hours → skip
[15:57:02] Live scan

🔥 RUN #1066: analyzed=0, signals=0
⏳ Next scan in 3m...
  Outside working hours → skip
[16:00:02] Live scan
  Outside working hours → skip

🔥 RUN #1067: analyzed=0, signals=0
⏳ Next scan in 3m...
[16:03:02] Live scan
  Outside working hours → skip

🔥 RUN #1068: analyzed=0, signals=0
⏳ Next scan in 3m...
[16:06:02] Live scan
  Outside working hours → skip

🔥 RUN #1069: analyzed=0, signals=0
Message sent to Telegram
⏳ Next scan in 3m...
[16:09:03] Live scan
  Outside working hours → skip

🔥 RUN #1070: analyzed=0, signals=0
⏳ Next scan in 3m...
[16:12:03] Live scan
  Outside working hours → skip

🔥 RUN #1071: analyzed=0, signals=0
⏳ Next scan in 3m...
[16:15:03] Live scan
  Outside working hours → skip

🔥 RUN #1072: analyzed=0, signals=0
⏳ Next scan in 3m...
[16:18:03] Live scan

🔥 RUN #1073: analyzed=0, signals=0
⏳ Next scan in 3m...
  Outside working hours → skip
[16:21:03] Live scan

🔥 RUN #1074: analyzed=0, signals=0
⏳ Next scan in 3m...
  Outside working hours → skip
[16:24:04] Live scan

🔥 RUN #1075: analyzed=0, signals=0
⏳ Next scan in 3m...
  Outside working hours → skip
[16:27:04] Live scan
  Outside working hours → skip

🔥 RUN #1076: analyzed=0, signals=0
⏳ Next scan in 3m...
[16:30:04] Live scan

🔥 RUN #1077: analyzed=0, signals=0
⏳ Next scan in 3m...
  Outside working hours → skip
[16:33:04] Live scan
  Outside working hours → skip

🔥 RUN #1078: analyzed=0, signals=0
⏳ Next scan in 3m...
[16:36:04] Live scan
  Outside working hours → skip

🔥 RUN #1079: analyzed=0, signals=0
⏳ Next scan in 3m...
[16:39:04] Live scan

🔥 RUN #1080: analyzed=0, signals=0
⏳ Next scan in 3m...
  Outside working hours → skip
[16:42:05] Live scan
  Outside working hours → skip

🔥 RUN #1081: analyzed=0, signals=0
⏳ Next scan in 3m...
[16:45:05] Live scan

🔥 RUN #1082: analyzed=0, signals=0
⏳ Next scan in 3m...
  Outside working hours → skip
[16:48:05] Live scan

🔥 RUN #1083: analyzed=0, signals=0
⏳ Next scan in 3m...
  Outside working hours → skip
[16:51:05] Live scan

🔥 RUN #1084: analyzed=0, signals=0
⏳ Next scan in 3m...
  Outside working hours → skip
[16:54:05] Live scan

🔥 RUN #1085: analyzed=0, signals=0
⏳ Next scan in 3m...
  Outside working hours → skip
[16:57:06] Live scan
  Outside working hours → skip

🔥 RUN #1086: analyzed=0, signals=0
⏳ Next scan in 3m...
[17:00:06] Live scan
  Запуск live-скрапера (після ранкових Telegram, якщо були).
Opening: https://m.flashscore.ua/?s=2 (minute >= 60, 0:0 only)
Provider health [https://m.flashscore.ua/?s=2]: rows=3, 0:0 total=0, candidates=0
  Found: 0 candidates, 0 new, 2 permanently skipped

Done: 0 analyzed, 0 actionable, 0 TG sent

🔥 RUN #1087: analyzed=0, signals=0
⏳ Next scan in 3m...
[17:03:10] Live scan
  Запуск live-скрапера (після ранкових Telegram, якщо були).
Opening: https://m.flashscore.ua/?s=2 (minute >= 60, 0:0 only)
Provider health [https://m.flashscore.ua/?s=2]: rows=5, 0:0 total=4, candidates=0
  ⏸ 0:0 ще рано (< 60'):
    4' ЕМ Махдія - Шебба [ТУНІС: Ліга 2 Таблиця]
    4' Хаммам-Сус - Мензель-Бургіба [ТУНІС: Ліга 2 Таблиця]
    4' Ерзурумспор - Болуспор [ТУРЕЧЧИНА: 1. Ліга Таблиця]
    4' Пахтакор - Машал Муборак [УЗБЕКИСТАН: Суперліга Таблиця]
  Found: 0 candidates, 0 new, 2 permanently skipped

Done: 0 analyzed, 0 actionable, 0 TG sent

🔥 RUN #1088: analyzed=0, signals=0
⏳ Next scan in 3m...
[17:06:14] Live scan
  Запуск live-скрапера (після ранкових Telegram, якщо були).
Opening: https://m.flashscore.ua/?s=2 (minute >= 60, 0:0 only)
Provider health [https://m.flashscore.ua/?s=2]: rows=10, 0:0 total=9, candidates=0
  ⏸ 0:0 ще рано (< 60'):
    7' Нафт Міссан - Аль-Мосул [ІРАК: Ліга зірок Таблиця]
    7' Невроз - Аль-Мінаа [ІРАК: Ліга зірок Таблиця]
    7' Бу Хаджла - Сфакс Рейлвейс [ТУНІС: Ліга 2 Таблиця]
    7' ЕМ Махдія - Шебба [ТУНІС: Ліга 2 Таблиця]
    7' ОК Керкенна - ЮС Татауїн [ТУНІС: Ліга 2 Таблиця]
    7' Хаммам-Ліф - Шеміно Мекрін [ТУНІС: Ліга 2 Таблиця]
    7' Хаммам-Сус - Мензель-Бургіба [ТУНІС: Ліга 2 Таблиця]
    7' Ерзурумспор - Болуспор [ТУРЕЧЧИНА: 1. Ліга Таблиця]
    7' Пахтакор - Машал Муборак [УЗБЕКИСТАН: Суперліга Таблиця]
  Found: 0 candidates, 0 new, 2 permanently skipped

Done: 0 analyzed, 0 actionable, 0 TG sent

🔥 RUN #1089: analyzed=0, signals=0
Message sent to Telegram
⏳ Next scan in 3m...
[17:09:19] Live scan
  Запуск live-скрапера (після ранкових Telegram, якщо були).
Opening: https://m.flashscore.ua/?s=2 (minute >= 60, 0:0 only)
Provider health [https://m.flashscore.ua/?s=2]: rows=11, 0:0 total=9, candidates=0
  ⏸ 0:0 ще рано (< 60'):
    9' Нафт Міссан - Аль-Мосул [ІРАК: Ліга зірок Таблиця]
    9' Невроз - Аль-Мінаа [ІРАК: Ліга зірок Таблиця]
    9' Бу Салем - Мсакен [ТУНІС: Ліга 2 Таблиця]
    9' Бу Хаджла - Сфакс Рейлвейс [ТУНІС: Ліга 2 Таблиця]
    9' ЕМ Махдія - Шебба [ТУНІС: Ліга 2 Таблиця]
    9' ОК Керкенна - ЮС Татауїн [ТУНІС: Ліга 2 Таблиця]
    9' Хаммам-Ліф - Шеміно Мекрін [ТУНІС: Ліга 2 Таблиця]
    9' Хаммам-Сус - Мензель-Бургіба [ТУНІС: Ліга 2 Таблиця]
    9' Пахтакор - Машал Муборак [УЗБЕКИСТАН: Суперліга Таблиця]
  Found: 0 candidates, 0 new, 2 permanently skipped

Done: 0 analyzed, 0 actionable, 0 TG sent

🔥 RUN #1090: analyzed=0, signals=0
⏳ Next scan in 3m...
[17:12:23] Live scan
  Запуск live-скрапера (після ранкових Telegram, якщо були).
Opening: https://m.flashscore.ua/?s=2 (minute >= 60, 0:0 only)
Provider health [https://m.flashscore.ua/?s=2]: rows=11, 0:0 total=8, candidates=0
  ⏸ 0:0 ще рано (< 60'):
    13' Нафт Міссан - Аль-Мосул [ІРАК: Ліга зірок Таблиця]
    13' Невроз - Аль-Мінаа [ІРАК: Ліга зірок Таблиця]
    13' Бу Салем - Мсакен [ТУНІС: Ліга 2 Таблиця]
    13' Бу Хаджла - Сфакс Рейлвейс [ТУНІС: Ліга 2 Таблиця]
    13' ЕМ Махдія - Шебба [ТУНІС: Ліга 2 Таблиця]
    13' ОК Керкенна - ЮС Татауїн [ТУНІС: Ліга 2 Таблиця]
    13' Хаммам-Сус - Мензель-Бургіба [ТУНІС: Ліга 2 Таблиця]
    13' Пахтакор - Машал Муборак [УЗБЕКИСТАН: Суперліга Таблиця]
  Found: 0 candidates, 0 new, 2 permanently skipped

Done: 0 analyzed, 0 actionable, 0 TG sent

🔥 RUN #1091: analyzed=0, signals=0
⏳ Next scan in 3m...
[17:15:26] Live scan
  Запуск live-скрапера (після ранкових Telegram, якщо були).
Opening: https://m.flashscore.ua/?s=2 (minute >= 60, 0:0 only)
Provider health [https://m.flashscore.ua/?s=2]: rows=11, 0:0 total=8, candidates=0
  ⏸ 0:0 ще рано (< 60'):
    16' Нафт Міссан - Аль-Мосул [ІРАК: Ліга зірок Таблиця]
    16' Невроз - Аль-Мінаа [ІРАК: Ліга зірок Таблиця]
    16' Бу Салем - Мсакен [ТУНІС: Ліга 2 Таблиця]
    16' Бу Хаджла - Сфакс Рейлвейс [ТУНІС: Ліга 2 Таблиця]
    16' ЕМ Махдія - Шебба [ТУНІС: Ліга 2 Таблиця]
    16' ОК Керкенна - ЮС Татауїн [ТУНІС: Ліга 2 Таблиця]
    16' Хаммам-Сус - Мензель-Бургіба [ТУНІС: Ліга 2 Таблиця]
    16' Пахтакор - Машал Муборак [УЗБЕКИСТАН: Суперліга Таблиця]
  Found: 0 candidates, 0 new, 2 permanently skipped

Done: 0 analyzed, 0 actionable, 0 TG sent

🔥 RUN #1092: analyzed=0, signals=0
⏳ Next scan in 3m...
[17:18:31] Live scan
  Запуск live-скрапера (після ранкових Telegram, якщо були).
Opening: https://m.flashscore.ua/?s=2 (minute >= 60, 0:0 only)
Provider health [https://m.flashscore.ua/?s=2]: rows=11, 0:0 total=8, candidates=0
  ⏸ 0:0 ще рано (< 60'):
    19' Нафт Міссан - Аль-Мосул [ІРАК: Ліга зірок Таблиця]
    19' Невроз - Аль-Мінаа [ІРАК: Ліга зірок Таблиця]
    19' Бу Салем - Мсакен [ТУНІС: Ліга 2 Таблиця]
    19' Бу Хаджла - Сфакс Рейлвейс [ТУНІС: Ліга 2 Таблиця]
    19' ЕМ Махдія - Шебба [ТУНІС: Ліга 2 Таблиця]
    19' ОК Керкенна - ЮС Татауїн [ТУНІС: Ліга 2 Таблиця]
    19' Хаммам-Сус - Мензель-Бургіба [ТУНІС: Ліга 2 Таблиця]
    19' Пахтакор - Машал Муборак [УЗБЕКИСТАН: Суперліга Таблиця]
  Found: 0 candidates, 0 new, 2 permanently skipped

Done: 0 analyzed, 0 actionable, 0 TG sent

🔥 RUN #1093: analyzed=0, signals=0
⏳ Next scan in 3m...
npm warn Unknown env config "devdir". This will stop working in the next major version of npm.

> parseodds@1.0.0 live:watch:3m:anytime
> LIVE_POLL_INTERVAL_MS=180000 node index.js --watch --ignore-hours

🚀 Starting live scraping (watch mode)...
  [restore] Відновлено з лога: 3 оброблених, 0 надісланих TG, 0 активних ставок
[17:21:24] Live scan
  First run — checking yesterday results
  [result] No unchecked predictions for 2026-04-12
  Yesterday: 2/10 hits (10 з прогнозом)
  Daily report already sent for 2026-04-12 — skip Telegram
  Запуск live-скрапера (після ранкових Telegram, якщо були).
Opening: https://m.flashscore.ua/?s=2 (minute >= 60, 0:0 only)
Provider health [https://m.flashscore.ua/?s=2]: rows=11, 0:0 total=7, candidates=0
  ⏸ 0:0 ще рано (< 60'):
    22' Нафт Міссан - Аль-Мосул [ІРАК: Ліга зірок Таблиця]
    22' Бу Салем - Мсакен [ТУНІС: Ліга 2 Таблиця]
    22' Бу Хаджла - Сфакс Рейлвейс [ТУНІС: Ліга 2 Таблиця]
    22' ЕМ Махдія - Шебба [ТУНІС: Ліга 2 Таблиця]
    22' ОК Керкенна - ЮС Татауїн [ТУНІС: Ліга 2 Таблиця]
    22' Хаммам-Сус - Мензель-Бургіба [ТУНІС: Ліга 2 Таблиця]
    22' Пахтакор - Машал Муборак [УЗБЕКИСТАН: Суперліга Таблиця]
  Found: 0 candidates, 0 new, 3 permanently skipped

Done: 0 analyzed, 0 actionable, 0 TG sent

🔥 RUN #1: analyzed=0, signals=0
⏳ Next scan in 3m...
[17:21:35] Live scan
  Запуск live-скрапера (після ранкових Telegram, якщо були).
Opening: https://m.flashscore.ua/?s=2 (minute >= 60, 0:0 only)
Provider health [https://m.flashscore.ua/?s=2]: rows=11, 0:0 total=7, candidates=0
  ⏸ 0:0 ще рано (< 60'):
    22' Нафт Міссан - Аль-Мосул [ІРАК: Ліга зірок Таблиця]
    22' Бу Салем - Мсакен [ТУНІС: Ліга 2 Таблиця]
    22' Бу Хаджла - Сфакс Рейлвейс [ТУНІС: Ліга 2 Таблиця]
    22' ЕМ Махдія - Шебба [ТУНІС: Ліга 2 Таблиця]
    22' ОК Керкенна - ЮС Татауїн [ТУНІС: Ліга 2 Таблиця]
    22' Хаммам-Сус - Мензель-Бургіба [ТУНІС: Ліга 2 Таблиця]
    22' Пахтакор - Машал Муборак [УЗБЕКИСТАН: Суперліга Таблиця]
  Found: 0 candidates, 0 new, 2 permanently skipped

Done: 0 analyzed, 0 actionable, 0 TG sent

🔥 RUN #1094: analyzed=0, signals=0
⏳ Next scan in 3m...

> parseodds@1.0.0 live:watch:3m:anytime
> LIVE_POLL_INTERVAL_MS=180000 node index.js --watch --ignore-hours

🚀 Starting live scraping (watch mode)...
  [restore] Відновлено з лога: 1 оброблених, 4 надісланих TG, 0 активних ставок
[20:03:01] Live scan
  First run — checking yesterday results
  [result] No unchecked predictions for 2026-04-19
  Yesterday: 14/21 hits (21 з прогнозом)
  Daily summary Telegram disabled (date=2026-04-19)
  Запуск live-скрапера (після ранкових Telegram, якщо були).
Opening: https://m.flashscore.ua/?s=2 (minute >= 60, 0:0 only)
Provider health [https://m.flashscore.ua/?s=2]: rows=20, 0:0 total=10, candidates=0
  ⏸ 0:0 ще рано (< 60'):
    34' ГАМБІЯ: Ліга ГФА Таблиця34'Бомбада - Грейтер Томорроу [ГАМБІЯ: Ліга ГФА]
    4' ДАНІЯ: Суперліга - Чемпіонська група Таблиця4'Мідтьюлланн - Орхус [ДАНІЯ: Суперліга - Чемпіонська група]
    19' ЄВРОПА: Молодіжна ліга УЄФА - Плей-оф19'Брюгге U19 - Реал Мадрид U19 [ЄВРОПА: Молодіжна ліга УЄФА - Плей-оф]
    4' НОРВЕГІЯ: ОБОС-ліга Таблиця4'Люн - Саннес Ульф [НОРВЕГІЯ: ОБОС-ліга]
    4' НОРВЕГІЯ: Дивізіон 3 - Група 1 Таблиця4'К. Осло 2 - Уніон Карл Бренер [НОРВЕГІЯ: Дивізіон 3 - Група 1]
    4' НОРВЕГІЯ: Дивізіон 3 - Група 5 Таблиця4'Ліллестрем 2 - Ск'єттен [НОРВЕГІЯ: Дивізіон 3 - Група 5]
    4' ПОЛЬЩА: Екстракляса Таблиця4'Лехія Гданськ - П'яст Глівіце [ПОЛЬЩА: Екстракляса]
    4' СЕНЕГАЛ: Ліга 1 Таблиця4'АСК ХЛМ - Мбур [СЕНЕГАЛ: Ліга 1]
    4' ТУРЕЧЧИНА: Суперліга Таблиця4'Газіантеп - Кайсеріспор [ТУРЕЧЧИНА: Суперліга]
    4' ШВЕЦІЯ: Супереттан Таблиця4'Уддеволд - Естерс [ШВЕЦІЯ: Супереттан]
  Found: 0 candidates, 0 new, 1 permanently skipped

Done: 0 analyzed, 0 actionable, 0 TG sent

🔥 RUN #1: analyzed=0, signals=0
⏳ Next scan in 3m...
